hhid,lat_dd_mod,lon_dd_mod,dist_road2,dist_market,ndvi_avg,anntot_avg,popdensity,srtm_1k,zone,sector,wt_wave4,totcons_pc,log_cons_pc,grid_idx,nearest_dist_km,grid_lon,grid_lat,grid_rwi,grid_deprivation,grid_state
10001.0,5.53545594433,7.531535601629999,1.1,50.1,0.347,1767.0,1092.0,126.0,4.0,1.0,15279.640625,271636.4527130127,12.512219880362505,11375,0.7906443147487663,7.5256348,5.5394455,0.835,17.11,Abia
10002.0,5.53545594433,7.531535601629999,1.1,50.1,0.347,1767.0,1092.0,126.0,4.0,1.0,15279.640625,501489.04043655394,13.12533703257914,11375,0.7906443147487663,7.5256348,5.5394455,0.835,17.11,Abia
10003.0,5.53545594433,7.531535601629999,1.1,50.1,0.347,1767.0,1092.0,126.0,4.0,1.0,15279.640625,342129.7004852295,12.74294518533586,11375,0.7906443147487663,7.5256348,5.5394455,0.835,17.11,Abia
10004.0,5.53545594433,7.531535601629999,1.1,50.1,0.347,1767.0,1092.0,126.0,4.0,1.0,15279.640625,573358.0561523438,13.259265680387784,11375,0.7906443147487663,7.5256348,5.5394455,0.835,17.11,Abia
10005.0,5.53545594433,7.531535601629999,1.1,50.1,0.347,1767.0,1092.0,126.0,4.0,1.0,15279.640625,296046.04102579755,12.598270265216556,11375,0.7906443147487663,7.5256348,5.5394455,0.835,17.11,Abia
10008.0,5.53545594433,7.531535601629999,1.1,50.1,0.347,1767.0,1092.0,126.0,4.0,1.0,15279.640625,252635.29260253903,12.439702196488687,11375,0.7906443147487663,7.5256348,5.5394455,0.835,17.11,Abia
10009.0,5.46540908966,7.56949383789,1.1,44.9,0.301,1791.0,1317.0,137.0,4.0,2.0,15279.640625,254158.3191484724,12.445712655561726,23568,0.9349698786421519,7.5695801,5.4738318,0.665,17.11,Abia
10010.0,5.53545594433,7.531535601629999,1.1,50.1,0.347,1767.0,1092.0,126.0,4.0,1.0,15279.640625,530749.2693481445,13.182045002924225,11375,0.7906443147487663,7.5256348,5.5394455,0.835,17.11,Abia
10031.0,5.14203254737,7.37471602851,2.2,3.0,0.22,1772.0,1578.0,59.0,4.0,1.0,4958.84716796875,235081.84029388428,12.367688989068771,33964,0.5145133311945106,7.3718262,5.1456567,0.751,17.11,Abia
10032.0,5.14203254737,7.37471602851,2.2,3.0,0.22,1772.0,1578.0,59.0,4.0,1.0,4958.84716796875,350456.61427815753,12.766992195421809,33964,0.5145133311945106,7.3718262,5.1456567,0.751,17.11,Abia
10033.0,5.14203254737,7.37471602851,2.2,3.0,0.22,1772.0,1578.0,59.0,4.0,1.0,4958.84716796875,373767.6002044678,12.831389493426368,33964,0.5145133311945106,7.3718262,5.1456567,0.751,17.11,Abia
10034.0,5.14203254737,7.37471602851,2.2,3.0,0.22,1772.0,1578.0,59.0,4.0,1.0,4958.84716796875,265375.71172332764,12.48890188095515,33964,0.5145133311945106,7.3718262,5.1456567,0.751,17.11,Abia
10035.0,5.14203254737,7.37471602851,2.2,3.0,0.22,1772.0,1578.0,59.0,4.0,1.0,4958.84716796875,285929.64710693364,12.563501070405104,33964,0.5145133311945106,7.3718262,5.1456567,0.751,17.11,Abia
10036.0,5.14203254737,7.37471602851,2.2,3.0,0.22,1772.0,1578.0,59.0,4.0,1.0,4958.84716796875,218286.84891967772,12.29356529757024,33964,0.5145133311945106,7.3718262,5.1456567,0.751,17.11,Abia
10037.0,5.14203254737,7.37471602851,2.2,3.0,0.22,1772.0,1578.0,59.0,4.0,1.0,4958.84716796875,198342.2460861206,12.197749333099312,33964,0.5145133311945106,7.3718262,5.1456567,0.751,17.11,Abia
10038.0,5.14203254737,7.37471602851,2.2,3.0,0.22,1772.0,1578.0,59.0,4.0,1.0,4958.84716796875,192624.3756055196,12.168497331114343,33964,0.5145133311945106,7.3718262,5.1456567,0.751,17.11,Abia
10040.0,5.14203254737,7.37471602851,2.2,3.0,0.22,1772.0,1578.0,59.0,4.0,1.0,4958.84716796875,881727.476348877,13.689638303512188,33964,0.5145133311945106,7.3718262,5.1456567,0.751,17.11,Abia
10051.0,5.0903733333200005,7.36620770377,1.5,2.9,0.226,1757.0,18210.0,58.0,4.0,1.0,3545.4638671875,180983.77889404295,12.106162686861978,98092,1.3093897925885387,7.3718262,5.080001,1.084,17.11,Abia
10053.0,5.0903733333200005,7.36620770377,1.5,2.9,0.226,1757.0,18210.0,58.0,4.0,1.0,3545.4638671875,267198.57926495874,12.495747403508332,98092,1.3093897925885387,7.3718262,5.080001,1.084,17.11,Abia
10054.0,5.0903733333200005,7.36620770377,1.5,2.9,0.226,1757.0,18210.0,58.0,4.0,1.0,3545.4638671875,239949.25281270343,12.388182733352403,98092,1.3093897925885387,7.3718262,5.080001,1.084,17.11,Abia
10055.0,5.0903733333200005,7.36620770377,1.5,2.9,0.226,1757.0,18210.0,58.0,4.0,1.0,3545.4638671875,171500.31280822752,12.052340369541149,98092,1.3093897925885387,7.3718262,5.080001,1.084,17.11,Abia
10056.0,5.0903733333200005,7.36620770377,1.5,2.9,0.226,1757.0,18210.0,58.0,4.0,1.0,3545.4638671875,203117.97955322263,12.221542269269332,98092,1.3093897925885387,7.3718262,5.080001,1.084,17.11,Abia
10057.0,5.0903733333200005,7.36620770377,1.5,2.9,0.226,1757.0,18210.0,58.0,4.0,1.0,3545.4638671875,175988.15147705082,12.078171950600998,98092,1.3093897925885387,7.3718262,5.080001,1.084,17.11,Abia
10058.0,5.0903733333200005,7.36620770377,1.5,2.9,0.226,1757.0,18210.0,58.0,4.0,1.0,3545.4638671875,271483.3274734497,12.51165600753295,98092,1.3093897925885387,7.3718262,5.080001,1.084,17.11,Abia
10059.0,5.0903733333200005,7.36620770377,1.5,2.9,0.226,1757.0,18210.0,58.0,4.0,1.0,3545.4638671875,364036.46540323895,12.805009321280457,98092,1.3093897925885387,7.3718262,5.080001,1.084,17.11,Abia
10060.0,5.0903733333200005,7.36620770377,1.5,2.9,0.226,1757.0,18210.0,58.0,4.0,1.0,3545.4638671875,165991.47739156085,12.019691725005991,98092,1.3093897925885387,7.3718262,5.080001,1.084,17.11,Abia
10061.0,5.315248340739999,7.4334346460999985,8.8,23.3,0.282,1777.0,653.0,109.0,4.0,2.0,3131.96923828125,176263.32266688347,12.079734307417104,89059,0.7718188941650019,7.4377441,5.3207052,0.435,17.11,Abia
10062.0,5.315248340739999,7.4334346460999985,8.8,23.3,0.282,1777.0,653.0,109.0,4.0,2.0,3131.96923828125,279560.5979309082,12.540974356417324,89059,0.7718188941650019,7.4377441,5.3207052,0.435,17.11,Abia
10063.0,5.315248340739999,7.4334346460999985,8.8,23.3,0.282,1777.0,653.0,109.0,4.0,2.0,3131.96923828125,128934.45681762695,11.767059467538967,89059,0.7718188941650019,7.4377441,5.3207052,0.435,17.11,Abia
10064.0,5.315248340739999,7.4334346460999985,8.8,23.3,0.282,1777.0,653.0,109.0,4.0,2.0,3131.96923828125,99122.7506612142,11.504114266737329,89059,0.7718188941650019,7.4377441,5.3207052,0.435,17.11,Abia
10065.0,5.11615185902,7.39632754995,0.5,3.3,0.226,1766.0,3293.0,65.0,4.0,1.0,3131.96923828125,146785.56629507884,11.896728068087995,84639,0.8912143822075573,7.3937988,5.1237722,0.883,17.11,Abia
10066.0,5.315248340739999,7.4334346460999985,8.8,23.3,0.282,1777.0,653.0,109.0,4.0,2.0,3131.96923828125,338988.1059875488,12.733720300164622,89059,0.7718188941650019,7.4377441,5.3207052,0.435,17.11,Abia
10067.0,5.315248340739999,7.4334346460999985,8.8,23.3,0.282,1777.0,653.0,109.0,4.0,2.0,3131.96923828125,274290.84394836426,12.52194429666885,89059,0.7718188941650019,7.4377441,5.3207052,0.435,17.11,Abia
10068.0,5.315248340739999,7.4334346460999985,8.8,23.3,0.282,1777.0,653.0,109.0,4.0,2.0,3131.96923828125,209058.617582194,12.25036995852391,89059,0.7718188941650019,7.4377441,5.3207052,0.435,17.11,Abia
10069.0,5.315248340739999,7.4334346460999985,8.8,23.3,0.282,1777.0,653.0,109.0,4.0,2.0,3131.96923828125,411742.202835083,12.928152711212336,89059,0.7718188941650019,7.4377441,5.3207052,0.435,17.11,Abia
10070.0,5.315248340739999,7.4334346460999985,8.8,23.3,0.282,1777.0,653.0,109.0,4.0,2.0,3131.96923828125,432758.13636016846,12.977934274387229,89059,0.7718188941650019,7.4377441,5.3207052,0.435,17.11,Abia
10071.0,5.91892832509,7.422498457310001,1.1,57.7,0.347,1505.0,1121.0,119.0,4.0,2.0,2226.93994140625,123929.18547566731,11.727465596582446,17480,1.1442880183729411,7.4157715,5.9111167,-0.062,17.11,Abia
10072.0,5.91892832509,7.422498457310001,1.1,57.7,0.347,1505.0,1121.0,119.0,4.0,2.0,2226.93994140625,112047.1308654785,11.626674873059905,17480,1.1442880183729411,7.4157715,5.9111167,-0.062,17.11,Abia
10073.0,5.91892832509,7.422498457310001,1.1,57.7,0.347,1505.0,1121.0,119.0,4.0,2.0,2226.93994140625,122564.0513366699,11.716389040373496,17480,1.1442880183729411,7.4157715,5.9111167,-0.062,17.11,Abia
10074.0,5.91892832509,7.422498457310001,1.1,57.7,0.347,1505.0,1121.0,119.0,4.0,2.0,2226.93994140625,141409.00887756346,11.859411742420486,17480,1.1442880183729411,7.4157715,5.9111167,-0.062,17.11,Abia
10075.0,5.91892832509,7.422498457310001,1.1,57.7,0.347,1505.0,1121.0,119.0,4.0,2.0,2226.93994140625,198321.89872487387,12.1976467407096,17480,1.1442880183729411,7.4157715,5.9111167,-0.062,17.11,Abia
10076.0,5.91892832509,7.422498457310001,1.1,57.7,0.347,1505.0,1121.0,119.0,4.0,2.0,2226.93994140625,131820.3193244934,11.78919505703204,17480,1.1442880183729411,7.4157715,5.9111167,-0.062,17.11,Abia
10077.0,5.91892832509,7.422498457310001,1.1,57.7,0.347,1505.0,1121.0,119.0,4.0,2.0,2226.93994140625,440329.2064819336,12.995277922684789,17480,1.1442880183729411,7.4157715,5.9111167,-0.062,17.11,Abia
10078.0,5.91892832509,7.422498457310001,1.1,57.7,0.347,1505.0,1121.0,119.0,4.0,2.0,2226.93994140625,311732.63037109375,12.649901145457882,17480,1.1442880183729411,7.4157715,5.9111167,-0.062,17.11,Abia
10079.0,5.91892832509,7.422498457310001,1.1,57.7,0.347,1505.0,1121.0,119.0,4.0,2.0,2226.93994140625,262312.4890937805,12.477291778498746,17480,1.1442880183729411,7.4157715,5.9111167,-0.062,17.11,Abia
10080.0,5.91892832509,7.422498457310001,1.1,57.7,0.347,1505.0,1121.0,119.0,4.0,2.0,2226.93994140625,111352.11286036174,11.62045264745261,17480,1.1442880183729411,7.4157715,5.9111167,-0.062,17.11,Abia
10091.0,5.385202980069999,7.527887043699999,6.8,30.3,0.266,1783.0,611.0,88.0,4.0,2.0,1866.337158203125,471493.9575500488,13.063661565597178,60652,0.2798307488083658,7.5256348,5.3863356,0.463,17.11,Abia
10092.0,5.385202980069999,7.527887043699999,6.8,30.3,0.266,1783.0,611.0,88.0,4.0,2.0,1866.337158203125,150503.67665863037,11.92174279249812,60652,0.2798307488083658,7.5256348,5.3863356,0.463,17.11,Abia
10093.0,5.28980449205,7.57803727898,1.4,3.2,0.258,1859.0,750.0,71.0,5.0,2.0,1866.337158203125,358654.8869182587,12.790115887331702,44494,1.372661729598342,7.5695801,5.2988268,0.13,32.85,Akwa Ibom
10094.0,5.385202980069999,7.527887043699999,6.8,30.3,0.266,1783.0,611.0,88.0,4.0,2.0,1866.337158203125,121173.54474748884,11.704979051130332,60652,0.2798307488083658,7.5256348,5.3863356,0.463,17.11,Abia
10096.0,5.385202980069999,7.527887043699999,6.8,30.3,0.266,1783.0,611.0,88.0,4.0,2.0,1866.337158203125,297128.5489654541,12.60192014894271,60652,0.2798307488083658,7.5256348,5.3863356,0.463,17.11,Abia
10097.0,5.385202980069999,7.527887043699999,6.8,30.3,0.266,1783.0,611.0,88.0,4.0,2.0,1866.337158203125,120328.29194539388,11.697979052578647,60652,0.2798307488083658,7.5256348,5.3863356,0.463,17.11,Abia
10098.0,5.385202980069999,7.527887043699999,6.8,30.3,0.266,1783.0,611.0,88.0,4.0,2.0,1866.337158203125,403447.51251220703,12.90780167771596,60652,0.2798307488083658,7.5256348,5.3863356,0.463,17.11,Abia
10099.0,5.385202980069999,7.527887043699999,6.8,30.3,0.266,1783.0,611.0,88.0,4.0,2.0,1866.337158203125,220999.80322265625,12.305917090104272,60652,0.2798307488083658,7.5256348,5.3863356,0.463,17.11,Abia
10100.0,5.385202980069999,7.527887043699999,6.8,30.3,0.266,1783.0,611.0,88.0,4.0,2.0,1866.337158203125,238315.05685424805,12.381348845539996,60652,0.2798307488083658,7.5256348,5.3863356,0.463,17.11,Abia
10102.0,5.6986146703300005,7.519499328170001,4.8,34.8,0.374,1672.0,253.0,109.0,4.0,2.0,5453.29833984375,454233.8925476074,13.026367526185814,99578,0.9602637771058262,7.5256348,5.6925158,0.248,17.11,Abia
10103.0,5.6986146703300005,7.519499328170001,4.8,34.8,0.374,1672.0,253.0,109.0,4.0,2.0,5453.29833984375,138459.7905418759,11.838335241460944,99578,0.9602637771058262,7.5256348,5.6925158,0.248,17.11,Abia
10104.0,5.6986146703300005,7.519499328170001,4.8,34.8,0.374,1672.0,253.0,109.0,4.0,2.0,5453.29833984375,262346.19889831543,12.477420280343289,99578,0.9602637771058262,7.5256348,5.6925158,0.248,17.11,Abia
10105.0,5.6986146703300005,7.519499328170001,4.8,34.8,0.374,1672.0,253.0,109.0,4.0,2.0,5453.29833984375,192127.93975321448,12.16591678197674,99578,0.9602637771058262,7.5256348,5.6925158,0.248,17.11,Abia
10106.0,5.6986146703300005,7.519499328170001,4.8,34.8,0.374,1672.0,253.0,109.0,4.0,2.0,5453.29833984375,191805.38091227217,12.164236495846456,99578,0.9602637771058262,7.5256348,5.6925158,0.248,17.11,Abia
10107.0,5.6986146703300005,7.519499328170001,4.8,34.8,0.374,1672.0,253.0,109.0,4.0,2.0,5453.29833984375,235488.27564493817,12.369416406252114,99578,0.9602637771058262,7.5256348,5.6925158,0.248,17.11,Abia
10108.0,5.6986146703300005,7.519499328170001,4.8,34.8,0.374,1672.0,253.0,109.0,4.0,2.0,5453.29833984375,176032.3202006022,12.078422894664408,99578,0.9602637771058262,7.5256348,5.6925158,0.248,17.11,Abia
10109.0,5.6986146703300005,7.519499328170001,4.8,34.8,0.374,1672.0,253.0,109.0,4.0,2.0,5453.29833984375,244665.47949800035,12.40764716672876,99578,0.9602637771058262,7.5256348,5.6925158,0.248,17.11,Abia
10110.0,5.6986146703300005,7.519499328170001,4.8,34.8,0.374,1672.0,253.0,109.0,4.0,2.0,5453.29833984375,91900.94634246826,11.428466605814895,99578,0.9602637771058262,7.5256348,5.6925158,0.248,17.11,Abia
19001.0,5.10125583335,7.38236269147,2.4,56.3,0.226,1760.0,6855.0,57.0,4.0,1.0,3688.921875,226347.8584543864,12.32982829160612,21189,1.1716470585040775,7.3718262,5.101887,1.343,17.11,Abia
19002.0,5.10125583335,7.38236269147,2.4,56.3,0.226,1760.0,6855.0,57.0,4.0,1.0,3688.921875,293152.2310733795,12.588447313052056,21189,1.1716470585040775,7.3718262,5.101887,1.343,17.11,Abia
19005.0,5.10125583335,7.38236269147,2.4,56.3,0.226,1760.0,6855.0,57.0,4.0,1.0,3688.921875,169727.56300557457,12.041949859987186,21189,1.1716470585040775,7.3718262,5.101887,1.343,17.11,Abia
19006.0,5.10125583335,7.38236269147,2.4,56.3,0.226,1760.0,6855.0,57.0,4.0,1.0,3688.921875,148243.40504455566,11.906610830504908,21189,1.1716470585040775,7.3718262,5.101887,1.343,17.11,Abia
19007.0,5.10125583335,7.38236269147,2.4,56.3,0.226,1760.0,6855.0,57.0,4.0,1.0,3688.921875,431927.42364501953,12.976012852290816,21189,1.1716470585040775,7.3718262,5.101887,1.343,17.11,Abia
19008.0,5.10125583335,7.38236269147,2.4,56.3,0.226,1760.0,6855.0,57.0,4.0,1.0,3688.921875,353078.8182296753,12.774446592095812,21189,1.1716470585040775,7.3718262,5.101887,1.343,17.11,Abia
19009.0,5.10125583335,7.38236269147,2.4,56.3,0.226,1760.0,6855.0,57.0,4.0,1.0,3688.921875,288164.1426010132,12.571285536351054,21189,1.1716470585040775,7.3718262,5.101887,1.343,17.11,Abia
19010.0,5.10125583335,7.38236269147,2.4,56.3,0.226,1760.0,6855.0,57.0,4.0,1.0,3688.921875,276607.47553253174,12.5303547243571,21189,1.1716470585040775,7.3718262,5.101887,1.343,17.11,Abia
19012.0,5.10125583335,7.38236269147,2.4,56.3,0.226,1760.0,6855.0,57.0,4.0,1.0,3688.921875,310125.76024373376,12.644733172401766,21189,1.1716470585040775,7.3718262,5.101887,1.343,17.11,Abia
19014.0,5.10364996514,7.3404791643,5.9,49.0,0.222,1756.0,17007.0,54.0,4.0,1.0,5176.703125,744591.4266052246,13.52059092625995,55704,1.058792314912693,7.3498535,5.101887,1.241,17.11,Abia
19015.0,5.10364996514,7.3404791643,5.9,49.0,0.222,1756.0,17007.0,54.0,4.0,1.0,5176.703125,147491.92386372882,11.90152869979674,55704,1.058792314912693,7.3498535,5.101887,1.241,17.11,Abia
19017.0,5.10364996514,7.3404791643,5.9,49.0,0.222,1756.0,17007.0,54.0,4.0,1.0,5176.703125,79584.89890398296,11.284579641573307,55704,1.058792314912693,7.3498535,5.101887,1.241,17.11,Abia
19018.0,5.10364996514,7.3404791643,5.9,49.0,0.222,1756.0,17007.0,54.0,4.0,1.0,5176.703125,124643.20595703128,11.733210582508624,55704,1.058792314912693,7.3498535,5.101887,1.241,17.11,Abia
19019.0,5.10364996514,7.3404791643,5.9,49.0,0.222,1756.0,17007.0,54.0,4.0,1.0,5176.703125,314366.20866394043,12.658313854956669,55704,1.058792314912693,7.3498535,5.101887,1.241,17.11,Abia
19020.0,5.10364996514,7.3404791643,5.9,49.0,0.222,1756.0,17007.0,54.0,4.0,1.0,5176.703125,108692.27771606443,11.596276028415168,55704,1.058792314912693,7.3498535,5.101887,1.241,17.11,Abia
19023.0,5.10364996514,7.3404791643,5.9,49.0,0.222,1756.0,17007.0,54.0,4.0,1.0,5176.703125,168737.25530497235,12.036098081764004,55704,1.058792314912693,7.3498535,5.101887,1.241,17.11,Abia
19024.0,5.10364996514,7.3404791643,5.9,49.0,0.222,1756.0,17007.0,54.0,4.0,1.0,5176.703125,81257.34351893835,11.305376477879346,55704,1.058792314912693,7.3498535,5.101887,1.241,17.11,Abia
19025.0,5.10564426979,7.39271035246,1.5,2.4,0.226,1762.0,3215.0,54.0,4.0,1.0,4284.16796875,128863.42241753472,11.76650838153236,7238,0.434204338812493,7.3937988,5.101887,1.312,17.11,Abia
19026.0,5.10564426979,7.39271035246,1.5,2.4,0.226,1762.0,3215.0,54.0,4.0,1.0,4284.16796875,207812.807367234,12.24439298889159,7238,0.434204338812493,7.3937988,5.101887,1.312,17.11,Abia
19029.0,5.10564426979,7.39271035246,1.5,2.4,0.226,1762.0,3215.0,54.0,4.0,1.0,4284.16796875,267643.4673309326,12.497411028017336,7238,0.434204338812493,7.3937988,5.101887,1.312,17.11,Abia
19031.0,5.10564426979,7.39271035246,1.5,2.4,0.226,1762.0,3215.0,54.0,4.0,1.0,4284.16796875,255265.6974853516,12.450060232609422,7238,0.434204338812493,7.3937988,5.101887,1.312,17.11,Abia
19032.0,5.10564426979,7.39271035246,1.5,2.4,0.226,1762.0,3215.0,54.0,4.0,1.0,4284.16796875,127593.86331176758,11.756607555568348,7238,0.434204338812493,7.3937988,5.101887,1.312,17.11,Abia
19033.0,5.10564426979,7.39271035246,1.5,2.4,0.226,1762.0,3215.0,54.0,4.0,1.0,4284.16796875,370399.4995651245,12.82233743068717,7238,0.434204338812493,7.3937988,5.101887,1.312,17.11,Abia
19034.0,5.10564426979,7.39271035246,1.5,2.4,0.226,1762.0,3215.0,54.0,4.0,1.0,4284.16796875,207446.1933914185,12.24262727606949,7238,0.434204338812493,7.3937988,5.101887,1.312,17.11,Abia
19035.0,5.10564426979,7.39271035246,1.5,2.4,0.226,1762.0,3215.0,54.0,4.0,1.0,4284.16796875,269062.5541229248,12.502699174757897,7238,0.434204338812493,7.3937988,5.101887,1.312,17.11,Abia
19036.0,5.10564426979,7.39271035246,1.5,2.4,0.226,1762.0,3215.0,54.0,4.0,1.0,4284.16796875,212542.75722694397,12.266898457586231,7238,0.434204338812493,7.3937988,5.101887,1.312,17.11,Abia
19037.0,5.71798741973,7.65765101223,2.4,67.0,0.372,1705.0,709.0,183.0,4.0,2.0,1890.3896484375,241662.2026428223,12.395296173175293,47497,0.40095673992154934,7.6574707,5.7143797,1.083,17.11,Abia
19038.0,5.71798741973,7.65765101223,2.4,67.0,0.372,1705.0,709.0,183.0,4.0,2.0,1890.3896484375,408178.7268218994,12.919460413403836,47497,0.40095673992154934,7.6574707,5.7143797,1.083,17.11,Abia
19039.0,5.71798741973,7.65765101223,2.4,67.0,0.372,1705.0,709.0,183.0,4.0,2.0,1890.3896484375,277605.86960856116,12.533957651514312,47497,0.40095673992154934,7.6574707,5.7143797,1.083,17.11,Abia
19040.0,5.71798741973,7.65765101223,2.4,67.0,0.372,1705.0,709.0,183.0,4.0,2.0,1890.3896484375,938303.5660705566,13.751828806836365,47497,0.40095673992154934,7.6574707,5.7143797,1.083,17.11,Abia
19041.0,5.71798741973,7.65765101223,2.4,67.0,0.372,1705.0,709.0,183.0,4.0,2.0,1890.3896484375,337812.644241333,12.730246713801945,47497,0.40095673992154934,7.6574707,5.7143797,1.083,17.11,Abia
19043.0,5.71798741973,7.65765101223,2.4,67.0,0.372,1705.0,709.0,183.0,4.0,2.0,1890.3896484375,223254.0259399414,12.316065531901751,47497,0.40095673992154934,7.6574707,5.7143797,1.083,17.11,Abia
19044.0,5.71798741973,7.65765101223,2.4,67.0,0.372,1705.0,709.0,183.0,4.0,2.0,1890.3896484375,431736.3168334961,12.975570303169702,47497,0.40095673992154934,7.6574707,5.7143797,1.083,17.11,Abia
19045.0,5.71798741973,7.65765101223,2.4,67.0,0.372,1705.0,709.0,183.0,4.0,2.0,1890.3896484375,201863.9990234375,12.21534947747266,47497,0.40095673992154934,7.6574707,5.7143797,1.083,17.11,Abia
19047.0,5.71798741973,7.65765101223,2.4,67.0,0.372,1705.0,709.0,183.0,4.0,2.0,1890.3896484375,233373.21164550784,12.360394217806665,47497,0.40095673992154934,7.6574707,5.7143797,1.083,17.11,Abia
19048.0,5.71798741973,7.65765101223,2.4,67.0,0.372,1705.0,709.0,183.0,4.0,2.0,1890.3896484375,131012.06173706056,11.783044672273414,47497,0.40095673992154934,7.6574707,5.7143797,1.083,17.11,Abia
19049.0,5.62097186629,7.55673647204,0.3,3.1,0.37,1733.0,2500.0,139.0,4.0,2.0,5403.970703125,230073.15033874512,12.346152582290824,67318,1.2093944603114695,7.5476074,5.6269192,0.903,17.11,Abia
19050.0,5.62097186629,7.55673647204,0.3,3.1,0.37,1733.0,2500.0,139.0,4.0,2.0,5403.970703125,145156.40834350587,11.88556711827845,67318,1.2093944603114695,7.5476074,5.6269192,0.903,17.11,Abia
19051.0,5.62097186629,7.55673647204,0.3,3.1,0.37,1733.0,2500.0,139.0,4.0,2.0,5403.970703125,85657.12120361328,11.358107643362194,67318,1.2093944603114695,7.5476074,5.6269192,0.903,17.11,Abia
19052.0,5.62097186629,7.55673647204,0.3,3.1,0.37,1733.0,2500.0,139.0,4.0,2.0,5403.970703125,307534.2448221842,12.636341725303453,67318,1.2093944603114695,7.5476074,5.6269192,0.903,17.11,Abia
19054.0,5.62097186629,7.55673647204,0.3,3.1,0.37,1733.0,2500.0,139.0,4.0,2.0,5403.970703125,425283.0015258789,12.960510112246125,67318,1.2093944603114695,7.5476074,5.6269192,0.903,17.11,Abia
19055.0,5.62097186629,7.55673647204,0.3,3.1,0.37,1733.0,2500.0,139.0,4.0,2.0,5403.970703125,141567.7744293213,11.860533852627276,67318,1.2093944603114695,7.5476074,5.6269192,0.903,17.11,Abia
19056.0,5.62097186629,7.55673647204,0.3,3.1,0.37,1733.0,2500.0,139.0,4.0,2.0,5403.970703125,573036.1118774414,13.258704016184764,67318,1.2093944603114695,7.5476074,5.6269192,0.903,17.11,Abia
19058.0,5.62097186629,7.55673647204,0.3,3.1,0.37,1733.0,2500.0,139.0,4.0,2.0,5403.970703125,157110.43885650634,11.96470426924502,67318,1.2093944603114695,7.5476074,5.6269192,0.903,17.11,Abia
19060.0,5.62097186629,7.55673647204,0.3,3.1,0.37,1733.0,2500.0,139.0,4.0,2.0,5403.970703125,178325.39567565918,12.091365225989476,67318,1.2093944603114695,7.5476074,5.6269192,0.903,17.11,Abia
19061.0,5.29924489104,7.32849633635,10.8,74.3,0.293,1746.0,874.0,98.0,4.0,2.0,4115.0234375,601491.7625427246,13.307168119444782,51852,0.08258594088299877,7.3278809,5.2988268,0.617,17.11,Abia
19062.0,5.29924489104,7.32849633635,10.8,74.3,0.293,1746.0,874.0,98.0,4.0,2.0,4115.0234375,285135.54371134436,12.560719938162402,51852,0.08258594088299877,7.3278809,5.2988268,0.617,17.11,Abia
19063.0,5.29924489104,7.32849633635,10.8,74.3,0.293,1746.0,874.0,98.0,4.0,2.0,4115.0234375,501807.022277832,13.12597090699317,51852,0.08258594088299877,7.3278809,5.2988268,0.617,17.11,Abia
19064.0,5.29924489104,7.32849633635,10.8,74.3,0.293,1746.0,874.0,98.0,4.0,2.0,4115.0234375,435637.741607666,12.984566309096822,51852,0.08258594088299877,7.3278809,5.2988268,0.617,17.11,Abia
19066.0,5.29924489104,7.32849633635,10.8,74.3,0.293,1746.0,874.0,98.0,4.0,2.0,4115.0234375,197178.5856221517,12.191865123074356,51852,0.08258594088299877,7.3278809,5.2988268,0.617,17.11,Abia
19068.0,5.29924489104,7.32849633635,10.8,74.3,0.293,1746.0,874.0,98.0,4.0,2.0,4115.0234375,326382.8380584717,12.69582632121202,51852,0.08258594088299877,7.3278809,5.2988268,0.617,17.11,Abia
19069.0,5.29924489104,7.32849633635,10.8,74.3,0.293,1746.0,874.0,98.0,4.0,2.0,4115.0234375,158932.07016296388,11.97623215823344,51852,0.08258594088299877,7.3278809,5.2988268,0.617,17.11,Abia
19070.0,5.29924489104,7.32849633635,10.8,74.3,0.293,1746.0,874.0,98.0,4.0,2.0,4115.0234375,251343.1675338745,12.434574485675364,51852,0.08258594088299877,7.3278809,5.2988268,0.617,17.11,Abia
19071.0,5.29924489104,7.32849633635,10.8,74.3,0.293,1746.0,874.0,98.0,4.0,2.0,4115.0234375,136678.60541381835,11.825387502883483,51852,0.08258594088299877,7.3278809,5.2988268,0.617,17.11,Abia
19072.0,5.29924489104,7.32849633635,10.8,74.3,0.293,1746.0,874.0,98.0,4.0,2.0,4115.0234375,332684.8264956157,12.71495085379976,51852,0.08258594088299877,7.3278809,5.2988268,0.617,17.11,Abia
19073.0,5.22663914114,7.42083378557,0.2,60.0,0.25,1795.0,767.0,93.0,4.0,2.0,5029.37158203125,103629.1841308594,11.548574269242316,37341,0.9186964527922786,7.4157715,5.233187,0.442,17.11,Abia
19075.0,5.22663914114,7.42083378557,0.2,60.0,0.25,1795.0,767.0,93.0,4.0,2.0,5029.37158203125,258038.8110656738,12.46086528307733,37341,0.9186964527922786,7.4157715,5.233187,0.442,17.11,Abia
19076.0,5.22663914114,7.42083378557,0.2,60.0,0.25,1795.0,767.0,93.0,4.0,2.0,5029.37158203125,105737.14270019533,11.56871150748558,37341,0.9186964527922786,7.4157715,5.233187,0.442,17.11,Abia
19077.0,5.22663914114,7.42083378557,0.2,60.0,0.25,1795.0,767.0,93.0,4.0,2.0,5029.37158203125,746512.6214408875,13.52316780330792,37341,0.9186964527922786,7.4157715,5.233187,0.442,17.11,Abia
19079.0,5.22663914114,7.42083378557,0.2,60.0,0.25,1795.0,767.0,93.0,4.0,2.0,5029.37158203125,266720.6723022461,12.493957218610742,37341,0.9186964527922786,7.4157715,5.233187,0.442,17.11,Abia
19080.0,5.22663914114,7.42083378557,0.2,60.0,0.25,1795.0,767.0,93.0,4.0,2.0,5029.37158203125,117296.36037127176,11.672459005782272,37341,0.9186964527922786,7.4157715,5.233187,0.442,17.11,Abia
19081.0,5.22663914114,7.42083378557,0.2,60.0,0.25,1795.0,767.0,93.0,4.0,2.0,5029.37158203125,271506.8771133423,12.511742748102886,37341,0.9186964527922786,7.4157715,5.233187,0.442,17.11,Abia
19082.0,5.22663914114,7.42083378557,0.2,60.0,0.25,1795.0,767.0,93.0,4.0,2.0,5029.37158203125,400719.4892374674,12.901016933418656,37341,0.9186964527922786,7.4157715,5.233187,0.442,17.11,Abia
19084.0,5.22663914114,7.42083378557,0.2,60.0,0.25,1795.0,767.0,93.0,4.0,2.0,5029.37158203125,184164.5769212511,12.123585076607627,37341,0.9186964527922786,7.4157715,5.233187,0.442,17.11,Abia
19085.0,5.11459152134,7.488088903,0.0,20.8,0.225,1826.0,430.0,66.0,4.0,2.0,3652.972900390625,186571.13905334473,12.136567887980537,50654,1.2421947433503384,7.4816895,5.1237722,0.738,17.11,Abia
19087.0,5.11459152134,7.488088903,0.0,20.8,0.225,1826.0,430.0,66.0,4.0,2.0,3652.972900390625,119736.84984741212,11.69305169586045,50654,1.2421947433503384,7.4816895,5.1237722,0.738,17.11,Abia
19088.0,5.11459152134,7.488088903,0.0,20.8,0.225,1826.0,430.0,66.0,4.0,2.0,3652.972900390625,270036.7982355753,12.506313518455295,50654,1.2421947433503384,7.4816895,5.1237722,0.738,17.11,Abia
19089.0,5.11459152134,7.488088903,0.0,20.8,0.225,1826.0,430.0,66.0,4.0,2.0,3652.972900390625,373570.3929545084,12.8308617342161,50654,1.2421947433503384,7.4816895,5.1237722,0.738,17.11,Abia
19091.0,5.11459152134,7.488088903,0.0,20.8,0.225,1826.0,430.0,66.0,4.0,2.0,3652.972900390625,1012319.1358413696,13.827754430738583,50654,1.2421947433503384,7.4816895,5.1237722,0.738,17.11,Abia
19092.0,5.11459152134,7.488088903,0.0,20.8,0.225,1826.0,430.0,66.0,4.0,2.0,3652.972900390625,337732.42440795904,12.730009217186325,50654,1.2421947433503384,7.4816895,5.1237722,0.738,17.11,Abia
19093.0,5.11459152134,7.488088903,0.0,20.8,0.225,1826.0,430.0,66.0,4.0,2.0,3652.972900390625,204707.24857711792,12.22933618175579,50654,1.2421947433503384,7.4816895,5.1237722,0.738,17.11,Abia
19094.0,5.11459152134,7.488088903,0.0,20.8,0.225,1826.0,430.0,66.0,4.0,2.0,3652.972900390625,385688.0631988525,12.862784195308937,50654,1.2421947433503384,7.4816895,5.1237722,0.738,17.11,Abia
19095.0,5.11459152134,7.488088903,0.0,20.8,0.225,1826.0,430.0,66.0,4.0,2.0,3652.972900390625,151731.85516357422,11.929870131186613,50654,1.2421947433503384,7.4816895,5.1237722,0.738,17.11,Abia
19096.0,5.11459152134,7.488088903,0.0,20.8,0.225,1826.0,430.0,66.0,4.0,2.0,3652.972900390625,290125.76580810547,12.57806978315311,50654,1.2421947433503384,7.4816895,5.1237722,0.738,17.11,Abia
19097.0,5.07230955571,7.45453070598,1.2,13.5,0.224,1794.0,463.0,66.0,4.0,2.0,7128.5556640625,132837.9713347299,11.79688540388002,29582,1.0296940977571867,7.4597168,5.080001,0.225,17.11,Abia
19098.0,5.07230955571,7.45453070598,1.2,13.5,0.224,1794.0,463.0,66.0,4.0,2.0,7128.5556640625,652547.4719161987,13.388639169427108,29582,1.0296940977571867,7.4597168,5.080001,0.225,17.11,Abia
19099.0,5.07230955571,7.45453070598,1.2,13.5,0.224,1794.0,463.0,66.0,4.0,2.0,7128.5556640625,271787.70205688477,12.51277653338004,29582,1.0296940977571867,7.4597168,5.080001,0.225,17.11,Abia
19100.0,5.07230955571,7.45453070598,1.2,13.5,0.224,1794.0,463.0,66.0,4.0,2.0,7128.5556640625,107125.21105957033,11.581753626115832,29582,1.0296940977571867,7.4597168,5.080001,0.225,17.11,Abia
19101.0,5.07230955571,7.45453070598,1.2,13.5,0.224,1794.0,463.0,66.0,4.0,2.0,7128.5556640625,177753.3730957031,12.088152324113862,29582,1.0296940977571867,7.4597168,5.080001,0.225,17.11,Abia
19103.0,5.07230955571,7.45453070598,1.2,13.5,0.224,1794.0,463.0,66.0,4.0,2.0,7128.5556640625,269810.65548706055,12.505475715997646,29582,1.0296940977571867,7.4597168,5.080001,0.225,17.11,Abia
19104.0,5.07230955571,7.45453070598,1.2,13.5,0.224,1794.0,463.0,66.0,4.0,2.0,7128.5556640625,204614.2890337626,12.228881968935738,29582,1.0296940977571867,7.4597168,5.080001,0.225,17.11,Abia
19105.0,5.07230955571,7.45453070598,1.2,13.5,0.224,1794.0,463.0,66.0,4.0,2.0,7128.5556640625,134827.18358503067,11.811749115772631,29582,1.0296940977571867,7.4597168,5.080001,0.225,17.11,Abia
19106.0,5.07230955571,7.45453070598,1.2,13.5,0.224,1794.0,463.0,66.0,4.0,2.0,7128.5556640625,149633.93642374672,11.91594716654877,29582,1.0296940977571867,7.4597168,5.080001,0.225,17.11,Abia
19107.0,5.07230955571,7.45453070598,1.2,13.5,0.224,1794.0,463.0,66.0,4.0,2.0,7128.5556640625,199714.382619222,12.204643537938312,29582,1.0296940977571867,7.4597168,5.080001,0.225,17.11,Abia
19110.0,5.07729460466,7.48700486162,2.9,10.9,0.226,1816.0,295.0,69.0,4.0,2.0,4633.8681640625,137848.54399108887,11.833910854126222,31866,0.6620816888133484,7.4816895,5.080001,0.388,17.11,Abia
19111.0,5.07729460466,7.48700486162,2.9,10.9,0.226,1816.0,295.0,69.0,4.0,2.0,4633.8681640625,318302.0066528321,12.670755917531908,31866,0.6620816888133484,7.4816895,5.080001,0.388,17.11,Abia
19112.0,5.07729460466,7.48700486162,2.9,10.9,0.226,1816.0,295.0,69.0,4.0,2.0,4633.8681640625,274425.9504623413,12.522436742018012,31866,0.6620816888133484,7.4816895,5.080001,0.388,17.11,Abia
19113.0,5.07729460466,7.48700486162,2.9,10.9,0.226,1816.0,295.0,69.0,4.0,2.0,4633.8681640625,251720.3881454468,12.436074179612694,31866,0.6620816888133484,7.4816895,5.080001,0.388,17.11,Abia
19115.0,5.07729460466,7.48700486162,2.9,10.9,0.226,1816.0,295.0,69.0,4.0,2.0,4633.8681640625,349896.8805333455,12.765393763006935,31866,0.6620816888133484,7.4816895,5.080001,0.388,17.11,Abia
19116.0,5.07729460466,7.48700486162,2.9,10.9,0.226,1816.0,295.0,69.0,4.0,2.0,4633.8681640625,248651.38926442465,12.42380715135601,31866,0.6620816888133484,7.4816895,5.080001,0.388,17.11,Abia
19117.0,5.07729460466,7.48700486162,2.9,10.9,0.226,1816.0,295.0,69.0,4.0,2.0,4633.8681640625,246774.42369384764,12.41622993393273,31866,0.6620816888133484,7.4816895,5.080001,0.388,17.11,Abia
19118.0,5.07729460466,7.48700486162,2.9,10.9,0.226,1816.0,295.0,69.0,4.0,2.0,4633.8681640625,193172.3738975525,12.171338198287495,31866,0.6620816888133484,7.4816895,5.080001,0.388,17.11,Abia
19119.0,5.07729460466,7.48700486162,2.9,10.9,0.226,1816.0,295.0,69.0,4.0,2.0,4633.8681640625,134390.0566179548,11.808501720836912,31866,0.6620816888133484,7.4816895,5.080001,0.388,17.11,Abia
19120.0,5.07729460466,7.48700486162,2.9,10.9,0.226,1816.0,295.0,69.0,4.0,2.0,4633.8681640625,156517.87496948242,11.960925499497469,31866,0.6620816888133484,7.4816895,5.080001,0.388,17.11,Abia
19121.0,5.79283387535,7.71541670998,5.0,14.0,0.383,1684.0,567.0,72.0,4.0,2.0,2239.759765625,263751.3319295247,12.482762013729424,28682,1.3339739545605742,7.7233887,5.8018269,-0.155,17.11,Abia
19122.0,5.79283387535,7.71541670998,5.0,14.0,0.383,1684.0,567.0,72.0,4.0,2.0,2239.759765625,111737.38607177734,11.623906629789612,28682,1.3339739545605742,7.7233887,5.8018269,-0.155,17.11,Abia
19123.0,5.79283387535,7.71541670998,5.0,14.0,0.383,1684.0,567.0,72.0,4.0,2.0,2239.759765625,266743.95626831055,12.494044511993778,28682,1.3339739545605742,7.7233887,5.8018269,-0.155,17.11,Abia
19124.0,5.79283387535,7.71541670998,5.0,14.0,0.383,1684.0,567.0,72.0,4.0,2.0,2239.759765625,143689.8939819336,11.875412742398035,28682,1.3339739545605742,7.7233887,5.8018269,-0.155,17.11,Abia
19125.0,5.79283387535,7.71541670998,5.0,14.0,0.383,1684.0,567.0,72.0,4.0,2.0,2239.759765625,252805.17657470703,12.4403744180021,28682,1.3339739545605742,7.7233887,5.8018269,-0.155,17.11,Abia
19126.0,5.79283387535,7.71541670998,5.0,14.0,0.383,1684.0,567.0,72.0,4.0,2.0,2239.759765625,584245.5765075684,13.27807668114021,28682,1.3339739545605742,7.7233887,5.8018269,-0.155,17.11,Abia
19127.0,5.79283387535,7.71541670998,5.0,14.0,0.383,1684.0,567.0,72.0,4.0,2.0,2239.759765625,197538.8147125244,12.193690374203785,28682,1.3339739545605742,7.7233887,5.8018269,-0.155,17.11,Abia
19129.0,5.79283387535,7.71541670998,5.0,14.0,0.383,1684.0,567.0,72.0,4.0,2.0,2239.759765625,219348.31565856937,12.298416227780148,28682,1.3339739545605742,7.7233887,5.8018269,-0.155,17.11,Abia
19130.0,5.79283387535,7.71541670998,5.0,14.0,0.383,1684.0,567.0,72.0,4.0,2.0,2239.759765625,275133.51959228516,12.525011784609328,28682,1.3339739545605742,7.7233887,5.8018269,-0.155,17.11,Abia
19131.0,5.79283387535,7.71541670998,5.0,14.0,0.383,1684.0,567.0,72.0,4.0,2.0,2239.759765625,150640.49401245118,11.922651442749787,28682,1.3339739545605742,7.7233887,5.8018269,-0.155,17.11,Abia
19133.0,5.24147612409,7.34686340166,11.3,75.8,0.252,1777.0,484.0,89.0,4.0,2.0,5772.70556640625,166299.38507952009,12.021544967516457,39264,0.978125212136797,7.3498535,5.233187,-0.076,17.11,Abia
19135.0,5.24147612409,7.34686340166,11.3,75.8,0.252,1777.0,484.0,89.0,4.0,2.0,5772.70556640625,163862.45494537352,12.00678266555217,39264,0.978125212136797,7.3498535,5.233187,-0.076,17.11,Abia
19136.0,5.24147612409,7.34686340166,11.3,75.8,0.252,1777.0,484.0,89.0,4.0,2.0,5772.70556640625,158603.4649480184,11.974162435031367,39264,0.978125212136797,7.3498535,5.233187,-0.076,17.11,Abia
19137.0,5.24147612409,7.34686340166,11.3,75.8,0.252,1777.0,484.0,89.0,4.0,2.0,5772.70556640625,150149.20057868958,11.919384749246053,39264,0.978125212136797,7.3498535,5.233187,-0.076,17.11,Abia
19138.0,5.24147612409,7.34686340166,11.3,75.8,0.252,1777.0,484.0,89.0,4.0,2.0,5772.70556640625,123513.25455856325,11.724103753652155,39264,0.978125212136797,7.3498535,5.233187,-0.076,17.11,Abia
19139.0,5.24147612409,7.34686340166,11.3,75.8,0.252,1777.0,484.0,89.0,4.0,2.0,5772.70556640625,136640.11218516034,11.825105830049289,39264,0.978125212136797,7.3498535,5.233187,-0.076,17.11,Abia
19140.0,5.24147612409,7.34686340166,11.3,75.8,0.252,1777.0,484.0,89.0,4.0,2.0,5772.70556640625,555538.8143310547,13.227693758404008,39264,0.978125212136797,7.3498535,5.233187,-0.076,17.11,Abia
19141.0,5.24147612409,7.34686340166,11.3,75.8,0.252,1777.0,484.0,89.0,4.0,2.0,5772.70556640625,195246.3049545288,12.182017142834145,39264,0.978125212136797,7.3498535,5.233187,-0.076,17.11,Abia
19143.0,5.24147612409,7.34686340166,11.3,75.8,0.252,1777.0,484.0,89.0,4.0,2.0,5772.70556640625,73279.22941894531,11.20203248372156,39264,0.978125212136797,7.3498535,5.233187,-0.076,17.11,Abia
19144.0,5.24147612409,7.34686340166,11.3,75.8,0.252,1777.0,484.0,89.0,4.0,2.0,5772.70556640625,210995.68074035645,12.259592941823833,39264,0.978125212136797,7.3498535,5.233187,-0.076,17.11,Abia
19145.0,5.05774183738,7.41417470218,10.3,13.6,0.226,1768.0,428.0,30.0,4.0,2.0,2065.22998046875,163081.62733078006,12.002006135610284,102818,0.18200248900690932,7.4157715,5.0581143,0.079,17.11,Abia
19146.0,5.05774183738,7.41417470218,10.3,13.6,0.226,1768.0,428.0,30.0,4.0,2.0,2065.22998046875,328821.9565124512,12.703271717648898,102818,0.18200248900690932,7.4157715,5.0581143,0.079,17.11,Abia
19147.0,5.05774183738,7.41417470218,10.3,13.6,0.226,1768.0,428.0,30.0,4.0,2.0,2065.22998046875,368355.0310821533,12.816802510446228,102818,0.18200248900690932,7.4157715,5.0581143,0.079,17.11,Abia
19148.0,5.05774183738,7.41417470218,10.3,13.6,0.226,1768.0,428.0,30.0,4.0,2.0,2065.22998046875,281069.8769226074,12.546358589724491,102818,0.18200248900690932,7.4157715,5.0581143,0.079,17.11,Abia
19149.0,5.05774183738,7.41417470218,10.3,13.6,0.226,1768.0,428.0,30.0,4.0,2.0,2065.22998046875,370961.8514607747,12.82385451005131,102818,0.18200248900690932,7.4157715,5.0581143,0.079,17.11,Abia
19150.0,5.05774183738,7.41417470218,10.3,13.6,0.226,1768.0,428.0,30.0,4.0,2.0,2065.22998046875,154795.52696990967,11.94986034417706,102818,0.18200248900690932,7.4157715,5.0581143,0.079,17.11,Abia
19151.0,5.05774183738,7.41417470218,10.3,13.6,0.226,1768.0,428.0,30.0,4.0,2.0,2065.22998046875,226337.5890258789,12.32978292046125,102818,0.18200248900690932,7.4157715,5.0581143,0.079,17.11,Abia
19152.0,5.05774183738,7.41417470218,10.3,13.6,0.226,1768.0,428.0,30.0,4.0,2.0,2065.22998046875,834139.4307365417,13.634155850504682,102818,0.18200248900690932,7.4157715,5.0581143,0.079,17.11,Abia
19153.0,5.05774183738,7.41417470218,10.3,13.6,0.226,1768.0,428.0,30.0,4.0,2.0,2065.22998046875,140267.45822652182,11.851306294971522,102818,0.18200248900690932,7.4157715,5.0581143,0.079,17.11,Abia
19158.0,5.03532943227,7.39178465201,2.2,14.1,0.227,1758.0,285.0,57.0,4.0,2.0,2568.56591796875,123899.6643277123,11.727227358394131,10407,0.24475590532702515,7.3937988,5.0362268,0.48,17.11,Abia
19159.0,5.03532943227,7.39178465201,2.2,14.1,0.227,1758.0,285.0,57.0,4.0,2.0,2568.56591796875,183308.69834136963,12.118926886828287,10407,0.24475590532702515,7.3937988,5.0362268,0.48,17.11,Abia
19160.0,5.03532943227,7.39178465201,2.2,14.1,0.227,1758.0,285.0,57.0,4.0,2.0,2568.56591796875,113655.58139546716,11.640927938461678,10407,0.24475590532702515,7.3937988,5.0362268,0.48,17.11,Abia
19161.0,5.03532943227,7.39178465201,2.2,14.1,0.227,1758.0,285.0,57.0,4.0,2.0,2568.56591796875,783583.7058105469,13.57163317082222,10407,0.24475590532702515,7.3937988,5.0362268,0.48,17.11,Abia
19163.0,5.03532943227,7.39178465201,2.2,14.1,0.227,1758.0,285.0,57.0,4.0,2.0,2568.56591796875,56300.2372233073,10.93845402767676,10407,0.24475590532702515,7.3937988,5.0362268,0.48,17.11,Abia
19164.0,5.03532943227,7.39178465201,2.2,14.1,0.227,1758.0,285.0,57.0,4.0,2.0,2568.56591796875,109637.35830688477,11.604933455880598,10407,0.24475590532702515,7.3937988,5.0362268,0.48,17.11,Abia
19165.0,5.03532943227,7.39178465201,2.2,14.1,0.227,1758.0,285.0,57.0,4.0,2.0,2568.56591796875,171962.17864990234,12.05502984004556,10407,0.24475590532702515,7.3937988,5.0362268,0.48,17.11,Abia
19166.0,5.03532943227,7.39178465201,2.2,14.1,0.227,1758.0,285.0,57.0,4.0,2.0,2568.56591796875,299673.8764312744,12.610450083777454,10407,0.24475590532702515,7.3937988,5.0362268,0.48,17.11,Abia
19167.0,5.03532943227,7.39178465201,2.2,14.1,0.227,1758.0,285.0,57.0,4.0,2.0,2568.56591796875,182086.60521062213,12.112237705682508,10407,0.24475590532702515,7.3937988,5.0362268,0.48,17.11,Abia
19168.0,5.03532943227,7.39178465201,2.2,14.1,0.227,1758.0,285.0,57.0,4.0,2.0,2568.56591796875,209931.98261260983,12.254538864914254,10407,0.24475590532702515,7.3937988,5.0362268,0.48,17.11,Abia
19169.0,4.88765694396,7.36848327092,1.8,8.4,0.214,1794.0,1006.0,11.0,4.0,2.0,710.6570434570312,198700.05684334892,12.199551714616108,46599,0.6368378311185323,7.3718262,4.8829942,0.939,17.11,Abia
19170.0,4.88765694396,7.36848327092,1.8,8.4,0.214,1794.0,1006.0,11.0,4.0,2.0,710.6570434570312,150087.493107387,11.918973690415008,46599,0.6368378311185323,7.3718262,4.8829942,0.939,17.11,Abia
19173.0,4.88765694396,7.36848327092,1.8,8.4,0.214,1794.0,1006.0,11.0,4.0,2.0,710.6570434570312,88710.55018310546,11.393134103536944,46599,0.6368378311185323,7.3718262,4.8829942,0.939,17.11,Abia
19174.0,4.88765694396,7.36848327092,1.8,8.4,0.214,1794.0,1006.0,11.0,4.0,2.0,710.6570434570312,130423.7894185384,11.77854434602684,46599,0.6368378311185323,7.3718262,4.8829942,0.939,17.11,Abia
19175.0,4.88765694396,7.36848327092,1.8,8.4,0.214,1794.0,1006.0,11.0,4.0,2.0,710.6570434570312,441710.6014099121,12.998410198677416,46599,0.6368378311185323,7.3718262,4.8829942,0.939,17.11,Abia
19177.0,4.88765694396,7.36848327092,1.8,8.4,0.214,1794.0,1006.0,11.0,4.0,2.0,710.6570434570312,194693.72792561847,12.179182976797332,46599,0.6368378311185323,7.3718262,4.8829942,0.939,17.11,Abia
19178.0,4.88765694396,7.36848327092,1.8,8.4,0.214,1794.0,1006.0,11.0,4.0,2.0,710.6570434570312,227415.84581756592,12.334535540445902,46599,0.6368378311185323,7.3718262,4.8829942,0.939,17.11,Abia
19179.0,4.88765694396,7.36848327092,1.8,8.4,0.214,1794.0,1006.0,11.0,4.0,2.0,710.6570434570312,117551.96488008049,11.6746357690993,46599,0.6368378311185323,7.3718262,4.8829942,0.939,17.11,Abia
19180.0,4.88765694396,7.36848327092,1.8,8.4,0.214,1794.0,1006.0,11.0,4.0,2.0,710.6570434570312,236702.14598083496,12.374557861708697,46599,0.6368378311185323,7.3718262,4.8829942,0.939,17.11,Abia
19181.0,4.96638288161,7.3762565098,5.0,9.5,0.22,1766.0,239.0,50.0,4.0,2.0,400.0,151109.7774098714,11.92576185437298,102696,0.6758793825301369,7.3718262,4.97056,-0.419,17.11,Abia
19182.0,4.96638288161,7.3762565098,5.0,9.5,0.22,1766.0,239.0,50.0,4.0,2.0,400.0,207320.5330047607,12.242021343228185,102696,0.6758793825301369,7.3718262,4.97056,-0.419,17.11,Abia
19183.0,4.96638288161,7.3762565098,5.0,9.5,0.22,1766.0,239.0,50.0,4.0,2.0,400.0,362225.6965332031,12.800022767616754,102696,0.6758793825301369,7.3718262,4.97056,-0.419,17.11,Abia
19184.0,4.96638288161,7.3762565098,5.0,9.5,0.22,1766.0,239.0,50.0,4.0,2.0,400.0,274363.98960494995,12.522210933003922,102696,0.6758793825301369,7.3718262,4.97056,-0.419,17.11,Abia
19185.0,4.96638288161,7.3762565098,5.0,9.5,0.22,1766.0,239.0,50.0,4.0,2.0,400.0,207698.6052856445,12.243843294799024,102696,0.6758793825301369,7.3718262,4.97056,-0.419,17.11,Abia
19186.0,4.96638288161,7.3762565098,5.0,9.5,0.22,1766.0,239.0,50.0,4.0,2.0,400.0,80270.64868709017,11.29315931240716,102696,0.6758793825301369,7.3718262,4.97056,-0.419,17.11,Abia
19187.0,4.96638288161,7.3762565098,5.0,9.5,0.22,1766.0,239.0,50.0,4.0,2.0,400.0,91864.26943969728,11.428067434479866,102696,0.6758793825301369,7.3718262,4.97056,-0.419,17.11,Abia
19188.0,4.96638288161,7.3762565098,5.0,9.5,0.22,1766.0,239.0,50.0,4.0,2.0,400.0,97424.47739810035,11.486832766046774,102696,0.6758793825301369,7.3718262,4.97056,-0.419,17.11,Abia
19191.0,4.96638288161,7.3762565098,5.0,9.5,0.22,1766.0,239.0,50.0,4.0,2.0,400.0,271722.061126709,12.512534988756776,102696,0.6758793825301369,7.3718262,4.97056,-0.419,17.11,Abia
19192.0,4.96638288161,7.3762565098,5.0,9.5,0.22,1766.0,239.0,50.0,4.0,2.0,400.0,382051.6674194336,12.85331113346727,102696,0.6758793825301369,7.3718262,4.97056,-0.419,17.11,Abia
19193.0,4.94277165657,7.47870206445,8.7,16.8,0.217,1800.0,2423.0,39.0,4.0,2.0,456.7987976074219,292168.81788635254,12.585087057636295,10677,0.7338645429862982,7.4816895,4.9486696,0.876,32.85,Akwa Ibom
19194.0,4.94277165657,7.47870206445,8.7,16.8,0.217,1800.0,2423.0,39.0,4.0,2.0,456.7987976074219,112662.75394015842,11.632154156852216,10677,0.7338645429862982,7.4816895,4.9486696,0.876,32.85,Akwa Ibom
19195.0,4.94277165657,7.47870206445,8.7,16.8,0.217,1800.0,2423.0,39.0,4.0,2.0,456.7987976074219,203571.4617919922,12.223772385818297,10677,0.7338645429862982,7.4816895,4.9486696,0.876,32.85,Akwa Ibom
19196.0,4.94277165657,7.47870206445,8.7,16.8,0.217,1800.0,2423.0,39.0,4.0,2.0,456.7987976074219,214820.2642822266,12.277556977400916,10677,0.7338645429862982,7.4816895,4.9486696,0.876,32.85,Akwa Ibom
19197.0,4.94277165657,7.47870206445,8.7,16.8,0.217,1800.0,2423.0,39.0,4.0,2.0,456.7987976074219,1506223.740447998,14.225116242341665,10677,0.7338645429862982,7.4816895,4.9486696,0.876,32.85,Akwa Ibom
19198.0,4.94277165657,7.47870206445,8.7,16.8,0.217,1800.0,2423.0,39.0,4.0,2.0,456.7987976074219,435988.4949569702,12.985371134269638,10677,0.7338645429862982,7.4816895,4.9486696,0.876,32.85,Akwa Ibom
19199.0,4.94277165657,7.47870206445,8.7,16.8,0.217,1800.0,2423.0,39.0,4.0,2.0,456.7987976074219,409478.4380493164,12.92263952655275,10677,0.7338645429862982,7.4816895,4.9486696,0.876,32.85,Akwa Ibom
19201.0,4.94277165657,7.47870206445,8.7,16.8,0.217,1800.0,2423.0,39.0,4.0,2.0,456.7987976074219,815703.3553161621,13.61180603269956,10677,0.7338645429862982,7.4816895,4.9486696,0.876,32.85,Akwa Ibom
19202.0,4.94277165657,7.47870206445,8.7,16.8,0.217,1800.0,2423.0,39.0,4.0,2.0,456.7987976074219,402878.9511489868,12.906391426451556,10677,0.7338645429862982,7.4816895,4.9486696,0.876,32.85,Akwa Ibom
19204.0,4.94277165657,7.47870206445,8.7,16.8,0.217,1800.0,2423.0,39.0,4.0,2.0,456.7987976074219,120459.01983642577,11.699064889726037,10677,0.7338645429862982,7.4816895,4.9486696,0.876,32.85,Akwa Ibom
19205.0,5.61262245663,7.46444989673,0.4,23.0,0.365,1719.0,738.0,94.0,4.0,1.0,3425.804931640625,99165.7668209076,11.50454814118366,102465,0.991038051117463,7.4597168,5.605052,0.605,17.11,Abia
19206.0,5.61262245663,7.46444989673,0.4,23.0,0.365,1719.0,738.0,94.0,4.0,1.0,3425.804931640625,104729.2535217285,11.559133761096689,102465,0.991038051117463,7.4597168,5.605052,0.605,17.11,Abia
19207.0,5.61262245663,7.46444989673,0.4,23.0,0.365,1719.0,738.0,94.0,4.0,1.0,3425.804931640625,260997.76364135745,12.472267117844204,102465,0.991038051117463,7.4597168,5.605052,0.605,17.11,Abia
19208.0,5.61262245663,7.46444989673,0.4,23.0,0.365,1719.0,738.0,94.0,4.0,1.0,3425.804931640625,120164.55772763208,11.696617396768234,102465,0.991038051117463,7.4597168,5.605052,0.605,17.11,Abia
19209.0,5.61262245663,7.46444989673,0.4,23.0,0.365,1719.0,738.0,94.0,4.0,1.0,3425.804931640625,152576.16305541992,11.93541918022762,102465,0.991038051117463,7.4597168,5.605052,0.605,17.11,Abia
19211.0,5.61262245663,7.46444989673,0.4,23.0,0.365,1719.0,738.0,94.0,4.0,1.0,3425.804931640625,161869.85027567548,11.994547897961096,102465,0.991038051117463,7.4597168,5.605052,0.605,17.11,Abia
19213.0,5.61262245663,7.46444989673,0.4,23.0,0.365,1719.0,738.0,94.0,4.0,1.0,3425.804931640625,231096.5382385254,12.3505908166545,102465,0.991038051117463,7.4597168,5.605052,0.605,17.11,Abia
19214.0,5.61262245663,7.46444989673,0.4,23.0,0.365,1719.0,738.0,94.0,4.0,1.0,3425.804931640625,402854.8788452149,12.906331673955426,102465,0.991038051117463,7.4597168,5.605052,0.605,17.11,Abia
19215.0,5.61262245663,7.46444989673,0.4,23.0,0.365,1719.0,738.0,94.0,4.0,1.0,3425.804931640625,156422.7751159668,11.960317717437729,102465,0.991038051117463,7.4597168,5.605052,0.605,17.11,Abia
19217.0,5.54592697042,7.50014821524,13.6,25.5,0.342,1758.0,2882.0,169.0,4.0,1.0,4513.5068359375,214781.72962443036,12.27737758038486,15375,0.818370751040978,7.5036621,5.5394455,1.734,17.11,Abia
19218.0,5.54592697042,7.50014821524,13.6,25.5,0.342,1758.0,2882.0,169.0,4.0,1.0,4513.5068359375,178205.2049407959,12.090691002014264,15375,0.818370751040978,7.5036621,5.5394455,1.734,17.11,Abia
19222.0,5.54592697042,7.50014821524,13.6,25.5,0.342,1758.0,2882.0,169.0,4.0,1.0,4513.5068359375,313529.7650756836,12.65564957896822,15375,0.818370751040978,7.5036621,5.5394455,1.734,17.11,Abia
19224.0,5.54592697042,7.50014821524,13.6,25.5,0.342,1758.0,2882.0,169.0,4.0,1.0,4513.5068359375,127927.24893875122,11.759217013653618,15375,0.818370751040978,7.5036621,5.5394455,1.734,17.11,Abia
19225.0,5.54592697042,7.50014821524,13.6,25.5,0.342,1758.0,2882.0,169.0,4.0,1.0,4513.5068359375,160883.6776123047,11.98843688353574,15375,0.818370751040978,7.5036621,5.5394455,1.734,17.11,Abia
19226.0,5.54592697042,7.50014821524,13.6,25.5,0.342,1758.0,2882.0,169.0,4.0,1.0,4513.5068359375,160708.55509033205,11.9873477867139,15375,0.818370751040978,7.5036621,5.5394455,1.734,17.11,Abia
19227.0,5.54592697042,7.50014821524,13.6,25.5,0.342,1758.0,2882.0,169.0,4.0,1.0,4513.5068359375,149598.4245147705,11.91570981314868,15375,0.818370751040978,7.5036621,5.5394455,1.734,17.11,Abia
19228.0,5.54592697042,7.50014821524,13.6,25.5,0.342,1758.0,2882.0,169.0,4.0,1.0,4513.5068359375,142011.45477294922,11.863663000745092,15375,0.818370751040978,7.5036621,5.5394455,1.734,17.11,Abia
19230.0,6.00083204097,7.40129856086,0.9,50.0,0.32,1479.0,728.0,338.0,4.0,2.0,2645.096923828125,523605.3807067871,13.16849358933404,78249,0.8707066874926004,7.3937988,5.9985331,0.961,17.11,Abia
19231.0,6.00083204097,7.40129856086,0.9,50.0,0.32,1479.0,728.0,338.0,4.0,2.0,2645.096923828125,307977.7113952637,12.6377826937374,78249,0.8707066874926004,7.3937988,5.9985331,0.961,17.11,Abia
19232.0,6.00083204097,7.40129856086,0.9,50.0,0.32,1479.0,728.0,338.0,4.0,2.0,2645.096923828125,325675.5934448242,12.69365705276361,78249,0.8707066874926004,7.3937988,5.9985331,0.961,17.11,Abia
19234.0,6.00083204097,7.40129856086,0.9,50.0,0.32,1479.0,728.0,338.0,4.0,2.0,2645.096923828125,826294.3612442017,13.624706358563609,78249,0.8707066874926004,7.3937988,5.9985331,0.961,17.11,Abia
19235.0,6.00083204097,7.40129856086,0.9,50.0,0.32,1479.0,728.0,338.0,4.0,2.0,2645.096923828125,197766.75107574463,12.194843590389985,78249,0.8707066874926004,7.3937988,5.9985331,0.961,17.11,Abia
19236.0,6.00083204097,7.40129856086,0.9,50.0,0.32,1479.0,728.0,338.0,4.0,2.0,2645.096923828125,182400.48004659015,12.11395998845328,78249,0.8707066874926004,7.3937988,5.9985331,0.961,17.11,Abia
19238.0,6.00083204097,7.40129856086,0.9,50.0,0.32,1479.0,728.0,338.0,4.0,2.0,2645.096923828125,195630.29119110107,12.183981887533015,78249,0.8707066874926004,7.3937988,5.9985331,0.961,17.11,Abia
19239.0,6.00083204097,7.40129856086,0.9,50.0,0.32,1479.0,728.0,338.0,4.0,2.0,2645.096923828125,467113.8072357178,13.054328205538914,78249,0.8707066874926004,7.3937988,5.9985331,0.961,17.11,Abia
19242.0,5.10125583335,7.38236269147,2.4,56.3,0.226,1760.0,6855.0,57.0,4.0,1.0,3688.921875,152044.22073364255,11.931926683396911,21189,1.1716470585040775,7.3718262,5.101887,1.343,17.11,Abia
19244.0,5.10364996514,7.3404791643,5.9,49.0,0.222,1756.0,17007.0,54.0,4.0,1.0,5176.703125,171527.70166015625,12.052500058259454,55704,1.058792314912693,7.3498535,5.101887,1.241,17.11,Abia
19245.0,5.10564426979,7.39271035246,1.5,2.4,0.226,1762.0,3215.0,54.0,4.0,1.0,4284.16796875,151493.3587234497,11.928297066161788,7238,0.434204338812493,7.3937988,5.101887,1.312,17.11,Abia
19250.0,5.62097186629,7.55673647204,0.3,3.1,0.37,1733.0,2500.0,139.0,4.0,2.0,5403.970703125,224645.73264160156,12.322279918731873,67318,1.2093944603114695,7.5476074,5.6269192,0.903,17.11,Abia
19254.0,5.22663914114,7.42083378557,0.2,60.0,0.25,1795.0,767.0,93.0,4.0,2.0,5029.37158203125,118159.23512573243,11.679788443976223,37341,0.9186964527922786,7.4157715,5.233187,0.442,17.11,Abia
19266.0,5.05774183738,7.41417470218,10.3,13.6,0.226,1768.0,428.0,30.0,4.0,2.0,2065.22998046875,397073.0070419311,12.89187543959344,102818,0.18200248900690932,7.4157715,5.0581143,0.079,17.11,Abia
19269.0,4.88765694396,7.36848327092,1.8,8.4,0.214,1794.0,1006.0,11.0,4.0,2.0,710.6570434570312,91095.01356811525,11.41965834594445,46599,0.6368378311185323,7.3718262,4.8829942,0.939,17.11,Abia
19277.0,5.54592697042,7.50014821524,13.6,25.5,0.342,1758.0,2882.0,169.0,4.0,1.0,4513.5068359375,239326.34929529825,12.385583377719056,15375,0.818370751040978,7.5036621,5.5394455,1.734,17.11,Abia
19278.0,5.54592697042,7.50014821524,13.6,25.5,0.342,1758.0,2882.0,169.0,4.0,1.0,4513.5068359375,318061.2448425293,12.669999237062932,15375,0.818370751040978,7.5036621,5.5394455,1.734,17.11,Abia
19279.0,6.00083204097,7.40129856086,0.9,50.0,0.32,1479.0,728.0,338.0,4.0,2.0,2645.096923828125,482071.51260375977,13.085847748425374,78249,0.8707066874926004,7.3937988,5.9985331,0.961,17.11,Abia
19280.0,6.00083204097,7.40129856086,0.9,50.0,0.32,1479.0,728.0,338.0,4.0,2.0,2645.096923828125,181504.5267047882,12.109035872898282,78249,0.8707066874926004,7.3937988,5.9985331,0.961,17.11,Abia
19284.0,5.10364996514,7.3404791643,5.9,49.0,0.222,1756.0,17007.0,54.0,4.0,1.0,5176.703125,278905.9237060547,12.538629812924103,55704,1.058792314912693,7.3498535,5.101887,1.241,17.11,Abia
20001.0,9.68199592163,11.8269506538,2.4,52.7,0.386,958.0,67.0,273.0,2.0,2.0,2253.910888671875,129012.4778930664,11.7676644065192,67542,0.8439717179974855,11.8322754,9.6765684,-0.172,52.64,Adamawa
20002.0,9.68199592163,11.8269506538,2.4,52.7,0.386,958.0,67.0,273.0,2.0,2.0,2253.910888671875,91788.70984540669,11.427244582611651,67542,0.8439717179974855,11.8322754,9.6765684,-0.172,52.64,Adamawa
20003.0,8.82348866634,11.0920233258,1.8,123.3,0.331,1197.0,153.0,195.0,2.0,2.0,2253.910888671875,120591.86296081544,11.700167089695576,69783,1.109282234024642,11.0852051,8.830795,-0.468,63.35,Taraba
20005.0,9.68199592163,11.8269506538,2.4,52.7,0.386,958.0,67.0,273.0,2.0,2.0,2253.910888671875,93041.53976440428,11.440801336544045,67542,0.8439717179974855,11.8322754,9.6765684,-0.172,52.64,Adamawa
20006.0,9.68199592163,11.8269506538,2.4,52.7,0.386,958.0,67.0,273.0,2.0,2.0,2253.910888671875,81903.84609723774,11.313301229632764,67542,0.8439717179974855,11.8322754,9.6765684,-0.172,52.64,Adamawa
20007.0,9.68199592163,11.8269506538,2.4,52.7,0.386,958.0,67.0,273.0,2.0,2.0,2253.910888671875,107547.42753601076,11.585687215637254,67542,0.8439717179974855,11.8322754,9.6765684,-0.172,52.64,Adamawa
20008.0,9.68199592163,11.8269506538,2.4,52.7,0.386,958.0,67.0,273.0,2.0,2.0,2253.910888671875,86984.07087271554,11.373480287456012,67542,0.8439717179974855,11.8322754,9.6765684,-0.172,52.64,Adamawa
20009.0,9.68199592163,11.8269506538,2.4,52.7,0.386,958.0,67.0,273.0,2.0,2.0,2253.910888671875,95010.40763346352,11.461741718618532,67542,0.8439717179974855,11.8322754,9.6765684,-0.172,52.64,Adamawa
20010.0,9.68199592163,11.8269506538,2.4,52.7,0.386,958.0,67.0,273.0,2.0,2.0,2253.910888671875,60737.69315185546,11.014319758817855,67542,0.8439717179974855,11.8322754,9.6765684,-0.172,52.64,Adamawa
20041.0,8.30266963237,12.0444336999,10.4,64.3,0.347,1481.0,73.0,560.0,2.0,2.0,1473.3438720703125,168239.34272766113,12.033142903614678,60090,1.1198921714430532,12.052002,8.3093413,-0.278,52.64,Adamawa
20042.0,8.30266963237,12.0444336999,10.4,64.3,0.347,1481.0,73.0,560.0,2.0,2.0,1473.3438720703125,58540.48522567749,10.977473849000004,60090,1.1198921714430532,12.052002,8.3093413,-0.278,52.64,Adamawa
20043.0,8.30266963237,12.0444336999,10.4,64.3,0.347,1481.0,73.0,560.0,2.0,2.0,1473.3438720703125,88221.88254002163,11.38761031258362,60090,1.1198921714430532,12.052002,8.3093413,-0.278,52.64,Adamawa
20044.0,8.30266963237,12.0444336999,10.4,64.3,0.347,1481.0,73.0,560.0,2.0,2.0,1473.3438720703125,146299.41641031898,11.893410598007224,60090,1.1198921714430532,12.052002,8.3093413,-0.278,52.64,Adamawa
20045.0,8.30266963237,12.0444336999,10.4,64.3,0.347,1481.0,73.0,560.0,2.0,2.0,1473.3438720703125,218615.5107421875,12.295069807112188,60090,1.1198921714430532,12.052002,8.3093413,-0.278,52.64,Adamawa
20046.0,8.30266963237,12.0444336999,10.4,64.3,0.347,1481.0,73.0,560.0,2.0,2.0,1473.3438720703125,127479.2183303833,11.755708636808546,60090,1.1198921714430532,12.052002,8.3093413,-0.278,52.64,Adamawa
20047.0,8.30266963237,12.0444336999,10.4,64.3,0.347,1481.0,73.0,560.0,2.0,2.0,1473.3438720703125,87182.60250091553,11.375760077387604,60090,1.1198921714430532,12.052002,8.3093413,-0.278,52.64,Adamawa
20048.0,8.30266963237,12.0444336999,10.4,64.3,0.347,1481.0,73.0,560.0,2.0,2.0,1473.3438720703125,70013.08426291727,11.15643742160617,60090,1.1198921714430532,12.052002,8.3093413,-0.278,52.64,Adamawa
20049.0,8.30266963237,12.0444336999,10.4,64.3,0.347,1481.0,73.0,560.0,2.0,2.0,1473.3438720703125,49254.34055001395,10.804752775711956,60090,1.1198921714430532,12.052002,8.3093413,-0.278,52.64,Adamawa
20050.0,8.30266963237,12.0444336999,10.4,64.3,0.347,1481.0,73.0,560.0,2.0,2.0,1473.3438720703125,57331.85965983073,10.956611763189532,60090,1.1198921714430532,12.052002,8.3093413,-0.278,52.64,Adamawa
20061.0,10.702117034400002,13.441746620800002,1.1,108.0,0.287,1086.0,111.0,492.0,2.0,2.0,2485.0859375,111806.19815063478,11.624522277796425,58140,1.1803701424587167,13.4362793,10.6929962,-0.523,52.64,Adamawa
20062.0,10.702117034400002,13.441746620800002,1.1,108.0,0.287,1086.0,111.0,492.0,2.0,2.0,2485.0859375,101252.13181559244,11.525369039715947,58140,1.1803701424587167,13.4362793,10.6929962,-0.523,52.64,Adamawa
20063.0,10.702117034400002,13.441746620800002,1.1,108.0,0.287,1086.0,111.0,492.0,2.0,2.0,2485.0859375,60236.16554090712,11.006028207408445,58140,1.1803701424587167,13.4362793,10.6929962,-0.523,52.64,Adamawa
20064.0,10.702117034400002,13.441746620800002,1.1,108.0,0.287,1086.0,111.0,492.0,2.0,2.0,2485.0859375,114518.38713146393,11.648490675384826,58140,1.1803701424587167,13.4362793,10.6929962,-0.523,52.64,Adamawa
20065.0,10.702117034400002,13.441746620800002,1.1,108.0,0.287,1086.0,111.0,492.0,2.0,2.0,2485.0859375,34618.581739637586,10.452145861387224,58140,1.1803701424587167,13.4362793,10.6929962,-0.523,52.64,Adamawa
20066.0,10.702117034400002,13.441746620800002,1.1,108.0,0.287,1086.0,111.0,492.0,2.0,2.0,2485.0859375,39344.28428649902,10.580105990093225,58140,1.1803701424587167,13.4362793,10.6929962,-0.523,52.64,Adamawa
20068.0,10.702117034400002,13.441746620800002,1.1,108.0,0.287,1086.0,111.0,492.0,2.0,2.0,2485.0859375,59093.02538859049,10.986868182700588,58140,1.1803701424587167,13.4362793,10.6929962,-0.523,52.64,Adamawa
20069.0,10.702117034400002,13.441746620800002,1.1,108.0,0.287,1086.0,111.0,492.0,2.0,2.0,2485.0859375,129978.92407226562,11.775127593773409,58140,1.1803701424587167,13.4362793,10.6929962,-0.523,52.64,Adamawa
20070.0,10.702117034400002,13.441746620800002,1.1,108.0,0.287,1086.0,111.0,492.0,2.0,2.0,2485.0859375,77659.59965515138,11.26009044817517,58140,1.1803701424587167,13.4362793,10.6929962,-0.523,52.64,Adamawa
20091.0,10.283290804299998,12.887046661899998,0.4,107.0,0.325,1145.0,43.0,496.0,2.0,2.0,1106.5712890625,81736.68728915128,11.311258228882664,30194,0.08925276797061213,12.8869629,10.2824911,-0.333,52.64,Adamawa
20092.0,10.283290804299998,12.887046661899998,0.4,107.0,0.325,1145.0,43.0,496.0,2.0,2.0,1106.5712890625,69300.4172244602,11.146206205714853,30194,0.08925276797061213,12.8869629,10.2824911,-0.333,52.64,Adamawa
20093.0,10.283290804299998,12.887046661899998,0.4,107.0,0.325,1145.0,43.0,496.0,2.0,2.0,1106.5712890625,126818.65417480467,11.750513425108176,30194,0.08925276797061213,12.8869629,10.2824911,-0.333,52.64,Adamawa
20094.0,10.283290804299998,12.887046661899998,0.4,107.0,0.325,1145.0,43.0,496.0,2.0,2.0,1106.5712890625,75539.25103759766,11.23240768143834,30194,0.08925276797061213,12.8869629,10.2824911,-0.333,52.64,Adamawa
20095.0,10.283290804299998,12.887046661899998,0.4,107.0,0.325,1145.0,43.0,496.0,2.0,2.0,1106.5712890625,42012.20947875976,10.645715556895135,30194,0.08925276797061213,12.8869629,10.2824911,-0.333,52.64,Adamawa
20096.0,10.283290804299998,12.887046661899998,0.4,107.0,0.325,1145.0,43.0,496.0,2.0,2.0,1106.5712890625,63777.355269949774,11.063153473256342,30194,0.08925276797061213,12.8869629,10.2824911,-0.333,52.64,Adamawa
20097.0,10.283290804299998,12.887046661899998,0.4,107.0,0.325,1145.0,43.0,496.0,2.0,2.0,1106.5712890625,57064.37284511989,10.95193525774278,30194,0.08925276797061213,12.8869629,10.2824911,-0.333,52.64,Adamawa
20098.0,10.283290804299998,12.887046661899998,0.4,107.0,0.325,1145.0,43.0,496.0,2.0,2.0,1106.5712890625,103227.7371041434,11.544692866306296,30194,0.08925276797061213,12.8869629,10.2824911,-0.333,52.64,Adamawa
20099.0,10.283290804299998,12.887046661899998,0.4,107.0,0.325,1145.0,43.0,496.0,2.0,2.0,1106.5712890625,71654.94164276123,11.179617400072209,30194,0.08925276797061213,12.8869629,10.2824911,-0.333,52.64,Adamawa
20100.0,10.283290804299998,12.887046661899998,0.4,107.0,0.325,1145.0,43.0,496.0,2.0,2.0,1106.5712890625,43423.70275508996,10.678760717435456,30194,0.08925276797061213,12.8869629,10.2824911,-0.333,52.64,Adamawa
20101.0,10.1941516025,12.4560676383,1.3,69.0,0.31,1114.0,36.0,507.0,2.0,2.0,1822.6046142578125,107597.49411621092,11.586152637555832,66503,0.971829621820617,12.4475098,10.1960002,-0.631,52.64,Adamawa
20102.0,10.1941516025,12.4560676383,1.3,69.0,0.31,1114.0,36.0,507.0,2.0,2.0,1822.6046142578125,86841.04776216396,11.371834689352006,66503,0.971829621820617,12.4475098,10.1960002,-0.631,52.64,Adamawa
20103.0,10.1941516025,12.4560676383,1.3,69.0,0.31,1114.0,36.0,507.0,2.0,2.0,1822.6046142578125,54597.23561859131,10.90773853075514,66503,0.971829621820617,12.4475098,10.1960002,-0.631,52.64,Adamawa
20104.0,10.1941516025,12.4560676383,1.3,69.0,0.31,1114.0,36.0,507.0,2.0,2.0,1822.6046142578125,56428.19396972657,10.940724205661487,66503,0.971829621820617,12.4475098,10.1960002,-0.631,52.64,Adamawa
20105.0,10.1941516025,12.4560676383,1.3,69.0,0.31,1114.0,36.0,507.0,2.0,2.0,1822.6046142578125,117131.20446777344,11.671049991181658,66503,0.971829621820617,12.4475098,10.1960002,-0.631,52.64,Adamawa
20106.0,10.1941516025,12.4560676383,1.3,69.0,0.31,1114.0,36.0,507.0,2.0,2.0,1822.6046142578125,100091.95038350424,11.513844546320584,66503,0.971829621820617,12.4475098,10.1960002,-0.631,52.64,Adamawa
20107.0,10.1941516025,12.4560676383,1.3,69.0,0.31,1114.0,36.0,507.0,2.0,2.0,1822.6046142578125,64000.45270589193,11.066645435846352,66503,0.971829621820617,12.4475098,10.1960002,-0.631,52.64,Adamawa
20108.0,10.1941516025,12.4560676383,1.3,69.0,0.31,1114.0,36.0,507.0,2.0,2.0,1822.6046142578125,85738.87585449219,11.35906162896842,66503,0.971829621820617,12.4475098,10.1960002,-0.631,52.64,Adamawa
20110.0,10.1941516025,12.4560676383,1.3,69.0,0.31,1114.0,36.0,507.0,2.0,2.0,1822.6046142578125,68833.45559310913,11.139445178884614,66503,0.971829621820617,12.4475098,10.1960002,-0.631,52.64,Adamawa
29001.0,9.49712077394,12.5949910707,0.4,56.6,0.354,911.0,392.0,241.0,2.0,2.0,4149.94140625,109487.5068359375,11.603565728907125,62505,0.9773379471176132,12.6013184,9.5032437,-0.711,52.64,Adamawa
29002.0,9.49712077394,12.5949910707,0.4,56.6,0.354,911.0,392.0,241.0,2.0,2.0,4149.94140625,90051.73388953434,11.408139605160924,62505,0.9773379471176132,12.6013184,9.5032437,-0.711,52.64,Adamawa
29003.0,9.49712077394,12.5949910707,0.4,56.6,0.354,911.0,392.0,241.0,2.0,2.0,4149.94140625,96669.99134402804,11.479058305917198,62505,0.9773379471176132,12.6013184,9.5032437,-0.711,52.64,Adamawa
29004.0,9.49712077394,12.5949910707,0.4,56.6,0.354,911.0,392.0,241.0,2.0,2.0,4149.94140625,40571.70099555121,10.610826082744566,62505,0.9773379471176132,12.6013184,9.5032437,-0.711,52.64,Adamawa
29005.0,9.49712077394,12.5949910707,0.4,56.6,0.354,911.0,392.0,241.0,2.0,2.0,4149.94140625,113729.93106842042,11.64158189107983,62505,0.9773379471176132,12.6013184,9.5032437,-0.711,52.64,Adamawa
29006.0,9.49712077394,12.5949910707,0.4,56.6,0.354,911.0,392.0,241.0,2.0,2.0,4149.94140625,62295.66411161423,11.039647105429236,62505,0.9773379471176132,12.6013184,9.5032437,-0.711,52.64,Adamawa
29007.0,9.49712077394,12.5949910707,0.4,56.6,0.354,911.0,392.0,241.0,2.0,2.0,4149.94140625,81615.45007811651,11.3097738622224,62505,0.9773379471176132,12.6013184,9.5032437,-0.711,52.64,Adamawa
29008.0,9.49712077394,12.5949910707,0.4,56.6,0.354,911.0,392.0,241.0,2.0,2.0,4149.94140625,133668.15753173828,11.803115571162422,62505,0.9773379471176132,12.6013184,9.5032437,-0.711,52.64,Adamawa
29009.0,9.49712077394,12.5949910707,0.4,56.6,0.354,911.0,392.0,241.0,2.0,2.0,4149.94140625,95525.39762551444,11.467147434834724,62505,0.9773379471176132,12.6013184,9.5032437,-0.711,52.64,Adamawa
29010.0,9.49712077394,12.5949910707,0.4,56.6,0.354,911.0,392.0,241.0,2.0,2.0,4149.94140625,71656.75402526854,11.179642692948676,62505,0.9773379471176132,12.6013184,9.5032437,-0.711,52.64,Adamawa
29013.0,10.3338739448,12.7651828488,1.3,107.2,0.311,1169.0,41.0,482.0,2.0,2.0,1407.2490234375,177704.57166099548,12.087877740660408,21814,3.558749699820358,12.7770996,10.3041101,-0.553,52.64,Adamawa
29014.0,10.3338739448,12.7651828488,1.3,107.2,0.311,1169.0,41.0,482.0,2.0,2.0,1407.2490234375,165404.33806355792,12.016148288939746,21814,3.558749699820358,12.7770996,10.3041101,-0.553,52.64,Adamawa
29017.0,10.3338739448,12.7651828488,1.3,107.2,0.311,1169.0,41.0,482.0,2.0,2.0,1407.2490234375,164305.1925048828,12.009480907329271,21814,3.558749699820358,12.7770996,10.3041101,-0.553,52.64,Adamawa
29018.0,10.3338739448,12.7651828488,1.3,107.2,0.311,1169.0,41.0,482.0,2.0,2.0,1407.2490234375,64963.64422607422,11.08158307280136,21814,3.558749699820358,12.7770996,10.3041101,-0.553,52.64,Adamawa
29019.0,10.3338739448,12.7651828488,1.3,107.2,0.311,1169.0,41.0,482.0,2.0,2.0,1407.2490234375,54771.86956469218,10.910932012026157,21814,3.558749699820358,12.7770996,10.3041101,-0.553,52.64,Adamawa
29020.0,10.3338739448,12.7651828488,1.3,107.2,0.311,1169.0,41.0,482.0,2.0,2.0,1407.2490234375,102869.6603384018,11.541218032266816,21814,3.558749699820358,12.7770996,10.3041101,-0.553,52.64,Adamawa
29021.0,10.3338739448,12.7651828488,1.3,107.2,0.311,1169.0,41.0,482.0,2.0,2.0,1407.2490234375,158052.67537117004,11.970683644872658,21814,3.558749699820358,12.7770996,10.3041101,-0.553,52.64,Adamawa
29022.0,10.3338739448,12.7651828488,1.3,107.2,0.311,1169.0,41.0,482.0,2.0,2.0,1407.2490234375,110053.91770629882,11.60872568565126,21814,3.558749699820358,12.7770996,10.3041101,-0.553,52.64,Adamawa
29023.0,10.3338739448,12.7651828488,1.3,107.2,0.311,1169.0,41.0,482.0,2.0,2.0,1407.2490234375,249111.33462524417,12.425655202524364,21814,3.558749699820358,12.7770996,10.3041101,-0.553,52.64,Adamawa
29024.0,10.3338739448,12.7651828488,1.3,107.2,0.311,1169.0,41.0,482.0,2.0,2.0,1407.2490234375,112952.35817464197,11.634721399718416,21814,3.558749699820358,12.7770996,10.3041101,-0.553,52.64,Adamawa
29025.0,10.3694547098,12.9968060777,0.4,52.6,0.305,1157.0,22.0,552.0,2.0,2.0,794.4804077148438,121615.96601486206,11.70862353935951,69423,3.3810940225995054,12.9748535,10.3905714,-0.394,52.64,Adamawa
29026.0,10.3694547098,12.9968060777,0.4,52.6,0.305,1157.0,22.0,552.0,2.0,2.0,794.4804077148438,155061.48576427644,11.951576999593913,69423,3.3810940225995054,12.9748535,10.3905714,-0.394,52.64,Adamawa
29028.0,10.3694547098,12.9968060777,0.4,52.6,0.305,1157.0,22.0,552.0,2.0,2.0,794.4804077148438,109157.15521240234,11.600543913768162,69423,3.3810940225995054,12.9748535,10.3905714,-0.394,52.64,Adamawa
29029.0,10.3694547098,12.9968060777,0.4,52.6,0.305,1157.0,22.0,552.0,2.0,2.0,794.4804077148438,245943.2317199707,12.412856022918104,69423,3.3810940225995054,12.9748535,10.3905714,-0.394,52.64,Adamawa
29031.0,10.3694547098,12.9968060777,0.4,52.6,0.305,1157.0,22.0,552.0,2.0,2.0,794.4804077148438,162947.24936930338,12.001181803910308,69423,3.3810940225995054,12.9748535,10.3905714,-0.394,52.64,Adamawa
29032.0,10.3694547098,12.9968060777,0.4,52.6,0.305,1157.0,22.0,552.0,2.0,2.0,794.4804077148438,147953.3470742362,11.904652280581828,69423,3.3810940225995054,12.9748535,10.3905714,-0.394,52.64,Adamawa
29033.0,10.3694547098,12.9968060777,0.4,52.6,0.305,1157.0,22.0,552.0,2.0,2.0,794.4804077148438,97521.6579711914,11.487829765355908,69423,3.3810940225995054,12.9748535,10.3905714,-0.394,52.64,Adamawa
29034.0,10.3694547098,12.9968060777,0.4,52.6,0.305,1157.0,22.0,552.0,2.0,2.0,794.4804077148438,75637.90024588449,11.233712762549487,69423,3.3810940225995054,12.9748535,10.3905714,-0.394,52.64,Adamawa
29035.0,10.3694547098,12.9968060777,0.4,52.6,0.305,1157.0,22.0,552.0,2.0,2.0,794.4804077148438,31704.044261219737,10.364199530946124,69423,3.3810940225995054,12.9748535,10.3905714,-0.394,52.64,Adamawa
29036.0,10.3694547098,12.9968060777,0.4,52.6,0.305,1157.0,22.0,552.0,2.0,2.0,794.4804077148438,134987.71572875977,11.812939058678529,69423,3.3810940225995054,12.9748535,10.3905714,-0.394,52.64,Adamawa
29037.0,8.66218312021,12.3417613741,6.0,96.2,0.322,1281.0,85.0,400.0,2.0,2.0,3840.7978515625,79272.4717525906,11.280646206783077,59914,0.7296622613792263,12.3376465,8.6570568,-0.694,52.64,Adamawa
29038.0,8.66218312021,12.3417613741,6.0,96.2,0.322,1281.0,85.0,400.0,2.0,2.0,3840.7978515625,82175.03848743439,11.31660686689172,59914,0.7296622613792263,12.3376465,8.6570568,-0.694,52.64,Adamawa
29039.0,8.66218312021,12.3417613741,6.0,96.2,0.322,1281.0,85.0,400.0,2.0,2.0,3840.7978515625,59718.161094665535,10.997391459060244,59914,0.7296622613792263,12.3376465,8.6570568,-0.694,52.64,Adamawa
29041.0,8.66218312021,12.3417613741,6.0,96.2,0.322,1281.0,85.0,400.0,2.0,2.0,3840.7978515625,83244.88053894043,11.329541910924052,59914,0.7296622613792263,12.3376465,8.6570568,-0.694,52.64,Adamawa
29042.0,8.66218312021,12.3417613741,6.0,96.2,0.322,1281.0,85.0,400.0,2.0,2.0,3840.7978515625,316584.7845954895,12.665346366510732,59914,0.7296622613792263,12.3376465,8.6570568,-0.694,52.64,Adamawa
29044.0,8.66218312021,12.3417613741,6.0,96.2,0.322,1281.0,85.0,400.0,2.0,2.0,3840.7978515625,55521.532729557584,10.924526201600012,59914,0.7296622613792263,12.3376465,8.6570568,-0.694,52.64,Adamawa
29045.0,8.66218312021,12.3417613741,6.0,96.2,0.322,1281.0,85.0,400.0,2.0,2.0,3840.7978515625,54827.98324584961,10.911955985774688,59914,0.7296622613792263,12.3376465,8.6570568,-0.694,52.64,Adamawa
29046.0,8.66218312021,12.3417613741,6.0,96.2,0.322,1281.0,85.0,400.0,2.0,2.0,3840.7978515625,90341.53303527832,11.411352578682482,59914,0.7296622613792263,12.3376465,8.6570568,-0.694,52.64,Adamawa
29047.0,8.66218312021,12.3417613741,6.0,96.2,0.322,1281.0,85.0,400.0,2.0,2.0,3840.7978515625,74951.82318318686,11.22460082856093,59914,0.7296622613792263,12.3376465,8.6570568,-0.694,52.64,Adamawa
29048.0,8.66218312021,12.3417613741,6.0,96.2,0.322,1281.0,85.0,400.0,2.0,2.0,3840.7978515625,31236.040645345052,10.349327856015714,59914,0.7296622613792263,12.3376465,8.6570568,-0.694,52.64,Adamawa
29050.0,9.5299076932,11.4915363728,0.9,89.9,0.367,977.0,37.0,248.0,2.0,2.0,890.6351928710938,71917.32272338867,11.183272442693273,30819,1.3231066673588756,11.4807129,9.5249141,0.072,63.35,Taraba
29051.0,9.5299076932,11.4915363728,0.9,89.9,0.367,977.0,37.0,248.0,2.0,2.0,890.6351928710938,126274.79900360107,11.746215755599495,30819,1.3231066673588756,11.4807129,9.5249141,0.072,63.35,Taraba
29052.0,9.5299076932,11.4915363728,0.9,89.9,0.367,977.0,37.0,248.0,2.0,2.0,890.6351928710938,52864.141719273175,10.875480537704712,30819,1.3231066673588756,11.4807129,9.5249141,0.072,63.35,Taraba
29053.0,9.5299076932,11.4915363728,0.9,89.9,0.367,977.0,37.0,248.0,2.0,2.0,890.6351928710938,33075.83517625597,10.406558239647152,30819,1.3231066673588756,11.4807129,9.5249141,0.072,63.35,Taraba
29054.0,9.5299076932,11.4915363728,0.9,89.9,0.367,977.0,37.0,248.0,2.0,2.0,890.6351928710938,106173.20359230042,11.572827035728713,30819,1.3231066673588756,11.4807129,9.5249141,0.072,63.35,Taraba
29055.0,9.5299076932,11.4915363728,0.9,89.9,0.367,977.0,37.0,248.0,2.0,2.0,890.6351928710938,101444.63551330566,11.527268465721862,30819,1.3231066673588756,11.4807129,9.5249141,0.072,63.35,Taraba
29056.0,9.5299076932,11.4915363728,0.9,89.9,0.367,977.0,37.0,248.0,2.0,2.0,890.6351928710938,81357.57195027669,11.306609186991436,30819,1.3231066673588756,11.4807129,9.5249141,0.072,63.35,Taraba
29057.0,9.5299076932,11.4915363728,0.9,89.9,0.367,977.0,37.0,248.0,2.0,2.0,890.6351928710938,75369.24937057495,11.230154637527937,30819,1.3231066673588756,11.4807129,9.5249141,0.072,63.35,Taraba
29058.0,9.5299076932,11.4915363728,0.9,89.9,0.367,977.0,37.0,248.0,2.0,2.0,890.6351928710938,77067.46339416504,11.252436465218391,30819,1.3231066673588756,11.4807129,9.5249141,0.072,63.35,Taraba
29060.0,9.5299076932,11.4915363728,0.9,89.9,0.367,977.0,37.0,248.0,2.0,2.0,890.6351928710938,119794.92178344728,11.693536574645236,30819,1.3231066673588756,11.4807129,9.5249141,0.072,63.35,Taraba
29061.0,10.7238021501,13.5108863216,0.2,117.6,0.298,1071.0,69.0,574.0,2.0,2.0,1820.698486328125,196247.78334554037,12.187133340526294,36576,1.4059248919751859,13.5021973,10.7145865,-0.032,52.64,Adamawa
29062.0,10.7238021501,13.5108863216,0.2,117.6,0.298,1071.0,69.0,574.0,2.0,2.0,1820.698486328125,108449.49929199218,11.594039899296387,36576,1.4059248919751859,13.5021973,10.7145865,-0.032,52.64,Adamawa
29063.0,10.7238021501,13.5108863216,0.2,117.6,0.298,1071.0,69.0,574.0,2.0,2.0,1820.698486328125,72115.90096918741,11.1860298394456,36576,1.4059248919751859,13.5021973,10.7145865,-0.032,52.64,Adamawa
29064.0,10.7238021501,13.5108863216,0.2,117.6,0.298,1071.0,69.0,574.0,2.0,2.0,1820.698486328125,90864.19546072824,11.417121313249874,36576,1.4059248919751859,13.5021973,10.7145865,-0.032,52.64,Adamawa
29065.0,10.7238021501,13.5108863216,0.2,117.6,0.298,1071.0,69.0,574.0,2.0,2.0,1820.698486328125,103608.63890075684,11.548375992403953,36576,1.4059248919751859,13.5021973,10.7145865,-0.032,52.64,Adamawa
29066.0,10.7238021501,13.5108863216,0.2,117.6,0.298,1071.0,69.0,574.0,2.0,2.0,1820.698486328125,76934.9333984375,11.250715322804972,36576,1.4059248919751859,13.5021973,10.7145865,-0.032,52.64,Adamawa
29068.0,10.7238021501,13.5108863216,0.2,117.6,0.298,1071.0,69.0,574.0,2.0,2.0,1820.698486328125,57895.123474121094,10.966388436769224,36576,1.4059248919751859,13.5021973,10.7145865,-0.032,52.64,Adamawa
29070.0,10.7238021501,13.5108863216,0.2,117.6,0.298,1071.0,69.0,574.0,2.0,2.0,1820.698486328125,103524.76841227214,11.547566171389022,36576,1.4059248919751859,13.5021973,10.7145865,-0.032,52.64,Adamawa
29071.0,10.7238021501,13.5108863216,0.2,117.6,0.298,1071.0,69.0,574.0,2.0,2.0,1820.698486328125,49937.39002990723,10.818525300351656,36576,1.4059248919751859,13.5021973,10.7145865,-0.032,52.64,Adamawa
29072.0,10.7238021501,13.5108863216,0.2,117.6,0.298,1071.0,69.0,574.0,2.0,2.0,1820.698486328125,59752.548736572266,10.99796712556302,36576,1.4059248919751859,13.5021973,10.7145865,-0.032,52.64,Adamawa
29073.0,10.0114370915,13.1358911578,0.1,3.3,0.315,1101.0,101.0,540.0,2.0,2.0,1788.3951416015625,47721.64122517904,10.773140268436425,98896,1.3811059109826145,13.1286621,10.0013102,-0.588,52.64,Adamawa
29074.0,10.0114370915,13.1358911578,0.1,3.3,0.315,1101.0,101.0,540.0,2.0,2.0,1788.3951416015625,46011.96842787,10.736656824844015,98896,1.3811059109826145,13.1286621,10.0013102,-0.588,52.64,Adamawa
29076.0,10.0114370915,13.1358911578,0.1,3.3,0.315,1101.0,101.0,540.0,2.0,2.0,1788.3951416015625,71686.50506591797,11.180057795008796,98896,1.3811059109826145,13.1286621,10.0013102,-0.588,52.64,Adamawa
29077.0,10.0114370915,13.1358911578,0.1,3.3,0.315,1101.0,101.0,540.0,2.0,2.0,1788.3951416015625,155395.59535821277,11.953729372615744,98896,1.3811059109826145,13.1286621,10.0013102,-0.588,52.64,Adamawa
29078.0,10.0114370915,13.1358911578,0.1,3.3,0.315,1101.0,101.0,540.0,2.0,2.0,1788.3951416015625,75123.95026855469,11.226894698609163,98896,1.3811059109826145,13.1286621,10.0013102,-0.588,52.64,Adamawa
29079.0,10.0114370915,13.1358911578,0.1,3.3,0.315,1101.0,101.0,540.0,2.0,2.0,1788.3951416015625,36029.77279227121,10.492100897651516,98896,1.3811059109826145,13.1286621,10.0013102,-0.588,52.64,Adamawa
29080.0,10.0114370915,13.1358911578,0.1,3.3,0.315,1101.0,101.0,540.0,2.0,2.0,1788.3951416015625,38352.4932774135,10.554574818434734,98896,1.3811059109826145,13.1286621,10.0013102,-0.588,52.64,Adamawa
29082.0,10.0114370915,13.1358911578,0.1,3.3,0.315,1101.0,101.0,540.0,2.0,2.0,1788.3951416015625,35839.23485746837,10.486798518018018,98896,1.3811059109826145,13.1286621,10.0013102,-0.588,52.64,Adamawa
29083.0,10.0114370915,13.1358911578,0.1,3.3,0.315,1101.0,101.0,540.0,2.0,2.0,1788.3951416015625,52929.845275878906,10.876722641663912,98896,1.3811059109826145,13.1286621,10.0013102,-0.588,52.64,Adamawa
29084.0,10.0114370915,13.1358911578,0.1,3.3,0.315,1101.0,101.0,540.0,2.0,2.0,1788.3951416015625,108267.82824707033,11.592363327427035,98896,1.3811059109826145,13.1286621,10.0013102,-0.588,52.64,Adamawa
29085.0,9.78353377075,13.2285436505,0.5,18.9,0.348,983.0,207.0,391.0,2.0,2.0,4453.15234375,119347.72436141968,11.689796564651138,11454,1.1175813801696868,13.2385254,9.7848511,-0.565,52.64,Adamawa
29086.0,9.78353377075,13.2285436505,0.5,18.9,0.348,983.0,207.0,391.0,2.0,2.0,4453.15234375,119866.69287109376,11.694135511524598,11454,1.1175813801696868,13.2385254,9.7848511,-0.565,52.64,Adamawa
29087.0,9.78353377075,13.2285436505,0.5,18.9,0.348,983.0,207.0,391.0,2.0,2.0,4453.15234375,43198.99301486545,10.673572464119443,11454,1.1175813801696868,13.2385254,9.7848511,-0.565,52.64,Adamawa
29089.0,9.78353377075,13.2285436505,0.5,18.9,0.348,983.0,207.0,391.0,2.0,2.0,4453.15234375,51476.92945207867,10.848889014478186,11454,1.1175813801696868,13.2385254,9.7848511,-0.565,52.64,Adamawa
29090.0,9.78353377075,13.2285436505,0.5,18.9,0.348,983.0,207.0,391.0,2.0,2.0,4453.15234375,148654.33178710938,11.909378968850024,11454,1.1175813801696868,13.2385254,9.7848511,-0.565,52.64,Adamawa
29091.0,9.78353377075,13.2285436505,0.5,18.9,0.348,983.0,207.0,391.0,2.0,2.0,4453.15234375,66668.1767846942,11.10748300837593,11454,1.1175813801696868,13.2385254,9.7848511,-0.565,52.64,Adamawa
29092.0,9.78353377075,13.2285436505,0.5,18.9,0.348,983.0,207.0,391.0,2.0,2.0,4453.15234375,108061.47953423392,11.590455599088832,11454,1.1175813801696868,13.2385254,9.7848511,-0.565,52.64,Adamawa
29094.0,9.78353377075,13.2285436505,0.5,18.9,0.348,983.0,207.0,391.0,2.0,2.0,4453.15234375,47268.59150834517,10.763601326608534,11454,1.1175813801696868,13.2385254,9.7848511,-0.565,52.64,Adamawa
29095.0,9.78353377075,13.2285436505,0.5,18.9,0.348,983.0,207.0,391.0,2.0,2.0,4453.15234375,138407.3992919922,11.837956783829036,11454,1.1175813801696868,13.2385254,9.7848511,-0.565,52.64,Adamawa
29096.0,9.78353377075,13.2285436505,0.5,18.9,0.348,983.0,207.0,391.0,2.0,2.0,4453.15234375,74040.13282606336,11.212362560662909,11454,1.1175813801696868,13.2385254,9.7848511,-0.565,52.64,Adamawa
29097.0,9.65850171736,13.1021838877,6.7,25.9,0.362,965.0,111.0,330.0,2.0,2.0,1218.9969482421875,105864.25428771973,11.569912932472594,56516,0.639744366321222,13.1066895,9.6549077,-0.329,52.64,Adamawa
29099.0,9.65850171736,13.1021838877,6.7,25.9,0.362,965.0,111.0,330.0,2.0,2.0,1218.9969482421875,70464.48059590659,11.162864040505088,56516,0.639744366321222,13.1066895,9.6549077,-0.329,52.64,Adamawa
29100.0,9.65850171736,13.1021838877,6.7,25.9,0.362,965.0,111.0,330.0,2.0,2.0,1218.9969482421875,143321.16693115234,11.872843313523283,56516,0.639744366321222,13.1066895,9.6549077,-0.329,52.64,Adamawa
29101.0,9.65850171736,13.1021838877,6.7,25.9,0.362,965.0,111.0,330.0,2.0,2.0,1218.9969482421875,65051.504847538934,11.082934617378513,56516,0.639744366321222,13.1066895,9.6549077,-0.329,52.64,Adamawa
29102.0,9.65850171736,13.1021838877,6.7,25.9,0.362,965.0,111.0,330.0,2.0,2.0,1218.9969482421875,117234.53775024416,11.671931803414015,56516,0.639744366321222,13.1066895,9.6549077,-0.329,52.64,Adamawa
29103.0,9.65850171736,13.1021838877,6.7,25.9,0.362,965.0,111.0,330.0,2.0,2.0,1218.9969482421875,70944.4367574056,11.169652268765567,56516,0.639744366321222,13.1066895,9.6549077,-0.329,52.64,Adamawa
29104.0,9.65850171736,13.1021838877,6.7,25.9,0.362,965.0,111.0,330.0,2.0,2.0,1218.9969482421875,76381.14381315159,11.243491135963945,56516,0.639744366321222,13.1066895,9.6549077,-0.329,52.64,Adamawa
29105.0,9.65850171736,13.1021838877,6.7,25.9,0.362,965.0,111.0,330.0,2.0,2.0,1218.9969482421875,94558.20017161372,11.456970798740652,56516,0.639744366321222,13.1066895,9.6549077,-0.329,52.64,Adamawa
29107.0,9.65850171736,13.1021838877,6.7,25.9,0.362,965.0,111.0,330.0,2.0,2.0,1218.9969482421875,63754.22576904297,11.062790747397038,56516,0.639744366321222,13.1066895,9.6549077,-0.329,52.64,Adamawa
29108.0,9.65850171736,13.1021838877,6.7,25.9,0.362,965.0,111.0,330.0,2.0,2.0,1218.9969482421875,45235.33814415564,10.719633877708914,56516,0.639744366321222,13.1066895,9.6549077,-0.329,52.64,Adamawa
29109.0,9.11743405504,11.7777504339,0.6,29.8,0.302,1086.0,60.0,476.0,2.0,2.0,1328.251220703125,54181.12716674805,10.900087919533943,88923,1.3592774829829768,11.7663574,9.1129444,-0.331,63.35,Taraba
29110.0,9.11743405504,11.7777504339,0.6,29.8,0.302,1086.0,60.0,476.0,2.0,2.0,1328.251220703125,83727.48693847656,11.335322600875802,88923,1.3592774829829768,11.7663574,9.1129444,-0.331,63.35,Taraba
29111.0,9.11743405504,11.7777504339,0.6,29.8,0.302,1086.0,60.0,476.0,2.0,2.0,1328.251220703125,206243.76768493652,12.23681408645522,88923,1.3592774829829768,11.7663574,9.1129444,-0.331,63.35,Taraba
29112.0,9.11743405504,11.7777504339,0.6,29.8,0.302,1086.0,60.0,476.0,2.0,2.0,1328.251220703125,61383.23313903808,11.024892000931786,88923,1.3592774829829768,11.7663574,9.1129444,-0.331,63.35,Taraba
29113.0,9.11743405504,11.7777504339,0.6,29.8,0.302,1086.0,60.0,476.0,2.0,2.0,1328.251220703125,150109.67917887372,11.91912150041174,88923,1.3592774829829768,11.7663574,9.1129444,-0.331,63.35,Taraba
29115.0,9.11743405504,11.7777504339,0.6,29.8,0.302,1086.0,60.0,476.0,2.0,2.0,1328.251220703125,111222.76230773926,11.619290336863088,88923,1.3592774829829768,11.7663574,9.1129444,-0.331,63.35,Taraba
29116.0,9.11743405504,11.7777504339,0.6,29.8,0.302,1086.0,60.0,476.0,2.0,2.0,1328.251220703125,85382.94143240793,11.35490161078913,88923,1.3592774829829768,11.7663574,9.1129444,-0.331,63.35,Taraba
29118.0,9.11743405504,11.7777504339,0.6,29.8,0.302,1086.0,60.0,476.0,2.0,2.0,1328.251220703125,120931.29592590332,11.702977861052863,88923,1.3592774829829768,11.7663574,9.1129444,-0.331,63.35,Taraba
29119.0,9.11743405504,11.7777504339,0.6,29.8,0.302,1086.0,60.0,476.0,2.0,2.0,1328.251220703125,151566.9212303162,11.928782530692622,88923,1.3592774829829768,11.7663574,9.1129444,-0.331,63.35,Taraba
29120.0,9.11743405504,11.7777504339,0.6,29.8,0.302,1086.0,60.0,476.0,2.0,2.0,1328.251220703125,88749.85228881837,11.393577042984935,88923,1.3592774829829768,11.7663574,9.1129444,-0.331,63.35,Taraba
29121.0,8.75822026294,11.9831016911,1.0,6.6,0.325,1288.0,135.0,459.0,2.0,2.0,640.6975708007812,109496.7751525879,11.603650377143715,61488,0.8889380582728666,11.986084,8.7656527,-0.367,52.64,Adamawa
29122.0,8.75822026294,11.9831016911,1.0,6.6,0.325,1288.0,135.0,459.0,2.0,2.0,640.6975708007812,128486.9645462036,11.763582734951497,61488,0.8889380582728666,11.986084,8.7656527,-0.367,52.64,Adamawa
29123.0,8.75822026294,11.9831016911,1.0,6.6,0.325,1288.0,135.0,459.0,2.0,2.0,640.6975708007812,89420.06943893433,11.401100426335804,61488,0.8889380582728666,11.986084,8.7656527,-0.367,52.64,Adamawa
29124.0,8.75822026294,11.9831016911,1.0,6.6,0.325,1288.0,135.0,459.0,2.0,2.0,640.6975708007812,76148.94752752132,11.240446537184084,61488,0.8889380582728666,11.986084,8.7656527,-0.367,52.64,Adamawa
29126.0,8.75822026294,11.9831016911,1.0,6.6,0.325,1288.0,135.0,459.0,2.0,2.0,640.6975708007812,86979.61915588379,11.373429107616907,61488,0.8889380582728666,11.986084,8.7656527,-0.367,52.64,Adamawa
29127.0,8.75822026294,11.9831016911,1.0,6.6,0.325,1288.0,135.0,459.0,2.0,2.0,640.6975708007812,173601.59339828492,12.064518259727814,61488,0.8889380582728666,11.986084,8.7656527,-0.367,52.64,Adamawa
29128.0,8.75822026294,11.9831016911,1.0,6.6,0.325,1288.0,135.0,459.0,2.0,2.0,640.6975708007812,46138.22265625,10.73939701031502,61488,0.8889380582728666,11.986084,8.7656527,-0.367,52.64,Adamawa
29130.0,8.75822026294,11.9831016911,1.0,6.6,0.325,1288.0,135.0,459.0,2.0,2.0,640.6975708007812,116610.16678466798,11.66659174279093,61488,0.8889380582728666,11.986084,8.7656527,-0.367,52.64,Adamawa
29131.0,8.75822026294,11.9831016911,1.0,6.6,0.325,1288.0,135.0,459.0,2.0,2.0,640.6975708007812,127270.0679575602,11.754066626949651,61488,0.8889380582728666,11.986084,8.7656527,-0.367,52.64,Adamawa
29132.0,8.75822026294,11.9831016911,1.0,6.6,0.325,1288.0,135.0,459.0,2.0,2.0,640.6975708007812,49140.52903747558,10.802439411940613,61488,0.8889380582728666,11.986084,8.7656527,-0.367,52.64,Adamawa
29133.0,10.6367379748,13.4019314567,4.2,25.1,0.29,1100.0,1611.0,520.0,2.0,1.0,2224.189208984375,240809.53811848955,12.39176160175896,50220,1.4246837417046976,13.392334,10.6282159,0.768,52.64,Adamawa
29134.0,10.6367379748,13.4019314567,4.2,25.1,0.29,1100.0,1611.0,520.0,2.0,1.0,2224.189208984375,218467.2066040039,12.29439119806182,50220,1.4246837417046976,13.392334,10.6282159,0.768,52.64,Adamawa
29135.0,10.6367379748,13.4019314567,4.2,25.1,0.29,1100.0,1611.0,520.0,2.0,1.0,2224.189208984375,122525.47873360771,11.716074277002171,50220,1.4246837417046976,13.392334,10.6282159,0.768,52.64,Adamawa
29136.0,10.6367379748,13.4019314567,4.2,25.1,0.29,1100.0,1611.0,520.0,2.0,1.0,2224.189208984375,396086.2114257813,12.889387172162849,50220,1.4246837417046976,13.392334,10.6282159,0.768,52.64,Adamawa
29138.0,10.6367379748,13.4019314567,4.2,25.1,0.29,1100.0,1611.0,520.0,2.0,1.0,2224.189208984375,113157.06001420456,11.63653204429154,50220,1.4246837417046976,13.392334,10.6282159,0.768,52.64,Adamawa
29139.0,10.6367379748,13.4019314567,4.2,25.1,0.29,1100.0,1611.0,520.0,2.0,1.0,2224.189208984375,104999.3600841704,11.561709534684615,50220,1.4246837417046976,13.392334,10.6282159,0.768,52.64,Adamawa
29140.0,10.6367379748,13.4019314567,4.2,25.1,0.29,1100.0,1611.0,520.0,2.0,1.0,2224.189208984375,110839.23536201577,11.61583610037874,50220,1.4246837417046976,13.392334,10.6282159,0.768,52.64,Adamawa
29142.0,10.6367379748,13.4019314567,4.2,25.1,0.29,1100.0,1611.0,520.0,2.0,1.0,2224.189208984375,94304.92838859557,11.45428873012541,50220,1.4246837417046976,13.392334,10.6282159,0.768,52.64,Adamawa
29143.0,10.6367379748,13.4019314567,4.2,25.1,0.29,1100.0,1611.0,520.0,2.0,1.0,2224.189208984375,70861.19386121962,11.16847822644603,50220,1.4246837417046976,13.392334,10.6282159,0.768,52.64,Adamawa
29144.0,10.6367379748,13.4019314567,4.2,25.1,0.29,1100.0,1611.0,520.0,2.0,1.0,2224.189208984375,206875.2255859375,12.23987111555849,50220,1.4246837417046976,13.392334,10.6282159,0.768,52.64,Adamawa
29147.0,10.6059793514,13.2977604839,1.3,1.3,0.289,1123.0,97.0,470.0,2.0,2.0,1650.10009765625,61804.91293334961,11.03173813758943,38758,0.7451991248117097,13.3044434,10.6066195,-0.483,38.92,Borno
29148.0,10.6059793514,13.2977604839,1.3,1.3,0.289,1123.0,97.0,470.0,2.0,2.0,1650.10009765625,164603.73899536132,12.01129628261329,38758,0.7451991248117097,13.3044434,10.6066195,-0.483,38.92,Borno
29149.0,10.6059793514,13.2977604839,1.3,1.3,0.289,1123.0,97.0,470.0,2.0,2.0,1650.10009765625,74331.5249125163,11.216290432947032,38758,0.7451991248117097,13.3044434,10.6066195,-0.483,38.92,Borno
29150.0,10.6059793514,13.2977604839,1.3,1.3,0.289,1123.0,97.0,470.0,2.0,2.0,1650.10009765625,61465.18026529948,11.0262261189093,38758,0.7451991248117097,13.3044434,10.6066195,-0.483,38.92,Borno
29151.0,10.6059793514,13.2977604839,1.3,1.3,0.289,1123.0,97.0,470.0,2.0,2.0,1650.10009765625,64507.70635986328,11.074539974094376,38758,0.7451991248117097,13.3044434,10.6066195,-0.483,38.92,Borno
29152.0,10.6059793514,13.2977604839,1.3,1.3,0.289,1123.0,97.0,470.0,2.0,2.0,1650.10009765625,53632.76745823452,10.889915493446908,38758,0.7451991248117097,13.3044434,10.6066195,-0.483,38.92,Borno
29153.0,10.6059793514,13.2977604839,1.3,1.3,0.289,1123.0,97.0,470.0,2.0,2.0,1650.10009765625,63813.5489654541,11.063720813016054,38758,0.7451991248117097,13.3044434,10.6066195,-0.483,38.92,Borno
29154.0,10.6059793514,13.2977604839,1.3,1.3,0.289,1123.0,97.0,470.0,2.0,2.0,1650.10009765625,48772.19117082868,10.794915576356486,38758,0.7451991248117097,13.3044434,10.6066195,-0.483,38.92,Borno
29155.0,10.6059793514,13.2977604839,1.3,1.3,0.289,1123.0,97.0,470.0,2.0,2.0,1650.10009765625,86616.94183349611,11.3692507085981,38758,0.7451991248117097,13.3044434,10.6066195,-0.483,38.92,Borno
29156.0,10.6059793514,13.2977604839,1.3,1.3,0.289,1123.0,97.0,470.0,2.0,2.0,1650.10009765625,57747.82414705791,10.963840950567018,38758,0.7451991248117097,13.3044434,10.6066195,-0.483,38.92,Borno
29158.0,10.5664026465,13.302712531,1.6,29.2,0.293,1122.0,322.0,475.0,2.0,2.0,400.0,122157.1167856852,11.713063337663142,14377,0.38260006451636536,13.3044434,10.5634219,-0.364,38.92,Borno
29160.0,10.5664026465,13.302712531,1.6,29.2,0.293,1122.0,322.0,475.0,2.0,2.0,400.0,199597.18272617887,12.204056528161589,14377,0.38260006451636536,13.3044434,10.5634219,-0.364,38.92,Borno
29161.0,10.5664026465,13.302712531,1.6,29.2,0.293,1122.0,322.0,475.0,2.0,2.0,400.0,379806.07233810425,12.847416065484497,14377,0.38260006451636536,13.3044434,10.5634219,-0.364,38.92,Borno
29162.0,10.5664026465,13.302712531,1.6,29.2,0.293,1122.0,322.0,475.0,2.0,2.0,400.0,90247.8920375279,11.410315518997452,14377,0.38260006451636536,13.3044434,10.5634219,-0.364,38.92,Borno
29163.0,10.5664026465,13.302712531,1.6,29.2,0.293,1122.0,322.0,475.0,2.0,2.0,400.0,136124.9682413737,11.821328626930358,14377,0.38260006451636536,13.3044434,10.5634219,-0.364,38.92,Borno
29164.0,10.5664026465,13.302712531,1.6,29.2,0.293,1122.0,322.0,475.0,2.0,2.0,400.0,78464.14040120444,11.270396989225206,14377,0.38260006451636536,13.3044434,10.5634219,-0.364,38.92,Borno
29165.0,10.5664026465,13.302712531,1.6,29.2,0.293,1122.0,322.0,475.0,2.0,2.0,400.0,66797.17987060547,11.109416141127648,14377,0.38260006451636536,13.3044434,10.5634219,-0.364,38.92,Borno
29166.0,10.5664026465,13.302712531,1.6,29.2,0.293,1122.0,322.0,475.0,2.0,2.0,400.0,69034.77626953124,11.142365660518337,14377,0.38260006451636536,13.3044434,10.5634219,-0.364,38.92,Borno
29167.0,10.5664026465,13.302712531,1.6,29.2,0.293,1122.0,322.0,475.0,2.0,2.0,400.0,44870.65719168526,10.71153934543476,14377,0.38260006451636536,13.3044434,10.5634219,-0.364,38.92,Borno
29168.0,10.5664026465,13.302712531,1.6,29.2,0.293,1122.0,322.0,475.0,2.0,2.0,400.0,50626.27087402344,10.83222590777816,14377,0.38260006451636536,13.3044434,10.5634219,-0.364,38.92,Borno
29169.0,10.124164455,13.3557435791,0.3,178.4,0.308,1082.0,488.0,905.0,2.0,2.0,1983.6881103515625,60827.60643107096,11.015799018045938,6415,1.1233943473339427,13.3483887,10.1311167,-0.473,52.64,Adamawa
29170.0,10.124164455,13.3557435791,0.3,178.4,0.308,1082.0,488.0,905.0,2.0,2.0,1983.6881103515625,67867.67306009927,11.1253151038603,6415,1.1233943473339427,13.3483887,10.1311167,-0.473,52.64,Adamawa
29171.0,10.124164455,13.3557435791,0.3,178.4,0.308,1082.0,488.0,905.0,2.0,2.0,1983.6881103515625,79098.93444824217,11.278454682719904,6415,1.1233943473339427,13.3483887,10.1311167,-0.473,52.64,Adamawa
29172.0,10.124164455,13.3557435791,0.3,178.4,0.308,1082.0,488.0,905.0,2.0,2.0,1983.6881103515625,56957.12147013347,10.950054008821049,6415,1.1233943473339427,13.3483887,10.1311167,-0.473,52.64,Adamawa
29173.0,10.124164455,13.3557435791,0.3,178.4,0.308,1082.0,488.0,905.0,2.0,2.0,1983.6881103515625,35117.377928161615,10.466451384601967,6415,1.1233943473339427,13.3483887,10.1311167,-0.473,52.64,Adamawa
29174.0,10.124164455,13.3557435791,0.3,178.4,0.308,1082.0,488.0,905.0,2.0,2.0,1983.6881103515625,97914.77399620642,11.491852726185137,6415,1.1233943473339427,13.3483887,10.1311167,-0.473,52.64,Adamawa
29175.0,10.124164455,13.3557435791,0.3,178.4,0.308,1082.0,488.0,905.0,2.0,2.0,1983.6881103515625,98634.2504374186,11.499173847792056,6415,1.1233943473339427,13.3483887,10.1311167,-0.473,52.64,Adamawa
29176.0,10.124164455,13.3557435791,0.3,178.4,0.308,1082.0,488.0,905.0,2.0,2.0,1983.6881103515625,63239.0757271903,11.054677675897032,6415,1.1233943473339427,13.3483887,10.1311167,-0.473,52.64,Adamawa
29178.0,10.124164455,13.3557435791,0.3,178.4,0.308,1082.0,488.0,905.0,2.0,2.0,1983.6881103515625,91294.74670410156,11.421848526089756,6415,1.1233943473339427,13.3483887,10.1311167,-0.473,52.64,Adamawa
29179.0,10.124164455,13.3557435791,0.3,178.4,0.308,1082.0,488.0,905.0,2.0,2.0,1983.6881103515625,60465.13753662109,11.00982223886528,6415,1.1233943473339427,13.3483887,10.1311167,-0.473,52.64,Adamawa
29181.0,9.62343718166,12.5304461267,0.5,3.9,0.333,934.0,47.0,310.0,2.0,2.0,1555.1536865234375,209584.8140487671,12.252883776746838,97684,1.4262102978129567,12.5354004,9.611582,-0.928,52.64,Adamawa
29182.0,9.40569812523,12.1650271752,0.1,7.9,0.351,951.0,27.0,181.0,2.0,2.0,1555.1536865234375,371692.8793823243,12.825823199207374,5733,1.2520020736880508,12.1618652,9.3948711,-0.149,52.64,Adamawa
29183.0,9.62343718166,12.5304461267,0.5,3.9,0.333,934.0,47.0,310.0,2.0,2.0,1555.1536865234375,79933.54948120117,11.288950937005552,97684,1.4262102978129567,12.5354004,9.611582,-0.928,52.64,Adamawa
29185.0,9.62343718166,12.5304461267,0.5,3.9,0.333,934.0,47.0,310.0,2.0,2.0,1555.1536865234375,108846.2159576416,11.597691302233352,97684,1.4262102978129567,12.5354004,9.611582,-0.928,52.64,Adamawa
29186.0,9.62343718166,12.5304461267,0.5,3.9,0.333,934.0,47.0,310.0,2.0,2.0,1555.1536865234375,43943.777119227816,10.69066630308232,97684,1.4262102978129567,12.5354004,9.611582,-0.928,52.64,Adamawa
29187.0,9.62343718166,12.5304461267,0.5,3.9,0.333,934.0,47.0,310.0,2.0,2.0,1555.1536865234375,72422.915499006,11.19027804071153,97684,1.4262102978129567,12.5354004,9.611582,-0.928,52.64,Adamawa
29188.0,9.62343718166,12.5304461267,0.5,3.9,0.333,934.0,47.0,310.0,2.0,2.0,1555.1536865234375,133363.31932915584,11.800832407105595,97684,1.4262102978129567,12.5354004,9.611582,-0.928,52.64,Adamawa
29189.0,9.62343718166,12.5304461267,0.5,3.9,0.333,934.0,47.0,310.0,2.0,2.0,1555.1536865234375,372749.6101074219,12.82866218663696,97684,1.4262102978129567,12.5354004,9.611582,-0.928,52.64,Adamawa
29191.0,9.62343718166,12.5304461267,0.5,3.9,0.333,934.0,47.0,310.0,2.0,2.0,1555.1536865234375,78743.32225036621,11.27394875627168,97684,1.4262102978129567,12.5354004,9.611582,-0.928,52.64,Adamawa
29192.0,9.62343718166,12.5304461267,0.5,3.9,0.333,934.0,47.0,310.0,2.0,2.0,1555.1536865234375,666219.7217407227,13.409374807636963,97684,1.4262102978129567,12.5354004,9.611582,-0.928,52.64,Adamawa
29193.0,8.17382294002,12.0258438059,0.3,9.9,0.353,1514.0,45.0,537.0,2.0,2.0,814.9769897460938,94339.2379623413,11.454652479238757,71570,0.727613027168815,12.0300293,8.1788678,-0.404,52.64,Adamawa
29194.0,8.17382294002,12.0258438059,0.3,9.9,0.353,1514.0,45.0,537.0,2.0,2.0,814.9769897460938,77273.07357371939,11.255100837200338,71570,0.727613027168815,12.0300293,8.1788678,-0.404,52.64,Adamawa
29195.0,8.17382294002,12.0258438059,0.3,9.9,0.353,1514.0,45.0,537.0,2.0,2.0,814.9769897460938,109370.31317138672,11.60249477173732,71570,0.727613027168815,12.0300293,8.1788678,-0.404,52.64,Adamawa
29196.0,8.17382294002,12.0258438059,0.3,9.9,0.353,1514.0,45.0,537.0,2.0,2.0,814.9769897460938,89115.82420253754,11.397692198167215,71570,0.727613027168815,12.0300293,8.1788678,-0.404,52.64,Adamawa
29198.0,8.17382294002,12.0258438059,0.3,9.9,0.353,1514.0,45.0,537.0,2.0,2.0,814.9769897460938,92222.37447102866,11.431958053325872,71570,0.727613027168815,12.0300293,8.1788678,-0.404,52.64,Adamawa
29199.0,8.17382294002,12.0258438059,0.3,9.9,0.353,1514.0,45.0,537.0,2.0,2.0,814.9769897460938,121474.65355224608,11.70746090726136,71570,0.727613027168815,12.0300293,8.1788678,-0.404,52.64,Adamawa
29200.0,8.17382294002,12.0258438059,0.3,9.9,0.353,1514.0,45.0,537.0,2.0,2.0,814.9769897460938,119306.58946736652,11.689451840989532,71570,0.727613027168815,12.0300293,8.1788678,-0.404,52.64,Adamawa
29202.0,8.17382294002,12.0258438059,0.3,9.9,0.353,1514.0,45.0,537.0,2.0,2.0,814.9769897460938,123853.08029937744,11.726851305818377,71570,0.727613027168815,12.0300293,8.1788678,-0.404,52.64,Adamawa
29203.0,8.17382294002,12.0258438059,0.3,9.9,0.353,1514.0,45.0,537.0,2.0,2.0,814.9769897460938,114960.6842389788,11.652345472709609,71570,0.727613027168815,12.0300293,8.1788678,-0.404,52.64,Adamawa
29204.0,8.17382294002,12.0258438059,0.3,9.9,0.353,1514.0,45.0,537.0,2.0,2.0,814.9769897460938,63083.39561462402,11.05221286991708,71570,0.727613027168815,12.0300293,8.1788678,-0.404,52.64,Adamawa
29206.0,9.28211158444,12.4135524347,2.6,56.0,0.288,964.0,2417.0,161.0,2.0,2.0,1352.00732421875,191876.15488243103,12.16460541623672,35648,1.2093739770404939,12.4035645,9.2864645,0.779,52.64,Adamawa
29208.0,9.28211158444,12.4135524347,2.6,56.0,0.288,964.0,2417.0,161.0,2.0,2.0,1352.00732421875,169320.8207130432,12.039550541735345,35648,1.2093739770404939,12.4035645,9.2864645,0.779,52.64,Adamawa
29209.0,9.28211158444,12.4135524347,2.6,56.0,0.288,964.0,2417.0,161.0,2.0,2.0,1352.00732421875,119613.18684387208,11.69201837231262,35648,1.2093739770404939,12.4035645,9.2864645,0.779,52.64,Adamawa
29210.0,9.28211158444,12.4135524347,2.6,56.0,0.288,964.0,2417.0,161.0,2.0,2.0,1352.00732421875,1887364.714709282,14.45069208321038,35648,1.2093739770404939,12.4035645,9.2864645,0.779,52.64,Adamawa
29211.0,9.28211158444,12.4135524347,2.6,56.0,0.288,964.0,2417.0,161.0,2.0,2.0,1352.00732421875,95863.94144215304,11.470685188519232,35648,1.2093739770404939,12.4035645,9.2864645,0.779,52.64,Adamawa
29212.0,9.28211158444,12.4135524347,2.6,56.0,0.288,964.0,2417.0,161.0,2.0,2.0,1352.00732421875,120699.96379089355,11.70106310709298,35648,1.2093739770404939,12.4035645,9.2864645,0.779,52.64,Adamawa
29213.0,9.28211158444,12.4135524347,2.6,56.0,0.288,964.0,2417.0,161.0,2.0,2.0,1352.00732421875,249395.3856079102,12.426794810083814,35648,1.2093739770404939,12.4035645,9.2864645,0.779,52.64,Adamawa
29214.0,9.28211158444,12.4135524347,2.6,56.0,0.288,964.0,2417.0,161.0,2.0,2.0,1352.00732421875,115853.1931929155,11.660079092647823,35648,1.2093739770404939,12.4035645,9.2864645,0.779,52.64,Adamawa
29215.0,9.28211158444,12.4135524347,2.6,56.0,0.288,964.0,2417.0,161.0,2.0,2.0,1352.00732421875,187666.7502339681,12.142423063750076,35648,1.2093739770404939,12.4035645,9.2864645,0.779,52.64,Adamawa
29216.0,9.28211158444,12.4135524347,2.6,56.0,0.288,964.0,2417.0,161.0,2.0,2.0,1352.00732421875,55738.285477956146,10.92842254128687,35648,1.2093739770404939,12.4035645,9.2864645,0.779,52.64,Adamawa
29217.0,9.19498051779,12.4857196889,2.5,33.0,0.337,946.0,5213.0,183.0,2.0,1.0,1935.7958984375,177320.6305672782,12.08571484495056,38367,0.8255237176609631,12.4914551,9.1997151,1.292,52.64,Adamawa
29218.0,9.19498051779,12.4857196889,2.5,33.0,0.337,946.0,5213.0,183.0,2.0,1.0,1935.7958984375,68802.88165283203,11.13900090753314,38367,0.8255237176609631,12.4914551,9.1997151,1.292,52.64,Adamawa
29219.0,9.19498051779,12.4857196889,2.5,33.0,0.337,946.0,5213.0,183.0,2.0,1.0,1935.7958984375,250348.58763224285,12.430609576169353,38367,0.8255237176609631,12.4914551,9.1997151,1.292,52.64,Adamawa
29220.0,9.19498051779,12.4857196889,2.5,33.0,0.337,946.0,5213.0,183.0,2.0,1.0,1935.7958984375,97185.21203177316,11.484373839283318,38367,0.8255237176609631,12.4914551,9.1997151,1.292,52.64,Adamawa
29221.0,9.19498051779,12.4857196889,2.5,33.0,0.337,946.0,5213.0,183.0,2.0,1.0,1935.7958984375,81784.88403320312,11.311847713744603,38367,0.8255237176609631,12.4914551,9.1997151,1.292,52.64,Adamawa
29223.0,9.19498051779,12.4857196889,2.5,33.0,0.337,946.0,5213.0,183.0,2.0,1.0,1935.7958984375,164804.97836885002,12.012518104550086,38367,0.8255237176609631,12.4914551,9.1997151,1.292,52.64,Adamawa
29224.0,9.19498051779,12.4857196889,2.5,33.0,0.337,946.0,5213.0,183.0,2.0,1.0,1935.7958984375,231011.84838256837,12.350224279887987,38367,0.8255237176609631,12.4914551,9.1997151,1.292,52.64,Adamawa
29226.0,9.19498051779,12.4857196889,2.5,33.0,0.337,946.0,5213.0,183.0,2.0,1.0,1935.7958984375,269844.32033284503,12.505600480327956,38367,0.8255237176609631,12.4914551,9.1997151,1.292,52.64,Adamawa
29227.0,9.19498051779,12.4857196889,2.5,33.0,0.337,946.0,5213.0,183.0,2.0,1.0,1935.7958984375,274216.7154032389,12.52167400487683,38367,0.8255237176609631,12.4914551,9.1997151,1.292,52.64,Adamawa
29228.0,9.19498051779,12.4857196889,2.5,33.0,0.337,946.0,5213.0,183.0,2.0,1.0,1935.7958984375,110655.53097715833,11.614177330467236,38367,0.8255237176609631,12.4914551,9.1997151,1.292,52.64,Adamawa
30021.0,5.07826901425,7.911626609240001,3.1,78.5,0.237,1986.0,760.0,41.0,5.0,2.0,7427.5166015625,287972.7483596802,12.570621130889863,78574,1.0736279824856763,7.9211426,5.080001,0.809,32.85,Akwa Ibom
30022.0,5.07826901425,7.911626609240001,3.1,78.5,0.237,1986.0,760.0,41.0,5.0,2.0,7427.5166015625,192944.9037027995,12.170159954089348,78574,1.0736279824856763,7.9211426,5.080001,0.809,32.85,Akwa Ibom
30023.0,5.07826901425,7.911626609240001,3.1,78.5,0.237,1986.0,760.0,41.0,5.0,2.0,7427.5166015625,270756.10830688477,12.508973725298995,78574,1.0736279824856763,7.9211426,5.080001,0.809,32.85,Akwa Ibom
30024.0,5.07826901425,7.911626609240001,3.1,78.5,0.237,1986.0,760.0,41.0,5.0,2.0,7427.5166015625,289563.39280291967,12.576129525436512,78574,1.0736279824856763,7.9211426,5.080001,0.809,32.85,Akwa Ibom
30025.0,5.07826901425,7.911626609240001,3.1,78.5,0.237,1986.0,760.0,41.0,5.0,2.0,7427.5166015625,419131.8652858734,12.945940863678215,78574,1.0736279824856763,7.9211426,5.080001,0.809,32.85,Akwa Ibom
30026.0,5.07826901425,7.911626609240001,3.1,78.5,0.237,1986.0,760.0,41.0,5.0,2.0,7427.5166015625,263661.21778411866,12.48242029206834,78574,1.0736279824856763,7.9211426,5.080001,0.809,32.85,Akwa Ibom
30027.0,5.07826901425,7.911626609240001,3.1,78.5,0.237,1986.0,760.0,41.0,5.0,2.0,7427.5166015625,255111.36224670408,12.449455443501414,78574,1.0736279824856763,7.9211426,5.080001,0.809,32.85,Akwa Ibom
30028.0,5.09863950958,7.62507873575,0.2,137.2,0.236,1911.0,689.0,76.0,5.0,2.0,7427.5166015625,110588.99999427795,11.613575905567885,86055,1.2114126338395228,7.635498,5.101887,0.161,32.85,Akwa Ibom
30029.0,5.07826901425,7.911626609240001,3.1,78.5,0.237,1986.0,760.0,41.0,5.0,2.0,7427.5166015625,245815.97685546876,12.412338473413698,78574,1.0736279824856763,7.9211426,5.080001,0.809,32.85,Akwa Ibom
30030.0,5.07826901425,7.911626609240001,3.1,78.5,0.237,1986.0,760.0,41.0,5.0,2.0,7427.5166015625,68752.90926470075,11.138274331210962,78574,1.0736279824856763,7.9211426,5.080001,0.809,32.85,Akwa Ibom
30041.0,4.9736439896,7.96187487335,1.7,214.7,0.235,1887.0,1926.0,55.0,5.0,1.0,2220.676025390625,486717.9891891479,13.095440156694162,113,0.4943493401274526,7.9650879,4.97056,0.846,32.85,Akwa Ibom
30042.0,4.86465103466,7.84994924205,4.9,8.9,0.227,1820.0,1851.0,41.0,5.0,1.0,2220.676025390625,79116.95454610187,11.278682473974657,1723,0.7058138837881766,7.8552246,4.8611009,0.51,32.85,Akwa Ibom
30043.0,4.86465103466,7.84994924205,4.9,8.9,0.227,1820.0,1851.0,41.0,5.0,1.0,2220.676025390625,367191.77163085935,12.813639529064709,1723,0.7058138837881766,7.8552246,4.8611009,0.51,32.85,Akwa Ibom
30044.0,4.86465103466,7.84994924205,4.9,8.9,0.227,1820.0,1851.0,41.0,5.0,1.0,2220.676025390625,208589.1539413452,12.2481218256685,1723,0.7058138837881766,7.8552246,4.8611009,0.51,32.85,Akwa Ibom
30045.0,4.86465103466,7.84994924205,4.9,8.9,0.227,1820.0,1851.0,41.0,5.0,1.0,2220.676025390625,405848.5721125284,12.913735393919064,1723,0.7058138837881766,7.8552246,4.8611009,0.51,32.85,Akwa Ibom
30046.0,4.86465103466,7.84994924205,4.9,8.9,0.227,1820.0,1851.0,41.0,5.0,1.0,2220.676025390625,283817.5039850871,12.556086718991065,1723,0.7058138837881766,7.8552246,4.8611009,0.51,32.85,Akwa Ibom
30047.0,4.86465103466,7.84994924205,4.9,8.9,0.227,1820.0,1851.0,41.0,5.0,1.0,2220.676025390625,103163.18900553386,11.544067372715752,1723,0.7058138837881766,7.8552246,4.8611009,0.51,32.85,Akwa Ibom
30048.0,4.86465103466,7.84994924205,4.9,8.9,0.227,1820.0,1851.0,41.0,5.0,1.0,2220.676025390625,298900.2835083008,12.607865296777105,1723,0.7058138837881766,7.8552246,4.8611009,0.51,32.85,Akwa Ibom
30049.0,4.86465103466,7.84994924205,4.9,8.9,0.227,1820.0,1851.0,41.0,5.0,1.0,2220.676025390625,212438.87351962,12.266409571940937,1723,0.7058138837881766,7.8552246,4.8611009,0.51,32.85,Akwa Ibom
30050.0,7.17110252657,6.31246795486,1.5,17.0,0.298,1032.0,187.0,198.0,5.0,1.0,2220.676025390625,191405.8566640218,12.162151356613425,17689,1.8184963124073596,6.3171387,7.1553996,0.099,22.83,Edo
30081.0,4.62396354007,7.77168188394,7.3,41.6,0.255,1947.0,1338.0,22.0,5.0,2.0,7248.6982421875,154845.99320765905,11.950186309752784,71456,0.6362258674470334,7.767334,4.6202287,0.981,32.85,Akwa Ibom
30084.0,4.62396354007,7.77168188394,7.3,41.6,0.255,1947.0,1338.0,22.0,5.0,2.0,7248.6982421875,355922.29577636713,12.782467715718637,71456,0.6362258674470334,7.767334,4.6202287,0.981,32.85,Akwa Ibom
30085.0,4.62396354007,7.77168188394,7.3,41.6,0.255,1947.0,1338.0,22.0,5.0,2.0,7248.6982421875,193826.07426605225,12.174716511525316,71456,0.6362258674470334,7.767334,4.6202287,0.981,32.85,Akwa Ibom
30086.0,4.62396354007,7.77168188394,7.3,41.6,0.255,1947.0,1338.0,22.0,5.0,2.0,7248.6982421875,321843.3931859334,12.681820349651405,71456,0.6362258674470334,7.767334,4.6202287,0.981,32.85,Akwa Ibom
30087.0,4.62396354007,7.77168188394,7.3,41.6,0.255,1947.0,1338.0,22.0,5.0,2.0,7248.6982421875,124270.79622268675,11.730218303979054,71456,0.6362258674470334,7.767334,4.6202287,0.981,32.85,Akwa Ibom
30088.0,4.62396354007,7.77168188394,7.3,41.6,0.255,1947.0,1338.0,22.0,5.0,2.0,7248.6982421875,51332.06363895961,10.846070858115777,71456,0.6362258674470334,7.767334,4.6202287,0.981,32.85,Akwa Ibom
30089.0,4.62396354007,7.77168188394,7.3,41.6,0.255,1947.0,1338.0,22.0,5.0,2.0,7248.6982421875,119549.17690149942,11.69148308788995,71456,0.6362258674470334,7.767334,4.6202287,0.981,32.85,Akwa Ibom
30090.0,4.62396354007,7.77168188394,7.3,41.6,0.255,1947.0,1338.0,22.0,5.0,2.0,7248.6982421875,370662.0610046387,12.82304603970016,71456,0.6362258674470334,7.767334,4.6202287,0.981,32.85,Akwa Ibom
30091.0,4.68817896818,7.70875490803,0.7,113.0,0.243,1756.0,898.0,24.0,5.0,2.0,5176.875,133728.54090881348,11.803567210082829,62040,0.8520298691604061,7.701416,4.6859294,0.273,32.85,Akwa Ibom
30092.0,5.00350192442,7.94191212047,23.2,89.2,0.235,1900.0,4917.0,64.0,5.0,1.0,5176.875,486667.9206947327,13.095337281783088,26792,1.2102611440810114,7.9431152,5.0143386,1.049,32.85,Akwa Ibom
30093.0,4.68817896818,7.70875490803,0.7,113.0,0.243,1756.0,898.0,24.0,5.0,2.0,5176.875,66389.54637799945,11.103294889004207,62040,0.8520298691604061,7.701416,4.6859294,0.273,32.85,Akwa Ibom
30094.0,4.68817896818,7.70875490803,0.7,113.0,0.243,1756.0,898.0,24.0,5.0,2.0,5176.875,99604.25465901692,11.508960160120337,62040,0.8520298691604061,7.701416,4.6859294,0.273,32.85,Akwa Ibom
30097.0,4.68817896818,7.70875490803,0.7,113.0,0.243,1756.0,898.0,24.0,5.0,2.0,5176.875,312738.5577735901,12.653122841804052,62040,0.8520298691604061,7.701416,4.6859294,0.273,32.85,Akwa Ibom
30098.0,4.68817896818,7.70875490803,0.7,113.0,0.243,1756.0,898.0,24.0,5.0,2.0,5176.875,217443.43223571777,12.28969401400891,62040,0.8520298691604061,7.701416,4.6859294,0.273,32.85,Akwa Ibom
30099.0,4.68817896818,7.70875490803,0.7,113.0,0.243,1756.0,898.0,24.0,5.0,2.0,5176.875,103511.36345418297,11.547436677488731,62040,0.8520298691604061,7.701416,4.6859294,0.273,32.85,Akwa Ibom
30100.0,4.68817896818,7.70875490803,0.7,113.0,0.243,1756.0,898.0,24.0,5.0,2.0,5176.875,122045.72064208984,11.712151012872036,62040,0.8520298691604061,7.701416,4.6859294,0.273,32.85,Akwa Ibom
30101.0,4.96466286575,7.804704247199998,7.0,55.4,0.228,1855.0,1152.0,53.0,5.0,1.0,11715.5458984375,445633.9346796672,13.007253119721748,72632,0.980372659489695,7.8112793,4.97056,0.5,32.85,Akwa Ibom
30102.0,4.96466286575,7.804704247199998,7.0,55.4,0.228,1855.0,1152.0,53.0,5.0,1.0,11715.5458984375,444423.8141784668,13.004533922572142,72632,0.980372659489695,7.8112793,4.97056,0.5,32.85,Akwa Ibom
30103.0,4.96466286575,7.804704247199998,7.0,55.4,0.228,1855.0,1152.0,53.0,5.0,1.0,11715.5458984375,255218.9204203288,12.44987696728266,72632,0.980372659489695,7.8112793,4.97056,0.5,32.85,Akwa Ibom
30104.0,4.96466286575,7.804704247199998,7.0,55.4,0.228,1855.0,1152.0,53.0,5.0,1.0,11715.5458984375,98459.70183822088,11.49740262505472,72632,0.980372659489695,7.8112793,4.97056,0.5,32.85,Akwa Ibom
30105.0,4.96466286575,7.804704247199998,7.0,55.4,0.228,1855.0,1152.0,53.0,5.0,1.0,11715.5458984375,160982.52763148717,11.989051114049412,72632,0.980372659489695,7.8112793,4.97056,0.5,32.85,Akwa Ibom
30106.0,4.96466286575,7.804704247199998,7.0,55.4,0.228,1855.0,1152.0,53.0,5.0,1.0,11715.5458984375,198073.8235301971,12.19639508629894,72632,0.980372659489695,7.8112793,4.97056,0.5,32.85,Akwa Ibom
30107.0,4.96466286575,7.804704247199998,7.0,55.4,0.228,1855.0,1152.0,53.0,5.0,1.0,11715.5458984375,185874.9944220649,12.13282965375339,72632,0.980372659489695,7.8112793,4.97056,0.5,32.85,Akwa Ibom
30108.0,4.96466286575,7.804704247199998,7.0,55.4,0.228,1855.0,1152.0,53.0,5.0,1.0,11715.5458984375,240034.89007720948,12.388539567079867,72632,0.980372659489695,7.8112793,4.97056,0.5,32.85,Akwa Ibom
30109.0,4.96466286575,7.804704247199998,7.0,55.4,0.228,1855.0,1152.0,53.0,5.0,1.0,11715.5458984375,257026.263212204,12.456933550143338,72632,0.980372659489695,7.8112793,4.97056,0.5,32.85,Akwa Ibom
30110.0,4.96466286575,7.804704247199998,7.0,55.4,0.228,1855.0,1152.0,53.0,5.0,1.0,11715.5458984375,221617.77386169432,12.308709437595963,72632,0.980372659489695,7.8112793,4.97056,0.5,32.85,Akwa Ibom
30121.0,5.08858328195,7.738586528650002,12.8,31.7,0.236,1924.0,1436.0,78.0,5.0,2.0,2663.162841796875,206844.7715000698,12.239723894799823,99060,1.213677727306308,7.7453613,5.080001,0.151,32.85,Akwa Ibom
30122.0,5.08858328195,7.738586528650002,12.8,31.7,0.236,1924.0,1436.0,78.0,5.0,2.0,2663.162841796875,156103.50010172525,11.95827452842848,99060,1.213677727306308,7.7453613,5.080001,0.151,32.85,Akwa Ibom
30123.0,5.08858328195,7.738586528650002,12.8,31.7,0.236,1924.0,1436.0,78.0,5.0,2.0,2663.162841796875,399983.6582946778,12.899178970992256,99060,1.213677727306308,7.7453613,5.080001,0.151,32.85,Akwa Ibom
30124.0,5.08858328195,7.738586528650002,12.8,31.7,0.236,1924.0,1436.0,78.0,5.0,2.0,2663.162841796875,138999.10378392535,11.842222764494384,99060,1.213677727306308,7.7453613,5.080001,0.151,32.85,Akwa Ibom
30125.0,5.08858328195,7.738586528650002,12.8,31.7,0.236,1924.0,1436.0,78.0,5.0,2.0,2663.162841796875,113115.98480754429,11.636168985517626,99060,1.213677727306308,7.7453613,5.080001,0.151,32.85,Akwa Ibom
30126.0,5.08858328195,7.738586528650002,12.8,31.7,0.236,1924.0,1436.0,78.0,5.0,2.0,2663.162841796875,154354.22510528564,11.947005403091683,99060,1.213677727306308,7.7453613,5.080001,0.151,32.85,Akwa Ibom
30127.0,5.08858328195,7.738586528650002,12.8,31.7,0.236,1924.0,1436.0,78.0,5.0,2.0,2663.162841796875,190141.94506835935,12.155526151524944,99060,1.213677727306308,7.7453613,5.080001,0.151,32.85,Akwa Ibom
30128.0,5.08858328195,7.738586528650002,12.8,31.7,0.236,1924.0,1436.0,78.0,5.0,2.0,2663.162841796875,222338.95023345947,12.311958299329394,99060,1.213677727306308,7.7453613,5.080001,0.151,32.85,Akwa Ibom
30129.0,5.08858328195,7.738586528650002,12.8,31.7,0.236,1924.0,1436.0,78.0,5.0,2.0,2663.162841796875,475541.4745903015,13.072209380277014,99060,1.213677727306308,7.7453613,5.080001,0.151,32.85,Akwa Ibom
30130.0,5.08858328195,7.738586528650002,12.8,31.7,0.236,1924.0,1436.0,78.0,5.0,2.0,2663.162841796875,226829.89126993815,12.331955637874271,99060,1.213677727306308,7.7453613,5.080001,0.151,32.85,Akwa Ibom
30131.0,5.276399220999999,7.72157200275,10.5,197.8,0.264,1925.0,1041.0,120.0,5.0,2.0,5871.4853515625,60752.339349801194,11.014560868277046,1344,0.21064011231069138,7.7233887,5.2769476,0.806,32.85,Akwa Ibom
30132.0,5.276399220999999,7.72157200275,10.5,197.8,0.264,1925.0,1041.0,120.0,5.0,2.0,5871.4853515625,234187.8148651123,12.36387870003522,1344,0.21064011231069138,7.7233887,5.2769476,0.806,32.85,Akwa Ibom
30133.0,5.276399220999999,7.72157200275,10.5,197.8,0.264,1925.0,1041.0,120.0,5.0,2.0,5871.4853515625,75163.16121080186,11.227416512392807,1344,0.21064011231069138,7.7233887,5.2769476,0.806,32.85,Akwa Ibom
30134.0,5.276399220999999,7.72157200275,10.5,197.8,0.264,1925.0,1041.0,120.0,5.0,2.0,5871.4853515625,151443.257963562,11.92796629888187,1344,0.21064011231069138,7.7233887,5.2769476,0.806,32.85,Akwa Ibom
30135.0,5.276399220999999,7.72157200275,10.5,197.8,0.264,1925.0,1041.0,120.0,5.0,2.0,5871.4853515625,153075.83153097972,11.938688708511572,1344,0.21064011231069138,7.7233887,5.2769476,0.806,32.85,Akwa Ibom
30137.0,5.276399220999999,7.72157200275,10.5,197.8,0.264,1925.0,1041.0,120.0,5.0,2.0,5871.4853515625,200943.58171299528,12.210779459645916,1344,0.21064011231069138,7.7233887,5.2769476,0.806,32.85,Akwa Ibom
30138.0,5.276399220999999,7.72157200275,10.5,197.8,0.264,1925.0,1041.0,120.0,5.0,2.0,5871.4853515625,91805.0198791504,11.42742225789295,1344,0.21064011231069138,7.7233887,5.2769476,0.806,32.85,Akwa Ibom
30139.0,5.276399220999999,7.72157200275,10.5,197.8,0.264,1925.0,1041.0,120.0,5.0,2.0,5871.4853515625,197306.52118301397,12.19251374358317,1344,0.21064011231069138,7.7233887,5.2769476,0.806,32.85,Akwa Ibom
30140.0,5.276399220999999,7.72157200275,10.5,197.8,0.264,1925.0,1041.0,120.0,5.0,2.0,5871.4853515625,131765.72634974887,11.788780824363648,1344,0.21064011231069138,7.7233887,5.2769476,0.806,32.85,Akwa Ibom
39001.0,4.53217252614,7.77194164434,16.9,65.3,0.099,2034.0,1082.0,11.0,5.0,2.0,875.3053588867188,231926.40698242188,12.35417538904364,46252,0.5138365009440717,7.767334,4.5326183,-0.497,32.85,Akwa Ibom
39002.0,4.53217252614,7.77194164434,16.9,65.3,0.099,2034.0,1082.0,11.0,5.0,2.0,875.3053588867188,70898.04841105144,11.168998186204158,46252,0.5138365009440717,7.767334,4.5326183,-0.497,32.85,Akwa Ibom
39003.0,4.53217252614,7.77194164434,16.9,65.3,0.099,2034.0,1082.0,11.0,5.0,2.0,875.3053588867188,80976.75245666504,11.301917385752429,46252,0.5138365009440717,7.767334,4.5326183,-0.497,32.85,Akwa Ibom
39004.0,4.53217252614,7.77194164434,16.9,65.3,0.099,2034.0,1082.0,11.0,5.0,2.0,875.3053588867188,216123.27593739823,12.28360424579888,46252,0.5138365009440717,7.767334,4.5326183,-0.497,32.85,Akwa Ibom
39005.0,4.53217252614,7.77194164434,16.9,65.3,0.099,2034.0,1082.0,11.0,5.0,2.0,875.3053588867188,361128.2502426147,12.796988438053724,46252,0.5138365009440717,7.767334,4.5326183,-0.497,32.85,Akwa Ibom
39006.0,4.53217252614,7.77194164434,16.9,65.3,0.099,2034.0,1082.0,11.0,5.0,2.0,875.3053588867188,216326.6575641632,12.284544847824703,46252,0.5138365009440717,7.767334,4.5326183,-0.497,32.85,Akwa Ibom
39007.0,4.53217252614,7.77194164434,16.9,65.3,0.099,2034.0,1082.0,11.0,5.0,2.0,875.3053588867188,151974.26830655054,11.93146649804077,46252,0.5138365009440717,7.767334,4.5326183,-0.497,32.85,Akwa Ibom
39008.0,4.53217252614,7.77194164434,16.9,65.3,0.099,2034.0,1082.0,11.0,5.0,2.0,875.3053588867188,1052477.16355896,13.866657146972129,46252,0.5138365009440717,7.767334,4.5326183,-0.497,32.85,Akwa Ibom
39009.0,4.53217252614,7.77194164434,16.9,65.3,0.099,2034.0,1082.0,11.0,5.0,2.0,875.3053588867188,235689.4751078287,12.370270434163228,46252,0.5138365009440717,7.767334,4.5326183,-0.497,32.85,Akwa Ibom
39010.0,4.53217252614,7.77194164434,16.9,65.3,0.099,2034.0,1082.0,11.0,5.0,2.0,875.3053588867188,181996.05235290527,12.11174027545504,46252,0.5138365009440717,7.767334,4.5326183,-0.497,32.85,Akwa Ibom
39012.0,5.13644440679,7.73429076676,9.7,15.8,0.243,1948.0,944.0,89.0,5.0,2.0,7811.7431640625,287970.5033149719,12.57061333482766,19350,1.584314186387414,7.7233887,5.1456567,0.9,32.85,Akwa Ibom
39013.0,5.13644440679,7.73429076676,9.7,15.8,0.243,1948.0,944.0,89.0,5.0,2.0,7811.7431640625,223742.3459014893,12.318250427290485,19350,1.584314186387414,7.7233887,5.1456567,0.9,32.85,Akwa Ibom
39014.0,5.13644440679,7.73429076676,9.7,15.8,0.243,1948.0,944.0,89.0,5.0,2.0,7811.7431640625,1230931.5221939087,14.02328177583207,19350,1.584314186387414,7.7233887,5.1456567,0.9,32.85,Akwa Ibom
39015.0,5.13644440679,7.73429076676,9.7,15.8,0.243,1948.0,944.0,89.0,5.0,2.0,7811.7431640625,204679.81936645508,12.229202180401808,19350,1.584314186387414,7.7233887,5.1456567,0.9,32.85,Akwa Ibom
39016.0,5.13644440679,7.73429076676,9.7,15.8,0.243,1948.0,944.0,89.0,5.0,2.0,7811.7431640625,228198.52110671997,12.337971235699891,19350,1.584314186387414,7.7233887,5.1456567,0.9,32.85,Akwa Ibom
39017.0,5.13644440679,7.73429076676,9.7,15.8,0.243,1948.0,944.0,89.0,5.0,2.0,7811.7431640625,194847.17166028707,12.179970795189536,19350,1.584314186387414,7.7233887,5.1456567,0.9,32.85,Akwa Ibom
39018.0,5.13644440679,7.73429076676,9.7,15.8,0.243,1948.0,944.0,89.0,5.0,2.0,7811.7431640625,80032.67473619248,11.29019026447188,19350,1.584314186387414,7.7233887,5.1456567,0.9,32.85,Akwa Ibom
39020.0,5.13644440679,7.73429076676,9.7,15.8,0.243,1948.0,944.0,89.0,5.0,2.0,7811.7431640625,207792.6894276937,12.24429617621846,19350,1.584314186387414,7.7233887,5.1456567,0.9,32.85,Akwa Ibom
39021.0,5.13644440679,7.73429076676,9.7,15.8,0.243,1948.0,944.0,89.0,5.0,2.0,7811.7431640625,252734.56102294923,12.44009505103264,19350,1.584314186387414,7.7233887,5.1456567,0.9,32.85,Akwa Ibom
39022.0,5.13644440679,7.73429076676,9.7,15.8,0.243,1948.0,944.0,89.0,5.0,2.0,7811.7431640625,69602.7230848282,11.150558970339173,19350,1.584314186387414,7.7233887,5.1456567,0.9,32.85,Akwa Ibom
39023.0,4.58148723741,7.96058958024,6.3,31.8,0.203,2130.0,1944.0,11.0,5.0,2.0,4063.12060546875,156715.4728088379,11.962187165070231,62953,0.7517096751809027,7.9650879,4.5764249,0.651,32.85,Akwa Ibom
39024.0,4.58148723741,7.96058958024,6.3,31.8,0.203,2130.0,1944.0,11.0,5.0,2.0,4063.12060546875,841088.3381652832,13.642451972874364,62953,0.7517096751809027,7.9650879,4.5764249,0.651,32.85,Akwa Ibom
39025.0,4.58148723741,7.96058958024,6.3,31.8,0.203,2130.0,1944.0,11.0,5.0,2.0,4063.12060546875,311940.2431640625,12.650566920127416,62953,0.7517096751809027,7.9650879,4.5764249,0.651,32.85,Akwa Ibom
39026.0,4.58148723741,7.96058958024,6.3,31.8,0.203,2130.0,1944.0,11.0,5.0,2.0,4063.12060546875,149090.96060180664,11.912311872501874,62953,0.7517096751809027,7.9650879,4.5764249,0.651,32.85,Akwa Ibom
39028.0,4.58148723741,7.96058958024,6.3,31.8,0.203,2130.0,1944.0,11.0,5.0,2.0,4063.12060546875,560032.4449615479,13.23574999846436,62953,0.7517096751809027,7.9650879,4.5764249,0.651,32.85,Akwa Ibom
39029.0,4.58148723741,7.96058958024,6.3,31.8,0.203,2130.0,1944.0,11.0,5.0,2.0,4063.12060546875,2140784.8593292236,14.576683076455137,62953,0.7517096751809027,7.9650879,4.5764249,0.651,32.85,Akwa Ibom
39030.0,4.58148723741,7.96058958024,6.3,31.8,0.203,2130.0,1944.0,11.0,5.0,2.0,4063.12060546875,213851.99702326456,12.273039452041496,62953,0.7517096751809027,7.9650879,4.5764249,0.651,32.85,Akwa Ibom
39031.0,4.58148723741,7.96058958024,6.3,31.8,0.203,2130.0,1944.0,11.0,5.0,2.0,4063.12060546875,437201.2084350585,12.988148799313311,62953,0.7517096751809027,7.9650879,4.5764249,0.651,32.85,Akwa Ibom
39032.0,4.58148723741,7.96058958024,6.3,31.8,0.203,2130.0,1944.0,11.0,5.0,2.0,4063.12060546875,528901.7692565919,13.178558002211252,62953,0.7517096751809027,7.9650879,4.5764249,0.651,32.85,Akwa Ibom
39033.0,4.58148723741,7.96058958024,6.3,31.8,0.203,2130.0,1944.0,11.0,5.0,2.0,4063.12060546875,144748.5441640218,11.882753337795869,62953,0.7517096751809027,7.9650879,4.5764249,0.651,32.85,Akwa Ibom
39036.0,4.92022171916,7.93002180518,0.4,53.9,0.232,1853.0,858.0,49.0,5.0,2.0,3948.26416015625,432372.2961578369,12.977042292754376,47641,1.225188915263143,7.9211426,4.9267785,0.107,32.85,Akwa Ibom
39037.0,4.92022171916,7.93002180518,0.4,53.9,0.232,1853.0,858.0,49.0,5.0,2.0,3948.26416015625,282333.92010934016,12.550845763273273,47641,1.225188915263143,7.9211426,4.9267785,0.107,32.85,Akwa Ibom
39039.0,4.92022171916,7.93002180518,0.4,53.9,0.232,1853.0,858.0,49.0,5.0,2.0,3948.26416015625,565477.1737680435,13.24542520903406,47641,1.225188915263143,7.9211426,4.9267785,0.107,32.85,Akwa Ibom
39040.0,4.92022171916,7.93002180518,0.4,53.9,0.232,1853.0,858.0,49.0,5.0,2.0,3948.26416015625,169905.46279671078,12.04299746015496,47641,1.225188915263143,7.9211426,4.9267785,0.107,32.85,Akwa Ibom
39041.0,4.92022171916,7.93002180518,0.4,53.9,0.232,1853.0,858.0,49.0,5.0,2.0,3948.26416015625,336576.8814487457,12.72658187581546,47641,1.225188915263143,7.9211426,4.9267785,0.107,32.85,Akwa Ibom
39042.0,4.92022171916,7.93002180518,0.4,53.9,0.232,1853.0,858.0,49.0,5.0,2.0,3948.26416015625,134344.26024975095,11.808160890762204,47641,1.225188915263143,7.9211426,4.9267785,0.107,32.85,Akwa Ibom
39043.0,4.92022171916,7.93002180518,0.4,53.9,0.232,1853.0,858.0,49.0,5.0,2.0,3948.26416015625,248130.40047168732,12.421709695311923,47641,1.225188915263143,7.9211426,4.9267785,0.107,32.85,Akwa Ibom
39044.0,4.92022171916,7.93002180518,0.4,53.9,0.232,1853.0,858.0,49.0,5.0,2.0,3948.26416015625,239408.81142578123,12.385927877718489,47641,1.225188915263143,7.9211426,4.9267785,0.107,32.85,Akwa Ibom
39045.0,4.92022171916,7.93002180518,0.4,53.9,0.232,1853.0,858.0,49.0,5.0,2.0,3948.26416015625,122296.95302036832,11.714207407385905,47641,1.225188915263143,7.9211426,4.9267785,0.107,32.85,Akwa Ibom
39048.0,5.06482456101,7.87470962924,2.8,107.9,0.226,1955.0,2529.0,76.0,5.0,2.0,3708.159912109375,426369.86309814453,12.963062471798812,26515,0.794376280147443,7.8771973,5.0581143,0.947,32.85,Akwa Ibom
39051.0,5.06482456101,7.87470962924,2.8,107.9,0.226,1955.0,2529.0,76.0,5.0,2.0,3708.159912109375,486593.7133178711,13.0951847896383,26515,0.794376280147443,7.8771973,5.0581143,0.947,32.85,Akwa Ibom
39052.0,5.06482456101,7.87470962924,2.8,107.9,0.226,1955.0,2529.0,76.0,5.0,2.0,3708.159912109375,133118.70367511114,11.798996517990126,26515,0.794376280147443,7.8771973,5.0581143,0.947,32.85,Akwa Ibom
39053.0,5.06482456101,7.87470962924,2.8,107.9,0.226,1955.0,2529.0,76.0,5.0,2.0,3708.159912109375,319113.6372362773,12.673302547913096,26515,0.794376280147443,7.8771973,5.0581143,0.947,32.85,Akwa Ibom
39054.0,5.06482456101,7.87470962924,2.8,107.9,0.226,1955.0,2529.0,76.0,5.0,2.0,3708.159912109375,139168.6160106659,11.843441541769106,26515,0.794376280147443,7.8771973,5.0581143,0.947,32.85,Akwa Ibom
39056.0,5.06482456101,7.87470962924,2.8,107.9,0.226,1955.0,2529.0,76.0,5.0,2.0,3708.159912109375,1060023.485290527,13.87380162177727,26515,0.794376280147443,7.8771973,5.0581143,0.947,32.85,Akwa Ibom
39057.0,5.06482456101,7.87470962924,2.8,107.9,0.226,1955.0,2529.0,76.0,5.0,2.0,3708.159912109375,183430.6998596191,12.119592217705463,26515,0.794376280147443,7.8771973,5.0581143,0.947,32.85,Akwa Ibom
39058.0,5.06482456101,7.87470962924,2.8,107.9,0.226,1955.0,2529.0,76.0,5.0,2.0,3708.159912109375,126886.55399576822,11.751048690608432,26515,0.794376280147443,7.8771973,5.0581143,0.947,32.85,Akwa Ibom
39059.0,4.68139224702,8.22883292518,1.8,227.0,0.184,2089.0,586.0,15.0,5.0,2.0,2025.5223388671875,198180.09608764647,12.196931472463143,73499,0.5036893864286172,8.2287598,4.6859294,-0.163,32.85,Akwa Ibom
39061.0,4.68139224702,8.22883292518,1.8,227.0,0.184,2089.0,586.0,15.0,5.0,2.0,2025.5223388671875,203741.23009236655,12.224605987685305,73499,0.5036893864286172,8.2287598,4.6859294,-0.163,32.85,Akwa Ibom
39062.0,4.68139224702,8.22883292518,1.8,227.0,0.184,2089.0,586.0,15.0,5.0,2.0,2025.5223388671875,108506.19615631104,11.594562557763522,73499,0.5036893864286172,8.2287598,4.6859294,-0.163,32.85,Akwa Ibom
39064.0,4.68139224702,8.22883292518,1.8,227.0,0.184,2089.0,586.0,15.0,5.0,2.0,2025.5223388671875,165882.53809416635,12.019035215027964,73499,0.5036893864286172,8.2287598,4.6859294,-0.163,32.85,Akwa Ibom
39066.0,4.68139224702,8.22883292518,1.8,227.0,0.184,2089.0,586.0,15.0,5.0,2.0,2025.5223388671875,236820.38431930545,12.375057260716607,73499,0.5036893864286172,8.2287598,4.6859294,-0.163,32.85,Akwa Ibom
39068.0,4.85957775378,8.12809986898,3.1,70.1,0.226,1947.0,726.0,50.0,5.0,1.0,2025.5223388671875,214834.14948527017,12.277621611686534,93526,1.035469822759653,8.1188965,4.8611009,-0.214,32.85,Akwa Ibom
39069.0,4.68139224702,8.22883292518,1.8,227.0,0.184,2089.0,586.0,15.0,5.0,2.0,2025.5223388671875,367187.3535842895,12.813627497005466,73499,0.5036893864286172,8.2287598,4.6859294,-0.163,32.85,Akwa Ibom
39070.0,4.68139224702,8.22883292518,1.8,227.0,0.184,2089.0,586.0,15.0,5.0,2.0,2025.5223388671875,109418.98801218667,11.6029397189202,73499,0.5036893864286172,8.2287598,4.6859294,-0.163,32.85,Akwa Ibom
39071.0,4.82668837408,7.74136862707,1.3,144.1,0.219,1781.0,620.0,42.0,5.0,2.0,2969.033447265625,173928.30326334634,12.066398443069998,97951,1.1311879105311768,7.7453613,4.8173122,-0.212,32.85,Akwa Ibom
39072.0,4.82668837408,7.74136862707,1.3,144.1,0.219,1781.0,620.0,42.0,5.0,2.0,2969.033447265625,96840.15848795572,11.480817047646646,97951,1.1311879105311768,7.7453613,4.8173122,-0.212,32.85,Akwa Ibom
39074.0,4.82668837408,7.74136862707,1.3,144.1,0.219,1781.0,620.0,42.0,5.0,2.0,2969.033447265625,266559.16662597656,12.49335151155258,97951,1.1311879105311768,7.7453613,4.8173122,-0.212,32.85,Akwa Ibom
39077.0,4.82668837408,7.74136862707,1.3,144.1,0.219,1781.0,620.0,42.0,5.0,2.0,2969.033447265625,63689.06852722168,11.061768218155962,97951,1.1311879105311768,7.7453613,4.8173122,-0.212,32.85,Akwa Ibom
39078.0,4.82668837408,7.74136862707,1.3,144.1,0.219,1781.0,620.0,42.0,5.0,2.0,2969.033447265625,547654.4818878174,13.213399859572723,97951,1.1311879105311768,7.7453613,4.8173122,-0.212,32.85,Akwa Ibom
39079.0,4.82668837408,7.74136862707,1.3,144.1,0.219,1781.0,620.0,42.0,5.0,2.0,2969.033447265625,40862.02279281616,10.61795637259942,97951,1.1311879105311768,7.7453613,4.8173122,-0.212,32.85,Akwa Ibom
39080.0,4.82668837408,7.74136862707,1.3,144.1,0.219,1781.0,620.0,42.0,5.0,2.0,2969.033447265625,72472.72316614787,11.190965537858617,97951,1.1311879105311768,7.7453613,4.8173122,-0.212,32.85,Akwa Ibom
39081.0,4.82668837408,7.74136862707,1.3,144.1,0.219,1781.0,620.0,42.0,5.0,2.0,2969.033447265625,232428.69691467285,12.356338777036749,97951,1.1311879105311768,7.7453613,4.8173122,-0.212,32.85,Akwa Ibom
39082.0,4.82668837408,7.74136862707,1.3,144.1,0.219,1781.0,620.0,42.0,5.0,2.0,2969.033447265625,215789.11026000977,12.282056868345748,97951,1.1311879105311768,7.7453613,4.8173122,-0.212,32.85,Akwa Ibom
39083.0,4.67654793575,8.04799311201,13.6,120.7,0.25,1996.0,460.0,33.0,5.0,2.0,3474.10595703125,498357.1401062012,13.119072247786097,86919,1.495641335576718,8.0529785,4.6640299,0.575,32.85,Akwa Ibom
39084.0,4.67654793575,8.04799311201,13.6,120.7,0.25,1996.0,460.0,33.0,5.0,2.0,3474.10595703125,160369.88991292316,11.98523823804582,86919,1.495641335576718,8.0529785,4.6640299,0.575,32.85,Akwa Ibom
39087.0,4.67654793575,8.04799311201,13.6,120.7,0.25,1996.0,460.0,33.0,5.0,2.0,3474.10595703125,459487.1517333984,13.037866258979768,86919,1.495641335576718,8.0529785,4.6640299,0.575,32.85,Akwa Ibom
39088.0,4.67654793575,8.04799311201,13.6,120.7,0.25,1996.0,460.0,33.0,5.0,2.0,3474.10595703125,232575.13483810425,12.356968612398408,86919,1.495641335576718,8.0529785,4.6640299,0.575,32.85,Akwa Ibom
39089.0,4.67654793575,8.04799311201,13.6,120.7,0.25,1996.0,460.0,33.0,5.0,2.0,3474.10595703125,131192.61420288085,11.784421859722189,86919,1.495641335576718,8.0529785,4.6640299,0.575,32.85,Akwa Ibom
39090.0,4.67654793575,8.04799311201,13.6,120.7,0.25,1996.0,460.0,33.0,5.0,2.0,3474.10595703125,257490.14799690247,12.458736738147785,86919,1.495641335576718,8.0529785,4.6640299,0.575,32.85,Akwa Ibom
39091.0,4.67654793575,8.04799311201,13.6,120.7,0.25,1996.0,460.0,33.0,5.0,2.0,3474.10595703125,384381.2135803223,12.85939008282448,86919,1.495641335576718,8.0529785,4.6640299,0.575,32.85,Akwa Ibom
39092.0,4.67654793575,8.04799311201,13.6,120.7,0.25,1996.0,460.0,33.0,5.0,2.0,3474.10595703125,267048.5769691467,12.495185857048034,86919,1.495641335576718,8.0529785,4.6640299,0.575,32.85,Akwa Ibom
39093.0,4.67654793575,8.04799311201,13.6,120.7,0.25,1996.0,460.0,33.0,5.0,2.0,3474.10595703125,141835.75798988342,11.862425033292148,86919,1.495641335576718,8.0529785,4.6640299,0.575,32.85,Akwa Ibom
39094.0,4.67654793575,8.04799311201,13.6,120.7,0.25,1996.0,460.0,33.0,5.0,2.0,3474.10595703125,82934.59875488281,11.325807609361071,86919,1.495641335576718,8.0529785,4.6640299,0.575,32.85,Akwa Ibom
39096.0,4.68524009619,8.11784559981,1.2,146.9,0.246,2009.0,686.0,34.0,5.0,2.0,1663.7169189453125,283229.1366043091,12.554011518999353,22723,2.3235798570919006,8.0969238,4.6859294,-0.39,32.85,Akwa Ibom
39098.0,4.68524009619,8.11784559981,1.2,146.9,0.246,2009.0,686.0,34.0,5.0,2.0,1663.7169189453125,403861.9082717895,12.90882828730408,22723,2.3235798570919006,8.0969238,4.6859294,-0.39,32.85,Akwa Ibom
39100.0,4.68524009619,8.11784559981,1.2,146.9,0.246,2009.0,686.0,34.0,5.0,2.0,1663.7169189453125,328897.47103881836,12.703501342998358,22723,2.3235798570919006,8.0969238,4.6859294,-0.39,32.85,Akwa Ibom
39101.0,4.68524009619,8.11784559981,1.2,146.9,0.246,2009.0,686.0,34.0,5.0,2.0,1663.7169189453125,166580.02025277275,12.023231075069182,22723,2.3235798570919006,8.0969238,4.6859294,-0.39,32.85,Akwa Ibom
39102.0,4.68524009619,8.11784559981,1.2,146.9,0.246,2009.0,686.0,34.0,5.0,2.0,1663.7169189453125,165812.99429066977,12.018615891897408,22723,2.3235798570919006,8.0969238,4.6859294,-0.39,32.85,Akwa Ibom
39103.0,4.68524009619,8.11784559981,1.2,146.9,0.246,2009.0,686.0,34.0,5.0,2.0,1663.7169189453125,152575.5977205549,11.935415474957406,22723,2.3235798570919006,8.0969238,4.6859294,-0.39,32.85,Akwa Ibom
39104.0,4.68524009619,8.11784559981,1.2,146.9,0.246,2009.0,686.0,34.0,5.0,2.0,1663.7169189453125,782614.4409179688,13.570395441077302,22723,2.3235798570919006,8.0969238,4.6859294,-0.39,32.85,Akwa Ibom
39105.0,4.68524009619,8.11784559981,1.2,146.9,0.246,2009.0,686.0,34.0,5.0,2.0,1663.7169189453125,134532.77040863037,11.809563094507944,22723,2.3235798570919006,8.0969238,4.6859294,-0.39,32.85,Akwa Ibom
39106.0,4.68524009619,8.11784559981,1.2,146.9,0.246,2009.0,686.0,34.0,5.0,2.0,1663.7169189453125,129694.8239440918,11.77293946159834,22723,2.3235798570919006,8.0969238,4.6859294,-0.39,32.85,Akwa Ibom
39107.0,4.93878794562,7.90031135063,19.0,166.6,0.231,1854.0,879.0,54.0,5.0,2.0,1888.02490234375,121504.70264689124,11.70770824592641,100446,1.104157137741409,7.8991699,4.9486696,0.124,32.85,Akwa Ibom
39108.0,4.93878794562,7.90031135063,19.0,166.6,0.231,1854.0,879.0,54.0,5.0,2.0,1888.02490234375,123778.59638323102,11.726249735620325,100446,1.104157137741409,7.8991699,4.9486696,0.124,32.85,Akwa Ibom
39110.0,4.93878794562,7.90031135063,19.0,166.6,0.231,1854.0,879.0,54.0,5.0,2.0,1888.02490234375,449432.98847198486,13.015742041628949,100446,1.104157137741409,7.8991699,4.9486696,0.124,32.85,Akwa Ibom
39111.0,4.93878794562,7.90031135063,19.0,166.6,0.231,1854.0,879.0,54.0,5.0,2.0,1888.02490234375,117981.4066244761,11.678282320053174,100446,1.104157137741409,7.8991699,4.9486696,0.124,32.85,Akwa Ibom
39112.0,4.93878794562,7.90031135063,19.0,166.6,0.231,1854.0,879.0,54.0,5.0,2.0,1888.02490234375,163040.0908362071,12.00175140559702,100446,1.104157137741409,7.8991699,4.9486696,0.124,32.85,Akwa Ibom
39114.0,4.93878794562,7.90031135063,19.0,166.6,0.231,1854.0,879.0,54.0,5.0,2.0,1888.02490234375,340573.07893498737,12.738385003966478,100446,1.104157137741409,7.8991699,4.9486696,0.124,32.85,Akwa Ibom
39115.0,4.93878794562,7.90031135063,19.0,166.6,0.231,1854.0,879.0,54.0,5.0,2.0,1888.02490234375,153177.41979599,11.93935213506,100446,1.104157137741409,7.8991699,4.9486696,0.124,32.85,Akwa Ibom
39116.0,4.93878794562,7.90031135063,19.0,166.6,0.231,1854.0,879.0,54.0,5.0,2.0,1888.02490234375,236550.05865478516,12.373915129018616,100446,1.104157137741409,7.8991699,4.9486696,0.124,32.85,Akwa Ibom
39117.0,4.93878794562,7.90031135063,19.0,166.6,0.231,1854.0,879.0,54.0,5.0,2.0,1888.02490234375,140175.69290733337,11.850651864138802,100446,1.104157137741409,7.8991699,4.9486696,0.124,32.85,Akwa Ibom
39118.0,4.93878794562,7.90031135063,19.0,166.6,0.231,1854.0,879.0,54.0,5.0,2.0,1888.02490234375,251510.67009989425,12.43524069346649,100446,1.104157137741409,7.8991699,4.9486696,0.124,32.85,Akwa Ibom
39119.0,4.84439170887,8.1294677252,5.8,28.7,0.229,1951.0,1221.0,45.0,5.0,2.0,2915.004150390625,313434.38289896643,12.6553453122003,48567,1.3069421373935954,8.1188965,4.8392069,0.562,32.85,Akwa Ibom
39120.0,4.84439170887,8.1294677252,5.8,28.7,0.229,1951.0,1221.0,45.0,5.0,2.0,2915.004150390625,318612.2614440918,12.671730161103891,48567,1.3069421373935954,8.1188965,4.8392069,0.562,32.85,Akwa Ibom
39121.0,4.84439170887,8.1294677252,5.8,28.7,0.229,1951.0,1221.0,45.0,5.0,2.0,2915.004150390625,144871.20100680264,11.883600357739496,48567,1.3069421373935954,8.1188965,4.8392069,0.562,32.85,Akwa Ibom
39123.0,4.84439170887,8.1294677252,5.8,28.7,0.229,1951.0,1221.0,45.0,5.0,2.0,2915.004150390625,1005637.4290618896,13.821132156191888,48567,1.3069421373935954,8.1188965,4.8392069,0.562,32.85,Akwa Ibom
39125.0,4.84439170887,8.1294677252,5.8,28.7,0.229,1951.0,1221.0,45.0,5.0,2.0,2915.004150390625,85551.11844211155,11.356869352783818,48567,1.3069421373935954,8.1188965,4.8392069,0.562,32.85,Akwa Ibom
39126.0,4.84439170887,8.1294677252,5.8,28.7,0.229,1951.0,1221.0,45.0,5.0,2.0,2915.004150390625,707425.2206026713,13.46938720765215,48567,1.3069421373935954,8.1188965,4.8392069,0.562,32.85,Akwa Ibom
39127.0,4.84439170887,8.1294677252,5.8,28.7,0.229,1951.0,1221.0,45.0,5.0,2.0,2915.004150390625,166275.66450881958,12.021402319589198,48567,1.3069421373935954,8.1188965,4.8392069,0.562,32.85,Akwa Ibom
39128.0,4.84439170887,8.1294677252,5.8,28.7,0.229,1951.0,1221.0,45.0,5.0,2.0,2915.004150390625,278018.31077575684,12.535442256603542,48567,1.3069421373935954,8.1188965,4.8392069,0.562,32.85,Akwa Ibom
39130.0,4.84439170887,8.1294677252,5.8,28.7,0.229,1951.0,1221.0,45.0,5.0,2.0,2915.004150390625,152938.49158732098,11.937791103775425,48567,1.3069421373935954,8.1188965,4.8392069,0.562,32.85,Akwa Ibom
39132.0,4.79080173948,7.71196899943,0.6,0.4,0.222,1758.0,665.0,36.0,5.0,2.0,4891.5830078125,238288.4085557726,12.381237019670328,32344,1.2784992363071361,7.701416,4.7954168,-0.17,32.85,Akwa Ibom
39133.0,4.79080173948,7.71196899943,0.6,0.4,0.222,1758.0,665.0,36.0,5.0,2.0,4891.5830078125,252733.9623413086,12.440092682213958,32344,1.2784992363071361,7.701416,4.7954168,-0.17,32.85,Akwa Ibom
39135.0,4.79080173948,7.71196899943,0.6,0.4,0.222,1758.0,665.0,36.0,5.0,2.0,4891.5830078125,158607.81346348356,11.974189852186818,32344,1.2784992363071361,7.701416,4.7954168,-0.17,32.85,Akwa Ibom
39136.0,4.79080173948,7.71196899943,0.6,0.4,0.222,1758.0,665.0,36.0,5.0,2.0,4891.5830078125,67421.67337671916,11.11872180866276,32344,1.2784992363071361,7.701416,4.7954168,-0.17,32.85,Akwa Ibom
39137.0,4.79080173948,7.71196899943,0.6,0.4,0.222,1758.0,665.0,36.0,5.0,2.0,4891.5830078125,157532.47333755493,11.96738689591665,32344,1.2784992363071361,7.701416,4.7954168,-0.17,32.85,Akwa Ibom
39138.0,4.79080173948,7.71196899943,0.6,0.4,0.222,1758.0,665.0,36.0,5.0,2.0,4891.5830078125,284930.60381889343,12.560000934228672,32344,1.2784992363071361,7.701416,4.7954168,-0.17,32.85,Akwa Ibom
39139.0,4.79080173948,7.71196899943,0.6,0.4,0.222,1758.0,665.0,36.0,5.0,2.0,4891.5830078125,148084.28724724907,11.90553689906523,32344,1.2784992363071361,7.701416,4.7954168,-0.17,32.85,Akwa Ibom
39140.0,4.79080173948,7.71196899943,0.6,0.4,0.222,1758.0,665.0,36.0,5.0,2.0,4891.5830078125,174386.10478048612,12.069027112859022,32344,1.2784992363071361,7.701416,4.7954168,-0.17,32.85,Akwa Ibom
39141.0,4.79080173948,7.71196899943,0.6,0.4,0.222,1758.0,665.0,36.0,5.0,2.0,4891.5830078125,386800.0747680664,12.865663235860293,32344,1.2784992363071361,7.701416,4.7954168,-0.17,32.85,Akwa Ibom
39142.0,4.79080173948,7.71196899943,0.6,0.4,0.222,1758.0,665.0,36.0,5.0,2.0,4891.5830078125,150824.44166782923,11.923871801447838,32344,1.2784992363071361,7.701416,4.7954168,-0.17,32.85,Akwa Ibom
39143.0,4.91126174217,7.90863720346,5.0,11.6,0.232,1841.0,750.0,52.0,5.0,2.0,1002.8217163085938,406810.6278869629,12.91610306839778,30149,1.2669131619273524,7.8991699,4.9048867,-0.109,32.85,Akwa Ibom
39144.0,4.736540812,8.26232528338,1.1,13.0,0.138,2064.0,1157.0,22.0,5.0,2.0,1002.8217163085938,100704.05027029854,11.519941299052704,91726,2.0323707565082314,8.2727051,4.751624,-0.145,32.85,Akwa Ibom
39146.0,4.736540812,8.26232528338,1.1,13.0,0.138,2064.0,1157.0,22.0,5.0,2.0,1002.8217163085938,313008.8004475911,12.653986585573008,91726,2.0323707565082314,8.2727051,4.751624,-0.145,32.85,Akwa Ibom
39147.0,4.736540812,8.26232528338,1.1,13.0,0.138,2064.0,1157.0,22.0,5.0,2.0,1002.8217163085938,552434.7561950684,13.222090617066351,91726,2.0323707565082314,8.2727051,4.751624,-0.145,32.85,Akwa Ibom
39149.0,4.736540812,8.26232528338,1.1,13.0,0.138,2064.0,1157.0,22.0,5.0,2.0,1002.8217163085938,173029.08393859863,12.061214974602146,91726,2.0323707565082314,8.2727051,4.751624,-0.145,32.85,Akwa Ibom
39150.0,4.736540812,8.26232528338,1.1,13.0,0.138,2064.0,1157.0,22.0,5.0,2.0,1002.8217163085938,137015.42355653975,11.8278487791782,91726,2.0323707565082314,8.2727051,4.751624,-0.145,32.85,Akwa Ibom
39151.0,4.736540812,8.26232528338,1.1,13.0,0.138,2064.0,1157.0,22.0,5.0,2.0,1002.8217163085938,226501.11874866489,12.330505163180732,91726,2.0323707565082314,8.2727051,4.751624,-0.145,32.85,Akwa Ibom
39152.0,4.736540812,8.26232528338,1.1,13.0,0.138,2064.0,1157.0,22.0,5.0,2.0,1002.8217163085938,203496.88563520648,12.22340597974378,91726,2.0323707565082314,8.2727051,4.751624,-0.145,32.85,Akwa Ibom
39153.0,4.736540812,8.26232528338,1.1,13.0,0.138,2064.0,1157.0,22.0,5.0,2.0,1002.8217163085938,179463.36739095053,12.097726384695568,91726,2.0323707565082314,8.2727051,4.751624,-0.145,32.85,Akwa Ibom
39154.0,4.736540812,8.26232528338,1.1,13.0,0.138,2064.0,1157.0,22.0,5.0,2.0,1002.8217163085938,173168.83753458658,12.062022337066855,91726,2.0323707565082314,8.2727051,4.751624,-0.145,32.85,Akwa Ibom
39155.0,4.7409244355,8.25424548222,4.4,18.6,0.148,2055.0,1026.0,38.0,5.0,2.0,2602.441162109375,90624.71415710448,11.4144822380235,20724,1.2500316496842772,8.2507324,4.751624,-0.106,32.85,Akwa Ibom
39156.0,4.7409244355,8.25424548222,4.4,18.6,0.148,2055.0,1026.0,38.0,5.0,2.0,2602.441162109375,184430.4252433777,12.125027572391147,20724,1.2500316496842772,8.2507324,4.751624,-0.106,32.85,Akwa Ibom
39157.0,4.7409244355,8.25424548222,4.4,18.6,0.148,2055.0,1026.0,38.0,5.0,2.0,2602.441162109375,134751.56751098635,11.811188121438176,20724,1.2500316496842772,8.2507324,4.751624,-0.106,32.85,Akwa Ibom
39158.0,4.7409244355,8.25424548222,4.4,18.6,0.148,2055.0,1026.0,38.0,5.0,2.0,2602.441162109375,108135.45907211302,11.591139970858787,20724,1.2500316496842772,8.2507324,4.751624,-0.106,32.85,Akwa Ibom
39159.0,4.7409244355,8.25424548222,4.4,18.6,0.148,2055.0,1026.0,38.0,5.0,2.0,2602.441162109375,147288.38874816892,11.900147772107909,20724,1.2500316496842772,8.2507324,4.751624,-0.106,32.85,Akwa Ibom
39160.0,4.7409244355,8.25424548222,4.4,18.6,0.148,2055.0,1026.0,38.0,5.0,2.0,2602.441162109375,166795.85292291644,12.02452590602526,20724,1.2500316496842772,8.2507324,4.751624,-0.106,32.85,Akwa Ibom
39161.0,4.7409244355,8.25424548222,4.4,18.6,0.148,2055.0,1026.0,38.0,5.0,2.0,2602.441162109375,329177.1477470398,12.704351327839213,20724,1.2500316496842772,8.2507324,4.751624,-0.106,32.85,Akwa Ibom
39162.0,4.7409244355,8.25424548222,4.4,18.6,0.148,2055.0,1026.0,38.0,5.0,2.0,2602.441162109375,317820.4074543544,12.669241745794483,20724,1.2500316496842772,8.2507324,4.751624,-0.106,32.85,Akwa Ibom
39165.0,4.7409244355,8.25424548222,4.4,18.6,0.148,2055.0,1026.0,38.0,5.0,2.0,2602.441162109375,201119.5381825765,12.2116547275932,20724,1.2500316496842772,8.2507324,4.751624,-0.106,32.85,Akwa Ibom
39166.0,4.7409244355,8.25424548222,4.4,18.6,0.148,2055.0,1026.0,38.0,5.0,2.0,2602.441162109375,52824.57796076366,10.87473185306784,20724,1.2500316496842772,8.2507324,4.751624,-0.106,32.85,Akwa Ibom
39167.0,4.97508871936,7.97210834828,1.0,126.4,0.235,1890.0,1685.0,60.0,5.0,2.0,5829.76416015625,180338.82001953124,12.10259269394461,113,0.927338358372295,7.9650879,4.97056,0.846,32.85,Akwa Ibom
39168.0,4.97508871936,7.97210834828,1.0,126.4,0.235,1890.0,1685.0,60.0,5.0,2.0,5829.76416015625,372016.8670349121,12.826694473719089,113,0.927338358372295,7.9650879,4.97056,0.846,32.85,Akwa Ibom
39169.0,4.97508871936,7.97210834828,1.0,126.4,0.235,1890.0,1685.0,60.0,5.0,2.0,5829.76416015625,614056.444152832,13.32784213149178,113,0.927338358372295,7.9650879,4.97056,0.846,32.85,Akwa Ibom
39170.0,4.97508871936,7.97210834828,1.0,126.4,0.235,1890.0,1685.0,60.0,5.0,2.0,5829.76416015625,385388.4559814453,12.862007081170372,113,0.927338358372295,7.9650879,4.97056,0.846,32.85,Akwa Ibom
39171.0,4.97508871936,7.97210834828,1.0,126.4,0.235,1890.0,1685.0,60.0,5.0,2.0,5829.76416015625,108356.1173171997,11.593178464228169,113,0.927338358372295,7.9650879,4.97056,0.846,32.85,Akwa Ibom
39174.0,4.97508871936,7.97210834828,1.0,126.4,0.235,1890.0,1685.0,60.0,5.0,2.0,5829.76416015625,255688.9207105637,12.451716831089712,113,0.927338358372295,7.9650879,4.97056,0.846,32.85,Akwa Ibom
39175.0,4.97508871936,7.97210834828,1.0,126.4,0.235,1890.0,1685.0,60.0,5.0,2.0,5829.76416015625,300817.3219579061,12.614258455696024,113,0.927338358372295,7.9650879,4.97056,0.846,32.85,Akwa Ibom
39176.0,4.97508871936,7.97210834828,1.0,126.4,0.235,1890.0,1685.0,60.0,5.0,2.0,5829.76416015625,210075.96351623535,12.255224475320402,113,0.927338358372295,7.9650879,4.97056,0.846,32.85,Akwa Ibom
39177.0,4.97508871936,7.97210834828,1.0,126.4,0.235,1890.0,1685.0,60.0,5.0,2.0,5829.76416015625,168943.64144570485,12.037320455717738,113,0.927338358372295,7.9650879,4.97056,0.846,32.85,Akwa Ibom
39178.0,4.97508871936,7.97210834828,1.0,126.4,0.235,1890.0,1685.0,60.0,5.0,2.0,5829.76416015625,121439.70122070314,11.707173132322602,113,0.927338358372295,7.9650879,4.97056,0.846,32.85,Akwa Ibom
39185.0,5.06482456101,7.87470962924,2.8,107.9,0.226,1955.0,2529.0,76.0,5.0,2.0,3708.159912109375,1137096.6468925476,13.943988770784744,26515,0.794376280147443,7.8771973,5.0581143,0.947,32.85,Akwa Ibom
39186.0,5.06482456101,7.87470962924,2.8,107.9,0.226,1955.0,2529.0,76.0,5.0,2.0,3708.159912109375,325712.5504499163,12.693770524295072,26515,0.794376280147443,7.8771973,5.0581143,0.947,32.85,Akwa Ibom
39187.0,4.68139224702,8.22883292518,1.8,227.0,0.184,2089.0,586.0,15.0,5.0,2.0,2025.5223388671875,211840.15445480347,12.26358728084118,73499,0.5036893864286172,8.2287598,4.6859294,-0.163,32.85,Akwa Ibom
39188.0,4.68139224702,8.22883292518,1.8,227.0,0.184,2089.0,586.0,15.0,5.0,2.0,2025.5223388671875,361788.0061035156,12.798813700767845,73499,0.5036893864286172,8.2287598,4.6859294,-0.163,32.85,Akwa Ibom
39190.0,4.82668837408,7.74136862707,1.3,144.1,0.219,1781.0,620.0,42.0,5.0,2.0,2969.033447265625,109352.82977549236,11.60233490391816,97951,1.1311879105311768,7.7453613,4.8173122,-0.212,32.85,Akwa Ibom
39193.0,4.68524009619,8.11784559981,1.2,146.9,0.246,2009.0,686.0,34.0,5.0,2.0,1663.7169189453125,380559.70123291016,12.84939834603362,22723,2.3235798570919006,8.0969238,4.6859294,-0.39,32.85,Akwa Ibom
39198.0,4.84439170887,8.1294677252,5.8,28.7,0.229,1951.0,1221.0,45.0,5.0,2.0,2915.004150390625,175382.57731628418,12.07472502283652,48567,1.3069421373935954,8.1188965,4.8392069,0.562,32.85,Akwa Ibom
40011.0,6.138309215809999,6.79309260454,9.5,70.7,0.292,1370.0,4734.0,68.0,4.0,1.0,16189.8369140625,218901.80618081777,12.296378534645564,100053,1.2691273015718725,6.8005371,6.1296313,1.319,23.56,Anambra
40012.0,6.138309215809999,6.79309260454,9.5,70.7,0.292,1370.0,4734.0,68.0,4.0,1.0,16189.8369140625,298779.9157752991,12.607462513700892,100053,1.2691273015718725,6.8005371,6.1296313,1.319,23.56,Anambra
40013.0,7.10305351652,6.29056822749,0.1,5.5,0.313,1041.0,1399.0,276.0,5.0,2.0,16189.8369140625,319010.4485168457,12.672979135201883,46530,1.0962861728038331,6.295166,7.1117945,0.627,22.83,Edo
40015.0,6.138309215809999,6.79309260454,9.5,70.7,0.292,1370.0,4734.0,68.0,4.0,1.0,16189.8369140625,375697.3028381348,12.836539052505508,100053,1.2691273015718725,6.8005371,6.1296313,1.319,23.56,Anambra
40017.0,6.138309215809999,6.79309260454,9.5,70.7,0.292,1370.0,4734.0,68.0,4.0,1.0,16189.8369140625,647596.8636423748,13.38102365772629,100053,1.2691273015718725,6.8005371,6.1296313,1.319,23.56,Anambra
40018.0,6.138309215809999,6.79309260454,9.5,70.7,0.292,1370.0,4734.0,68.0,4.0,1.0,16189.8369140625,177911.3014177595,12.089040398436406,100053,1.2691273015718725,6.8005371,6.1296313,1.319,23.56,Anambra
40019.0,6.138309215809999,6.79309260454,9.5,70.7,0.292,1370.0,4734.0,68.0,4.0,1.0,16189.8369140625,422490.6726023356,12.95392264885481,100053,1.2691273015718725,6.8005371,6.1296313,1.319,23.56,Anambra
40020.0,6.138309215809999,6.79309260454,9.5,70.7,0.292,1370.0,4734.0,68.0,4.0,1.0,16189.8369140625,502336.9755432128,13.12702643949794,100053,1.2691273015718725,6.8005371,6.1296313,1.319,23.56,Anambra
40171.0,6.241537587620001,6.9368284516,0.1,98.1,0.287,1379.0,3349.0,134.0,4.0,1.0,3468.31103515625,63059.270568847656,11.051830365776324,62367,0.5772667274632172,6.932373,6.2388552,1.105,23.56,Anambra
40172.0,6.241537587620001,6.9368284516,0.1,98.1,0.287,1379.0,3349.0,134.0,4.0,1.0,3468.31103515625,3117231.2508141105,14.952455746184912,62367,0.5772667274632172,6.932373,6.2388552,1.105,23.56,Anambra
40173.0,6.241537587620001,6.9368284516,0.1,98.1,0.287,1379.0,3349.0,134.0,4.0,1.0,3468.31103515625,153548.034822464,11.941768727496376,62367,0.5772667274632172,6.932373,6.2388552,1.105,23.56,Anambra
40174.0,6.241537587620001,6.9368284516,0.1,98.1,0.287,1379.0,3349.0,134.0,4.0,1.0,3468.31103515625,291124.812306722,12.581507362469292,62367,0.5772667274632172,6.932373,6.2388552,1.105,23.56,Anambra
40176.0,6.241537587620001,6.9368284516,0.1,98.1,0.287,1379.0,3349.0,134.0,4.0,1.0,3468.31103515625,316837.9342697143,12.666145673766891,62367,0.5772667274632172,6.932373,6.2388552,1.105,23.56,Anambra
40177.0,6.241537587620001,6.9368284516,0.1,98.1,0.287,1379.0,3349.0,134.0,4.0,1.0,3468.31103515625,413866.1891527176,12.93329798595539,62367,0.5772667274632172,6.932373,6.2388552,1.105,23.56,Anambra
40178.0,6.241537587620001,6.9368284516,0.1,98.1,0.287,1379.0,3349.0,134.0,4.0,1.0,3468.31103515625,107508.93756421408,11.585329263226129,62367,0.5772667274632172,6.932373,6.2388552,1.105,23.56,Anambra
40180.0,6.241537587620001,6.9368284516,0.1,98.1,0.287,1379.0,3349.0,134.0,4.0,1.0,3468.31103515625,335334.9475708008,12.722885154791552,62367,0.5772667274632172,6.932373,6.2388552,1.105,23.56,Anambra
40202.0,6.30707299833,6.97017505862,5.4,120.4,0.306,1345.0,433.0,68.0,4.0,2.0,2856.175048828125,545999.7188761393,13.210373739848045,41161,0.7446141582752063,6.9763184,6.3043786,-0.376,23.56,Anambra
40203.0,6.30707299833,6.97017505862,5.4,120.4,0.306,1345.0,433.0,68.0,4.0,2.0,2856.175048828125,216300.8310546875,12.28442545407287,41161,0.7446141582752063,6.9763184,6.3043786,-0.376,23.56,Anambra
40204.0,6.30707299833,6.97017505862,5.4,120.4,0.306,1345.0,433.0,68.0,4.0,2.0,2856.175048828125,306782.14340019226,12.63389314404408,41161,0.7446141582752063,6.9763184,6.3043786,-0.376,23.56,Anambra
40206.0,6.30707299833,6.97017505862,5.4,120.4,0.306,1345.0,433.0,68.0,4.0,2.0,2856.175048828125,258367.4201889038,12.462137960081192,41161,0.7446141582752063,6.9763184,6.3043786,-0.376,23.56,Anambra
40207.0,6.30707299833,6.97017505862,5.4,120.4,0.306,1345.0,433.0,68.0,4.0,2.0,2856.175048828125,134505.05760701495,11.809357080343188,41161,0.7446141582752063,6.9763184,6.3043786,-0.376,23.56,Anambra
40208.0,6.30707299833,6.97017505862,5.4,120.4,0.306,1345.0,433.0,68.0,4.0,2.0,2856.175048828125,280149.1071899414,12.543077266088268,41161,0.7446141582752063,6.9763184,6.3043786,-0.376,23.56,Anambra
40209.0,6.30707299833,6.97017505862,5.4,120.4,0.306,1345.0,433.0,68.0,4.0,2.0,2856.175048828125,285456.51129722595,12.56184497177238,41161,0.7446141582752063,6.9763184,6.3043786,-0.376,23.56,Anambra
40210.0,6.2076279655,7.04928735362,6.6,82.2,0.33,1411.0,2448.0,104.0,6.0,1.0,2856.175048828125,731263.4296875,13.502529042744175,95558,1.302920696523176,7.0422363,6.2170122,0.834,23.56,Anambra
49001.0,6.167916309,6.84332492011,0.4,87.3,0.29,1378.0,1958.0,91.0,4.0,2.0,6528.91455078125,266288.1597290039,12.492334308661858,2575,0.6137956172009802,6.8444824,6.1733235,0.987,23.56,Anambra
49003.0,6.33326923973,6.93579457538,5.1,60.8,0.301,1338.0,533.0,62.0,4.0,2.0,6528.91455078125,227740.3393096924,12.3359613962629,50751,0.8699678362047326,6.932373,6.326218,0.152,23.56,Anambra
49004.0,6.33326923973,6.93579457538,5.1,60.8,0.301,1338.0,533.0,62.0,4.0,2.0,6528.91455078125,336967.45673217776,12.727741637111247,50751,0.8699678362047326,6.932373,6.326218,0.152,23.56,Anambra
49005.0,6.33326923973,6.93579457538,5.1,60.8,0.301,1338.0,533.0,62.0,4.0,2.0,6528.91455078125,229545.4849065145,12.34385648015922,50751,0.8699678362047326,6.932373,6.326218,0.152,23.56,Anambra
49006.0,6.33326923973,6.93579457538,5.1,60.8,0.301,1338.0,533.0,62.0,4.0,2.0,6528.91455078125,260975.10748291016,12.47218030812778,50751,0.8699678362047326,6.932373,6.326218,0.152,23.56,Anambra
49007.0,6.33326923973,6.93579457538,5.1,60.8,0.301,1338.0,533.0,62.0,4.0,2.0,6528.91455078125,625558.3842887878,13.346399944723087,50751,0.8699678362047326,6.932373,6.326218,0.152,23.56,Anambra
49008.0,6.33326923973,6.93579457538,5.1,60.8,0.301,1338.0,533.0,62.0,4.0,2.0,6528.91455078125,172531.76097310384,12.058336620088465,50751,0.8699678362047326,6.932373,6.326218,0.152,23.56,Anambra
49009.0,6.33326923973,6.93579457538,5.1,60.8,0.301,1338.0,533.0,62.0,4.0,2.0,6528.91455078125,322293.7131729126,12.683218561478974,50751,0.8699678362047326,6.932373,6.326218,0.152,23.56,Anambra
49010.0,6.33326923973,6.93579457538,5.1,60.8,0.301,1338.0,533.0,62.0,4.0,2.0,6528.91455078125,215800.8639602661,12.28211133532117,50751,0.8699678362047326,6.932373,6.326218,0.152,23.56,Anambra
49011.0,6.33326923973,6.93579457538,5.1,60.8,0.301,1338.0,533.0,62.0,4.0,2.0,6528.91455078125,189651.1413803101,12.152941565450162,50751,0.8699678362047326,6.932373,6.326218,0.152,23.56,Anambra
49013.0,6.24955537817,7.06968516066,0.4,78.3,0.328,1384.0,824.0,101.0,4.0,2.0,6171.22021484375,658677.1791000366,13.397988828666598,33966,1.334228073073375,7.064209,6.2388552,1.104,23.56,Anambra
49015.0,6.42898240461,7.49447554911,6.6,76.6,0.285,1347.0,3427.0,212.0,4.0,1.0,6171.22021484375,568454.5140914917,13.25067657857857,80307,1.24392302075196,7.5036621,6.4354006,1.301,30.6,Enugu
49017.0,6.24955537817,7.06968516066,0.4,78.3,0.328,1384.0,824.0,101.0,4.0,2.0,6171.22021484375,225467.6958522797,12.325932172018808,33966,1.334228073073375,7.064209,6.2388552,1.104,23.56,Anambra
49018.0,6.24955537817,7.06968516066,0.4,78.3,0.328,1384.0,824.0,101.0,4.0,2.0,6171.22021484375,226515.26257324225,12.330567606064324,33966,1.334228073073375,7.064209,6.2388552,1.104,23.56,Anambra
49019.0,6.24955537817,7.06968516066,0.4,78.3,0.328,1384.0,824.0,101.0,4.0,2.0,6171.22021484375,229913.59389495847,12.345458838602832,33966,1.334228073073375,7.064209,6.2388552,1.104,23.56,Anambra
49020.0,6.24955537817,7.06968516066,0.4,78.3,0.328,1384.0,824.0,101.0,4.0,2.0,6171.22021484375,370450.3567047119,12.822474724740038,33966,1.334228073073375,7.064209,6.2388552,1.104,23.56,Anambra
49023.0,6.24955537817,7.06968516066,0.4,78.3,0.328,1384.0,824.0,101.0,4.0,2.0,6171.22021484375,232987.56738586427,12.35874037226525,33966,1.334228073073375,7.064209,6.2388552,1.104,23.56,Anambra
49024.0,6.24955537817,7.06968516066,0.4,78.3,0.328,1384.0,824.0,101.0,4.0,2.0,6171.22021484375,219369.40660400392,12.29851237591541,33966,1.334228073073375,7.064209,6.2388552,1.104,23.56,Anambra
49025.0,6.19819369931,6.93406147229,1.2,79.7,0.298,1404.0,2065.0,137.0,4.0,2.0,4403.22900390625,465053.2056274414,13.049907098728118,15763,0.38457903398276144,6.932373,6.1951683,0.072,23.56,Anambra
49026.0,6.19819369931,6.93406147229,1.2,79.7,0.298,1404.0,2065.0,137.0,4.0,2.0,4403.22900390625,203046.2696895599,12.221189161557165,15763,0.38457903398276144,6.932373,6.1951683,0.072,23.56,Anambra
49027.0,6.19819369931,6.93406147229,1.2,79.7,0.298,1404.0,2065.0,137.0,4.0,2.0,4403.22900390625,284631.3311920166,12.558950047095868,15763,0.38457903398276144,6.932373,6.1951683,0.072,23.56,Anambra
49034.0,6.19819369931,6.93406147229,1.2,79.7,0.298,1404.0,2065.0,137.0,4.0,2.0,4403.22900390625,378890.7762959798,12.845003253337412,15763,0.38457903398276144,6.932373,6.1951683,0.072,23.56,Anambra
49035.0,6.19819369931,6.93406147229,1.2,79.7,0.298,1404.0,2065.0,137.0,4.0,2.0,4403.22900390625,243111.3510142735,12.401274851991902,15763,0.38457903398276144,6.932373,6.1951683,0.072,23.56,Anambra
49036.0,6.19819369931,6.93406147229,1.2,79.7,0.298,1404.0,2065.0,137.0,4.0,2.0,4403.22900390625,376906.9429125786,12.83975360018553,15763,0.38457903398276144,6.932373,6.1951683,0.072,23.56,Anambra
49037.0,5.9221507086,6.87930509363,6.1,22.7,0.318,1452.0,1555.0,60.0,4.0,1.0,9999.8349609375,134785.26608276367,11.81143816942979,75197,1.5710498582306869,6.8884277,5.9329721,0.985,23.56,Anambra
49038.0,5.9221507086,6.87930509363,6.1,22.7,0.318,1452.0,1555.0,60.0,4.0,1.0,9999.8349609375,200864.74499511716,12.21038705006329,75197,1.5710498582306869,6.8884277,5.9329721,0.985,23.56,Anambra
49039.0,5.9221507086,6.87930509363,6.1,22.7,0.318,1452.0,1555.0,60.0,4.0,1.0,9999.8349609375,164347.40126037598,12.009737766739642,75197,1.5710498582306869,6.8884277,5.9329721,0.985,23.56,Anambra
49040.0,5.9221507086,6.87930509363,6.1,22.7,0.318,1452.0,1555.0,60.0,4.0,1.0,9999.8349609375,115767.6312133789,11.659340281846612,75197,1.5710498582306869,6.8884277,5.9329721,0.985,23.56,Anambra
49041.0,5.9221507086,6.87930509363,6.1,22.7,0.318,1452.0,1555.0,60.0,4.0,1.0,9999.8349609375,229486.11712646484,12.34359781482935,75197,1.5710498582306869,6.8884277,5.9329721,0.985,23.56,Anambra
49042.0,5.9221507086,6.87930509363,6.1,22.7,0.318,1452.0,1555.0,60.0,4.0,1.0,9999.8349609375,290157.39977491467,12.578178812567426,75197,1.5710498582306869,6.8884277,5.9329721,0.985,23.56,Anambra
49043.0,5.9221507086,6.87930509363,6.1,22.7,0.318,1452.0,1555.0,60.0,4.0,1.0,9999.8349609375,232442.85310787623,12.356399680713071,75197,1.5710498582306869,6.8884277,5.9329721,0.985,23.56,Anambra
49044.0,5.9221507086,6.87930509363,6.1,22.7,0.318,1452.0,1555.0,60.0,4.0,1.0,9999.8349609375,281206.5810546875,12.546844842110962,75197,1.5710498582306869,6.8884277,5.9329721,0.985,23.56,Anambra
49045.0,5.9221507086,6.87930509363,6.1,22.7,0.318,1452.0,1555.0,60.0,4.0,1.0,9999.8349609375,219977.43598937988,12.301280256389846,75197,1.5710498582306869,6.8884277,5.9329721,0.985,23.56,Anambra
49046.0,5.9221507086,6.87930509363,6.1,22.7,0.318,1452.0,1555.0,60.0,4.0,1.0,9999.8349609375,559441.2776107788,13.234693846106692,75197,1.5710498582306869,6.8884277,5.9329721,0.985,23.56,Anambra
49049.0,6.12127587867,6.76376152519,25.0,97.6,0.305,1367.0,7055.0,26.0,4.0,1.0,4820.55810546875,199780.4160644531,12.204974122697111,7269,1.2220995396516545,6.7565918,6.1296313,0.474,23.56,Anambra
49051.0,6.12127587867,6.76376152519,25.0,97.6,0.305,1367.0,7055.0,26.0,4.0,1.0,4820.55810546875,773397.2482910156,13.558548100211349,7269,1.2220995396516545,6.7565918,6.1296313,0.474,23.56,Anambra
49052.0,6.12127587867,6.76376152519,25.0,97.6,0.305,1367.0,7055.0,26.0,4.0,1.0,4820.55810546875,113631.50014648438,11.640716036853284,7269,1.2220995396516545,6.7565918,6.1296313,0.474,23.56,Anambra
49054.0,8.4503405354,11.1134622492,0.4,70.9,0.344,1404.0,933.0,268.0,2.0,1.0,4820.55810546875,433894.15394592285,12.980555898420551,12575,1.3649036894049578,11.1071777,8.4397714,0.164,63.35,Taraba
49055.0,6.12127587867,6.76376152519,25.0,97.6,0.305,1367.0,7055.0,26.0,4.0,1.0,4820.55810546875,438435.0177775064,12.990966887743305,7269,1.2220995396516545,6.7565918,6.1296313,0.474,23.56,Anambra
49057.0,6.12127587867,6.76376152519,25.0,97.6,0.305,1367.0,7055.0,26.0,4.0,1.0,4820.55810546875,336628.87004597986,12.72673632665674,7269,1.2220995396516545,6.7565918,6.1296313,0.474,23.56,Anambra
49058.0,6.12127587867,6.76376152519,25.0,97.6,0.305,1367.0,7055.0,26.0,4.0,1.0,4820.55810546875,216864.28840382895,12.287027037818332,7269,1.2220995396516545,6.7565918,6.1296313,0.474,23.56,Anambra
49060.0,6.12127587867,6.76376152519,25.0,97.6,0.305,1367.0,7055.0,26.0,4.0,1.0,4820.55810546875,130356.86814662388,11.778031108012884,7269,1.2220995396516545,6.7565918,6.1296313,0.474,23.56,Anambra
49063.0,6.13167629415,6.78019255758,1.1,81.3,0.295,1369.0,7573.0,34.0,4.0,1.0,30473.005859375,158076.09469223022,11.97083180804742,99021,0.29014500939856314,6.7785645,6.1296313,1.53,23.56,Anambra
49064.0,6.13167629415,6.78019255758,1.1,81.3,0.295,1369.0,7573.0,34.0,4.0,1.0,30473.005859375,335141.2485778808,12.722307359488983,99021,0.29014500939856314,6.7785645,6.1296313,1.53,23.56,Anambra
49065.0,6.13167629415,6.78019255758,1.1,81.3,0.295,1369.0,7573.0,34.0,4.0,1.0,30473.005859375,274607.1090026855,12.52309666055587,99021,0.29014500939856314,6.7785645,6.1296313,1.53,23.56,Anambra
49066.0,6.15376522022,6.85343353694,5.5,60.0,0.297,1390.0,2920.0,147.0,4.0,1.0,30473.005859375,211404.25258789063,12.261527468525738,19957,1.0255023598188642,6.8444824,6.1514779,1.483,23.56,Anambra
49067.0,6.13167629415,6.78019255758,1.1,81.3,0.295,1369.0,7573.0,34.0,6.0,1.0,30473.005859375,813729.4802932739,13.609383255957518,99021,0.29014500939856314,6.7785645,6.1296313,1.53,23.56,Anambra
49068.0,6.13167629415,6.78019255758,1.1,81.3,0.295,1369.0,7573.0,34.0,4.0,1.0,30473.005859375,344575.2584438324,12.750067802598874,99021,0.29014500939856314,6.7785645,6.1296313,1.53,23.56,Anambra
49069.0,6.13167629415,6.78019255758,1.1,81.3,0.295,1369.0,7573.0,34.0,4.0,1.0,30473.005859375,219332.33140945435,12.29834335358691,99021,0.29014500939856314,6.7785645,6.1296313,1.53,23.56,Anambra
49070.0,6.13167629415,6.78019255758,1.1,81.3,0.295,1369.0,7573.0,34.0,4.0,1.0,30473.005859375,244251.42877960205,12.405953419548522,99021,0.29014500939856314,6.7785645,6.1296313,1.53,23.56,Anambra
49071.0,6.13167629415,6.78019255758,1.1,81.3,0.295,1369.0,7573.0,34.0,4.0,1.0,30473.005859375,102971.49206107002,11.54220745279608,99021,0.29014500939856314,6.7785645,6.1296313,1.53,23.56,Anambra
49073.0,6.1489022123,6.77293883722,39.6,92.2,0.283,1358.0,2055.0,27.0,4.0,1.0,2744.561279296875,755529.9814300537,13.535174744129971,70148,0.6867864209379879,6.7785645,6.1514779,1.663,23.56,Anambra
49075.0,6.1489022123,6.77293883722,39.6,92.2,0.283,1358.0,2055.0,27.0,4.0,1.0,2744.561279296875,565315.7479858398,13.245139700024946,70148,0.6867864209379879,6.7785645,6.1514779,1.663,23.56,Anambra
49076.0,6.1489022123,6.77293883722,39.6,92.2,0.283,1358.0,2055.0,27.0,4.0,1.0,2744.561279296875,374654.9215387617,12.833760672070149,70148,0.6867864209379879,6.7785645,6.1514779,1.663,23.56,Anambra
49077.0,6.1489022123,6.77293883722,39.6,92.2,0.283,1358.0,2055.0,27.0,4.0,1.0,2744.561279296875,509013.40074539185,13.140229622780184,70148,0.6867864209379879,6.7785645,6.1514779,1.663,23.56,Anambra
49079.0,6.1489022123,6.77293883722,39.6,92.2,0.283,1358.0,2055.0,27.0,4.0,1.0,2744.561279296875,229574.6617397309,12.343983579061192,70148,0.6867864209379879,6.7785645,6.1514779,1.663,23.56,Anambra
49080.0,6.1489022123,6.77293883722,39.6,92.2,0.283,1358.0,2055.0,27.0,4.0,1.0,2744.561279296875,221990.1645380656,12.310388355990384,70148,0.6867864209379879,6.7785645,6.1514779,1.663,23.56,Anambra
49081.0,6.1489022123,6.77293883722,39.6,92.2,0.283,1358.0,2055.0,27.0,4.0,1.0,2744.561279296875,312292.6388397217,12.651695972195173,70148,0.6867864209379879,6.7785645,6.1514779,1.663,23.56,Anambra
49082.0,6.1489022123,6.77293883722,39.6,92.2,0.283,1358.0,2055.0,27.0,4.0,1.0,2744.561279296875,328603.4287826538,12.702606919048984,70148,0.6867864209379879,6.7785645,6.1514779,1.663,23.56,Anambra
49083.0,6.1489022123,6.77293883722,39.6,92.2,0.283,1358.0,2055.0,27.0,4.0,1.0,2744.561279296875,176362.91333389282,12.080299158579551,70148,0.6867864209379879,6.7785645,6.1514779,1.663,23.56,Anambra
49085.0,6.03767289495,7.08367037529,2.1,65.3,0.317,1455.0,2177.0,279.0,4.0,1.0,9494.5283203125,138840.7847290039,11.841083121998096,67792,0.5781403564809341,7.0861816,6.042236,0.427,23.56,Anambra
49086.0,6.03767289495,7.08367037529,2.1,65.3,0.317,1455.0,2177.0,279.0,4.0,1.0,9494.5283203125,243841.43335342407,12.404273429717014,67792,0.5781403564809341,7.0861816,6.042236,0.427,23.56,Anambra
49088.0,6.15530969443,6.87191649445,48.7,61.5,0.298,1398.0,2769.0,139.0,4.0,1.0,9494.5283203125,354780.2368825277,12.779253825731212,66515,0.7405412055454244,6.8664551,6.1514779,0.677,23.56,Anambra
49089.0,6.03767289495,7.08367037529,2.1,65.3,0.317,1455.0,2177.0,279.0,4.0,1.0,9494.5283203125,274902.2855052948,12.524170988070376,67792,0.5781403564809341,7.0861816,6.042236,0.427,23.56,Anambra
49090.0,6.03767289495,7.08367037529,2.1,65.3,0.317,1455.0,2177.0,279.0,4.0,1.0,9494.5283203125,205607.0812110901,12.233722253658229,67792,0.5781403564809341,7.0861816,6.042236,0.427,23.56,Anambra
49091.0,6.03767289495,7.08367037529,2.1,65.3,0.317,1455.0,2177.0,279.0,4.0,1.0,9494.5283203125,184225.86674118045,12.123917820420878,67792,0.5781403564809341,7.0861816,6.042236,0.427,23.56,Anambra
49093.0,6.03767289495,7.08367037529,2.1,65.3,0.317,1455.0,2177.0,279.0,4.0,1.0,9494.5283203125,463883.20794677734,13.04738809251361,67792,0.5781403564809341,7.0861816,6.042236,0.427,23.56,Anambra
49094.0,6.03767289495,7.08367037529,2.1,65.3,0.317,1455.0,2177.0,279.0,4.0,1.0,9494.5283203125,260808.2559265137,12.471540764693534,67792,0.5781403564809341,7.0861816,6.042236,0.427,23.56,Anambra
49095.0,6.03767289495,7.08367037529,2.1,65.3,0.317,1455.0,2177.0,279.0,4.0,1.0,9494.5283203125,265758.94131469727,12.490344941225011,67792,0.5781403564809341,7.0861816,6.042236,0.427,23.56,Anambra
49097.0,5.98187376422,7.25418054548,2.6,84.9,0.303,1485.0,1144.0,196.0,4.0,1.0,11385.001953125,218431.23541259769,12.294226531915054,35860,1.038530097232949,7.2619629,5.9766803,-0.135,23.56,Anambra
49098.0,5.98187376422,7.25418054548,2.6,84.9,0.303,1485.0,1144.0,196.0,4.0,1.0,11385.001953125,752038.1367492676,13.530542315408402,35860,1.038530097232949,7.2619629,5.9766803,-0.135,23.56,Anambra
49100.0,5.98187376422,7.25418054548,2.6,84.9,0.303,1485.0,1144.0,196.0,4.0,1.0,11385.001953125,174217.56897103446,12.068060193487412,35860,1.038530097232949,7.2619629,5.9766803,-0.135,23.56,Anambra
49101.0,5.98187376422,7.25418054548,2.6,84.9,0.303,1485.0,1144.0,196.0,4.0,1.0,11385.001953125,168089.0742778778,12.032249321911888,35860,1.038530097232949,7.2619629,5.9766803,-0.135,23.56,Anambra
49102.0,5.98187376422,7.25418054548,2.6,84.9,0.303,1485.0,1144.0,196.0,4.0,1.0,11385.001953125,401174.9364929199,12.90215286176486,35860,1.038530097232949,7.2619629,5.9766803,-0.135,23.56,Anambra
49103.0,5.98187376422,7.25418054548,2.6,84.9,0.303,1485.0,1144.0,196.0,4.0,1.0,11385.001953125,82139.72506713867,11.31617704037978,35860,1.038530097232949,7.2619629,5.9766803,-0.135,23.56,Anambra
49104.0,5.98187376422,7.25418054548,2.6,84.9,0.303,1485.0,1144.0,196.0,4.0,1.0,11385.001953125,266536.5745910645,12.49326675366322,35860,1.038530097232949,7.2619629,5.9766803,-0.135,23.56,Anambra
49105.0,5.98187376422,7.25418054548,2.6,84.9,0.303,1485.0,1144.0,196.0,4.0,1.0,11385.001953125,244205.4026743571,12.405764964387624,35860,1.038530097232949,7.2619629,5.9766803,-0.135,23.56,Anambra
49106.0,5.98187376422,7.25418054548,2.6,84.9,0.303,1485.0,1144.0,196.0,4.0,1.0,11385.001953125,327862.76917266846,12.700350413149463,35860,1.038530097232949,7.2619629,5.9766803,-0.135,23.56,Anambra
49108.0,5.98187376422,7.25418054548,2.6,84.9,0.303,1485.0,1144.0,196.0,4.0,1.0,11385.001953125,126879.26964569092,11.75099128059179,35860,1.038530097232949,7.2619629,5.9766803,-0.135,23.56,Anambra
49111.0,6.24955537817,7.06968516066,0.4,78.3,0.328,1384.0,824.0,101.0,4.0,2.0,6171.22021484375,210791.80893249513,12.258626237837914,33966,1.334228073073375,7.064209,6.2388552,1.104,23.56,Anambra
49112.0,6.24955537817,7.06968516066,0.4,78.3,0.328,1384.0,824.0,101.0,4.0,2.0,6171.22021484375,257768.5291239421,12.459817287264128,33966,1.334228073073375,7.064209,6.2388552,1.104,23.56,Anambra
49113.0,6.19819369931,6.93406147229,1.2,79.7,0.298,1404.0,2065.0,137.0,4.0,2.0,4403.22900390625,282906.4256088257,12.552871470389174,15763,0.38457903398276144,6.932373,6.1951683,0.072,23.56,Anambra
49114.0,6.19819369931,6.93406147229,1.2,79.7,0.298,1404.0,2065.0,137.0,4.0,2.0,4403.22900390625,202102.74707641604,12.216531495958492,15763,0.38457903398276144,6.932373,6.1951683,0.072,23.56,Anambra
49117.0,6.12127587867,6.76376152519,25.0,97.6,0.305,1367.0,7055.0,26.0,4.0,1.0,4820.55810546875,384586.8488788605,12.859924917269444,7269,1.2220995396516545,6.7565918,6.1296313,0.474,23.56,Anambra
49118.0,6.12127587867,6.76376152519,25.0,97.6,0.305,1367.0,7055.0,26.0,4.0,1.0,4820.55810546875,625888.1185302734,13.346926909716592,7269,1.2220995396516545,6.7565918,6.1296313,0.474,23.56,Anambra
49122.0,6.1489022123,6.77293883722,39.6,92.2,0.283,1358.0,2055.0,27.0,4.0,1.0,2744.561279296875,136828.9983959198,11.826487238285088,70148,0.6867864209379879,6.7785645,6.1514779,1.663,23.56,Anambra
49124.0,6.03767289495,7.08367037529,2.1,65.3,0.317,1455.0,2177.0,279.0,4.0,1.0,9494.5283203125,231548.33513259888,12.352543921784145,67792,0.5781403564809341,7.0861816,6.042236,0.427,23.56,Anambra
49126.0,6.51682030853,6.95972221156,1.7,65.7,0.327,1289.0,1556.0,46.0,4.0,1.0,2856.33056640625,226088.5428588867,12.32868198408912,7712,0.8868208681804163,6.9543457,6.5227299,0.74,23.56,Anambra
49129.0,6.51682030853,6.95972221156,1.7,65.7,0.327,1289.0,1556.0,46.0,4.0,1.0,2856.33056640625,362224.3112182617,12.80001894315702,7712,0.8868208681804163,6.9543457,6.5227299,0.74,23.56,Anambra
49130.0,6.51682030853,6.95972221156,1.7,65.7,0.327,1289.0,1556.0,46.0,4.0,1.0,2856.33056640625,275205.6300548207,12.525273842880102,7712,0.8868208681804163,6.9543457,6.5227299,0.74,23.56,Anambra
49131.0,6.51682030853,6.95972221156,1.7,65.7,0.327,1289.0,1556.0,46.0,4.0,1.0,2856.33056640625,234002.35214233404,12.363086446179636,7712,0.8868208681804163,6.9543457,6.5227299,0.74,23.56,Anambra
49132.0,6.51682030853,6.95972221156,1.7,65.7,0.327,1289.0,1556.0,46.0,4.0,1.0,2856.33056640625,317562.0311322893,12.668428451876943,7712,0.8868208681804163,6.9543457,6.5227299,0.74,23.56,Anambra
49133.0,6.51682030853,6.95972221156,1.7,65.7,0.327,1289.0,1556.0,46.0,4.0,1.0,2856.33056640625,275809.0883810861,12.527464196594224,7712,0.8868208681804163,6.9543457,6.5227299,0.74,23.56,Anambra
49134.0,6.51682030853,6.95972221156,1.7,65.7,0.327,1289.0,1556.0,46.0,4.0,1.0,2856.33056640625,651506.7005138397,13.387042960242944,7712,0.8868208681804163,6.9543457,6.5227299,0.74,23.56,Anambra
49135.0,6.51682030853,6.95972221156,1.7,65.7,0.327,1289.0,1556.0,46.0,4.0,1.0,2856.33056640625,234522.0376548767,12.365304839659188,7712,0.8868208681804163,6.9543457,6.5227299,0.74,23.56,Anambra
49136.0,6.51682030853,6.95972221156,1.7,65.7,0.327,1289.0,1556.0,46.0,4.0,1.0,2856.33056640625,163188.7800975981,12.002662969746822,7712,0.8868208681804163,6.9543457,6.5227299,0.74,23.56,Anambra
49137.0,6.51682030853,6.95972221156,1.7,65.7,0.327,1289.0,1556.0,46.0,4.0,1.0,2856.33056640625,155371.24451446533,11.953572658058892,7712,0.8868208681804163,6.9543457,6.5227299,0.74,23.56,Anambra
50001.0,10.0746622967,9.60863965762,13.2,99.3,0.309,1045.0,156.0,592.0,2.0,2.0,3861.2998046875,80742.92886352539,11.299025668997023,5464,1.056610169152624,9.6130371,10.0662199,-0.136,59.29,Bauchi
50002.0,10.0746622967,9.60863965762,13.2,99.3,0.309,1045.0,156.0,592.0,2.0,2.0,3861.2998046875,58506.38732147217,10.976891212242132,5464,1.056610169152624,9.6130371,10.0662199,-0.136,59.29,Bauchi
50003.0,10.0746622967,9.60863965762,13.2,99.3,0.309,1045.0,156.0,592.0,2.0,2.0,3861.2998046875,101199.30892181396,11.524847206976355,5464,1.056610169152624,9.6130371,10.0662199,-0.136,59.29,Bauchi
50004.0,10.0746622967,9.60863965762,13.2,99.3,0.309,1045.0,156.0,592.0,2.0,2.0,3861.2998046875,81957.5940322876,11.313957246532592,5464,1.056610169152624,9.6130371,10.0662199,-0.136,59.29,Bauchi
50005.0,10.0746622967,9.60863965762,13.2,99.3,0.309,1045.0,156.0,592.0,2.0,2.0,3861.2998046875,46141.85317993164,10.739475695202318,5464,1.056610169152624,9.6130371,10.0662199,-0.136,59.29,Bauchi
50006.0,10.0746622967,9.60863965762,13.2,99.3,0.309,1045.0,156.0,592.0,2.0,2.0,3861.2998046875,82281.62654331753,11.31790311196379,5464,1.056610169152624,9.6130371,10.0662199,-0.136,59.29,Bauchi
50007.0,10.0746622967,9.60863965762,13.2,99.3,0.309,1045.0,156.0,592.0,2.0,2.0,3861.2998046875,56537.43740505642,10.942658306645203,5464,1.056610169152624,9.6130371,10.0662199,-0.136,59.29,Bauchi
50008.0,10.0746622967,9.60863965762,13.2,99.3,0.309,1045.0,156.0,592.0,2.0,2.0,3861.2998046875,111541.72294921876,11.622153996742108,5464,1.056610169152624,9.6130371,10.0662199,-0.136,59.29,Bauchi
50009.0,10.0746622967,9.60863965762,13.2,99.3,0.309,1045.0,156.0,592.0,2.0,2.0,3861.2998046875,64255.12072753906,11.070616699621104,5464,1.056610169152624,9.6130371,10.0662199,-0.136,59.29,Bauchi
50031.0,10.237416779599998,10.1316668985,5.3,84.6,0.311,898.0,193.0,550.0,2.0,2.0,3350.51025390625,80283.93957519531,11.293324874640907,9919,0.988394936766041,10.1403809,10.2392486,0.033,59.29,Bauchi
50032.0,10.237416779599998,10.1316668985,5.3,84.6,0.311,898.0,193.0,550.0,2.0,2.0,3350.51025390625,89318.15454101561,11.399960044533929,9919,0.988394936766041,10.1403809,10.2392486,0.033,59.29,Bauchi
50033.0,10.237416779599998,10.1316668985,5.3,84.6,0.311,898.0,193.0,550.0,2.0,2.0,3350.51025390625,182070.07397460935,12.112146913795558,9919,0.988394936766041,10.1403809,10.2392486,0.033,59.29,Bauchi
50034.0,10.237416779599998,10.1316668985,5.3,84.6,0.311,898.0,193.0,550.0,2.0,2.0,3350.51025390625,49785.757023737984,10.815484218566532,9919,0.988394936766041,10.1403809,10.2392486,0.033,59.29,Bauchi
50035.0,10.237416779599998,10.1316668985,5.3,84.6,0.311,898.0,193.0,550.0,2.0,2.0,3350.51025390625,136848.75328911678,11.826631604373375,9919,0.988394936766041,10.1403809,10.2392486,0.033,59.29,Bauchi
50036.0,10.237416779599998,10.1316668985,5.3,84.6,0.311,898.0,193.0,550.0,2.0,2.0,3350.51025390625,95753.5866279602,11.469533364596808,9919,0.988394936766041,10.1403809,10.2392486,0.033,59.29,Bauchi
50037.0,10.237416779599998,10.1316668985,5.3,84.6,0.311,898.0,193.0,550.0,2.0,2.0,3350.51025390625,72438.3176651001,11.190490687888634,9919,0.988394936766041,10.1403809,10.2392486,0.033,59.29,Bauchi
50038.0,10.237416779599998,10.1316668985,5.3,84.6,0.311,898.0,193.0,550.0,2.0,2.0,3350.51025390625,97096.76905822752,11.483463379351225,9919,0.988394936766041,10.1403809,10.2392486,0.033,59.29,Bauchi
50039.0,10.237416779599998,10.1316668985,5.3,84.6,0.311,898.0,193.0,550.0,2.0,2.0,3350.51025390625,165974.39590115016,12.01958881388289,9919,0.988394936766041,10.1403809,10.2392486,0.033,59.29,Bauchi
50040.0,10.237416779599998,10.1316668985,5.3,84.6,0.311,898.0,193.0,550.0,2.0,2.0,3350.51025390625,92181.81618010694,11.431518168620078,9919,0.988394936766041,10.1403809,10.2392486,0.033,59.29,Bauchi
50051.0,10.6546031992,10.473763951500002,13.1,74.4,0.305,890.0,78.0,333.0,2.0,2.0,828.726806640625,86639.95002136231,11.369516304820625,80217,0.6784169676566051,10.4699707,10.6498109,-0.517,59.29,Bauchi
50052.0,10.6546031992,10.473763951500002,13.1,74.4,0.305,890.0,78.0,333.0,2.0,2.0,828.726806640625,127801.71796264648,11.75823526342244,80217,0.6784169676566051,10.4699707,10.6498109,-0.517,59.29,Bauchi
50053.0,10.6546031992,10.473763951500002,13.1,74.4,0.305,890.0,78.0,333.0,2.0,2.0,828.726806640625,80335.57353101458,11.293967809694058,80217,0.6784169676566051,10.4699707,10.6498109,-0.517,59.29,Bauchi
50054.0,10.6546031992,10.473763951500002,13.1,74.4,0.305,890.0,78.0,333.0,2.0,2.0,828.726806640625,77443.96996307373,11.257309985655484,80217,0.6784169676566051,10.4699707,10.6498109,-0.517,59.29,Bauchi
50055.0,10.6546031992,10.473763951500002,13.1,74.4,0.305,890.0,78.0,333.0,2.0,2.0,828.726806640625,105206.02111925396,11.563675812621783,80217,0.6784169676566051,10.4699707,10.6498109,-0.517,59.29,Bauchi
50056.0,10.6546031992,10.473763951500002,13.1,74.4,0.305,890.0,78.0,333.0,2.0,2.0,828.726806640625,172719.92911783856,12.059426654800918,80217,0.6784169676566051,10.4699707,10.6498109,-0.517,59.29,Bauchi
50057.0,10.6546031992,10.473763951500002,13.1,74.4,0.305,890.0,78.0,333.0,2.0,2.0,828.726806640625,87245.48767961774,11.376481121588244,80217,0.6784169676566051,10.4699707,10.6498109,-0.517,59.29,Bauchi
50058.0,10.6546031992,10.473763951500002,13.1,74.4,0.305,890.0,78.0,333.0,2.0,2.0,828.726806640625,103461.93579355876,11.546959053933003,80217,0.6784169676566051,10.4699707,10.6498109,-0.517,59.29,Bauchi
50059.0,10.6546031992,10.473763951500002,13.1,74.4,0.305,890.0,78.0,333.0,2.0,2.0,828.726806640625,49446.84660967658,10.808653565749092,80217,0.6784169676566051,10.4699707,10.6498109,-0.517,59.29,Bauchi
50060.0,10.6546031992,10.473763951500002,13.1,74.4,0.305,890.0,78.0,333.0,2.0,2.0,828.726806640625,125127.07295735678,11.737085083572053,80217,0.6784169676566051,10.4699707,10.6498109,-0.517,59.29,Bauchi
50091.0,10.907719355,10.0246378001,0.2,125.8,0.31,919.0,52.0,514.0,2.0,2.0,5016.93701171875,101990.48842478322,11.532634837180868,6599,0.6641991727467269,10.0305176,10.90883,-0.735,59.29,Bauchi
50092.0,10.907719355,10.0246378001,0.2,125.8,0.31,919.0,52.0,514.0,2.0,2.0,5016.93701171875,78747.71925492719,11.274004594426282,6599,0.6641991727467269,10.0305176,10.90883,-0.735,59.29,Bauchi
50093.0,10.907719355,10.0246378001,0.2,125.8,0.31,919.0,52.0,514.0,2.0,2.0,5016.93701171875,83126.60402170818,11.328120074273732,6599,0.6641991727467269,10.0305176,10.90883,-0.735,59.29,Bauchi
50094.0,10.907719355,10.0246378001,0.2,125.8,0.31,919.0,52.0,514.0,2.0,2.0,5016.93701171875,76233.32700195315,11.241554008290112,6599,0.6641991727467269,10.0305176,10.90883,-0.735,59.29,Bauchi
50095.0,10.907719355,10.0246378001,0.2,125.8,0.31,919.0,52.0,514.0,2.0,2.0,5016.93701171875,89641.41017913817,11.403572659374548,6599,0.6641991727467269,10.0305176,10.90883,-0.735,59.29,Bauchi
50096.0,10.907719355,10.0246378001,0.2,125.8,0.31,919.0,52.0,514.0,2.0,2.0,5016.93701171875,110565.76452636716,11.61336577699076,6599,0.6641991727467269,10.0305176,10.90883,-0.735,59.29,Bauchi
50097.0,10.907719355,10.0246378001,0.2,125.8,0.31,919.0,52.0,514.0,2.0,2.0,5016.93701171875,139626.65658569336,11.846727400836077,6599,0.6641991727467269,10.0305176,10.90883,-0.735,59.29,Bauchi
50098.0,10.907719355,10.0246378001,0.2,125.8,0.31,919.0,52.0,514.0,2.0,2.0,5016.93701171875,113923.13456929525,11.64327924179829,6599,0.6641991727467269,10.0305176,10.90883,-0.735,59.29,Bauchi
50099.0,10.907719355,10.0246378001,0.2,125.8,0.31,919.0,52.0,514.0,2.0,2.0,5016.93701171875,69114.02754810877,11.143512992743895,6599,0.6641991727467269,10.0305176,10.90883,-0.735,59.29,Bauchi
50100.0,10.907719355,10.0246378001,0.2,125.8,0.31,919.0,52.0,514.0,2.0,2.0,5016.93701171875,28319.750738486266,10.251314746161798,6599,0.6641991727467269,10.0305176,10.90883,-0.735,59.29,Bauchi
50131.0,10.3669816879,9.502707258019996,12.0,20.3,0.316,1089.0,44.0,671.0,2.0,2.0,3646.143310546875,66603.8220427542,11.106517242911194,74337,0.22543268749816892,9.5031738,10.3689583,-0.579,59.29,Bauchi
50132.0,10.3669816879,9.502707258019996,12.0,20.3,0.316,1089.0,44.0,671.0,2.0,2.0,3646.143310546875,169631.31986236572,12.041382654290516,74337,0.22543268749816892,9.5031738,10.3689583,-0.579,59.29,Bauchi
50133.0,10.3669816879,9.502707258019996,12.0,20.3,0.316,1089.0,44.0,671.0,2.0,2.0,3646.143310546875,84124.02759660994,11.340047507850326,74337,0.22543268749816892,9.5031738,10.3689583,-0.579,59.29,Bauchi
50134.0,10.3669816879,9.502707258019996,12.0,20.3,0.316,1089.0,44.0,671.0,2.0,2.0,3646.143310546875,108909.88528442384,11.598276078762996,74337,0.22543268749816892,9.5031738,10.3689583,-0.579,59.29,Bauchi
50135.0,10.3669816879,9.502707258019996,12.0,20.3,0.316,1089.0,44.0,671.0,2.0,2.0,3646.143310546875,92943.3216203962,11.43974514140636,74337,0.22543268749816892,9.5031738,10.3689583,-0.579,59.29,Bauchi
50136.0,10.3669816879,9.502707258019996,12.0,20.3,0.316,1089.0,44.0,671.0,2.0,2.0,3646.143310546875,72041.19374847412,11.18499336978661,74337,0.22543268749816892,9.5031738,10.3689583,-0.579,59.29,Bauchi
50137.0,10.3669816879,9.502707258019996,12.0,20.3,0.316,1089.0,44.0,671.0,2.0,2.0,3646.143310546875,61770.302081298825,11.031177979098883,74337,0.22543268749816892,9.5031738,10.3689583,-0.579,59.29,Bauchi
50138.0,10.3669816879,9.502707258019996,12.0,20.3,0.316,1089.0,44.0,671.0,2.0,2.0,3646.143310546875,64619.9920501709,11.0762791163542,74337,0.22543268749816892,9.5031738,10.3689583,-0.579,59.29,Bauchi
50139.0,10.3669816879,9.502707258019996,12.0,20.3,0.316,1089.0,44.0,671.0,2.0,2.0,3646.143310546875,89884.61815185547,11.406282106286094,74337,0.22543268749816892,9.5031738,10.3689583,-0.579,59.29,Bauchi
50140.0,9.91672751719,8.88729172616,9.2,67.4,0.266,1430.0,4683.0,1205.0,1.0,1.0,3646.143310546875,205809.6160888672,12.234706826698009,36578,0.23164563355304738,8.8879395,9.9147437,1.714,54.3,Plateau
50151.0,10.286224686,9.63766289493,4.7,93.1,0.303,1050.0,44.0,664.0,2.0,2.0,4832.69482421875,366762.41410319007,12.812469544384486,51986,0.5084063815311608,9.6350098,10.2824911,-0.636,59.29,Bauchi
50152.0,10.286224686,9.63766289493,4.7,93.1,0.303,1050.0,44.0,664.0,2.0,2.0,4832.69482421875,65084.10878961736,11.083435693784107,51986,0.5084063815311608,9.6350098,10.2824911,-0.636,59.29,Bauchi
50153.0,10.286224686,9.63766289493,4.7,93.1,0.303,1050.0,44.0,664.0,2.0,2.0,4832.69482421875,82403.95093027751,11.319388662931065,51986,0.5084063815311608,9.6350098,10.2824911,-0.636,59.29,Bauchi
50154.0,10.286224686,9.63766289493,4.7,93.1,0.303,1050.0,44.0,664.0,2.0,2.0,4832.69482421875,46205.229382711754,10.7408482607663,51986,0.5084063815311608,9.6350098,10.2824911,-0.636,59.29,Bauchi
50155.0,10.286224686,9.63766289493,4.7,93.1,0.303,1050.0,44.0,664.0,2.0,2.0,4832.69482421875,65783.9298324585,11.094130860014788,51986,0.5084063815311608,9.6350098,10.2824911,-0.636,59.29,Bauchi
50156.0,10.286224686,9.63766289493,4.7,93.1,0.303,1050.0,44.0,664.0,2.0,2.0,4832.69482421875,128292.99462890626,11.762071947623584,51986,0.5084063815311608,9.6350098,10.2824911,-0.636,59.29,Bauchi
50157.0,10.286224686,9.63766289493,4.7,93.1,0.303,1050.0,44.0,664.0,2.0,2.0,4832.69482421875,80248.35581383338,11.292881552481232,51986,0.5084063815311608,9.6350098,10.2824911,-0.636,59.29,Bauchi
50158.0,10.286224686,9.63766289493,4.7,93.1,0.303,1050.0,44.0,664.0,2.0,2.0,4832.69482421875,73828.88200160436,11.209505289064444,51986,0.5084063815311608,9.6350098,10.2824911,-0.636,59.29,Bauchi
50159.0,10.286224686,9.63766289493,4.7,93.1,0.303,1050.0,44.0,664.0,2.0,2.0,4832.69482421875,57153.621033393014,10.953498027380144,51986,0.5084063815311608,9.6350098,10.2824911,-0.636,59.29,Bauchi
50160.0,10.286224686,9.63766289493,4.7,93.1,0.303,1050.0,44.0,664.0,2.0,2.0,4832.69482421875,90186.54110717772,11.40963548324546,51986,0.5084063815311608,9.6350098,10.2824911,-0.636,59.29,Bauchi
50161.0,12.0796024717,10.295721926400002,3.6,4.8,0.263,612.0,160.0,370.0,2.0,2.0,2241.450927734375,67559.35459291685,11.120761817781329,67803,0.9096040939654216,10.2941895,12.0715524,-0.847,59.29,Bauchi
50162.0,12.0796024717,10.295721926400002,3.6,4.8,0.263,612.0,160.0,370.0,2.0,2.0,2241.450927734375,52583.56867041954,10.870158967232522,67803,0.9096040939654216,10.2941895,12.0715524,-0.847,59.29,Bauchi
50163.0,12.0796024717,10.295721926400002,3.6,4.8,0.263,612.0,160.0,370.0,2.0,2.0,2241.450927734375,70147.77673339844,11.158359391990574,67803,0.9096040939654216,10.2941895,12.0715524,-0.847,59.29,Bauchi
50164.0,12.0796024717,10.295721926400002,3.6,4.8,0.263,612.0,160.0,370.0,2.0,2.0,2241.450927734375,69856.33701324463,11.154196083737435,67803,0.9096040939654216,10.2941895,12.0715524,-0.847,59.29,Bauchi
50165.0,12.0796024717,10.295721926400002,3.6,4.8,0.263,612.0,160.0,370.0,2.0,2.0,2241.450927734375,71048.66035970052,11.171120278452356,67803,0.9096040939654216,10.2941895,12.0715524,-0.847,59.29,Bauchi
50166.0,12.0796024717,10.295721926400002,3.6,4.8,0.263,612.0,160.0,370.0,2.0,2.0,2241.450927734375,38008.581492106125,10.545567241952686,67803,0.9096040939654216,10.2941895,12.0715524,-0.847,59.29,Bauchi
50167.0,12.0796024717,10.295721926400002,3.6,4.8,0.263,612.0,160.0,370.0,2.0,2.0,2241.450927734375,58440.413119845914,10.975762934967744,67803,0.9096040939654216,10.2941895,12.0715524,-0.847,59.29,Bauchi
50168.0,12.0796024717,10.295721926400002,3.6,4.8,0.263,612.0,160.0,370.0,2.0,2.0,2241.450927734375,120085.27604747957,11.69595740311259,67803,0.9096040939654216,10.2941895,12.0715524,-0.847,59.29,Bauchi
50169.0,12.0796024717,10.295721926400002,3.6,4.8,0.263,612.0,160.0,370.0,2.0,2.0,2241.450927734375,92811.03730604384,11.43832084818945,67803,0.9096040939654216,10.2941895,12.0715524,-0.847,59.29,Bauchi
50170.0,12.0796024717,10.295721926400002,3.6,4.8,0.263,612.0,160.0,370.0,2.0,2.0,2241.450927734375,107970.56727600098,11.589613943742396,67803,0.9096040939654216,10.2941895,12.0715524,-0.847,59.29,Bauchi
59003.0,10.2565219247,9.7741729458,2.6,71.1,0.318,991.0,1459.0,624.0,2.0,1.0,679.9779663085938,948016.707382202,13.762127404902747,36864,0.9457793276291389,9.7668457,10.2608706,0.267,59.29,Bauchi
59004.0,10.2565219247,9.7741729458,2.6,71.1,0.318,991.0,1459.0,624.0,2.0,1.0,679.9779663085938,514357.0306739807,13.150672915512088,36864,0.9457793276291389,9.7668457,10.2608706,0.267,59.29,Bauchi
59005.0,10.2565219247,9.7741729458,2.6,71.1,0.318,991.0,1459.0,624.0,2.0,1.0,679.9779663085938,433736.0544143677,12.980191458520276,36864,0.9457793276291389,9.7668457,10.2608706,0.267,59.29,Bauchi
59006.0,10.2565219247,9.7741729458,2.6,71.1,0.318,991.0,1459.0,624.0,2.0,1.0,679.9779663085938,137912.09574868338,11.834371773848336,36864,0.9457793276291389,9.7668457,10.2608706,0.267,59.29,Bauchi
59007.0,10.2565219247,9.7741729458,2.6,71.1,0.318,991.0,1459.0,624.0,2.0,1.0,679.9779663085938,263053.4209798177,12.480112412129769,36864,0.9457793276291389,9.7668457,10.2608706,0.267,59.29,Bauchi
59009.0,10.2565219247,9.7741729458,2.6,71.1,0.318,991.0,1459.0,624.0,2.0,1.0,679.9779663085938,326524.73305257165,12.696260976904837,36864,0.9457793276291389,9.7668457,10.2608706,0.267,59.29,Bauchi
59010.0,10.2565219247,9.7741729458,2.6,71.1,0.318,991.0,1459.0,624.0,2.0,1.0,679.9779663085938,179218.64337285358,12.096361810790398,36864,0.9457793276291389,9.7668457,10.2608706,0.267,59.29,Bauchi
59011.0,10.2565219247,9.7741729458,2.6,71.1,0.318,991.0,1459.0,624.0,2.0,1.0,679.9779663085938,775011.1953735352,13.560632753874415,36864,0.9457793276291389,9.7668457,10.2608706,0.267,59.29,Bauchi
59012.0,10.2565219247,9.7741729458,2.6,71.1,0.318,991.0,1459.0,624.0,2.0,1.0,679.9779663085938,144319.16185302736,11.879782527720186,36864,0.9457793276291389,9.7668457,10.2608706,0.267,59.29,Bauchi
59013.0,9.53739763235,9.50264472359,18.9,104.4,0.284,990.0,158.0,727.0,2.0,2.0,1514.7645263671875,127544.45941670734,11.756220284105956,67796,1.0212879208857957,9.5031738,9.5465832,0.22,59.29,Bauchi
59014.0,9.53739763235,9.50264472359,18.9,104.4,0.284,990.0,158.0,727.0,2.0,2.0,1514.7645263671875,68138.10681152344,11.129291907023925,67796,1.0212879208857957,9.5031738,9.5465832,0.22,59.29,Bauchi
59015.0,9.53739763235,9.50264472359,18.9,104.4,0.284,990.0,158.0,727.0,2.0,2.0,1514.7645263671875,79211.74655151369,11.279879881849292,67796,1.0212879208857957,9.5031738,9.5465832,0.22,59.29,Bauchi
59016.0,9.53739763235,9.50264472359,18.9,104.4,0.284,990.0,158.0,727.0,2.0,2.0,1514.7645263671875,93141.5226949056,11.44187536485566,67796,1.0212879208857957,9.5031738,9.5465832,0.22,59.29,Bauchi
59017.0,9.53739763235,9.50264472359,18.9,104.4,0.284,990.0,158.0,727.0,2.0,2.0,1514.7645263671875,85655.70180664063,11.358091072542242,67796,1.0212879208857957,9.5031738,9.5465832,0.22,59.29,Bauchi
59018.0,9.53739763235,9.50264472359,18.9,104.4,0.284,990.0,158.0,727.0,2.0,2.0,1514.7645263671875,49660.80581665039,10.8129712856049,67796,1.0212879208857957,9.5031738,9.5465832,0.22,59.29,Bauchi
59021.0,9.53739763235,9.50264472359,18.9,104.4,0.284,990.0,158.0,727.0,2.0,2.0,1514.7645263671875,69101.03913370769,11.143325047757129,67796,1.0212879208857957,9.5031738,9.5465832,0.22,59.29,Bauchi
59022.0,9.53739763235,9.50264472359,18.9,104.4,0.284,990.0,158.0,727.0,2.0,2.0,1514.7645263671875,24647.721457248263,10.112439739386954,67796,1.0212879208857957,9.5031738,9.5465832,0.22,59.29,Bauchi
59023.0,9.53739763235,9.50264472359,18.9,104.4,0.284,990.0,158.0,727.0,2.0,2.0,1514.7645263671875,57617.591339111335,10.961583205250214,67796,1.0212879208857957,9.5031738,9.5465832,0.22,59.29,Bauchi
59024.0,9.53739763235,9.50264472359,18.9,104.4,0.284,990.0,158.0,727.0,2.0,2.0,1514.7645263671875,91501.39498443605,11.42410949687894,67796,1.0212879208857957,9.5031738,9.5465832,0.22,59.29,Bauchi
59025.0,11.6939466027,10.892787712,0.1,5.8,0.271,710.0,83.0,406.0,2.0,2.0,6560.46533203125,45039.604163536664,10.715297474221147,40288,1.202957692610789,10.8874512,11.6845141,-0.244,59.29,Bauchi
59026.0,11.6939466027,10.892787712,0.1,5.8,0.271,710.0,83.0,406.0,2.0,2.0,6560.46533203125,90889.4691505432,11.417399422525216,40288,1.202957692610789,10.8874512,11.6845141,-0.244,59.29,Bauchi
59027.0,11.6939466027,10.892787712,0.1,5.8,0.271,710.0,83.0,406.0,2.0,2.0,6560.46533203125,70326.75384521484,11.160907572189846,40288,1.202957692610789,10.8874512,11.6845141,-0.244,59.29,Bauchi
59028.0,11.6939466027,10.892787712,0.1,5.8,0.271,710.0,83.0,406.0,2.0,2.0,6560.46533203125,55099.8858833313,10.916902924055943,40288,1.202957692610789,10.8874512,11.6845141,-0.244,59.29,Bauchi
59030.0,11.6939466027,10.892787712,0.1,5.8,0.271,710.0,83.0,406.0,2.0,2.0,6560.46533203125,68384.8684104226,11.132906857067583,40288,1.202957692610789,10.8874512,11.6845141,-0.244,59.29,Bauchi
59031.0,11.6939466027,10.892787712,0.1,5.8,0.271,710.0,83.0,406.0,2.0,2.0,6560.46533203125,69661.63102340698,11.151404957705706,40288,1.202957692610789,10.8874512,11.6845141,-0.244,59.29,Bauchi
59032.0,11.6939466027,10.892787712,0.1,5.8,0.271,710.0,83.0,406.0,2.0,2.0,6560.46533203125,56388.88886555192,10.940027412148002,40288,1.202957692610789,10.8874512,11.6845141,-0.244,59.29,Bauchi
59034.0,11.6939466027,10.892787712,0.1,5.8,0.271,710.0,83.0,406.0,2.0,2.0,6560.46533203125,94652.26733953303,11.457965111337696,40288,1.202957692610789,10.8874512,11.6845141,-0.244,59.29,Bauchi
59035.0,11.6939466027,10.892787712,0.1,5.8,0.271,710.0,83.0,406.0,2.0,2.0,6560.46533203125,50180.92373318142,10.823390228144394,40288,1.202957692610789,10.8874512,11.6845141,-0.244,59.29,Bauchi
59036.0,11.6939466027,10.892787712,0.1,5.8,0.271,710.0,83.0,406.0,2.0,2.0,6560.46533203125,62474.82112121582,11.042518892493224,40288,1.202957692610789,10.8874512,11.6845141,-0.244,59.29,Bauchi
59037.0,11.7127827295,10.8004532555,2.7,3.6,0.263,699.0,153.0,406.0,2.0,2.0,2241.029541015625,62156.50742594401,11.037410796621677,20034,0.7560091369351981,10.7995605,11.7060306,-0.374,59.29,Bauchi
59039.0,11.7127827295,10.8004532555,2.7,3.6,0.263,699.0,153.0,406.0,2.0,2.0,2241.029541015625,99581.89910888672,11.508735691202178,20034,0.7560091369351981,10.7995605,11.7060306,-0.374,59.29,Bauchi
59040.0,11.7127827295,10.8004532555,2.7,3.6,0.263,699.0,153.0,406.0,2.0,2.0,2241.029541015625,191150.9328384399,12.160818619250971,20034,0.7560091369351981,10.7995605,11.7060306,-0.374,59.29,Bauchi
59041.0,11.7127827295,10.8004532555,2.7,3.6,0.263,699.0,153.0,406.0,2.0,2.0,2241.029541015625,35343.586886319245,10.472872237223529,20034,0.7560091369351981,10.7995605,11.7060306,-0.374,59.29,Bauchi
59042.0,11.7127827295,10.8004532555,2.7,3.6,0.263,699.0,153.0,406.0,2.0,2.0,2241.029541015625,33592.7681511773,10.422066089189308,20034,0.7560091369351981,10.7995605,11.7060306,-0.374,59.29,Bauchi
59043.0,11.7127827295,10.8004532555,2.7,3.6,0.263,699.0,153.0,406.0,2.0,2.0,2241.029541015625,96426.6167195638,11.476537549537518,20034,0.7560091369351981,10.7995605,11.7060306,-0.374,59.29,Bauchi
59044.0,11.7127827295,10.8004532555,2.7,3.6,0.263,699.0,153.0,406.0,2.0,2.0,2241.029541015625,64461.151877848315,11.073818024863016,20034,0.7560091369351981,10.7995605,11.7060306,-0.374,59.29,Bauchi
59046.0,11.7127827295,10.8004532555,2.7,3.6,0.263,699.0,153.0,406.0,2.0,2.0,2241.029541015625,112371.340385437,11.629564205151862,20034,0.7560091369351981,10.7995605,11.7060306,-0.374,59.29,Bauchi
59047.0,11.7127827295,10.8004532555,2.7,3.6,0.263,699.0,153.0,406.0,2.0,2.0,2241.029541015625,79261.67507789248,11.280510000483918,20034,0.7560091369351981,10.7995605,11.7060306,-0.374,59.29,Bauchi
59048.0,11.7127827295,10.8004532555,2.7,3.6,0.263,699.0,153.0,406.0,2.0,2.0,2241.029541015625,57101.620642525806,10.952587777772424,20034,0.7560091369351981,10.7995605,11.7060306,-0.374,59.29,Bauchi
59049.0,11.0712790515,10.4466188212,3.2,43.1,0.299,860.0,129.0,491.0,2.0,2.0,5444.3505859375,41482.35089111328,10.633023336029506,103276,1.1320922730141378,10.447998,11.0813844,-0.351,59.29,Bauchi
59050.0,11.0712790515,10.4466188212,3.2,43.1,0.299,860.0,129.0,491.0,2.0,2.0,5444.3505859375,42136.74673800999,10.648675483096802,103276,1.1320922730141378,10.447998,11.0813844,-0.351,59.29,Bauchi
59052.0,11.0712790515,10.4466188212,3.2,43.1,0.299,860.0,129.0,491.0,2.0,2.0,5444.3505859375,30622.52936335972,10.32949127074324,103276,1.1320922730141378,10.447998,11.0813844,-0.351,59.29,Bauchi
59053.0,11.0712790515,10.4466188212,3.2,43.1,0.299,860.0,129.0,491.0,2.0,2.0,5444.3505859375,82609.63653564453,11.32188161778467,103276,1.1320922730141378,10.447998,11.0813844,-0.351,59.29,Bauchi
59054.0,11.0712790515,10.4466188212,3.2,43.1,0.299,860.0,129.0,491.0,2.0,2.0,5444.3505859375,49812.00413004558,10.8160112807537,103276,1.1320922730141378,10.447998,11.0813844,-0.351,59.29,Bauchi
59056.0,11.0712790515,10.4466188212,3.2,43.1,0.299,860.0,129.0,491.0,2.0,2.0,5444.3505859375,70815.38260904948,11.167831524571833,103276,1.1320922730141378,10.447998,11.0813844,-0.351,59.29,Bauchi
59057.0,11.0712790515,10.4466188212,3.2,43.1,0.299,860.0,129.0,491.0,2.0,2.0,5444.3505859375,121922.35694376628,11.71113970262146,103276,1.1320922730141378,10.447998,11.0813844,-0.351,59.29,Bauchi
59058.0,11.0712790515,10.4466188212,3.2,43.1,0.299,860.0,129.0,491.0,2.0,2.0,5444.3505859375,48867.30605246803,10.796863863974323,103276,1.1320922730141378,10.447998,11.0813844,-0.351,59.29,Bauchi
59059.0,11.0712790515,10.4466188212,3.2,43.1,0.299,860.0,129.0,491.0,2.0,2.0,5444.3505859375,65270.29460042317,11.086292305184624,103276,1.1320922730141378,10.447998,11.0813844,-0.351,59.29,Bauchi
59060.0,11.0712790515,10.4466188212,3.2,43.1,0.299,860.0,129.0,491.0,2.0,2.0,5444.3505859375,88979.21623535156,11.396158095997476,103276,1.1320922730141378,10.447998,11.0813844,-0.351,59.29,Bauchi
59062.0,10.8509900854,10.4247699678,1.8,108.1,0.295,889.0,104.0,498.0,2.0,2.0,6837.875,70426.21838378906,11.162320893039212,84635,0.7778173602463053,10.4260254,10.8440961,-0.491,59.29,Bauchi
59063.0,10.8509900854,10.4247699678,1.8,108.1,0.295,889.0,104.0,498.0,2.0,2.0,6837.875,41237.63581339517,10.627106608975373,84635,0.7778173602463053,10.4260254,10.8440961,-0.491,59.29,Bauchi
59064.0,10.8509900854,10.4247699678,1.8,108.1,0.295,889.0,104.0,498.0,2.0,2.0,6837.875,56299.367579868864,10.93843858102506,84635,0.7778173602463053,10.4260254,10.8440961,-0.491,59.29,Bauchi
59066.0,10.8509900854,10.4247699678,1.8,108.1,0.295,889.0,104.0,498.0,2.0,2.0,6837.875,41052.547375679016,10.622608168391976,84635,0.7778173602463053,10.4260254,10.8440961,-0.491,59.29,Bauchi
59067.0,10.8509900854,10.4247699678,1.8,108.1,0.295,889.0,104.0,498.0,2.0,2.0,6837.875,80634.49775390625,11.297681848758849,84635,0.7778173602463053,10.4260254,10.8440961,-0.491,59.29,Bauchi
59068.0,10.8509900854,10.4247699678,1.8,108.1,0.295,889.0,104.0,498.0,2.0,2.0,6837.875,55580.25496564593,10.92558329064916,84635,0.7778173602463053,10.4260254,10.8440961,-0.491,59.29,Bauchi
59069.0,10.8509900854,10.4247699678,1.8,108.1,0.295,889.0,104.0,498.0,2.0,2.0,6837.875,61675.91649034288,11.0296488012846,84635,0.7778173602463053,10.4260254,10.8440961,-0.491,59.29,Bauchi
59070.0,10.8509900854,10.4247699678,1.8,108.1,0.295,889.0,104.0,498.0,2.0,2.0,6837.875,50023.76282755534,10.820253428062763,84635,0.7778173602463053,10.4260254,10.8440961,-0.491,59.29,Bauchi
59071.0,10.8509900854,10.4247699678,1.8,108.1,0.295,889.0,104.0,498.0,2.0,2.0,6837.875,126203.5156097412,11.74565108614768,84635,0.7778173602463053,10.4260254,10.8440961,-0.491,59.29,Bauchi
59072.0,10.8509900854,10.4247699678,1.8,108.1,0.295,889.0,104.0,498.0,2.0,2.0,6837.875,52590.777376615086,10.870296048307477,84635,0.7778173602463053,10.4260254,10.8440961,-0.491,59.29,Bauchi
59073.0,9.98102004232,9.54943273852,0.2,90.5,0.31,1071.0,257.0,600.0,2.0,2.0,1335.154052734375,75822.37801143102,11.23614875248552,12559,0.29729869785872565,9.5471191,9.9796707,0.038,59.29,Bauchi
59075.0,9.98102004232,9.54943273852,0.2,90.5,0.31,1071.0,257.0,600.0,2.0,2.0,1335.154052734375,53972.800438514125,10.896235503066103,12559,0.29729869785872565,9.5471191,9.9796707,0.038,59.29,Bauchi
59076.0,9.98102004232,9.54943273852,0.2,90.5,0.31,1071.0,257.0,600.0,2.0,2.0,1335.154052734375,33303.54234653049,10.413419047083616,12559,0.29729869785872565,9.5471191,9.9796707,0.038,59.29,Bauchi
59077.0,9.98102004232,9.54943273852,0.2,90.5,0.31,1071.0,257.0,600.0,2.0,2.0,1335.154052734375,45094.0243971083,10.716505019974129,12559,0.29729869785872565,9.5471191,9.9796707,0.038,59.29,Bauchi
59078.0,9.98102004232,9.54943273852,0.2,90.5,0.31,1071.0,257.0,600.0,2.0,2.0,1335.154052734375,31827.713405064176,10.368092679966002,12559,0.29729869785872565,9.5471191,9.9796707,0.038,59.29,Bauchi
59079.0,9.98102004232,9.54943273852,0.2,90.5,0.31,1071.0,257.0,600.0,2.0,2.0,1335.154052734375,82554.55085754395,11.321214576327169,12559,0.29729869785872565,9.5471191,9.9796707,0.038,59.29,Bauchi
59080.0,9.98102004232,9.54943273852,0.2,90.5,0.31,1071.0,257.0,600.0,2.0,2.0,1335.154052734375,48135.145623779295,10.781767867527511,12559,0.29729869785872565,9.5471191,9.9796707,0.038,59.29,Bauchi
59081.0,9.98102004232,9.54943273852,0.2,90.5,0.31,1071.0,257.0,600.0,2.0,2.0,1335.154052734375,24410.737876383468,10.102778391376816,12559,0.29729869785872565,9.5471191,9.9796707,0.038,59.29,Bauchi
59083.0,9.98102004232,9.54943273852,0.2,90.5,0.31,1071.0,257.0,600.0,2.0,2.0,1335.154052734375,125292.78561909994,11.73840856236382,12559,0.29729869785872565,9.5471191,9.9796707,0.038,59.29,Bauchi
59084.0,9.98102004232,9.54943273852,0.2,90.5,0.31,1071.0,257.0,600.0,2.0,2.0,1335.154052734375,85583.35269165039,11.357246065315271,12559,0.29729869785872565,9.5471191,9.9796707,0.038,59.29,Bauchi
59085.0,12.1722853377,10.6147337825,7.2,92.1,0.265,581.0,74.0,360.0,2.0,2.0,1795.8076171875,85937.82537841797,11.361379353057451,30055,1.248122162218944,10.6237793,12.1789647,-0.925,59.29,Bauchi
59086.0,12.1722853377,10.6147337825,7.2,92.1,0.265,581.0,74.0,360.0,2.0,2.0,1795.8076171875,42569.6692685214,10.658897289671074,30055,1.248122162218944,10.6237793,12.1789647,-0.925,59.29,Bauchi
59087.0,12.1722853377,10.6147337825,7.2,92.1,0.265,581.0,74.0,360.0,2.0,2.0,1795.8076171875,69543.99962942941,11.149714919430323,30055,1.248122162218944,10.6237793,12.1789647,-0.925,59.29,Bauchi
59088.0,12.1722853377,10.6147337825,7.2,92.1,0.265,581.0,74.0,360.0,2.0,2.0,1795.8076171875,49781.782735188805,10.815404387558138,30055,1.248122162218944,10.6237793,12.1789647,-0.925,59.29,Bauchi
59089.0,12.1722853377,10.6147337825,7.2,92.1,0.265,581.0,74.0,360.0,2.0,2.0,1795.8076171875,153706.90950012207,11.942802882973794,30055,1.248122162218944,10.6237793,12.1789647,-0.925,59.29,Bauchi
59090.0,12.1722853377,10.6147337825,7.2,92.1,0.265,581.0,74.0,360.0,2.0,2.0,1795.8076171875,70702.67835344587,11.166238734525606,30055,1.248122162218944,10.6237793,12.1789647,-0.925,59.29,Bauchi
59092.0,12.1722853377,10.6147337825,7.2,92.1,0.265,581.0,74.0,360.0,2.0,2.0,1795.8076171875,101525.85607910156,11.528068784718911,30055,1.248122162218944,10.6237793,12.1789647,-0.925,59.29,Bauchi
59093.0,12.1722853377,10.6147337825,7.2,92.1,0.265,581.0,74.0,360.0,2.0,2.0,1795.8076171875,52724.56226348877,10.872836703055304,30055,1.248122162218944,10.6237793,12.1789647,-0.925,59.29,Bauchi
59094.0,12.1722853377,10.6147337825,7.2,92.1,0.265,581.0,74.0,360.0,2.0,2.0,1795.8076171875,71619.08811442058,11.179116911195754,30055,1.248122162218944,10.6237793,12.1789647,-0.925,59.29,Bauchi
59095.0,12.1722853377,10.6147337825,7.2,92.1,0.265,581.0,74.0,360.0,2.0,2.0,1795.8076171875,53227.70945358277,10.882334394122823,30055,1.248122162218944,10.6237793,12.1789647,-0.925,59.29,Bauchi
59097.0,11.3894100698,10.1751093162,2.1,110.3,0.279,784.0,1050.0,462.0,2.0,2.0,2139.29541015625,186647.2607421875,12.136975808329264,41052,1.2393010943866274,10.1843262,11.383109,-0.576,59.29,Bauchi
59098.0,11.3894100698,10.1751093162,2.1,110.3,0.279,784.0,1050.0,462.0,2.0,2.0,2139.29541015625,250327.26176452637,12.430524387847385,41052,1.2393010943866274,10.1843262,11.383109,-0.576,59.29,Bauchi
59099.0,11.3894100698,10.1751093162,2.1,110.3,0.279,784.0,1050.0,462.0,2.0,2.0,2139.29541015625,44930.05574834915,10.712862242845745,41052,1.2393010943866274,10.1843262,11.383109,-0.576,59.29,Bauchi
59101.0,11.3894100698,10.1751093162,2.1,110.3,0.279,784.0,1050.0,462.0,2.0,2.0,2139.29541015625,132762.05595906574,11.796313751998014,41052,1.2393010943866274,10.1843262,11.383109,-0.576,59.29,Bauchi
59102.0,11.3894100698,10.1751093162,2.1,110.3,0.279,784.0,1050.0,462.0,2.0,2.0,2139.29541015625,199188.14276123047,12.202005098069982,41052,1.2393010943866274,10.1843262,11.383109,-0.576,59.29,Bauchi
59103.0,11.3894100698,10.1751093162,2.1,110.3,0.279,784.0,1050.0,462.0,2.0,2.0,2139.29541015625,63702.371832953555,11.061977075293344,41052,1.2393010943866274,10.1843262,11.383109,-0.576,59.29,Bauchi
59104.0,11.3894100698,10.1751093162,2.1,110.3,0.279,784.0,1050.0,462.0,2.0,2.0,2139.29541015625,119830.94886271158,11.69383726905222,41052,1.2393010943866274,10.1843262,11.383109,-0.576,59.29,Bauchi
59105.0,11.3894100698,10.1751093162,2.1,110.3,0.279,784.0,1050.0,462.0,2.0,2.0,2139.29541015625,91665.09591674805,11.425896952380128,41052,1.2393010943866274,10.1843262,11.383109,-0.576,59.29,Bauchi
59106.0,11.3894100698,10.1751093162,2.1,110.3,0.279,784.0,1050.0,462.0,2.0,2.0,2139.29541015625,116557.76108224053,11.66614223239909,41052,1.2393010943866274,10.1843262,11.383109,-0.576,59.29,Bauchi
59108.0,11.3894100698,10.1751093162,2.1,110.3,0.279,784.0,1050.0,462.0,2.0,2.0,2139.29541015625,133033.02427164715,11.798352679176194,41052,1.2393010943866274,10.1843262,11.383109,-0.576,59.29,Bauchi
59110.0,10.4463536031,10.0796750987,5.1,127.4,0.312,925.0,37.0,515.0,2.0,2.0,3416.189208984375,71195.01640624998,11.173178100656113,88380,1.1590508339897332,10.0744629,10.4554016,-0.148,59.29,Bauchi
59111.0,10.4463536031,10.0796750987,5.1,127.4,0.312,925.0,37.0,515.0,2.0,2.0,3416.189208984375,71953.26330566406,11.183772066473434,88380,1.1590508339897332,10.0744629,10.4554016,-0.148,59.29,Bauchi
59112.0,10.4463536031,10.0796750987,5.1,127.4,0.312,925.0,37.0,515.0,2.0,2.0,3416.189208984375,35406.95334201388,10.47466350192436,88380,1.1590508339897332,10.0744629,10.4554016,-0.148,59.29,Bauchi
59113.0,10.4463536031,10.0796750987,5.1,127.4,0.312,925.0,37.0,515.0,2.0,2.0,3416.189208984375,55367.02136230468,10.92173941321567,88380,1.1590508339897332,10.0744629,10.4554016,-0.148,59.29,Bauchi
59115.0,10.4463536031,10.0796750987,5.1,127.4,0.312,925.0,37.0,515.0,2.0,2.0,3416.189208984375,42240.23635629507,10.651128513920716,88380,1.1590508339897332,10.0744629,10.4554016,-0.148,59.29,Bauchi
59116.0,10.4463536031,10.0796750987,5.1,127.4,0.312,925.0,37.0,515.0,2.0,2.0,3416.189208984375,85253.38389078775,11.353383088091569,88380,1.1590508339897332,10.0744629,10.4554016,-0.148,59.29,Bauchi
59117.0,10.4463536031,10.0796750987,5.1,127.4,0.312,925.0,37.0,515.0,2.0,2.0,3416.189208984375,56041.461039225265,10.933847071474856,88380,1.1590508339897332,10.0744629,10.4554016,-0.148,59.29,Bauchi
59118.0,10.4463536031,10.0796750987,5.1,127.4,0.312,925.0,37.0,515.0,2.0,2.0,3416.189208984375,55962.40818956164,10.932435461977166,88380,1.1590508339897332,10.0744629,10.4554016,-0.148,59.29,Bauchi
59119.0,10.4463536031,10.0796750987,5.1,127.4,0.312,925.0,37.0,515.0,2.0,2.0,3416.189208984375,121200.09216918943,11.705198113088922,88380,1.1590508339897332,10.0744629,10.4554016,-0.148,59.29,Bauchi
59120.0,10.4463536031,10.0796750987,5.1,127.4,0.312,925.0,37.0,515.0,2.0,2.0,3416.189208984375,87790.23137207031,11.382705513434155,88380,1.1590508339897332,10.0744629,10.4554016,-0.148,59.29,Bauchi
59121.0,11.7022221418,10.0118104009,2.9,96.9,0.27,722.0,123.0,392.0,2.0,2.0,3627.626953125,29325.595111553488,10.286215966974876,17248,0.5568600180611126,10.0085449,11.7060306,-0.45,59.29,Bauchi
59122.0,11.7022221418,10.0118104009,2.9,96.9,0.27,722.0,123.0,392.0,2.0,2.0,3627.626953125,65841.95204967922,11.09501248329661,17248,0.5568600180611126,10.0085449,11.7060306,-0.45,59.29,Bauchi
59124.0,11.7022221418,10.0118104009,2.9,96.9,0.27,722.0,123.0,392.0,2.0,2.0,3627.626953125,49613.57786976207,10.812019822625276,17248,0.5568600180611126,10.0085449,11.7060306,-0.45,59.29,Bauchi
59125.0,11.7022221418,10.0118104009,2.9,96.9,0.27,722.0,123.0,392.0,2.0,2.0,3627.626953125,44547.41205772987,10.704309340476042,17248,0.5568600180611126,10.0085449,11.7060306,-0.45,59.29,Bauchi
59127.0,11.7022221418,10.0118104009,2.9,96.9,0.27,722.0,123.0,392.0,2.0,2.0,3627.626953125,35062.643798828125,10.464891563470992,17248,0.5568600180611126,10.0085449,11.7060306,-0.45,59.29,Bauchi
59128.0,11.7022221418,10.0118104009,2.9,96.9,0.27,722.0,123.0,392.0,2.0,2.0,3627.626953125,41285.37795410156,10.628263671565628,17248,0.5568600180611126,10.0085449,11.7060306,-0.45,59.29,Bauchi
59129.0,11.7022221418,10.0118104009,2.9,96.9,0.27,722.0,123.0,392.0,2.0,2.0,3627.626953125,59851.28481619698,10.999618178027164,17248,0.5568600180611126,10.0085449,11.7060306,-0.45,59.29,Bauchi
59130.0,11.7022221418,10.0118104009,2.9,96.9,0.27,722.0,123.0,392.0,2.0,2.0,3627.626953125,93350.490524292,11.444116403635142,17248,0.5568600180611126,10.0085449,11.7060306,-0.45,59.29,Bauchi
59132.0,11.7022221418,10.0118104009,2.9,96.9,0.27,722.0,123.0,392.0,2.0,2.0,3627.626953125,66171.28091939291,11.100001824826794,17248,0.5568600180611126,10.0085449,11.7060306,-0.45,59.29,Bauchi
59133.0,11.301714228,10.4534710348,0.7,100.5,0.275,811.0,1340.0,444.0,2.0,2.0,2324.1298828125,40395.750648498535,10.606479876449372,63274,0.806587269205178,10.447998,11.2969342,-0.484,59.29,Bauchi
59135.0,11.301714228,10.4534710348,0.7,100.5,0.275,811.0,1340.0,444.0,2.0,2.0,2324.1298828125,96311.32233537946,11.475341164451097,63274,0.806587269205178,10.447998,11.2969342,-0.484,59.29,Bauchi
59136.0,11.301714228,10.4534710348,0.7,100.5,0.275,811.0,1340.0,444.0,2.0,2.0,2324.1298828125,57743.86618477958,10.963772409492444,63274,0.806587269205178,10.447998,11.2969342,-0.484,59.29,Bauchi
59137.0,11.301714228,10.4534710348,0.7,100.5,0.275,811.0,1340.0,444.0,2.0,2.0,2324.1298828125,62094.233158656534,11.036408399819711,63274,0.806587269205178,10.447998,11.2969342,-0.484,59.29,Bauchi
59138.0,11.301714228,10.4534710348,0.7,100.5,0.275,811.0,1340.0,444.0,2.0,2.0,2324.1298828125,63654.01088460286,11.06121761668368,63274,0.806587269205178,10.447998,11.2969342,-0.484,59.29,Bauchi
59140.0,11.301714228,10.4534710348,0.7,100.5,0.275,811.0,1340.0,444.0,2.0,2.0,2324.1298828125,83803.15664672852,11.3362259545761,63274,0.806587269205178,10.447998,11.2969342,-0.484,59.29,Bauchi
59142.0,11.301714228,10.4534710348,0.7,100.5,0.275,811.0,1340.0,444.0,2.0,2.0,2324.1298828125,61699.10015147816,11.030024625532317,63274,0.806587269205178,10.447998,11.2969342,-0.484,59.29,Bauchi
59143.0,11.301714228,10.4534710348,0.7,100.5,0.275,811.0,1340.0,444.0,2.0,2.0,2324.1298828125,57646.53565063476,10.962085431101183,63274,0.806587269205178,10.447998,11.2969342,-0.484,59.29,Bauchi
59144.0,11.301714228,10.4534710348,0.7,100.5,0.275,811.0,1340.0,444.0,2.0,2.0,2324.1298828125,91432.06888427734,11.423351558970682,63274,0.806587269205178,10.447998,11.2969342,-0.484,59.29,Bauchi
59145.0,11.4946286099,9.91250887639,4.7,107.8,0.281,780.0,180.0,407.0,2.0,2.0,3592.50439453125,89784.54376831054,11.405168121083245,33525,0.9994729368453326,9.9206543,11.4907908,-0.199,59.29,Bauchi
59147.0,11.4946286099,9.91250887639,4.7,107.8,0.281,780.0,180.0,407.0,2.0,2.0,3592.50439453125,124814.291015625,11.73458223970469,33525,0.9994729368453326,9.9206543,11.4907908,-0.199,59.29,Bauchi
59148.0,11.4946286099,9.91250887639,4.7,107.8,0.281,780.0,180.0,407.0,2.0,2.0,3592.50439453125,256014.84188842773,12.45299069790782,33525,0.9994729368453326,9.9206543,11.4907908,-0.199,59.29,Bauchi
59149.0,11.4946286099,9.91250887639,4.7,107.8,0.281,780.0,180.0,407.0,2.0,2.0,3592.50439453125,68316.80821533204,11.131911109211464,33525,0.9994729368453326,9.9206543,11.4907908,-0.199,59.29,Bauchi
59150.0,11.4946286099,9.91250887639,4.7,107.8,0.281,780.0,180.0,407.0,2.0,2.0,3592.50439453125,95867.9356201172,11.47072685272266,33525,0.9994729368453326,9.9206543,11.4907908,-0.199,59.29,Bauchi
59151.0,11.4946286099,9.91250887639,4.7,107.8,0.281,780.0,180.0,407.0,2.0,2.0,3592.50439453125,84440.58467068142,11.343803426034466,33525,0.9994729368453326,9.9206543,11.4907908,-0.199,59.29,Bauchi
59153.0,11.4946286099,9.91250887639,4.7,107.8,0.281,780.0,180.0,407.0,2.0,2.0,3592.50439453125,52207.36054405799,10.862978770521384,33525,0.9994729368453326,9.9206543,11.4907908,-0.199,59.29,Bauchi
59154.0,11.4946286099,9.91250887639,4.7,107.8,0.281,780.0,180.0,407.0,2.0,2.0,3592.50439453125,128269.8654937744,11.761891647675387,33525,0.9994729368453326,9.9206543,11.4907908,-0.199,59.29,Bauchi
59155.0,11.4946286099,9.91250887639,4.7,107.8,0.281,780.0,180.0,407.0,2.0,2.0,3592.50439453125,137121.57694702144,11.828623234254255,33525,0.9994729368453326,9.9206543,11.4907908,-0.199,59.29,Bauchi
59156.0,11.4946286099,9.91250887639,4.7,107.8,0.281,780.0,180.0,407.0,2.0,2.0,3592.50439453125,136344.57327270508,11.822940587501533,33525,0.9994729368453326,9.9206543,11.4907908,-0.199,59.29,Bauchi
59157.0,10.24342686,9.62402387443,2.3,155.5,0.303,1057.0,163.0,688.0,2.0,2.0,12122.2138671875,108643.6533203125,11.595828569991411,82537,1.304655758821433,9.6350098,10.2392486,-0.387,59.29,Bauchi
59158.0,10.24342686,9.62402387443,2.3,155.5,0.303,1057.0,163.0,688.0,2.0,2.0,12122.2138671875,78596.7858154297,11.272086084647697,82537,1.304655758821433,9.6350098,10.2392486,-0.387,59.29,Bauchi
59159.0,10.24342686,9.62402387443,2.3,155.5,0.303,1057.0,163.0,688.0,2.0,2.0,12122.2138671875,146210.92049560545,11.892805519100614,82537,1.304655758821433,9.6350098,10.2392486,-0.387,59.29,Bauchi
59160.0,10.24342686,9.62402387443,2.3,155.5,0.303,1057.0,163.0,688.0,2.0,2.0,12122.2138671875,87834.40464921431,11.383208555365815,82537,1.304655758821433,9.6350098,10.2392486,-0.387,59.29,Bauchi
59161.0,10.24342686,9.62402387443,2.3,155.5,0.303,1057.0,163.0,688.0,2.0,2.0,12122.2138671875,93031.51023559568,11.440693534486536,82537,1.304655758821433,9.6350098,10.2392486,-0.387,59.29,Bauchi
59162.0,10.24342686,9.62402387443,2.3,155.5,0.303,1057.0,163.0,688.0,2.0,2.0,12122.2138671875,65581.75070626396,11.091052745776745,82537,1.304655758821433,9.6350098,10.2392486,-0.387,59.29,Bauchi
59163.0,10.24342686,9.62402387443,2.3,155.5,0.303,1057.0,163.0,688.0,2.0,2.0,12122.2138671875,39708.02815246582,10.589308666696612,82537,1.304655758821433,9.6350098,10.2392486,-0.387,59.29,Bauchi
59164.0,10.24342686,9.62402387443,2.3,155.5,0.303,1057.0,163.0,688.0,2.0,2.0,12122.2138671875,47417.09425623278,10.766738080985949,82537,1.304655758821433,9.6350098,10.2392486,-0.387,59.29,Bauchi
59165.0,10.24342686,9.62402387443,2.3,155.5,0.303,1057.0,163.0,688.0,2.0,2.0,12122.2138671875,52403.82692260742,10.866734900516551,82537,1.304655758821433,9.6350098,10.2392486,-0.387,59.29,Bauchi
59168.0,10.24342686,9.62402387443,2.3,155.5,0.303,1057.0,163.0,688.0,2.0,2.0,12122.2138671875,64953.578304714625,11.081428113802334,82537,1.304655758821433,9.6350098,10.2392486,-0.387,59.29,Bauchi
59169.0,10.1668421172,9.39315796629,0.5,109.6,0.308,1154.0,74.0,657.0,2.0,2.0,4771.48876953125,69546.62338256836,11.149752646677245,82049,0.8361882213047072,9.3933105,10.1743738,-0.378,59.29,Bauchi
59170.0,10.1668421172,9.39315796629,0.5,109.6,0.308,1154.0,74.0,657.0,2.0,2.0,4771.48876953125,40344.02703348795,10.605198633830897,82049,0.8361882213047072,9.3933105,10.1743738,-0.378,59.29,Bauchi
59171.0,10.1668421172,9.39315796629,0.5,109.6,0.308,1154.0,74.0,657.0,2.0,2.0,4771.48876953125,66231.66984252929,11.100914023942847,82049,0.8361882213047072,9.3933105,10.1743738,-0.378,59.29,Bauchi
59172.0,10.1668421172,9.39315796629,0.5,109.6,0.308,1154.0,74.0,657.0,2.0,2.0,4771.48876953125,116818.94374084473,11.668380525786985,82049,0.8361882213047072,9.3933105,10.1743738,-0.378,59.29,Bauchi
59173.0,10.1668421172,9.39315796629,0.5,109.6,0.308,1154.0,74.0,657.0,2.0,2.0,4771.48876953125,220239.56600646977,12.302471169266372,82049,0.8361882213047072,9.3933105,10.1743738,-0.378,59.29,Bauchi
59174.0,10.1668421172,9.39315796629,0.5,109.6,0.308,1154.0,74.0,657.0,2.0,2.0,4771.48876953125,68490.69291687012,11.13445314519246,82049,0.8361882213047072,9.3933105,10.1743738,-0.378,59.29,Bauchi
59175.0,10.1668421172,9.39315796629,0.5,109.6,0.308,1154.0,74.0,657.0,2.0,2.0,4771.48876953125,65361.97065152254,11.08769587980645,82049,0.8361882213047072,9.3933105,10.1743738,-0.378,59.29,Bauchi
59176.0,10.1668421172,9.39315796629,0.5,109.6,0.308,1154.0,74.0,657.0,2.0,2.0,4771.48876953125,69517.91650390624,11.149339789753496,82049,0.8361882213047072,9.3933105,10.1743738,-0.378,59.29,Bauchi
59179.0,10.1668421172,9.39315796629,0.5,109.6,0.308,1154.0,74.0,657.0,2.0,2.0,4771.48876953125,78723.61788686116,11.273698489598678,82049,0.8361882213047072,9.3933105,10.1743738,-0.378,59.29,Bauchi
59180.0,10.1668421172,9.39315796629,0.5,109.6,0.308,1154.0,74.0,657.0,2.0,2.0,4771.48876953125,82975.03737792968,11.32629508706026,82049,0.8361882213047072,9.3933105,10.1743738,-0.378,59.29,Bauchi
59182.0,10.1013592341,8.98800280597,13.2,153.4,0.306,1356.0,226.0,847.0,2.0,2.0,1976.0465087890625,193073.3788909912,12.17082559713647,53802,1.4131508551257281,8.9978027,10.1094859,-0.465,59.29,Bauchi
59184.0,10.1013592341,8.98800280597,13.2,153.4,0.306,1356.0,226.0,847.0,2.0,2.0,1976.0465087890625,79673.82095675997,11.285696341018026,53802,1.4131508551257281,8.9978027,10.1094859,-0.465,59.29,Bauchi
59185.0,10.1013592341,8.98800280597,13.2,153.4,0.306,1356.0,226.0,847.0,2.0,2.0,1976.0465087890625,82217.0095876058,11.317117488926968,53802,1.4131508551257281,8.9978027,10.1094859,-0.465,59.29,Bauchi
59186.0,10.1013592341,8.98800280597,13.2,153.4,0.306,1356.0,226.0,847.0,2.0,2.0,1976.0465087890625,109718.20153274534,11.605670553491256,53802,1.4131508551257281,8.9978027,10.1094859,-0.465,59.29,Bauchi
59187.0,10.1013592341,8.98800280597,13.2,153.4,0.306,1356.0,226.0,847.0,2.0,2.0,1976.0465087890625,132078.41834259033,11.791151103526778,53802,1.4131508551257281,8.9978027,10.1094859,-0.465,59.29,Bauchi
59188.0,10.1013592341,8.98800280597,13.2,153.4,0.306,1356.0,226.0,847.0,2.0,2.0,1976.0465087890625,186273.4400024414,12.134970980685162,53802,1.4131508551257281,8.9978027,10.1094859,-0.465,59.29,Bauchi
59189.0,10.1013592341,8.98800280597,13.2,153.4,0.306,1356.0,226.0,847.0,2.0,2.0,1976.0465087890625,759722.9077497211,13.540709050715416,53802,1.4131508551257281,8.9978027,10.1094859,-0.465,59.29,Bauchi
59190.0,10.1013592341,8.98800280597,13.2,153.4,0.306,1356.0,226.0,847.0,2.0,2.0,1976.0465087890625,135427.2563964844,11.81618992198216,53802,1.4131508551257281,8.9978027,10.1094859,-0.465,59.29,Bauchi
59191.0,10.1013592341,8.98800280597,13.2,153.4,0.306,1356.0,226.0,847.0,2.0,2.0,1976.0465087890625,109334.92183227536,11.602171127546365,53802,1.4131508551257281,8.9978027,10.1094859,-0.465,59.29,Bauchi
59192.0,10.1013592341,8.98800280597,13.2,153.4,0.306,1356.0,226.0,847.0,2.0,2.0,1976.0465087890625,70469.39109584264,11.16293372566848,53802,1.4131508551257281,8.9978027,10.1094859,-0.465,59.29,Bauchi
59212.0,11.7022221418,10.0118104009,2.9,96.9,0.27,722.0,123.0,392.0,2.0,2.0,3627.626953125,119755.82315063477,11.693210141653593,17248,0.5568600180611126,10.0085449,11.7060306,-0.45,59.29,Bauchi
59214.0,11.301714228,10.4534710348,0.7,100.5,0.275,811.0,1340.0,444.0,2.0,2.0,2324.1298828125,49637.89147949219,10.812509762177324,63274,0.806587269205178,10.447998,11.2969342,-0.484,59.29,Bauchi
60001.0,4.96425337683,5.77154382849,2.0,67.5,0.183,1270.0,290.0,15.0,5.0,2.0,3306.828857421875,635034.7610778809,13.36143501823148,40551,0.8128298167688344,5.7678223,4.97056,-0.445,51.28,Bayelsa
60002.0,4.96425337683,5.77154382849,2.0,67.5,0.183,1270.0,290.0,15.0,5.0,2.0,3306.828857421875,100814.45543975833,11.521037031478045,40551,0.8128298167688344,5.7678223,4.97056,-0.445,51.28,Bayelsa
60004.0,4.96425337683,5.77154382849,2.0,67.5,0.183,1270.0,290.0,15.0,5.0,2.0,3306.828857421875,650357.4570846558,13.38527742468994,40551,0.8128298167688344,5.7678223,4.97056,-0.445,51.28,Bayelsa
60005.0,4.96425337683,5.77154382849,2.0,67.5,0.183,1270.0,290.0,15.0,5.0,2.0,3306.828857421875,380681.77568562824,12.8497190706853,40551,0.8128298167688344,5.7678223,4.97056,-0.445,51.28,Bayelsa
60006.0,4.96425337683,5.77154382849,2.0,67.5,0.183,1270.0,290.0,15.0,5.0,2.0,3306.828857421875,134484.46021652222,11.809203933925442,40551,0.8128298167688344,5.7678223,4.97056,-0.445,51.28,Bayelsa
60008.0,4.96425337683,5.77154382849,2.0,67.5,0.183,1270.0,290.0,15.0,5.0,2.0,3306.828857421875,361932.5580291748,12.799213169664393,40551,0.8128298167688344,5.7678223,4.97056,-0.445,51.28,Bayelsa
60009.0,4.96425337683,5.77154382849,2.0,67.5,0.183,1270.0,290.0,15.0,5.0,2.0,3306.828857421875,256910.02841949463,12.45648121861282,40551,0.8128298167688344,5.7678223,4.97056,-0.445,51.28,Bayelsa
60010.0,4.96425337683,5.77154382849,2.0,67.5,0.183,1270.0,290.0,15.0,5.0,2.0,3306.828857421875,150046.7765604655,11.91870236820168,40551,0.8128298167688344,5.7678223,4.97056,-0.445,51.28,Bayelsa
60031.0,4.70728140817,6.08810279067,0.0,24.3,0.179,1478.0,943.0,8.0,5.0,2.0,3164.28173828125,146184.29396591184,11.892623392113236,53545,1.035114910874682,6.0974121,4.7078283,0.305,51.28,Bayelsa
60032.0,4.9187554254,6.2441768472,1.5,11.2,0.208,1612.0,1451.0,14.0,5.0,1.0,3164.28173828125,295671.361907959,12.597003852682272,72838,1.1850807708797122,6.2512207,4.9267785,0.311,51.28,Bayelsa
60033.0,4.919439155,6.30476609617,53.6,71.1,0.211,1637.0,2506.0,11.0,5.0,1.0,3164.28173828125,235263.11946201324,12.368459824062729,91916,1.3413459329865227,6.295166,4.9267785,0.784,51.28,Bayelsa
60034.0,4.90090358392,6.28863241905,0.4,29.1,0.211,1631.0,2188.0,17.0,5.0,2.0,3164.28173828125,276739.62502441404,12.530832361248164,40532,0.8493704749595776,6.295166,4.9048867,1.282,51.28,Bayelsa
60035.0,4.70728140817,6.08810279067,0.0,24.3,0.179,1478.0,943.0,8.0,5.0,2.0,3164.28173828125,284905.27735773724,12.559912043858622,53545,1.035114910874682,6.0974121,4.7078283,0.305,51.28,Bayelsa
60037.0,4.70728140817,6.08810279067,0.0,24.3,0.179,1478.0,943.0,8.0,5.0,2.0,3164.28173828125,492698.6670188904,13.107653043066431,53545,1.035114910874682,6.0974121,4.7078283,0.305,51.28,Bayelsa
60038.0,4.70728140817,6.08810279067,0.0,24.3,0.179,1478.0,943.0,8.0,5.0,2.0,3164.28173828125,177529.76564316527,12.08689356760289,53545,1.035114910874682,6.0974121,4.7078283,0.305,51.28,Bayelsa
60039.0,4.70728140817,6.08810279067,0.0,24.3,0.179,1478.0,943.0,8.0,5.0,2.0,3164.28173828125,222418.8751373291,12.312317707979094,53545,1.035114910874682,6.0974121,4.7078283,0.305,51.28,Bayelsa
60040.0,4.70728140817,6.08810279067,0.0,24.3,0.179,1478.0,943.0,8.0,5.0,2.0,3164.28173828125,228901.4654844012,12.341046908211126,53545,1.035114910874682,6.0974121,4.7078283,0.305,51.28,Bayelsa
60041.0,4.32871914124,6.308171868549999,1.2,17.4,0.171,1603.0,111.0,6.0,5.0,2.0,6936.97119140625,314991.8313533238,12.660301985259856,70742,1.6258498265489965,6.295166,4.3354564,-0.001,51.28,Bayelsa
60042.0,4.32871914124,6.308171868549999,1.2,17.4,0.171,1603.0,111.0,6.0,5.0,2.0,6936.97119140625,452182.5372848511,13.021841220842065,70742,1.6258498265489965,6.295166,4.3354564,-0.001,51.28,Bayelsa
60043.0,4.32871914124,6.308171868549999,1.2,17.4,0.171,1603.0,111.0,6.0,5.0,2.0,6936.97119140625,381992.7344345093,12.853156867602884,70742,1.6258498265489965,6.295166,4.3354564,-0.001,51.28,Bayelsa
60044.0,4.32871914124,6.308171868549999,1.2,17.4,0.171,1603.0,111.0,6.0,5.0,2.0,6936.97119140625,173796.56035868326,12.065640700815996,70742,1.6258498265489965,6.295166,4.3354564,-0.001,51.28,Bayelsa
60045.0,4.32871914124,6.308171868549999,1.2,17.4,0.171,1603.0,111.0,6.0,5.0,2.0,6936.97119140625,319003.82975769043,12.672958387204918,70742,1.6258498265489965,6.295166,4.3354564,-0.001,51.28,Bayelsa
60047.0,4.32871914124,6.308171868549999,1.2,17.4,0.171,1603.0,111.0,6.0,5.0,2.0,6936.97119140625,243155.83833694455,12.401457826799865,70742,1.6258498265489965,6.295166,4.3354564,-0.001,51.28,Bayelsa
60048.0,4.32871914124,6.308171868549999,1.2,17.4,0.171,1603.0,111.0,6.0,5.0,2.0,6936.97119140625,138724.20190811157,11.840243082127357,70742,1.6258498265489965,6.295166,4.3354564,-0.001,51.28,Bayelsa
60049.0,4.32871914124,6.308171868549999,1.2,17.4,0.171,1603.0,111.0,6.0,5.0,2.0,6936.97119140625,138820.73094976516,11.840938674329683,70742,1.6258498265489965,6.295166,4.3354564,-0.001,51.28,Bayelsa
60050.0,4.32871914124,6.308171868549999,1.2,17.4,0.171,1603.0,111.0,6.0,5.0,2.0,6936.97119140625,87399.5665522984,11.378245602275475,70742,1.6258498265489965,6.295166,4.3354564,-0.001,51.28,Bayelsa
60051.0,4.78973914833,6.30791226865,4.2,10.3,0.202,1630.0,883.0,13.0,5.0,2.0,2328.621826171875,567237.8278013865,13.248533944150749,95191,1.2025084675505875,6.3171387,4.7954168,0.406,51.28,Bayelsa
60052.0,4.78973914833,6.30791226865,4.2,10.3,0.202,1630.0,883.0,13.0,5.0,2.0,2328.621826171875,286849.06481170654,12.56671144982497,95191,1.2025084675505875,6.3171387,4.7954168,0.406,51.28,Bayelsa
60053.0,4.63346885221,7.70097809876,4.0,60.6,0.26,1887.0,437.0,18.0,5.0,2.0,2328.621826171875,139325.26251411438,11.844566496621244,74182,0.9625710450530098,7.701416,4.6421296,0.12,32.85,Akwa Ibom
60054.0,4.61937693024,7.68494550166,2.0,67.9,0.26,1894.0,566.0,16.0,5.0,2.0,2328.621826171875,140288.75886027017,11.85145814071574,15906,0.6180082317048582,7.6794434,4.6202287,0.076,32.85,Akwa Ibom
60055.0,4.78973914833,6.30791226865,4.2,10.3,0.202,1630.0,883.0,13.0,5.0,2.0,2328.621826171875,345403.3417104085,12.752468119547764,95191,1.2025084675505875,6.3171387,4.7954168,0.406,51.28,Bayelsa
60056.0,4.78973914833,6.30791226865,4.2,10.3,0.202,1630.0,883.0,13.0,5.0,2.0,2328.621826171875,556570.6005649567,13.229549306996844,95191,1.2025084675505875,6.3171387,4.7954168,0.406,51.28,Bayelsa
60057.0,4.78973914833,6.30791226865,4.2,10.3,0.202,1630.0,883.0,13.0,5.0,2.0,2328.621826171875,227345.17168807983,12.334224721675891,95191,1.2025084675505875,6.3171387,4.7954168,0.406,51.28,Bayelsa
60058.0,4.78973914833,6.30791226865,4.2,10.3,0.202,1630.0,883.0,13.0,5.0,2.0,2328.621826171875,251729.63944778443,12.436110931233834,95191,1.2025084675505875,6.3171387,4.7954168,0.406,51.28,Bayelsa
60059.0,4.78973914833,6.30791226865,4.2,10.3,0.202,1630.0,883.0,13.0,5.0,2.0,2328.621826171875,400019.49490356445,12.899268562161408,95191,1.2025084675505875,6.3171387,4.7954168,0.406,51.28,Bayelsa
60060.0,4.96679274568,6.33782574293,12.6,16.9,0.215,1650.0,1138.0,17.0,5.0,1.0,2328.621826171875,169841.17302856446,12.042619003021708,84863,0.4418422182554033,6.3391113,4.97056,0.218,51.28,Bayelsa
69001.0,4.42529826842,5.84495612151,2.5,53.0,0.162,1381.0,72.0,,5.0,2.0,2197.1982421875,427473.5438334147,12.96564767967416,63121,1.2688595335849782,5.8337402,4.4230904,0.106,51.28,Bayelsa
69004.0,4.42529826842,5.84495612151,2.5,53.0,0.162,1381.0,72.0,,5.0,2.0,2197.1982421875,265129.3285592216,12.48797301821828,63121,1.2688595335849782,5.8337402,4.4230904,0.106,51.28,Bayelsa
69005.0,4.42529826842,5.84495612151,2.5,53.0,0.162,1381.0,72.0,,5.0,2.0,2197.1982421875,272568.75411987305,12.515646169957732,63121,1.2688595335849782,5.8337402,4.4230904,0.106,51.28,Bayelsa
69006.0,4.42529826842,5.84495612151,2.5,53.0,0.162,1381.0,72.0,,5.0,2.0,2197.1982421875,159104.96946498324,11.977319448690269,63121,1.2688595335849782,5.8337402,4.4230904,0.106,51.28,Bayelsa
69007.0,4.42529826842,5.84495612151,2.5,53.0,0.162,1381.0,72.0,,5.0,2.0,2197.1982421875,154210.59622421264,11.94607445515778,63121,1.2688595335849782,5.8337402,4.4230904,0.106,51.28,Bayelsa
69009.0,4.42529826842,5.84495612151,2.5,53.0,0.162,1381.0,72.0,,5.0,2.0,2197.1982421875,354294.1658401489,12.77788282399529,63121,1.2688595335849782,5.8337402,4.4230904,0.106,51.28,Bayelsa
69010.0,4.42529826842,5.84495612151,2.5,53.0,0.162,1381.0,72.0,,5.0,2.0,2197.1982421875,711445.0801417032,13.475053504694747,63121,1.2688595335849782,5.8337402,4.4230904,0.106,51.28,Bayelsa
69012.0,4.42529826842,5.84495612151,2.5,53.0,0.162,1381.0,72.0,,5.0,2.0,2197.1982421875,583654.163066864,13.277063899869324,63121,1.2688595335849782,5.8337402,4.4230904,0.106,51.28,Bayelsa
69013.0,4.53782021908,6.40003573161,20.1,77.6,0.169,1510.0,1308.0,5.0,5.0,1.0,3745.60693359375,495111.7446899414,13.112538762922208,66155,0.8003991905385841,6.4050293,4.5326183,1.003,51.28,Bayelsa
69014.0,8.51026133685,8.51049657225,4.0,85.6,0.302,1001.0,3102.0,181.0,1.0,1.0,3745.60693359375,668180.0314466689,13.41231292436168,52294,0.7301453257444024,8.5144043,8.50497,1.517,47.82,Nasarawa
69016.0,4.53782021908,6.40003573161,20.1,77.6,0.169,1510.0,1308.0,5.0,5.0,1.0,3745.60693359375,181564.16766967776,12.10936441108596,66155,0.8003991905385841,6.4050293,4.5326183,1.003,51.28,Bayelsa
69017.0,4.53782021908,6.40003573161,20.1,77.6,0.169,1510.0,1308.0,5.0,5.0,1.0,3745.60693359375,303281.01581420895,12.622415099611567,66155,0.8003991905385841,6.4050293,4.5326183,1.003,51.28,Bayelsa
69020.0,4.53782021908,6.40003573161,20.1,77.6,0.169,1510.0,1308.0,5.0,5.0,1.0,3745.60693359375,353148.0940113068,12.774642777714496,66155,0.8003991905385841,6.4050293,4.5326183,1.003,51.28,Bayelsa
69021.0,4.53782021908,6.40003573161,20.1,77.6,0.169,1510.0,1308.0,5.0,5.0,1.0,3745.60693359375,98903.39548819404,11.501898849561334,66155,0.8003991905385841,6.4050293,4.5326183,1.003,51.28,Bayelsa
69022.0,4.53782021908,6.40003573161,20.1,77.6,0.169,1510.0,1308.0,5.0,5.0,1.0,3745.60693359375,327749.74450378417,12.7000056220796,66155,0.8003991905385841,6.4050293,4.5326183,1.003,51.28,Bayelsa
69023.0,4.53782021908,6.40003573161,20.1,77.6,0.169,1510.0,1308.0,5.0,5.0,1.0,3745.60693359375,214003.1016845703,12.273745787752086,66155,0.8003991905385841,6.4050293,4.5326183,1.003,51.28,Bayelsa
69025.0,5.04827595978,6.10003382038,2.5,5.5,0.207,1554.0,219.0,25.0,5.0,2.0,13427.7958984375,327048.0038383484,12.697862239834112,49088,1.1301651086066606,6.0974121,5.0581143,-0.427,51.28,Bayelsa
69026.0,5.04827595978,6.10003382038,2.5,5.5,0.207,1554.0,219.0,25.0,5.0,2.0,13427.7958984375,95256.65731133356,11.464330183578916,49088,1.1301651086066606,6.0974121,5.0581143,-0.427,51.28,Bayelsa
69027.0,5.04827595978,6.10003382038,2.5,5.5,0.207,1554.0,219.0,25.0,5.0,2.0,13427.7958984375,154358.61725943428,11.947033857717123,49088,1.1301651086066606,6.0974121,5.0581143,-0.427,51.28,Bayelsa
69028.0,5.04827595978,6.10003382038,2.5,5.5,0.207,1554.0,219.0,25.0,5.0,2.0,13427.7958984375,152205.63121337892,11.932987722499128,49088,1.1301651086066606,6.0974121,5.0581143,-0.427,51.28,Bayelsa
69029.0,5.04827595978,6.10003382038,2.5,5.5,0.207,1554.0,219.0,25.0,5.0,2.0,13427.7958984375,308268.60901184083,12.6387267890725,49088,1.1301651086066606,6.0974121,5.0581143,-0.427,51.28,Bayelsa
69030.0,5.04827595978,6.10003382038,2.5,5.5,0.207,1554.0,219.0,25.0,5.0,2.0,13427.7958984375,98933.1026031494,11.502199169426124,49088,1.1301651086066606,6.0974121,5.0581143,-0.427,51.28,Bayelsa
69031.0,5.04827595978,6.10003382038,2.5,5.5,0.207,1554.0,219.0,25.0,5.0,2.0,13427.7958984375,104915.02597427368,11.560906025063217,49088,1.1301651086066606,6.0974121,5.0581143,-0.427,51.28,Bayelsa
69033.0,5.04827595978,6.10003382038,2.5,5.5,0.207,1554.0,219.0,25.0,5.0,2.0,13427.7958984375,74051.43850390115,11.212515245623411,49088,1.1301651086066606,6.0974121,5.0581143,-0.427,51.28,Bayelsa
69034.0,5.04827595978,6.10003382038,2.5,5.5,0.207,1554.0,219.0,25.0,5.0,2.0,13427.7958984375,140865.41986592612,11.855560244528698,49088,1.1301651086066606,6.0974121,5.0581143,-0.427,51.28,Bayelsa
69036.0,5.04827595978,6.10003382038,2.5,5.5,0.207,1554.0,219.0,25.0,5.0,2.0,13427.7958984375,176214.3258342743,12.079456293573486,49088,1.1301651086066606,6.0974121,5.0581143,-0.427,51.28,Bayelsa
69037.0,5.07909083282,6.36001722323,0.3,71.1,0.219,1619.0,394.0,19.0,5.0,2.0,28094.619140625,132282.7842205021,11.792697214806656,102532,0.15565417925298403,6.361084,5.080001,-0.19,51.28,Bayelsa
69038.0,5.07909083282,6.36001722323,0.3,71.1,0.219,1619.0,394.0,19.0,5.0,2.0,28094.619140625,105965.08597564696,11.570864941249257,102532,0.15565417925298403,6.361084,5.080001,-0.19,51.28,Bayelsa
69040.0,5.07909083282,6.36001722323,0.3,71.1,0.219,1619.0,394.0,19.0,5.0,2.0,28094.619140625,214682.58402557377,12.27691586285692,102532,0.15565417925298403,6.361084,5.080001,-0.19,51.28,Bayelsa
69041.0,5.07909083282,6.36001722323,0.3,71.1,0.219,1619.0,394.0,19.0,5.0,2.0,28094.619140625,894186.5811519623,13.703669736129452,102532,0.15565417925298403,6.361084,5.080001,-0.19,51.28,Bayelsa
69042.0,5.07909083282,6.36001722323,0.3,71.1,0.219,1619.0,394.0,19.0,5.0,2.0,28094.619140625,171995.74384244284,12.055225010387348,102532,0.15565417925298403,6.361084,5.080001,-0.19,51.28,Bayelsa
69043.0,5.07909083282,6.36001722323,0.3,71.1,0.219,1619.0,394.0,19.0,5.0,2.0,28094.619140625,399785.27764320374,12.898682876066262,102532,0.15565417925298403,6.361084,5.080001,-0.19,51.28,Bayelsa
69045.0,5.07909083282,6.36001722323,0.3,71.1,0.219,1619.0,394.0,19.0,5.0,2.0,28094.619140625,116354.75756072998,11.66439905797379,102532,0.15565417925298403,6.361084,5.080001,-0.19,51.28,Bayelsa
69046.0,5.07909083282,6.36001722323,0.3,71.1,0.219,1619.0,394.0,19.0,5.0,2.0,28094.619140625,244531.12482706708,12.407097879701324,102532,0.15565417925298403,6.361084,5.080001,-0.19,51.28,Bayelsa
69047.0,5.07909083282,6.36001722323,0.3,71.1,0.219,1619.0,394.0,19.0,5.0,2.0,28094.619140625,149240.0685119629,11.913311486407377,102532,0.15565417925298403,6.361084,5.080001,-0.19,51.28,Bayelsa
69048.0,5.07909083282,6.36001722323,0.3,71.1,0.219,1619.0,394.0,19.0,5.0,2.0,28094.619140625,130828.06660588583,11.78163927148459,102532,0.15565417925298403,6.361084,5.080001,-0.19,51.28,Bayelsa
69049.0,4.42529826842,5.84495612151,2.5,53.0,0.162,1381.0,72.0,,5.0,2.0,2197.1982421875,690266.6420402527,13.444833239665106,63121,1.2688595335849782,5.8337402,4.4230904,0.106,51.28,Bayelsa
69050.0,4.42529826842,5.84495612151,2.5,53.0,0.162,1381.0,72.0,,5.0,2.0,2197.1982421875,289923.4645965576,12.577372251946633,63121,1.2688595335849782,5.8337402,4.4230904,0.106,51.28,Bayelsa
69051.0,4.53782021908,6.40003573161,20.1,77.6,0.169,1510.0,1308.0,5.0,5.0,1.0,3745.60693359375,175145.27889469694,12.073371073621738,66155,0.8003991905385841,6.4050293,4.5326183,1.003,51.28,Bayelsa
69052.0,4.53782021908,6.40003573161,20.1,77.6,0.169,1510.0,1308.0,5.0,5.0,1.0,3745.60693359375,114655.39304199218,11.649686326359788,66155,0.8003991905385841,6.4050293,4.5326183,1.003,51.28,Bayelsa
70011.0,7.515146666150001,8.104560744050001,0.6,87.3,0.324,1074.0,95.0,137.0,1.0,2.0,3572.44580078125,363324.1159464518,12.8030505962607,72192,1.4615314461005842,8.0969238,7.5258726,-0.531,62.24,Benue
70012.0,7.515146666150001,8.104560744050001,0.6,87.3,0.324,1074.0,95.0,137.0,1.0,2.0,3572.44580078125,67067.25372750418,11.11345118189351,72192,1.4615314461005842,8.0969238,7.5258726,-0.531,62.24,Benue
70013.0,7.515146666150001,8.104560744050001,0.6,87.3,0.324,1074.0,95.0,137.0,1.0,2.0,3572.44580078125,79113.26176350912,11.27863579790128,72192,1.4615314461005842,8.0969238,7.5258726,-0.531,62.24,Benue
70015.0,7.515146666150001,8.104560744050001,0.6,87.3,0.324,1074.0,95.0,137.0,1.0,2.0,3572.44580078125,112693.8973312378,11.632430548883264,72192,1.4615314461005842,8.0969238,7.5258726,-0.531,62.24,Benue
70016.0,7.515146666150001,8.104560744050001,0.6,87.3,0.324,1074.0,95.0,137.0,1.0,2.0,3572.44580078125,103072.64518737792,11.543189311690831,72192,1.4615314461005842,8.0969238,7.5258726,-0.531,62.24,Benue
70017.0,7.515146666150001,8.104560744050001,0.6,87.3,0.324,1074.0,95.0,137.0,1.0,2.0,3572.44580078125,448077.1201171875,13.012720639700918,72192,1.4615314461005842,8.0969238,7.5258726,-0.531,62.24,Benue
70018.0,7.515146666150001,8.104560744050001,0.6,87.3,0.324,1074.0,95.0,137.0,1.0,2.0,3572.44580078125,61457.70337999131,11.026104467267302,72192,1.4615314461005842,8.0969238,7.5258726,-0.531,62.24,Benue
70019.0,7.515146666150001,8.104560744050001,0.6,87.3,0.324,1074.0,95.0,137.0,1.0,2.0,3572.44580078125,104405.45712890624,11.556037224414252,72192,1.4615314461005842,8.0969238,7.5258726,-0.531,62.24,Benue
70020.0,7.515146666150001,8.104560744050001,0.6,87.3,0.324,1074.0,95.0,137.0,1.0,2.0,3572.44580078125,87960.99102783203,11.38464871140641,72192,1.4615314461005842,8.0969238,7.5258726,-0.531,62.24,Benue
70062.0,6.69108625754,9.176024053069998,3.5,88.5,0.302,2035.0,337.0,210.0,1.0,2.0,3586.295166015625,41881.295221502136,10.64259459147621,63217,0.7454018196932093,9.173584,6.6973426,-0.727,62.24,Benue
70063.0,6.69108625754,9.176024053069998,3.5,88.5,0.302,2035.0,337.0,210.0,1.0,2.0,3586.295166015625,155141.03028767905,11.952089855041756,63217,0.7454018196932093,9.173584,6.6973426,-0.727,62.24,Benue
70064.0,6.69108625754,9.176024053069998,3.5,88.5,0.302,2035.0,337.0,210.0,1.0,2.0,3586.295166015625,63517.00196329752,11.059062896496334,63217,0.7454018196932093,9.173584,6.6973426,-0.727,62.24,Benue
70066.0,6.69108625754,9.176024053069998,3.5,88.5,0.302,2035.0,337.0,210.0,1.0,2.0,3586.295166015625,76884.88890457153,11.250064632992926,63217,0.7454018196932093,9.173584,6.6973426,-0.727,62.24,Benue
70067.0,6.69108625754,9.176024053069998,3.5,88.5,0.302,2035.0,337.0,210.0,1.0,2.0,3586.295166015625,158293.65572865802,11.972207167546443,63217,0.7454018196932093,9.173584,6.6973426,-0.727,62.24,Benue
70068.0,6.69108625754,9.176024053069998,3.5,88.5,0.302,2035.0,337.0,210.0,1.0,2.0,3586.295166015625,92648.08567446754,11.436563569594677,63217,0.7454018196932093,9.173584,6.6973426,-0.727,62.24,Benue
70069.0,6.69108625754,9.176024053069998,3.5,88.5,0.302,2035.0,337.0,210.0,1.0,2.0,3586.295166015625,98784.80895080566,11.500699116355714,63217,0.7454018196932093,9.173584,6.6973426,-0.727,62.24,Benue
70070.0,6.69108625754,9.176024053069998,3.5,88.5,0.302,2035.0,337.0,210.0,1.0,2.0,3586.295166015625,47814.74220275879,10.775089285213296,63217,0.7454018196932093,9.173584,6.6973426,-0.727,62.24,Benue
70071.0,7.310150347679999,9.82258297564,7.8,135.8,0.32,1753.0,77.0,227.0,1.0,2.0,2864.32861328125,119446.03562709264,11.690619963648098,16432,1.1553474418487621,9.8327637,7.3079846,-0.528,62.24,Benue
70072.0,7.310150347679999,9.82258297564,7.8,135.8,0.32,1753.0,77.0,227.0,1.0,2.0,2864.32861328125,150054.2045694987,11.91875187159888,16432,1.1553474418487621,9.8327637,7.3079846,-0.528,62.24,Benue
70073.0,7.310150347679999,9.82258297564,7.8,135.8,0.32,1753.0,77.0,227.0,1.0,2.0,2864.32861328125,56193.93439737956,10.936564101184793,16432,1.1553474418487621,9.8327637,7.3079846,-0.528,62.24,Benue
70074.0,7.310150347679999,9.82258297564,7.8,135.8,0.32,1753.0,77.0,227.0,1.0,2.0,2864.32861328125,104461.189453125,11.556570888610556,16432,1.1553474418487621,9.8327637,7.3079846,-0.528,62.24,Benue
70075.0,7.310150347679999,9.82258297564,7.8,135.8,0.32,1753.0,77.0,227.0,1.0,2.0,2864.32861328125,201908.5064239502,12.21556993528042,16432,1.1553474418487621,9.8327637,7.3079846,-0.528,62.24,Benue
70076.0,7.310150347679999,9.82258297564,7.8,135.8,0.32,1753.0,77.0,227.0,1.0,2.0,2864.32861328125,59014.5282282148,10.985538933731664,16432,1.1553474418487621,9.8327637,7.3079846,-0.528,62.24,Benue
70077.0,7.310150347679999,9.82258297564,7.8,135.8,0.32,1753.0,77.0,227.0,1.0,2.0,2864.32861328125,170359.51128278457,12.045666255300848,16432,1.1553474418487621,9.8327637,7.3079846,-0.528,62.24,Benue
70078.0,7.310150347679999,9.82258297564,7.8,135.8,0.32,1753.0,77.0,227.0,1.0,2.0,2864.32861328125,133153.14786105687,11.799255232427564,16432,1.1553474418487621,9.8327637,7.3079846,-0.528,62.24,Benue
70079.0,7.310150347679999,9.82258297564,7.8,135.8,0.32,1753.0,77.0,227.0,1.0,2.0,2864.32861328125,274731.98774210614,12.523551311398352,16432,1.1553474418487621,9.8327637,7.3079846,-0.528,62.24,Benue
70080.0,7.310150347679999,9.82258297564,7.8,135.8,0.32,1753.0,77.0,227.0,1.0,2.0,2864.32861328125,98091.16365966796,11.49365256667148,16432,1.1553474418487621,9.8327637,7.3079846,-0.528,62.24,Benue
70121.0,7.024700005,7.855882664640001,17.6,125.3,0.339,1168.0,201.0,187.0,1.0,2.0,7248.1708984375,57751.609724426264,10.963906502011604,18429,0.07441849222145543,7.8552246,7.0245718,-0.543,62.24,Benue
70122.0,7.024700005,7.855882664640001,17.6,125.3,0.339,1168.0,201.0,187.0,1.0,2.0,7248.1708984375,57974.22450256349,10.967753785623117,18429,0.07441849222145543,7.8552246,7.0245718,-0.543,62.24,Benue
70123.0,7.024700005,7.855882664640001,17.6,125.3,0.339,1168.0,201.0,187.0,1.0,2.0,7248.1708984375,93751.02882385254,11.448397917893535,18429,0.07441849222145543,7.8552246,7.0245718,-0.543,62.24,Benue
70124.0,7.024700005,7.855882664640001,17.6,125.3,0.339,1168.0,201.0,187.0,1.0,2.0,7248.1708984375,108639.0108757019,11.595785838145977,18429,0.07441849222145543,7.8552246,7.0245718,-0.543,62.24,Benue
70125.0,7.024700005,7.855882664640001,17.6,125.3,0.339,1168.0,201.0,187.0,1.0,2.0,7248.1708984375,85661.1921043396,11.358155167770397,18429,0.07441849222145543,7.8552246,7.0245718,-0.543,62.24,Benue
70126.0,7.024700005,7.855882664640001,17.6,125.3,0.339,1168.0,201.0,187.0,1.0,2.0,7248.1708984375,123287.29122924805,11.722272611895695,18429,0.07441849222145543,7.8552246,7.0245718,-0.543,62.24,Benue
70127.0,7.024700005,7.855882664640001,17.6,125.3,0.339,1168.0,201.0,187.0,1.0,2.0,7248.1708984375,58800.300565279445,10.981902245528069,18429,0.07441849222145543,7.8552246,7.0245718,-0.543,62.24,Benue
70128.0,7.024700005,7.855882664640001,17.6,125.3,0.339,1168.0,201.0,187.0,1.0,2.0,7248.1708984375,134712.36142985028,11.81089712826839,18429,0.07441849222145543,7.8552246,7.0245718,-0.543,62.24,Benue
70129.0,7.024700005,7.855882664640001,17.6,125.3,0.339,1168.0,201.0,187.0,1.0,2.0,7248.1708984375,161952.38057963055,11.995057623964303,18429,0.07441849222145543,7.8552246,7.0245718,-0.543,62.24,Benue
70130.0,7.024700005,7.855882664640001,17.6,125.3,0.339,1168.0,201.0,187.0,1.0,2.0,7248.1708984375,151317.4278544108,11.927135080548114,18429,0.07441849222145543,7.8552246,7.0245718,-0.543,62.24,Benue
70131.0,7.111201443369998,7.74246020701,4.9,37.0,0.329,1180.0,351.0,226.0,1.0,2.0,1275.8531494140625,74993.18876647949,11.225152571947444,57361,0.32868104088596867,7.7453613,7.1117945,-0.139,62.24,Benue
70132.0,7.111201443369998,7.74246020701,4.9,37.0,0.329,1180.0,351.0,226.0,1.0,2.0,1275.8531494140625,82721.46343449183,11.323234381008538,57361,0.32868104088596867,7.7453613,7.1117945,-0.139,62.24,Benue
70133.0,7.111201443369998,7.74246020701,4.9,37.0,0.329,1180.0,351.0,226.0,1.0,2.0,1275.8531494140625,169407.16669718426,12.040060366664024,57361,0.32868104088596867,7.7453613,7.1117945,-0.139,62.24,Benue
70134.0,7.111201443369998,7.74246020701,4.9,37.0,0.329,1180.0,351.0,226.0,1.0,2.0,1275.8531494140625,148368.1195526123,11.907451758824031,57361,0.32868104088596867,7.7453613,7.1117945,-0.139,62.24,Benue
70135.0,7.111201443369998,7.74246020701,4.9,37.0,0.329,1180.0,351.0,226.0,1.0,2.0,1275.8531494140625,124932.00357055664,11.735524896842753,57361,0.32868104088596867,7.7453613,7.1117945,-0.139,62.24,Benue
70136.0,7.111201443369998,7.74246020701,4.9,37.0,0.329,1180.0,351.0,226.0,1.0,2.0,1275.8531494140625,142401.46258544922,11.8664055488725,57361,0.32868104088596867,7.7453613,7.1117945,-0.139,62.24,Benue
70137.0,7.111201443369998,7.74246020701,4.9,37.0,0.329,1180.0,351.0,226.0,1.0,2.0,1275.8531494140625,122705.01510620116,11.717538502774904,57361,0.32868104088596867,7.7453613,7.1117945,-0.139,62.24,Benue
70139.0,7.111201443369998,7.74246020701,4.9,37.0,0.329,1180.0,351.0,226.0,1.0,2.0,1275.8531494140625,146468.3632405599,11.894564733542191,57361,0.32868104088596867,7.7453613,7.1117945,-0.139,62.24,Benue
70140.0,7.111201443369998,7.74246020701,4.9,37.0,0.329,1180.0,351.0,226.0,1.0,2.0,1275.8531494140625,416623.9118347168,12.939939203748764,57361,0.32868104088596867,7.7453613,7.1117945,-0.139,62.24,Benue
70151.0,7.735205141899998,8.47753518815,2.2,111.6,0.296,1045.0,871.0,72.0,1.0,2.0,5406.3671875,104984.08738490514,11.561564068939804,85947,1.2230585063119688,8.470459,7.7436512,-0.123,62.24,Benue
70152.0,8.3302261761,8.32930042376,4.7,70.6,0.319,1003.0,34.0,130.0,1.0,2.0,5406.3671875,99230.92773146856,11.505205016168912,39249,2.8745250444227515,8.3166504,8.3528229,-1.007,47.82,Nasarawa
70153.0,7.735205141899998,8.47753518815,2.2,111.6,0.296,1045.0,871.0,72.0,1.0,2.0,5406.3671875,61158.938873291016,11.021231309880893,85947,1.2230585063119688,8.470459,7.7436512,-0.123,62.24,Benue
70154.0,7.735205141899998,8.47753518815,2.2,111.6,0.296,1045.0,871.0,72.0,1.0,2.0,5406.3671875,121834.2149386936,11.710416505636587,85947,1.2230585063119688,8.470459,7.7436512,-0.123,62.24,Benue
70155.0,7.735205141899998,8.47753518815,2.2,111.6,0.296,1045.0,871.0,72.0,1.0,2.0,5406.3671875,70320.83264541626,11.16082337309408,85947,1.2230585063119688,8.470459,7.7436512,-0.123,62.24,Benue
70156.0,7.735205141899998,8.47753518815,2.2,111.6,0.296,1045.0,871.0,72.0,1.0,2.0,5406.3671875,74767.80967385428,11.22214271938077,85947,1.2230585063119688,8.470459,7.7436512,-0.123,62.24,Benue
70157.0,7.735205141899998,8.47753518815,2.2,111.6,0.296,1045.0,871.0,72.0,1.0,2.0,5406.3671875,99881.11598205566,11.51173591755972,85947,1.2230585063119688,8.470459,7.7436512,-0.123,62.24,Benue
70158.0,7.735205141899998,8.47753518815,2.2,111.6,0.296,1045.0,871.0,72.0,1.0,2.0,5406.3671875,85782.73989868164,11.359573098557291,85947,1.2230585063119688,8.470459,7.7436512,-0.123,62.24,Benue
70159.0,7.735205141899998,8.47753518815,2.2,111.6,0.296,1045.0,871.0,72.0,1.0,2.0,5406.3671875,151691.048828125,11.929601157848351,85947,1.2230585063119688,8.470459,7.7436512,-0.123,62.24,Benue
70160.0,7.735205141899998,8.47753518815,2.2,111.6,0.296,1045.0,871.0,72.0,1.0,2.0,5406.3671875,192426.3315577916,12.167468666257966,85947,1.2230585063119688,8.470459,7.7436512,-0.123,62.24,Benue
79002.0,6.9453568083,7.99922929639,9.5,150.8,0.334,1190.0,246.0,114.0,1.0,2.0,5841.857421875,87316.6781284877,11.377296767435524,59707,1.8778470099267695,8.0090332,6.959144,-0.268,62.24,Benue
79004.0,6.9453568083,7.99922929639,9.5,150.8,0.334,1190.0,246.0,114.0,1.0,2.0,5841.857421875,71150.22161356609,11.172548718250548,59707,1.8778470099267695,8.0090332,6.959144,-0.268,62.24,Benue
79005.0,6.9453568083,7.99922929639,9.5,150.8,0.334,1190.0,246.0,114.0,1.0,2.0,5841.857421875,134610.30626831055,11.81013926286258,59707,1.8778470099267695,8.0090332,6.959144,-0.268,62.24,Benue
79006.0,6.9453568083,7.99922929639,9.5,150.8,0.334,1190.0,246.0,114.0,1.0,2.0,5841.857421875,143077.21425083705,11.871139723312272,59707,1.8778470099267695,8.0090332,6.959144,-0.268,62.24,Benue
79007.0,6.9453568083,7.99922929639,9.5,150.8,0.334,1190.0,246.0,114.0,1.0,2.0,5841.857421875,150020.94271240238,11.918530181415376,59707,1.8778470099267695,8.0090332,6.959144,-0.268,62.24,Benue
79008.0,6.9453568083,7.99922929639,9.5,150.8,0.334,1190.0,246.0,114.0,1.0,2.0,5841.857421875,271344.63354337215,12.511145002415102,59707,1.8778470099267695,8.0090332,6.959144,-0.268,62.24,Benue
79009.0,6.9453568083,7.99922929639,9.5,150.8,0.334,1190.0,246.0,114.0,1.0,2.0,5841.857421875,126031.1342163086,11.74428425236502,59707,1.8778470099267695,8.0090332,6.959144,-0.268,62.24,Benue
79010.0,6.9453568083,7.99922929639,9.5,150.8,0.334,1190.0,246.0,114.0,1.0,2.0,5841.857421875,120712.87818400064,11.701170097201825,59707,1.8778470099267695,8.0090332,6.959144,-0.268,62.24,Benue
79011.0,6.9453568083,7.99922929639,9.5,150.8,0.334,1190.0,246.0,114.0,1.0,2.0,5841.857421875,118976.19901899858,11.686678743845642,59707,1.8778470099267695,8.0090332,6.959144,-0.268,62.24,Benue
79012.0,6.9453568083,7.99922929639,9.5,150.8,0.334,1190.0,246.0,114.0,1.0,2.0,5841.857421875,144745.2240661621,11.882730400529342,59707,1.8778470099267695,8.0090332,6.959144,-0.268,62.24,Benue
79014.0,7.7869762681,8.03573096476,0.9,80.2,0.335,1033.0,168.0,107.0,1.0,2.0,4422.14697265625,102628.381892613,11.538869800098368,22502,0.525036179877796,8.0310059,7.7871935,-0.324,62.24,Benue
79015.0,7.7869762681,8.03573096476,0.9,80.2,0.335,1033.0,168.0,107.0,1.0,2.0,4422.14697265625,296231.96002197266,12.598898075136738,22502,0.525036179877796,8.0310059,7.7871935,-0.324,62.24,Benue
79016.0,7.7869762681,8.03573096476,0.9,80.2,0.335,1033.0,168.0,107.0,1.0,2.0,4422.14697265625,148660.4621734619,11.909420207203969,22502,0.525036179877796,8.0310059,7.7871935,-0.324,62.24,Benue
79017.0,7.7869762681,8.03573096476,0.9,80.2,0.335,1033.0,168.0,107.0,1.0,2.0,4422.14697265625,124861.35472324915,11.7349592384948,22502,0.525036179877796,8.0310059,7.7871935,-0.324,62.24,Benue
79018.0,7.7869762681,8.03573096476,0.9,80.2,0.335,1033.0,168.0,107.0,1.0,2.0,4422.14697265625,121543.24716440836,11.708025422169785,22502,0.525036179877796,8.0310059,7.7871935,-0.324,62.24,Benue
79019.0,7.7869762681,8.03573096476,0.9,80.2,0.335,1033.0,168.0,107.0,1.0,2.0,4422.14697265625,172559.0525268555,12.058494790359829,22502,0.525036179877796,8.0310059,7.7871935,-0.324,62.24,Benue
79020.0,7.7869762681,8.03573096476,0.9,80.2,0.335,1033.0,168.0,107.0,1.0,2.0,4422.14697265625,141493.50952148435,11.860009125907292,22502,0.525036179877796,8.0310059,7.7871935,-0.324,62.24,Benue
79021.0,7.7869762681,8.03573096476,0.9,80.2,0.335,1033.0,168.0,107.0,1.0,2.0,4422.14697265625,114670.0690980391,11.64981431961383,22502,0.525036179877796,8.0310059,7.7871935,-0.324,62.24,Benue
79023.0,7.7869762681,8.03573096476,0.9,80.2,0.335,1033.0,168.0,107.0,1.0,2.0,4422.14697265625,89275.14691437616,11.399478418099784,22502,0.525036179877796,8.0310059,7.7871935,-0.324,62.24,Benue
79024.0,7.7869762681,8.03573096476,0.9,80.2,0.335,1033.0,168.0,107.0,1.0,2.0,4422.14697265625,88910.04923793247,11.395380454910246,22502,0.525036179877796,8.0310059,7.7871935,-0.324,62.24,Benue
79025.0,7.60977005259,8.9881023525,1.5,109.0,0.317,1187.0,251.0,95.0,1.0,2.0,8276.5126953125,85254.32721710205,11.353394153002451,24854,1.1347681136496477,8.9978027,7.6129974,-0.635,62.24,Benue
79026.0,7.60977005259,8.9881023525,1.5,109.0,0.317,1187.0,251.0,95.0,1.0,2.0,8276.5126953125,126471.04956054688,11.747768703729022,24854,1.1347681136496477,8.9978027,7.6129974,-0.635,62.24,Benue
79028.0,7.60977005259,8.9881023525,1.5,109.0,0.317,1187.0,251.0,95.0,1.0,2.0,8276.5126953125,94308.24680873328,11.454323917700558,24854,1.1347681136496477,8.9978027,7.6129974,-0.635,62.24,Benue
79029.0,7.60977005259,8.9881023525,1.5,109.0,0.317,1187.0,251.0,95.0,1.0,2.0,8276.5126953125,149450.4108520508,11.914719916801989,24854,1.1347681136496477,8.9978027,7.6129974,-0.635,62.24,Benue
79030.0,7.60977005259,8.9881023525,1.5,109.0,0.317,1187.0,251.0,95.0,1.0,2.0,8276.5126953125,105639.85566638768,11.567791000132091,24854,1.1347681136496477,8.9978027,7.6129974,-0.635,62.24,Benue
79032.0,7.60977005259,8.9881023525,1.5,109.0,0.317,1187.0,251.0,95.0,1.0,2.0,8276.5126953125,89492.84664408368,11.401913975304284,24854,1.1347681136496477,8.9978027,7.6129974,-0.635,62.24,Benue
79033.0,7.60977005259,8.9881023525,1.5,109.0,0.317,1187.0,251.0,95.0,1.0,2.0,8276.5126953125,112988.9975280762,11.635045725945828,24854,1.1347681136496477,8.9978027,7.6129974,-0.635,62.24,Benue
79034.0,7.60977005259,8.9881023525,1.5,109.0,0.317,1187.0,251.0,95.0,1.0,2.0,8276.5126953125,236740.1154937744,12.374718259358463,24854,1.1347681136496477,8.9978027,7.6129974,-0.635,62.24,Benue
79035.0,7.60977005259,8.9881023525,1.5,109.0,0.317,1187.0,251.0,95.0,1.0,2.0,8276.5126953125,196496.6292724609,12.188400556314608,24854,1.1347681136496477,8.9978027,7.6129974,-0.635,62.24,Benue
79036.0,7.60977005259,8.9881023525,1.5,109.0,0.317,1187.0,251.0,95.0,1.0,2.0,8276.5126953125,89149.41014535088,11.398069006840355,24854,1.1347681136496477,8.9978027,7.6129974,-0.635,62.24,Benue
79038.0,7.30852119834,9.05912422269,6.8,117.3,0.303,1364.0,816.0,182.0,1.0,1.0,3181.23291015625,103657.89428710938,11.548851277888032,20711,0.5136739102583381,9.0637207,7.3079846,-0.376,62.24,Benue
79039.0,7.30852119834,9.05912422269,6.8,117.3,0.303,1364.0,816.0,182.0,1.0,1.0,3181.23291015625,103683.01196289062,11.549093561732146,20711,0.5136739102583381,9.0637207,7.3079846,-0.376,62.24,Benue
79040.0,7.30852119834,9.05912422269,6.8,117.3,0.303,1364.0,816.0,182.0,1.0,1.0,3181.23291015625,109543.31936035158,11.604075360602272,20711,0.5136739102583381,9.0637207,7.3079846,-0.376,62.24,Benue
79041.0,7.30852119834,9.05912422269,6.8,117.3,0.303,1364.0,816.0,182.0,1.0,1.0,3181.23291015625,395602.0408020019,12.888164037468655,20711,0.5136739102583381,9.0637207,7.3079846,-0.376,62.24,Benue
79042.0,7.30852119834,9.05912422269,6.8,117.3,0.303,1364.0,816.0,182.0,1.0,1.0,3181.23291015625,78249.12370808919,11.267652909721026,20711,0.5136739102583381,9.0637207,7.3079846,-0.376,62.24,Benue
79043.0,7.30852119834,9.05912422269,6.8,117.3,0.303,1364.0,816.0,182.0,1.0,1.0,3181.23291015625,192896.20898437497,12.169907545949926,20711,0.5136739102583381,9.0637207,7.3079846,-0.376,62.24,Benue
79045.0,6.75452507879,9.12427867982,6.5,136.0,0.279,1923.0,393.0,198.0,1.0,2.0,3181.23291015625,278433.19291559857,12.536933427762095,84897,1.094969273082927,9.1296387,6.7628064,-0.309,62.24,Benue
79046.0,7.30852119834,9.05912422269,6.8,117.3,0.303,1364.0,816.0,182.0,1.0,1.0,3181.23291015625,301726.0170288086,12.61727465619484,20711,0.5136739102583381,9.0637207,7.3079846,-0.376,62.24,Benue
79047.0,7.30852119834,9.05912422269,6.8,117.3,0.303,1364.0,816.0,182.0,1.0,1.0,3181.23291015625,124972.07678629555,11.7358456056205,20711,0.5136739102583381,9.0637207,7.3079846,-0.376,62.24,Benue
79051.0,6.46019671959,3.41067159602,8.7,12.7,0.093,962.0,7403.0,2.0,6.0,1.0,4352.06591796875,90980.46591695148,11.418400102202895,88196,0.7503634702317808,3.416748,6.4572344,0.805,21.75,Lagos
79052.0,7.73456777277,8.52630248741,0.2,93.1,0.289,1041.0,4091.0,108.0,1.0,1.0,4352.06591796875,369791.6128540039,12.82069491745623,34985,1.5056954804387066,8.536377,7.7436512,0.904,62.24,Benue
79053.0,7.73456777277,8.52630248741,0.2,93.1,0.289,1041.0,4091.0,108.0,1.0,1.0,4352.06591796875,500739.00595092773,13.12384029812165,34985,1.5056954804387066,8.536377,7.7436512,0.904,62.24,Benue
79054.0,7.73456777277,8.52630248741,0.2,93.1,0.289,1041.0,4091.0,108.0,1.0,1.0,4352.06591796875,92694.89954833985,11.437068728986723,34985,1.5056954804387066,8.536377,7.7436512,0.904,62.24,Benue
79055.0,7.73456777277,8.52630248741,0.2,93.1,0.289,1041.0,4091.0,108.0,1.0,1.0,4352.06591796875,151282.42905970983,11.926903759917536,34985,1.5056954804387066,8.536377,7.7436512,0.904,62.24,Benue
79056.0,7.73456777277,8.52630248741,0.2,93.1,0.289,1041.0,4091.0,108.0,1.0,1.0,4352.06591796875,286937.8683044434,12.56702098456102,34985,1.5056954804387066,8.536377,7.7436512,0.904,62.24,Benue
79057.0,7.73456777277,8.52630248741,0.2,93.1,0.289,1041.0,4091.0,108.0,1.0,1.0,4352.06591796875,226274.602684021,12.329504596795127,34985,1.5056954804387066,8.536377,7.7436512,0.904,62.24,Benue
79058.0,7.73456777277,8.52630248741,0.2,93.1,0.289,1041.0,4091.0,108.0,1.0,1.0,4352.06591796875,220059.91996256512,12.301655151716508,34985,1.5056954804387066,8.536377,7.7436512,0.904,62.24,Benue
79059.0,7.73456777277,8.52630248741,0.2,93.1,0.289,1041.0,4091.0,108.0,1.0,1.0,4352.06591796875,133618.9079938616,11.802747056970857,34985,1.5056954804387066,8.536377,7.7436512,0.904,62.24,Benue
79061.0,7.27866420362,8.02373405517,26.1,108.2,0.324,1119.0,177.0,163.0,1.0,2.0,2519.570068359375,125232.12316894533,11.737924279570274,73125,1.7777776444377158,8.0310059,7.2643942,-0.575,62.24,Benue
79062.0,7.27866420362,8.02373405517,26.1,108.2,0.324,1119.0,177.0,163.0,1.0,2.0,2519.570068359375,77478.5617553711,11.257756554563034,73125,1.7777776444377158,8.0310059,7.2643942,-0.575,62.24,Benue
79064.0,7.27866420362,8.02373405517,26.1,108.2,0.324,1119.0,177.0,163.0,1.0,2.0,2519.570068359375,114589.74536895752,11.64911359731276,73125,1.7777776444377158,8.0310059,7.2643942,-0.575,62.24,Benue
79065.0,7.27866420362,8.02373405517,26.1,108.2,0.324,1119.0,177.0,163.0,1.0,2.0,2519.570068359375,165358.49358520508,12.015871084403686,73125,1.7777776444377158,8.0310059,7.2643942,-0.575,62.24,Benue
79066.0,7.27866420362,8.02373405517,26.1,108.2,0.324,1119.0,177.0,163.0,1.0,2.0,2519.570068359375,389123.0748443603,12.87165096033523,73125,1.7777776444377158,8.0310059,7.2643942,-0.575,62.24,Benue
79067.0,7.27866420362,8.02373405517,26.1,108.2,0.324,1119.0,177.0,163.0,1.0,2.0,2519.570068359375,103194.11892089846,11.544367143205172,73125,1.7777776444377158,8.0310059,7.2643942,-0.575,62.24,Benue
79068.0,7.27866420362,8.02373405517,26.1,108.2,0.324,1119.0,177.0,163.0,1.0,2.0,2519.570068359375,126289.85809326172,11.746335004981828,73125,1.7777776444377158,8.0310059,7.2643942,-0.575,62.24,Benue
79069.0,7.27866420362,8.02373405517,26.1,108.2,0.324,1119.0,177.0,163.0,1.0,2.0,2519.570068359375,185977.14604695636,12.133379074430826,73125,1.7777776444377158,8.0310059,7.2643942,-0.575,62.24,Benue
79070.0,7.27866420362,8.02373405517,26.1,108.2,0.324,1119.0,177.0,163.0,1.0,2.0,2519.570068359375,108803.7268437232,11.59730086689566,73125,1.7777776444377158,8.0310059,7.2643942,-0.575,62.24,Benue
79072.0,7.27866420362,8.02373405517,26.1,108.2,0.324,1119.0,177.0,163.0,1.0,2.0,2519.570068359375,213224.52552286783,12.270100999943272,73125,1.7777776444377158,8.0310059,7.2643942,-0.575,62.24,Benue
79073.0,6.82814953483,8.28862817616,0.3,117.6,0.313,1341.0,269.0,91.0,1.0,2.0,3060.815185546875,76481.67201668875,11.244806409629206,29712,0.6716115315530988,8.2946777,6.8282612,-0.017,62.24,Benue
79074.0,6.82814953483,8.28862817616,0.3,117.6,0.313,1341.0,269.0,91.0,1.0,2.0,3060.815185546875,160481.7580566406,11.985935558124794,29712,0.6716115315530988,8.2946777,6.8282612,-0.017,62.24,Benue
79075.0,6.82814953483,8.28862817616,0.3,117.6,0.313,1341.0,269.0,91.0,1.0,2.0,3060.815185546875,204968.17188008627,12.230609986945067,29712,0.6716115315530988,8.2946777,6.8282612,-0.017,62.24,Benue
79077.0,6.82814953483,8.28862817616,0.3,117.6,0.313,1341.0,269.0,91.0,1.0,2.0,3060.815185546875,104564.7601928711,11.55756187320742,29712,0.6716115315530988,8.2946777,6.8282612,-0.017,62.24,Benue
79078.0,6.82814953483,8.28862817616,0.3,117.6,0.313,1341.0,269.0,91.0,1.0,2.0,3060.815185546875,145846.6137491862,11.890310757674172,29712,0.6716115315530988,8.2946777,6.8282612,-0.017,62.24,Benue
79080.0,6.82814953483,8.28862817616,0.3,117.6,0.313,1341.0,269.0,91.0,1.0,2.0,3060.815185546875,172175.48220098586,12.056269481053588,29712,0.6716115315530988,8.2946777,6.8282612,-0.017,62.24,Benue
79081.0,6.82814953483,8.28862817616,0.3,117.6,0.313,1341.0,269.0,91.0,1.0,2.0,3060.815185546875,167505.63039550782,12.02877224398385,29712,0.6716115315530988,8.2946777,6.8282612,-0.017,62.24,Benue
79082.0,6.82814953483,8.28862817616,0.3,117.6,0.313,1341.0,269.0,91.0,1.0,2.0,3060.815185546875,193594.95239257815,12.173523381132338,29712,0.6716115315530988,8.2946777,6.8282612,-0.017,62.24,Benue
79083.0,6.82814953483,8.28862817616,0.3,117.6,0.313,1341.0,269.0,91.0,1.0,2.0,3060.815185546875,167494.20331726072,12.02870402258729,29712,0.6716115315530988,8.2946777,6.8282612,-0.017,62.24,Benue
79084.0,6.82814953483,8.28862817616,0.3,117.6,0.313,1341.0,269.0,91.0,1.0,2.0,3060.815185546875,216195.22915649417,12.283937117137544,29712,0.6716115315530988,8.2946777,6.8282612,-0.017,62.24,Benue
79085.0,7.113405683,7.82411894872,0.2,117.2,0.332,1166.0,178.0,195.0,1.0,2.0,11633.9990234375,138460.65245201474,11.838341466426712,11667,1.4363781285621584,7.8112793,7.1117945,-0.313,62.24,Benue
79087.0,7.113405683,7.82411894872,0.2,117.2,0.332,1166.0,178.0,195.0,1.0,2.0,11633.9990234375,137588.0843149821,11.832019604183587,11667,1.4363781285621584,7.8112793,7.1117945,-0.313,62.24,Benue
79088.0,7.113405683,7.82411894872,0.2,117.2,0.332,1166.0,178.0,195.0,1.0,2.0,11633.9990234375,998749.5893173218,13.814259364865864,11667,1.4363781285621584,7.8112793,7.1117945,-0.313,62.24,Benue
79090.0,7.113405683,7.82411894872,0.2,117.2,0.332,1166.0,178.0,195.0,1.0,2.0,11633.9990234375,173128.11845906576,12.06178716852146,11667,1.4363781285621584,7.8112793,7.1117945,-0.313,62.24,Benue
79091.0,7.113405683,7.82411894872,0.2,117.2,0.332,1166.0,178.0,195.0,1.0,2.0,11633.9990234375,99363.76276016235,11.506542766419685,11667,1.4363781285621584,7.8112793,7.1117945,-0.313,62.24,Benue
79092.0,7.113405683,7.82411894872,0.2,117.2,0.332,1166.0,178.0,195.0,1.0,2.0,11633.9990234375,99710.12536097936,11.510022509077883,11667,1.4363781285621584,7.8112793,7.1117945,-0.313,62.24,Benue
79093.0,7.113405683,7.82411894872,0.2,117.2,0.332,1166.0,178.0,195.0,1.0,2.0,11633.9990234375,131186.27206726075,11.784373516383962,11667,1.4363781285621584,7.8112793,7.1117945,-0.313,62.24,Benue
79094.0,7.113405683,7.82411894872,0.2,117.2,0.332,1166.0,178.0,195.0,1.0,2.0,11633.9990234375,69157.13574745873,11.144136524067696,11667,1.4363781285621584,7.8112793,7.1117945,-0.313,62.24,Benue
79095.0,7.113405683,7.82411894872,0.2,117.2,0.332,1166.0,178.0,195.0,1.0,2.0,11633.9990234375,125346.18723449708,11.738834686167287,11667,1.4363781285621584,7.8112793,7.1117945,-0.313,62.24,Benue
79096.0,7.113405683,7.82411894872,0.2,117.2,0.332,1166.0,178.0,195.0,1.0,2.0,11633.9990234375,95999.66464911569,11.472099977205492,11667,1.4363781285621584,7.8112793,7.1117945,-0.313,62.24,Benue
79097.0,7.03607027997,7.77424565272,1.4,93.4,0.338,1178.0,230.0,181.0,1.0,2.0,1136.6251220703125,100158.33603922528,11.514507573169023,27656,1.3776555712626473,7.767334,7.046379,-0.206,62.24,Benue
79098.0,7.03607027997,7.77424565272,1.4,93.4,0.338,1178.0,230.0,181.0,1.0,2.0,1136.6251220703125,281160.00971984863,12.546679215860363,27656,1.3776555712626473,7.767334,7.046379,-0.206,62.24,Benue
79099.0,7.03607027997,7.77424565272,1.4,93.4,0.338,1178.0,230.0,181.0,1.0,2.0,1136.6251220703125,96427.29922485352,11.47654462748858,27656,1.3776555712626473,7.767334,7.046379,-0.206,62.24,Benue
79101.0,7.03607027997,7.77424565272,1.4,93.4,0.338,1178.0,230.0,181.0,1.0,2.0,1136.6251220703125,169752.05327860516,12.042094141245316,27656,1.3776555712626473,7.767334,7.046379,-0.206,62.24,Benue
79102.0,7.03607027997,7.77424565272,1.4,93.4,0.338,1178.0,230.0,181.0,1.0,2.0,1136.6251220703125,356435.6870880127,12.783909101687152,27656,1.3776555712626473,7.767334,7.046379,-0.206,62.24,Benue
79104.0,7.03607027997,7.77424565272,1.4,93.4,0.338,1178.0,230.0,181.0,1.0,2.0,1136.6251220703125,156921.1375579834,11.963498649583368,27656,1.3776555712626473,7.767334,7.046379,-0.206,62.24,Benue
79105.0,7.03607027997,7.77424565272,1.4,93.4,0.338,1178.0,230.0,181.0,1.0,2.0,1136.6251220703125,111476.55236409504,11.621569555069,27656,1.3776555712626473,7.767334,7.046379,-0.206,62.24,Benue
79106.0,7.03607027997,7.77424565272,1.4,93.4,0.338,1178.0,230.0,181.0,1.0,2.0,1136.6251220703125,161626.55030517577,11.993043708016868,27656,1.3776555712626473,7.767334,7.046379,-0.206,62.24,Benue
79107.0,7.03607027997,7.77424565272,1.4,93.4,0.338,1178.0,230.0,181.0,1.0,2.0,1136.6251220703125,276147.6752319336,12.528691056796465,27656,1.3776555712626473,7.767334,7.046379,-0.206,62.24,Benue
79108.0,7.03607027997,7.77424565272,1.4,93.4,0.338,1178.0,230.0,181.0,1.0,2.0,1136.6251220703125,94704.2282002767,11.458513926543636,27656,1.3776555712626473,7.767334,7.046379,-0.206,62.24,Benue
79109.0,7.45080054638,7.97952966732,1.8,83.6,0.281,1089.0,2438.0,175.0,1.0,2.0,6783.75,91774.91649183336,11.427094298441803,90534,1.3645984979033152,7.9870605,7.4605176,0.168,62.24,Benue
79110.0,7.45080054638,7.97952966732,1.8,83.6,0.281,1089.0,2438.0,175.0,1.0,2.0,6783.75,66228.3616800944,11.100864074348278,90534,1.3645984979033152,7.9870605,7.4605176,0.168,62.24,Benue
79111.0,7.45080054638,7.97952966732,1.8,83.6,0.281,1089.0,2438.0,175.0,1.0,2.0,6783.75,65654.6225982666,11.0921632900208,90534,1.3645984979033152,7.9870605,7.4605176,0.168,62.24,Benue
79112.0,7.45080054638,7.97952966732,1.8,83.6,0.281,1089.0,2438.0,175.0,1.0,2.0,6783.75,88178.4394785333,11.38711776175526,90534,1.3645984979033152,7.9870605,7.4605176,0.168,62.24,Benue
79113.0,7.45080054638,7.97952966732,1.8,83.6,0.281,1089.0,2438.0,175.0,1.0,2.0,6783.75,148244.7517940637,11.906619915181492,90534,1.3645984979033152,7.9870605,7.4605176,0.168,62.24,Benue
79114.0,7.45080054638,7.97952966732,1.8,83.6,0.281,1089.0,2438.0,175.0,1.0,2.0,6783.75,484008.06103515625,13.08985684059139,90534,1.3645984979033152,7.9870605,7.4605176,0.168,62.24,Benue
79116.0,7.45080054638,7.97952966732,1.8,83.6,0.281,1089.0,2438.0,175.0,1.0,2.0,6783.75,132415.89350237165,11.793702956839333,90534,1.3645984979033152,7.9870605,7.4605176,0.168,62.24,Benue
79117.0,7.45080054638,7.97952966732,1.8,83.6,0.281,1089.0,2438.0,175.0,1.0,2.0,6783.75,117779.25343153212,11.676567417809192,90534,1.3645984979033152,7.9870605,7.4605176,0.168,62.24,Benue
79119.0,7.45080054638,7.97952966732,1.8,83.6,0.281,1089.0,2438.0,175.0,1.0,2.0,6783.75,123429.11429850258,11.723422296972965,90534,1.3645984979033152,7.9870605,7.4605176,0.168,62.24,Benue
79120.0,7.45080054638,7.97952966732,1.8,83.6,0.281,1089.0,2438.0,175.0,1.0,2.0,6783.75,137853.24251556396,11.833944938232351,90534,1.3645984979033152,7.9870605,7.4605176,0.168,62.24,Benue
79121.0,7.52492918563,9.80002095227,16.1,120.1,0.322,1554.0,87.0,202.0,1.0,2.0,5110.3046875,47787.233904157365,10.774513809674383,56098,1.2000530222154682,9.810791,7.5258726,-0.484,62.24,Benue
79122.0,7.52492918563,9.80002095227,16.1,120.1,0.322,1554.0,87.0,202.0,1.0,2.0,5110.3046875,74705.06361897786,11.221303154887496,56098,1.2000530222154682,9.810791,7.5258726,-0.484,62.24,Benue
79123.0,7.52492918563,9.80002095227,16.1,120.1,0.322,1554.0,87.0,202.0,1.0,2.0,5110.3046875,97392.95521036786,11.486509158579151,56098,1.2000530222154682,9.810791,7.5258726,-0.484,62.24,Benue
79124.0,7.52492918563,9.80002095227,16.1,120.1,0.322,1554.0,87.0,202.0,1.0,2.0,5110.3046875,72048.4628092448,11.185094266144484,56098,1.2000530222154682,9.810791,7.5258726,-0.484,62.24,Benue
79125.0,7.52492918563,9.80002095227,16.1,120.1,0.322,1554.0,87.0,202.0,1.0,2.0,5110.3046875,88773.56915428524,11.393844240016348,56098,1.2000530222154682,9.810791,7.5258726,-0.484,62.24,Benue
79127.0,7.52492918563,9.80002095227,16.1,120.1,0.322,1554.0,87.0,202.0,1.0,2.0,5110.3046875,170567.60832141695,12.046887026852946,56098,1.2000530222154682,9.810791,7.5258726,-0.484,62.24,Benue
79128.0,7.52492918563,9.80002095227,16.1,120.1,0.322,1554.0,87.0,202.0,1.0,2.0,5110.3046875,45342.84539794922,10.722007678994665,56098,1.2000530222154682,9.810791,7.5258726,-0.484,62.24,Benue
79129.0,7.52492918563,9.80002095227,16.1,120.1,0.322,1554.0,87.0,202.0,1.0,2.0,5110.3046875,98820.11662801106,11.501056472605592,56098,1.2000530222154682,9.810791,7.5258726,-0.484,62.24,Benue
79131.0,7.52492918563,9.80002095227,16.1,120.1,0.322,1554.0,87.0,202.0,1.0,2.0,5110.3046875,297537.11657714844,12.6032942577896,56098,1.2000530222154682,9.810791,7.5258726,-0.484,62.24,Benue
79132.0,7.52492918563,9.80002095227,16.1,120.1,0.322,1554.0,87.0,202.0,1.0,2.0,5110.3046875,134511.4529978434,11.809404626799092,56098,1.2000530222154682,9.810791,7.5258726,-0.484,62.24,Benue
79133.0,6.82486528929,9.14280757038,0.3,101.4,0.279,1884.0,330.0,203.0,1.0,2.0,3070.959228515625,99150.59893035889,11.504395174578804,29448,1.0473946399807001,9.1516113,6.8282612,-0.406,62.24,Benue
79134.0,6.82486528929,9.14280757038,0.3,101.4,0.279,1884.0,330.0,203.0,1.0,2.0,3070.959228515625,67099.2910810198,11.113928757792484,29448,1.0473946399807001,9.1516113,6.8282612,-0.406,62.24,Benue
79136.0,6.82486528929,9.14280757038,0.3,101.4,0.279,1884.0,330.0,203.0,1.0,2.0,3070.959228515625,100439.7049484253,11.517312875676858,29448,1.0473946399807001,9.1516113,6.8282612,-0.406,62.24,Benue
79137.0,6.82486528929,9.14280757038,0.3,101.4,0.279,1884.0,330.0,203.0,1.0,2.0,3070.959228515625,57275.99954223633,10.955636958801655,29448,1.0473946399807001,9.1516113,6.8282612,-0.406,62.24,Benue
79138.0,6.82486528929,9.14280757038,0.3,101.4,0.279,1884.0,330.0,203.0,1.0,2.0,3070.959228515625,90972.0147705078,11.41830720820752,29448,1.0473946399807001,9.1516113,6.8282612,-0.406,62.24,Benue
79139.0,6.82486528929,9.14280757038,0.3,101.4,0.279,1884.0,330.0,203.0,1.0,2.0,3070.959228515625,378120.11985270184,12.842967201509286,29448,1.0473946399807001,9.1516113,6.8282612,-0.406,62.24,Benue
79140.0,6.82486528929,9.14280757038,0.3,101.4,0.279,1884.0,330.0,203.0,1.0,2.0,3070.959228515625,202899.34381103516,12.220465291757591,29448,1.0473946399807001,9.1516113,6.8282612,-0.406,62.24,Benue
79141.0,6.82486528929,9.14280757038,0.3,101.4,0.279,1884.0,330.0,203.0,1.0,2.0,3070.959228515625,110903.0648803711,11.616411809389142,29448,1.0473946399807001,9.1516113,6.8282612,-0.406,62.24,Benue
79142.0,6.82486528929,9.14280757038,0.3,101.4,0.279,1884.0,330.0,203.0,1.0,2.0,3070.959228515625,62367.55044555664,11.04080039418672,29448,1.0473946399807001,9.1516113,6.8282612,-0.406,62.24,Benue
79143.0,6.82486528929,9.14280757038,0.3,101.4,0.279,1884.0,330.0,203.0,1.0,2.0,3070.959228515625,181289.7056159973,12.107851614193155,29448,1.0473946399807001,9.1516113,6.8282612,-0.406,62.24,Benue
80011.0,11.89316454,13.1461164714,0.3,5.9,0.263,633.0,388.0,320.0,2.0,1.0,1350.86767578125,95802.61414591472,11.4700452511223,84259,0.873118716213338,13.1506348,11.8996033,0.323,38.92,Borno
80012.0,11.89316454,13.1461164714,0.3,5.9,0.263,633.0,388.0,320.0,2.0,1.0,1350.86767578125,90505.66551208496,11.413167730072052,84259,0.873118716213338,13.1506348,11.8996033,0.323,38.92,Borno
80013.0,11.89316454,13.1461164714,0.3,5.9,0.263,633.0,388.0,320.0,2.0,1.0,1350.86767578125,109179.67338198709,11.600750183775926,84259,0.873118716213338,13.1506348,11.8996033,0.323,38.92,Borno
80014.0,11.89316454,13.1461164714,0.3,5.9,0.263,633.0,388.0,320.0,2.0,1.0,1350.86767578125,74300.754422869,11.215876384394129,84259,0.873118716213338,13.1506348,11.8996033,0.323,38.92,Borno
80015.0,11.89316454,13.1461164714,0.3,5.9,0.263,633.0,388.0,320.0,2.0,1.0,1350.86767578125,116568.8350850423,11.66623723659846,84259,0.873118716213338,13.1506348,11.8996033,0.323,38.92,Borno
80016.0,11.89316454,13.1461164714,0.3,5.9,0.263,633.0,388.0,320.0,2.0,1.0,1350.86767578125,70586.4130061223,11.16459295462218,84259,0.873118716213338,13.1506348,11.8996033,0.323,38.92,Borno
80017.0,11.89316454,13.1461164714,0.3,5.9,0.263,633.0,388.0,320.0,2.0,1.0,1350.86767578125,62717.08798828125,11.04638922518817,84259,0.873118716213338,13.1506348,11.8996033,0.323,38.92,Borno
80018.0,11.89316454,13.1461164714,0.3,5.9,0.263,633.0,388.0,320.0,2.0,1.0,1350.86767578125,62108.46662055121,11.03663759712351,84259,0.873118716213338,13.1506348,11.8996033,0.323,38.92,Borno
80019.0,11.89316454,13.1461164714,0.3,5.9,0.263,633.0,388.0,320.0,2.0,1.0,1350.86767578125,103200.2259012858,11.544426320993152,84259,0.873118716213338,13.1506348,11.8996033,0.323,38.92,Borno
80020.0,11.89316454,13.1461164714,0.3,5.9,0.263,633.0,388.0,320.0,2.0,1.0,1350.86767578125,58589.31165713355,10.978307563999664,84259,0.873118716213338,13.1506348,11.8996033,0.323,38.92,Borno
80091.0,10.5770578857,12.176465126400002,2.8,43.4,0.319,1079.0,143.0,730.0,2.0,2.0,4148.8955078125,133529.50774582292,11.802077764202428,49755,1.2046284564559622,12.1838379,10.5850215,0.283,38.92,Borno
80092.0,10.5770578857,12.176465126400002,2.8,43.4,0.319,1079.0,143.0,730.0,2.0,2.0,4148.8955078125,161287.69902692523,11.990944999747873,49755,1.2046284564559622,12.1838379,10.5850215,0.283,38.92,Borno
80095.0,10.5770578857,12.176465126400002,2.8,43.4,0.319,1079.0,143.0,730.0,2.0,2.0,4148.8955078125,76884.47178141275,11.250059207683789,49755,1.2046284564559622,12.1838379,10.5850215,0.283,38.92,Borno
80097.0,10.5770578857,12.176465126400002,2.8,43.4,0.319,1079.0,143.0,730.0,2.0,2.0,4148.8955078125,234899.45598144535,12.366912854686236,49755,1.2046284564559622,12.1838379,10.5850215,0.283,38.92,Borno
80098.0,10.5770578857,12.176465126400002,2.8,43.4,0.319,1079.0,143.0,730.0,2.0,2.0,4148.8955078125,101308.25403817985,11.525923168044514,49755,1.2046284564559622,12.1838379,10.5850215,0.283,38.92,Borno
80099.0,10.5770578857,12.176465126400002,2.8,43.4,0.319,1079.0,143.0,730.0,2.0,2.0,4148.8955078125,82376.79070366753,11.319059010004556,49755,1.2046284564559622,12.1838379,10.5850215,0.283,38.92,Borno
80100.0,10.5770578857,12.176465126400002,2.8,43.4,0.319,1079.0,143.0,730.0,2.0,2.0,4148.8955078125,184147.8215713501,12.12349409216083,49755,1.2046284564559622,12.1838379,10.5850215,0.283,38.92,Borno
80101.0,10.2772898378,12.202428050799998,1.8,2.5,0.322,1072.0,60.0,314.0,2.0,2.0,1773.791015625,110357.1202799479,11.611476934115707,35384,0.6886840320468879,12.2058105,10.2824911,-0.39,38.92,Borno
80102.0,10.2772898378,12.202428050799998,1.8,2.5,0.322,1072.0,60.0,314.0,2.0,2.0,1773.791015625,54536.49684729942,10.90662542344742,35384,0.6886840320468879,12.2058105,10.2824911,-0.39,38.92,Borno
80103.0,10.2772898378,12.202428050799998,1.8,2.5,0.322,1072.0,60.0,314.0,2.0,2.0,1773.791015625,60569.590335422086,11.011548236462309,35384,0.6886840320468879,12.2058105,10.2824911,-0.39,38.92,Borno
80104.0,10.2772898378,12.202428050799998,1.8,2.5,0.322,1072.0,60.0,314.0,2.0,2.0,1773.791015625,104977.0668542324,11.561497194372452,35384,0.6886840320468879,12.2058105,10.2824911,-0.39,38.92,Borno
80105.0,10.2772898378,12.202428050799998,1.8,2.5,0.322,1072.0,60.0,314.0,2.0,2.0,1773.791015625,248291.6552160354,12.422359363263508,35384,0.6886840320468879,12.2058105,10.2824911,-0.39,38.92,Borno
80106.0,10.2772898378,12.202428050799998,1.8,2.5,0.322,1072.0,60.0,314.0,2.0,2.0,1773.791015625,132572.63607788086,11.794885971017628,35384,0.6886840320468879,12.2058105,10.2824911,-0.39,38.92,Borno
80107.0,10.2772898378,12.202428050799998,1.8,2.5,0.322,1072.0,60.0,314.0,2.0,2.0,1773.791015625,116924.22694566516,11.669281371032056,35384,0.6886840320468879,12.2058105,10.2824911,-0.39,38.92,Borno
80108.0,10.2772898378,12.202428050799998,1.8,2.5,0.322,1072.0,60.0,314.0,2.0,2.0,1773.791015625,61954.82438247923,11.034160759448548,35384,0.6886840320468879,12.2058105,10.2824911,-0.39,38.92,Borno
80109.0,10.2772898378,12.202428050799998,1.8,2.5,0.322,1072.0,60.0,314.0,2.0,2.0,1773.791015625,53850.721130371094,10.893971073959516,35384,0.6886840320468879,12.2058105,10.2824911,-0.39,38.92,Borno
80110.0,10.2772898378,12.202428050799998,1.8,2.5,0.322,1072.0,60.0,314.0,2.0,2.0,1773.791015625,70560.12719726561,11.164220493361384,35384,0.6886840320468879,12.2058105,10.2824911,-0.39,38.92,Borno
89001.0,11.8853404177,13.1114518307,1.2,23.7,0.251,633.0,486.0,321.0,2.0,1.0,1681.97998046875,320721.31091308594,12.678327834714764,47286,0.9617654201899841,13.1066895,11.878102,0.775,38.92,Borno
89002.0,11.8853404177,13.1114518307,1.2,23.7,0.251,633.0,486.0,321.0,2.0,1.0,1681.97998046875,42944.793404715405,10.667670695494037,47286,0.9617654201899841,13.1066895,11.878102,0.775,38.92,Borno
89003.0,11.8853404177,13.1114518307,1.2,23.7,0.251,633.0,486.0,321.0,2.0,1.0,1681.97998046875,215262.307762146,12.27961259957354,47286,0.9617654201899841,13.1066895,11.878102,0.775,38.92,Borno
89004.0,11.8853404177,13.1114518307,1.2,23.7,0.251,633.0,486.0,321.0,2.0,1.0,1681.97998046875,79574.82052951389,11.28445299678506,47286,0.9617654201899841,13.1066895,11.878102,0.775,38.92,Borno
89005.0,11.8853404177,13.1114518307,1.2,23.7,0.251,633.0,486.0,321.0,2.0,1.0,1681.97998046875,56288.14676920573,10.93823925500272,47286,0.9617654201899841,13.1066895,11.878102,0.775,38.92,Borno
89006.0,11.8853404177,13.1114518307,1.2,23.7,0.251,633.0,486.0,321.0,2.0,1.0,1681.97998046875,105608.92895507812,11.567498201178614,47286,0.9617654201899841,13.1066895,11.878102,0.775,38.92,Borno
89007.0,11.8853404177,13.1114518307,1.2,23.7,0.251,633.0,486.0,321.0,2.0,1.0,1681.97998046875,77637.23089272635,11.259802370659347,47286,0.9617654201899841,13.1066895,11.878102,0.775,38.92,Borno
89009.0,11.8853404177,13.1114518307,1.2,23.7,0.251,633.0,486.0,321.0,2.0,1.0,1681.97998046875,68592.58702087402,11.13593974695477,47286,0.9617654201899841,13.1066895,11.878102,0.775,38.92,Borno
89010.0,11.8853404177,13.1114518307,1.2,23.7,0.251,633.0,486.0,321.0,2.0,1.0,1681.97998046875,44162.126622517906,10.69562283700427,47286,0.9617654201899841,13.1066895,11.878102,0.775,38.92,Borno
89011.0,11.8853404177,13.1114518307,1.2,23.7,0.251,633.0,486.0,321.0,2.0,1.0,1681.97998046875,79286.87119547527,11.280827835221444,47286,0.9617654201899841,13.1066895,11.878102,0.775,38.92,Borno
89015.0,11.8821171122,13.154616885,6.8,33.7,0.265,640.0,465.0,319.0,2.0,1.0,23118.7421875,75456.7545601981,11.231314983849668,66696,0.6276961859472856,13.1506348,11.878102,1.182,38.92,Borno
89016.0,11.8821171122,13.154616885,6.8,33.7,0.265,640.0,465.0,319.0,2.0,1.0,23118.7421875,99372.497820173,11.506630672471562,66696,0.6276961859472856,13.1506348,11.878102,1.182,38.92,Borno
89017.0,11.8821171122,13.154616885,6.8,33.7,0.265,640.0,465.0,319.0,2.0,1.0,23118.7421875,114871.05228678386,11.651565493772896,66696,0.6276961859472856,13.1506348,11.878102,1.182,38.92,Borno
89019.0,11.8821171122,13.154616885,6.8,33.7,0.265,640.0,465.0,319.0,2.0,1.0,23118.7421875,110810.20443115236,11.615574146808664,66696,0.6276961859472856,13.1506348,11.878102,1.182,38.92,Borno
89020.0,11.8821171122,13.154616885,6.8,33.7,0.265,640.0,465.0,319.0,2.0,1.0,23118.7421875,91048.2196899414,11.419144531861257,66696,0.6276961859472856,13.1506348,11.878102,1.182,38.92,Borno
89021.0,11.8821171122,13.154616885,6.8,33.7,0.265,640.0,465.0,319.0,2.0,1.0,23118.7421875,172115.0884806315,12.055918651108671,66696,0.6276961859472856,13.1506348,11.878102,1.182,38.92,Borno
89022.0,11.8821171122,13.154616885,6.8,33.7,0.265,640.0,465.0,319.0,2.0,1.0,23118.7421875,156785.2234802246,11.962632144448992,66696,0.6276961859472856,13.1506348,11.878102,1.182,38.92,Borno
89023.0,11.8821171122,13.154616885,6.8,33.7,0.265,640.0,465.0,319.0,2.0,1.0,23118.7421875,74776.9921798706,11.2222655254685,66696,0.6276961859472856,13.1506348,11.878102,1.182,38.92,Borno
89024.0,11.8821171122,13.154616885,6.8,33.7,0.265,640.0,465.0,319.0,2.0,1.0,23118.7421875,76759.79657660589,11.248436299995742,66696,0.6276961859472856,13.1506348,11.878102,1.182,38.92,Borno
89028.0,11.8821171122,13.154616885,6.8,33.7,0.265,640.0,465.0,319.0,2.0,1.0,23118.7421875,93456.76453072684,11.445254196895563,66696,0.6276961859472856,13.1506348,11.878102,1.182,38.92,Borno
90001.0,5.0507391124300005,8.339414104490002,13.1,30.2,0.237,2160.0,559.0,37.0,5.0,1.0,15168.072265625,99371.59440612794,11.506621581242385,64860,0.8233419893831732,8.338623,5.0581143,0.625,53.78,Cross River
90002.0,5.0507391124300005,8.339414104490002,13.1,30.2,0.237,2160.0,559.0,37.0,5.0,1.0,15168.072265625,200298.55447387695,12.207564304822462,64860,0.8233419893831732,8.338623,5.0581143,0.625,53.78,Cross River
90003.0,5.0507391124300005,8.339414104490002,13.1,30.2,0.237,2160.0,559.0,37.0,5.0,1.0,15168.072265625,56647.638651529945,10.944605582472294,64860,0.8233419893831732,8.338623,5.0581143,0.625,53.78,Cross River
90004.0,5.0507391124300005,8.339414104490002,13.1,30.2,0.237,2160.0,559.0,37.0,5.0,1.0,15168.072265625,54803.871880425344,10.911516125192463,64860,0.8233419893831732,8.338623,5.0581143,0.625,53.78,Cross River
90005.0,5.0507391124300005,8.339414104490002,13.1,30.2,0.237,2160.0,559.0,37.0,5.0,1.0,15168.072265625,213138.57832336423,12.269697835598643,64860,0.8233419893831732,8.338623,5.0581143,0.625,53.78,Cross River
90007.0,5.20825520805,7.7445034241,3.4,60.5,0.252,1975.0,744.0,97.0,5.0,2.0,15168.072265625,108978.77065713063,11.59890837762871,28411,0.3517288950568833,7.7453613,5.2113056,0.238,32.85,Akwa Ibom
90009.0,5.0507391124300005,8.339414104490002,13.1,30.2,0.237,2160.0,559.0,37.0,5.0,1.0,15168.072265625,429170.6808369954,12.969609976214768,64860,0.8233419893831732,8.338623,5.0581143,0.625,53.78,Cross River
90010.0,5.0507391124300005,8.339414104490002,13.1,30.2,0.237,2160.0,559.0,37.0,5.0,1.0,15168.072265625,616616.7883351644,13.332003021334314,64860,0.8233419893831732,8.338623,5.0581143,0.625,53.78,Cross River
90021.0,5.10748991826,8.18243277741,0.8,21.2,0.25,2104.0,247.0,64.0,5.0,1.0,2719.908203125,146051.58167484825,11.891715137437822,6859,0.675782144001086,8.1848145,5.101887,0.394,53.78,Cross River
90022.0,5.10748991826,8.18243277741,0.8,21.2,0.25,2104.0,247.0,64.0,5.0,1.0,2719.908203125,139538.06008021036,11.846092675147847,6859,0.675782144001086,8.1848145,5.101887,0.394,53.78,Cross River
90025.0,5.10748991826,8.18243277741,0.8,21.2,0.25,2104.0,247.0,64.0,5.0,1.0,2719.908203125,99968.24919544566,11.512607906508334,6859,0.675782144001086,8.1848145,5.101887,0.394,53.78,Cross River
90026.0,5.10748991826,8.18243277741,0.8,21.2,0.25,2104.0,247.0,64.0,5.0,1.0,2719.908203125,156847.78308868408,11.963031079560915,6859,0.675782144001086,8.1848145,5.101887,0.394,53.78,Cross River
90027.0,5.10748991826,8.18243277741,0.8,21.2,0.25,2104.0,247.0,64.0,5.0,1.0,2719.908203125,182540.7501487732,12.114728715565947,6859,0.675782144001086,8.1848145,5.101887,0.394,53.78,Cross River
90028.0,5.10748991826,8.18243277741,0.8,21.2,0.25,2104.0,247.0,64.0,5.0,1.0,2719.908203125,233735.33358256024,12.361944701150616,6859,0.675782144001086,8.1848145,5.101887,0.394,53.78,Cross River
90029.0,5.10748991826,8.18243277741,0.8,21.2,0.25,2104.0,247.0,64.0,5.0,1.0,2719.908203125,87624.78127479553,11.380819128183084,6859,0.675782144001086,8.1848145,5.101887,0.394,53.78,Cross River
90030.0,5.10748991826,8.18243277741,0.8,21.2,0.25,2104.0,247.0,64.0,5.0,1.0,2719.908203125,288680.0465927124,12.573074248585366,6859,0.675782144001086,8.1848145,5.101887,0.394,53.78,Cross River
90041.0,5.93434596942,8.14702576943,1.8,107.0,0.409,1805.0,546.0,70.0,5.0,2.0,4589.47998046875,41398.33420143127,10.630995922323486,100680,0.700198836436403,8.1408691,5.9329721,-0.186,53.78,Cross River
90042.0,5.93434596942,8.14702576943,1.8,107.0,0.409,1805.0,546.0,70.0,5.0,2.0,4589.47998046875,281114.8855895996,12.54651871027592,100680,0.700198836436403,8.1408691,5.9329721,-0.186,53.78,Cross River
90043.0,5.93434596942,8.14702576943,1.8,107.0,0.409,1805.0,546.0,70.0,5.0,2.0,4589.47998046875,185585.44925944012,12.131270697874283,100680,0.700198836436403,8.1408691,5.9329721,-0.186,53.78,Cross River
90044.0,5.93434596942,8.14702576943,1.8,107.0,0.409,1805.0,546.0,70.0,5.0,2.0,4589.47998046875,165218.89306640625,12.015026498338614,100680,0.700198836436403,8.1408691,5.9329721,-0.186,53.78,Cross River
90046.0,5.93434596942,8.14702576943,1.8,107.0,0.409,1805.0,546.0,70.0,5.0,2.0,4589.47998046875,66447.16211954753,11.104162356224869,100680,0.700198836436403,8.1408691,5.9329721,-0.186,53.78,Cross River
90047.0,5.93434596942,8.14702576943,1.8,107.0,0.409,1805.0,546.0,70.0,5.0,2.0,4589.47998046875,71586.61951700847,11.178663457230748,100680,0.700198836436403,8.1408691,5.9329721,-0.186,53.78,Cross River
90048.0,5.93434596942,8.14702576943,1.8,107.0,0.409,1805.0,546.0,70.0,5.0,2.0,4589.47998046875,109561.8074645996,11.604244120727238,100680,0.700198836436403,8.1408691,5.9329721,-0.186,53.78,Cross River
90091.0,6.800389840220001,8.92703039084,1.7,12.7,0.284,1682.0,114.0,105.0,5.0,2.0,1517.9337158203125,330744.89965718583,12.709102661320696,64840,0.8613551946055477,8.9318848,6.8064439,-0.677,62.24,Benue
90092.0,6.800389840220001,8.92703039084,1.7,12.7,0.284,1682.0,114.0,105.0,5.0,2.0,1517.9337158203125,160515.13208923343,11.986143498037844,64840,0.8613551946055477,8.9318848,6.8064439,-0.677,62.24,Benue
90093.0,6.800389840220001,8.92703039084,1.7,12.7,0.284,1682.0,114.0,105.0,5.0,2.0,1517.9337158203125,221138.19248453775,12.306543090437854,64840,0.8613551946055477,8.9318848,6.8064439,-0.677,62.24,Benue
90094.0,6.800389840220001,8.92703039084,1.7,12.7,0.284,1682.0,114.0,105.0,5.0,2.0,1517.9337158203125,71864.59656524658,11.182539024183262,64840,0.8613551946055477,8.9318848,6.8064439,-0.677,62.24,Benue
90095.0,6.800389840220001,8.92703039084,1.7,12.7,0.284,1682.0,114.0,105.0,5.0,2.0,1517.9337158203125,124057.71231384276,11.72850215819783,64840,0.8613551946055477,8.9318848,6.8064439,-0.677,62.24,Benue
90096.0,6.800389840220001,8.92703039084,1.7,12.7,0.284,1682.0,114.0,105.0,5.0,2.0,1517.9337158203125,60863.998103550504,11.016397114746256,64840,0.8613551946055477,8.9318848,6.8064439,-0.677,62.24,Benue
90097.0,6.800389840220001,8.92703039084,1.7,12.7,0.284,1682.0,114.0,105.0,5.0,2.0,1517.9337158203125,86946.8624343872,11.37305243442046,64840,0.8613551946055477,8.9318848,6.8064439,-0.677,62.24,Benue
90098.0,6.800389840220001,8.92703039084,1.7,12.7,0.284,1682.0,114.0,105.0,5.0,2.0,1517.9337158203125,176489.65701293945,12.081017553145152,64840,0.8613551946055477,8.9318848,6.8064439,-0.677,62.24,Benue
90099.0,6.800389840220001,8.92703039084,1.7,12.7,0.284,1682.0,114.0,105.0,5.0,2.0,1517.9337158203125,225880.07290649417,12.327759486553209,64840,0.8613551946055477,8.9318848,6.8064439,-0.677,62.24,Benue
90100.0,6.800389840220001,8.92703039084,1.7,12.7,0.284,1682.0,114.0,105.0,5.0,2.0,1517.9337158203125,104428.05490657262,11.55625364348928,64840,0.8613551946055477,8.9318848,6.8064439,-0.677,62.24,Benue
99001.0,6.63226648906,8.88422412251,0.2,122.1,0.337,1797.0,421.0,119.0,5.0,2.0,9333.3232421875,188062.22252807615,12.144528157947324,94955,0.41474736967559633,8.8879395,6.6318701,-0.613,53.78,Cross River
99003.0,6.63226648906,8.88422412251,0.2,122.1,0.337,1797.0,421.0,119.0,5.0,2.0,9333.3232421875,138222.05111694336,11.836616737044348,94955,0.41474736967559633,8.8879395,6.6318701,-0.613,53.78,Cross River
99004.0,6.63226648906,8.88422412251,0.2,122.1,0.337,1797.0,421.0,119.0,5.0,2.0,9333.3232421875,300185.4395751953,12.612155694590813,94955,0.41474736967559633,8.8879395,6.6318701,-0.613,53.78,Cross River
99005.0,6.63226648906,8.88422412251,0.2,122.1,0.337,1797.0,421.0,119.0,5.0,2.0,9333.3232421875,301298.2524820963,12.615855925174907,94955,0.41474736967559633,8.8879395,6.6318701,-0.613,53.78,Cross River
99006.0,6.63226648906,8.88422412251,0.2,122.1,0.337,1797.0,421.0,119.0,5.0,2.0,9333.3232421875,44455.42983627319,10.70224238952825,94955,0.41474736967559633,8.8879395,6.6318701,-0.613,53.78,Cross River
99008.0,6.63226648906,8.88422412251,0.2,122.1,0.337,1797.0,421.0,119.0,5.0,2.0,9333.3232421875,284185.12074279785,12.557381138393495,94955,0.41474736967559633,8.8879395,6.6318701,-0.613,53.78,Cross River
99009.0,6.63226648906,8.88422412251,0.2,122.1,0.337,1797.0,421.0,119.0,5.0,2.0,9333.3232421875,201601.45580037436,12.214048036385291,94955,0.41474736967559633,8.8879395,6.6318701,-0.613,53.78,Cross River
99010.0,6.63226648906,8.88422412251,0.2,122.1,0.337,1797.0,421.0,119.0,5.0,2.0,9333.3232421875,218846.7903137207,12.296127176364454,94955,0.41474736967559633,8.8879395,6.6318701,-0.613,53.78,Cross River
99011.0,6.63226648906,8.88422412251,0.2,122.1,0.337,1797.0,421.0,119.0,5.0,2.0,9333.3232421875,94183.98260498048,11.45300541006614,94955,0.41474736967559633,8.8879395,6.6318701,-0.613,53.78,Cross River
99013.0,5.07552369412,8.35427940044,3.5,19.8,0.245,2182.0,2004.0,56.0,5.0,1.0,3377.491943359375,88860.35375976562,11.394821357573193,83688,0.8593859723016476,8.3605957,5.080001,0.775,53.78,Cross River
99014.0,5.07552369412,8.35427940044,3.5,19.8,0.245,2182.0,2004.0,56.0,5.0,1.0,3377.491943359375,150220.55549621582,11.919859863117708,83688,0.8593859723016476,8.3605957,5.080001,0.775,53.78,Cross River
99015.0,5.07552369412,8.35427940044,3.5,19.8,0.245,2182.0,2004.0,56.0,5.0,1.0,3377.491943359375,197437.43215942383,12.193177013939058,83688,0.8593859723016476,8.3605957,5.080001,0.775,53.78,Cross River
99016.0,5.07552369412,8.35427940044,3.5,19.8,0.245,2182.0,2004.0,56.0,5.0,1.0,3377.491943359375,196335.8825531006,12.18758215802275,83688,0.8593859723016476,8.3605957,5.080001,0.775,53.78,Cross River
99017.0,5.07552369412,8.35427940044,3.5,19.8,0.245,2182.0,2004.0,56.0,5.0,1.0,3377.491943359375,258286.96488189697,12.461826512777224,83688,0.8593859723016476,8.3605957,5.080001,0.775,53.78,Cross River
99019.0,5.07552369412,8.35427940044,3.5,19.8,0.245,2182.0,2004.0,56.0,5.0,1.0,3377.491943359375,123215.69368082682,11.721691705741875,83688,0.8593859723016476,8.3605957,5.080001,0.775,53.78,Cross River
99020.0,5.07552369412,8.35427940044,3.5,19.8,0.245,2182.0,2004.0,56.0,5.0,1.0,3377.491943359375,333075.8873901367,12.716125633060056,83688,0.8593859723016476,8.3605957,5.080001,0.775,53.78,Cross River
99021.0,5.07552369412,8.35427940044,3.5,19.8,0.245,2182.0,2004.0,56.0,5.0,1.0,3377.491943359375,157905.99588012695,11.969755172164508,83688,0.8593859723016476,8.3605957,5.080001,0.775,53.78,Cross River
99023.0,5.07552369412,8.35427940044,3.5,19.8,0.245,2182.0,2004.0,56.0,5.0,1.0,3377.491943359375,94560.9417622884,11.456999792005394,83688,0.8593859723016476,8.3605957,5.080001,0.775,53.78,Cross River
99026.0,4.923437023,8.3196571403,1.0,2.5,0.246,2119.0,3033.0,15.0,5.0,1.0,5615.51806640625,1616695.4297790527,14.295894765703196,82048,0.4989564921726992,8.3166504,4.9267785,1.247,53.78,Cross River
99027.0,4.923437023,8.3196571403,1.0,2.5,0.246,2119.0,3033.0,15.0,5.0,1.0,5615.51806640625,437193.33987045294,12.98813080156934,82048,0.4989564921726992,8.3166504,4.9267785,1.247,53.78,Cross River
99029.0,4.923437023,8.3196571403,1.0,2.5,0.246,2119.0,3033.0,15.0,5.0,1.0,5615.51806640625,440235.7787361145,12.99506572313623,82048,0.4989564921726992,8.3166504,4.9267785,1.247,53.78,Cross River
99030.0,4.923437023,8.3196571403,1.0,2.5,0.246,2119.0,3033.0,15.0,5.0,1.0,5615.51806640625,320619.04345703125,12.678008916822806,82048,0.4989564921726992,8.3166504,4.9267785,1.247,53.78,Cross River
99031.0,4.923437023,8.3196571403,1.0,2.5,0.246,2119.0,3033.0,15.0,5.0,1.0,5615.51806640625,394218.9958496094,12.884661860894909,82048,0.4989564921726992,8.3166504,4.9267785,1.247,53.78,Cross River
99032.0,4.923437023,8.3196571403,1.0,2.5,0.246,2119.0,3033.0,15.0,5.0,1.0,5615.51806640625,255102.52100626624,12.449420786504694,82048,0.4989564921726992,8.3166504,4.9267785,1.247,53.78,Cross River
99033.0,4.923437023,8.3196571403,1.0,2.5,0.246,2119.0,3033.0,15.0,5.0,1.0,5615.51806640625,451281.5327758789,13.019846664915532,82048,0.4989564921726992,8.3166504,4.9267785,1.247,53.78,Cross River
99034.0,4.923437023,8.3196571403,1.0,2.5,0.246,2119.0,3033.0,15.0,5.0,1.0,5615.51806640625,305416.874593099,12.629432924310615,82048,0.4989564921726992,8.3166504,4.9267785,1.247,53.78,Cross River
99035.0,4.923437023,8.3196571403,1.0,2.5,0.246,2119.0,3033.0,15.0,5.0,1.0,5615.51806640625,158650.58527374268,11.974459486092105,82048,0.4989564921726992,8.3166504,4.9267785,1.247,53.78,Cross River
99036.0,4.923437023,8.3196571403,1.0,2.5,0.246,2119.0,3033.0,15.0,5.0,1.0,5615.51806640625,251566.81408081052,12.435463895589084,82048,0.4989564921726992,8.3166504,4.9267785,1.247,53.78,Cross River
99037.0,5.88582149476,8.77605131388,7.2,60.3,0.366,2193.0,113.0,135.0,5.0,2.0,3406.62939453125,214156.60898844403,12.274462844058997,7848,0.44298486618176824,8.7780762,5.8892605,-0.502,53.78,Cross River
99038.0,5.88582149476,8.77605131388,7.2,60.3,0.366,2193.0,113.0,135.0,5.0,2.0,3406.62939453125,143640.26956176758,11.8750673249866,7848,0.44298486618176824,8.7780762,5.8892605,-0.502,53.78,Cross River
99040.0,5.88582149476,8.77605131388,7.2,60.3,0.366,2193.0,113.0,135.0,5.0,2.0,3406.62939453125,181803.1842346191,12.11067997561404,7848,0.44298486618176824,8.7780762,5.8892605,-0.502,53.78,Cross River
99041.0,5.88582149476,8.77605131388,7.2,60.3,0.366,2193.0,113.0,135.0,5.0,2.0,3406.62939453125,303555.9207153321,12.623321125278038,7848,0.44298486618176824,8.7780762,5.8892605,-0.502,53.78,Cross River
99043.0,5.88582149476,8.77605131388,7.2,60.3,0.366,2193.0,113.0,135.0,5.0,2.0,3406.62939453125,152380.75838308624,11.934137656934723,7848,0.44298486618176824,8.7780762,5.8892605,-0.502,53.78,Cross River
99044.0,5.88582149476,8.77605131388,7.2,60.3,0.366,2193.0,113.0,135.0,5.0,2.0,3406.62939453125,139197.5495452881,11.843649422886186,7848,0.44298486618176824,8.7780762,5.8892605,-0.502,53.78,Cross River
99045.0,5.88582149476,8.77605131388,7.2,60.3,0.366,2193.0,113.0,135.0,5.0,2.0,3406.62939453125,74464.05639212474,11.21807182340895,7848,0.44298486618176824,8.7780762,5.8892605,-0.502,53.78,Cross River
99046.0,5.88582149476,8.77605131388,7.2,60.3,0.366,2193.0,113.0,135.0,5.0,2.0,3406.62939453125,242174.8157602946,12.397415123523343,7848,0.44298486618176824,8.7780762,5.8892605,-0.502,53.78,Cross River
99048.0,5.88582149476,8.77605131388,7.2,60.3,0.366,2193.0,113.0,135.0,5.0,2.0,3406.62939453125,168721.08643493653,12.036002254409642,7848,0.44298486618176824,8.7780762,5.8892605,-0.502,53.78,Cross River
99051.0,5.79919980045,8.71422904499,1.1,3.1,0.345,2211.0,172.0,40.0,5.0,2.0,4429.75830078125,192308.03421529132,12.166853710294829,72478,0.3713120232304871,8.7121582,5.8018269,0.507,53.78,Cross River
99052.0,5.79919980045,8.71422904499,1.1,3.1,0.345,2211.0,172.0,40.0,5.0,2.0,4429.75830078125,118978.08834838869,11.68669462361323,72478,0.3713120232304871,8.7121582,5.8018269,0.507,53.78,Cross River
99053.0,5.79919980045,8.71422904499,1.1,3.1,0.345,2211.0,172.0,40.0,5.0,2.0,4429.75830078125,193794.55860010785,12.1745539006458,72478,0.3713120232304871,8.7121582,5.8018269,0.507,53.78,Cross River
99054.0,5.79919980045,8.71422904499,1.1,3.1,0.345,2211.0,172.0,40.0,5.0,2.0,4429.75830078125,82505.24372558594,11.320617130613034,72478,0.3713120232304871,8.7121582,5.8018269,0.507,53.78,Cross River
99055.0,5.79919980045,8.71422904499,1.1,3.1,0.345,2211.0,172.0,40.0,5.0,2.0,4429.75830078125,142564.39613850912,11.867549079339936,72478,0.3713120232304871,8.7121582,5.8018269,0.507,53.78,Cross River
99056.0,5.79919980045,8.71422904499,1.1,3.1,0.345,2211.0,172.0,40.0,5.0,2.0,4429.75830078125,179041.39601135254,12.095372320719068,72478,0.3713120232304871,8.7121582,5.8018269,0.507,53.78,Cross River
99057.0,5.79919980045,8.71422904499,1.1,3.1,0.345,2211.0,172.0,40.0,5.0,2.0,4429.75830078125,89250.27191467283,11.399199746300246,72478,0.3713120232304871,8.7121582,5.8018269,0.507,53.78,Cross River
99058.0,5.79919980045,8.71422904499,1.1,3.1,0.345,2211.0,172.0,40.0,5.0,2.0,4429.75830078125,293053.70314331056,12.588111158382697,72478,0.3713120232304871,8.7121582,5.8018269,0.507,53.78,Cross River
99059.0,5.79919980045,8.71422904499,1.1,3.1,0.345,2211.0,172.0,40.0,5.0,2.0,4429.75830078125,310731.6284942627,12.646684887735566,72478,0.3713120232304871,8.7121582,5.8018269,0.507,53.78,Cross River
99061.0,5.98519947969,8.23441578226,0.0,2.7,0.396,1826.0,238.0,24.0,5.0,2.0,10837.6005859375,188644.72180684409,12.147620746240609,54891,2.0431492243748406,8.2507324,5.9766803,0.215,53.78,Cross River
99062.0,5.98519947969,8.23441578226,0.0,2.7,0.396,1826.0,238.0,24.0,5.0,2.0,10837.6005859375,76665.97259521484,11.24721324609035,54891,2.0431492243748406,8.2507324,5.9766803,0.215,53.78,Cross River
99064.0,5.98519947969,8.23441578226,0.0,2.7,0.396,1826.0,238.0,24.0,5.0,2.0,10837.6005859375,339181.7590942383,12.734291405198697,54891,2.0431492243748406,8.2507324,5.9766803,0.215,53.78,Cross River
99065.0,5.98519947969,8.23441578226,0.0,2.7,0.396,1826.0,238.0,24.0,5.0,2.0,10837.6005859375,145323.544921875,11.886717879939862,54891,2.0431492243748406,8.2507324,5.9766803,0.215,53.78,Cross River
99066.0,5.98519947969,8.23441578226,0.0,2.7,0.396,1826.0,238.0,24.0,5.0,2.0,10837.6005859375,229962.1708984375,12.345670100023325,54891,2.0431492243748406,8.2507324,5.9766803,0.215,53.78,Cross River
99068.0,5.98519947969,8.23441578226,0.0,2.7,0.396,1826.0,238.0,24.0,5.0,2.0,10837.6005859375,128459.2855834961,11.763367289403638,54891,2.0431492243748406,8.2507324,5.9766803,0.215,53.78,Cross River
99070.0,5.98519947969,8.23441578226,0.0,2.7,0.396,1826.0,238.0,24.0,5.0,2.0,10837.6005859375,100013.48082478842,11.513060264132298,54891,2.0431492243748406,8.2507324,5.9766803,0.215,53.78,Cross River
99071.0,5.98519947969,8.23441578226,0.0,2.7,0.396,1826.0,238.0,24.0,5.0,2.0,10837.6005859375,85235.65617370604,11.353175124962222,54891,2.0431492243748406,8.2507324,5.9766803,0.215,53.78,Cross River
99072.0,5.98519947969,8.23441578226,0.0,2.7,0.396,1826.0,238.0,24.0,5.0,2.0,10837.6005859375,282201.28161621094,12.55037585990794,54891,2.0431492243748406,8.2507324,5.9766803,0.215,53.78,Cross River
99074.0,5.84791176578,8.17401073158,1.6,51.3,0.372,1880.0,364.0,61.0,5.0,2.0,9337.603515625,149583.4282775879,11.915609564841136,49611,1.267271593119207,8.1628418,5.8455454,-0.037,53.78,Cross River
99075.0,5.84791176578,8.17401073158,1.6,51.3,0.372,1880.0,364.0,61.0,5.0,2.0,9337.603515625,78328.82699012756,11.268670975017796,49611,1.267271593119207,8.1628418,5.8455454,-0.037,53.78,Cross River
99076.0,5.84791176578,8.17401073158,1.6,51.3,0.372,1880.0,364.0,61.0,5.0,2.0,9337.603515625,220789.06626790363,12.30496307344478,49611,1.267271593119207,8.1628418,5.8455454,-0.037,53.78,Cross River
99077.0,5.84791176578,8.17401073158,1.6,51.3,0.372,1880.0,364.0,61.0,5.0,2.0,9337.603515625,146554.21315612792,11.895150694658774,49611,1.267271593119207,8.1628418,5.8455454,-0.037,53.78,Cross River
99079.0,5.84791176578,8.17401073158,1.6,51.3,0.372,1880.0,364.0,61.0,5.0,2.0,9337.603515625,216646.05546951297,12.28602022007645,49611,1.267271593119207,8.1628418,5.8455454,-0.037,53.78,Cross River
99080.0,5.84791176578,8.17401073158,1.6,51.3,0.372,1880.0,364.0,61.0,5.0,2.0,9337.603515625,329295.0398864746,12.704709405653002,49611,1.267271593119207,8.1628418,5.8455454,-0.037,53.78,Cross River
99081.0,5.84791176578,8.17401073158,1.6,51.3,0.372,1880.0,364.0,61.0,5.0,2.0,9337.603515625,173543.63729756675,12.064184358546798,49611,1.267271593119207,8.1628418,5.8455454,-0.037,53.78,Cross River
99082.0,5.84791176578,8.17401073158,1.6,51.3,0.372,1880.0,364.0,61.0,5.0,2.0,9337.603515625,154341.69909464518,11.946924248728015,49611,1.267271593119207,8.1628418,5.8455454,-0.037,53.78,Cross River
99083.0,5.84791176578,8.17401073158,1.6,51.3,0.372,1880.0,364.0,61.0,5.0,2.0,9337.603515625,62803.1941066197,11.047761212733262,49611,1.267271593119207,8.1628418,5.8455454,-0.037,53.78,Cross River
99088.0,5.07552369412,8.35427940044,3.5,19.8,0.245,2182.0,2004.0,56.0,5.0,1.0,3377.491943359375,188874.9000447591,12.148840170361185,83688,0.8593859723016476,8.3605957,5.080001,0.775,53.78,Cross River
99094.0,5.79919980045,8.71422904499,1.1,3.1,0.345,2211.0,172.0,40.0,5.0,2.0,4429.75830078125,44782.23310343426,10.709566757230808,72478,0.3713120232304871,8.7121582,5.8018269,0.507,53.78,Cross River
99096.0,5.98519947969,8.23441578226,0.0,2.7,0.396,1826.0,238.0,24.0,5.0,2.0,10837.6005859375,127114.04876708984,11.75283998424851,54891,2.0431492243748406,8.2507324,5.9766803,0.215,53.78,Cross River
99098.0,5.84791176578,8.17401073158,1.6,51.3,0.372,1880.0,364.0,61.0,5.0,2.0,9337.603515625,177558.55142211914,12.087055700670264,49611,1.267271593119207,8.1628418,5.8455454,-0.037,53.78,Cross River
100031.0,6.11554285941,6.176619068420001,13.6,20.1,0.33,1288.0,469.0,149.0,5.0,2.0,1806.551513671875,215410.7169923328,12.280301796377293,18870,1.29260660678784,6.1853027,6.1077838,0.2,31.23,Delta
100032.0,6.11554285941,6.176619068420001,13.6,20.1,0.33,1288.0,469.0,149.0,5.0,2.0,1806.551513671875,235047.2435012091,12.36754180909659,18870,1.29260660678784,6.1853027,6.1077838,0.2,31.23,Delta
100033.0,6.11554285941,6.176619068420001,13.6,20.1,0.33,1288.0,469.0,149.0,5.0,2.0,1806.551513671875,254571.2490641276,12.447336032822028,18870,1.29260660678784,6.1853027,6.1077838,0.2,31.23,Delta
100034.0,6.11554285941,6.176619068420001,13.6,20.1,0.33,1288.0,469.0,149.0,5.0,2.0,1806.551513671875,189809.0221679687,12.15377369915976,18870,1.29260660678784,6.1853027,6.1077838,0.2,31.23,Delta
100035.0,6.11554285941,6.176619068420001,13.6,20.1,0.33,1288.0,469.0,149.0,5.0,2.0,1806.551513671875,156234.15798950195,11.959111173591262,18870,1.29260660678784,6.1853027,6.1077838,0.2,31.23,Delta
100036.0,6.11554285941,6.176619068420001,13.6,20.1,0.33,1288.0,469.0,149.0,5.0,2.0,1806.551513671875,166014.74156951904,12.01983186803144,18870,1.29260660678784,6.1853027,6.1077838,0.2,31.23,Delta
100037.0,6.11554285941,6.176619068420001,13.6,20.1,0.33,1288.0,469.0,149.0,5.0,2.0,1806.551513671875,161984.516011556,11.995256029470864,18870,1.29260660678784,6.1853027,6.1077838,0.2,31.23,Delta
100038.0,6.11554285941,6.176619068420001,13.6,20.1,0.33,1288.0,469.0,149.0,5.0,2.0,1806.551513671875,188324.3938018799,12.145921253795205,18870,1.29260660678784,6.1853027,6.1077838,0.2,31.23,Delta
100039.0,6.11554285941,6.176619068420001,13.6,20.1,0.33,1288.0,469.0,149.0,5.0,2.0,1806.551513671875,254567.90090942383,12.44732288060341,18870,1.29260660678784,6.1853027,6.1077838,0.2,31.23,Delta
100040.0,6.11554285941,6.176619068420001,13.6,20.1,0.33,1288.0,469.0,149.0,5.0,2.0,1806.551513671875,142552.3582204183,11.867464637314598,18870,1.29260660678784,6.1853027,6.1077838,0.2,31.23,Delta
100111.0,5.4978516061,5.821879074850001,0.6,22.9,0.213,1344.0,2055.0,9.0,5.0,1.0,1852.2777099609375,316898.0563323974,12.666335412281844,55154,1.1474146545686468,5.8117676,5.4957038,1.096,31.23,Delta
100113.0,5.4978516061,5.821879074850001,0.6,22.9,0.213,1344.0,2055.0,9.0,5.0,1.0,1852.2777099609375,366657.37088521314,12.812183096647882,55154,1.1474146545686468,5.8117676,5.4957038,1.096,31.23,Delta
100115.0,5.4978516061,5.821879074850001,0.6,22.9,0.213,1344.0,2055.0,9.0,5.0,1.0,1852.2777099609375,630251.8101806641,13.353874717208935,55154,1.1474146545686468,5.8117676,5.4957038,1.096,31.23,Delta
100117.0,5.4978516061,5.821879074850001,0.6,22.9,0.213,1344.0,2055.0,9.0,5.0,1.0,1852.2777099609375,293196.3545411428,12.588597815565166,55154,1.1474146545686468,5.8117676,5.4957038,1.096,31.23,Delta
100118.0,5.4978516061,5.821879074850001,0.6,22.9,0.213,1344.0,2055.0,9.0,5.0,1.0,1852.2777099609375,100705.57570266724,11.519956446614412,55154,1.1474146545686468,5.8117676,5.4957038,1.096,31.23,Delta
100119.0,5.4978516061,5.821879074850001,0.6,22.9,0.213,1344.0,2055.0,9.0,5.0,1.0,1852.2777099609375,418661.5362731934,12.94481808314255,55154,1.1474146545686468,5.8117676,5.4957038,1.096,31.23,Delta
100120.0,5.4978516061,5.821879074850001,0.6,22.9,0.213,1344.0,2055.0,9.0,5.0,1.0,1852.2777099609375,338491.2731696235,12.73225359011476,55154,1.1474146545686468,5.8117676,5.4957038,1.096,31.23,Delta
100131.0,5.51610389484,5.708096008989999,0.3,1.4,0.201,1251.0,2069.0,7.0,5.0,2.0,2259.670654296875,155189.3288481576,11.952401126945691,62764,0.7064145421276042,5.7019043,5.5175751,-0.108,31.23,Delta
100132.0,5.51610389484,5.708096008989999,0.3,1.4,0.201,1251.0,2069.0,7.0,5.0,2.0,2259.670654296875,343675.6094818115,12.747453495762974,62764,0.7064145421276042,5.7019043,5.5175751,-0.108,31.23,Delta
100133.0,5.51610389484,5.708096008989999,0.3,1.4,0.201,1251.0,2069.0,7.0,5.0,2.0,2259.670654296875,299303.5765736898,12.609213643564546,62764,0.7064145421276042,5.7019043,5.5175751,-0.108,31.23,Delta
100134.0,5.51610389484,5.708096008989999,0.3,1.4,0.201,1251.0,2069.0,7.0,5.0,2.0,2259.670654296875,200708.35310872397,12.209608153792407,62764,0.7064145421276042,5.7019043,5.5175751,-0.108,31.23,Delta
100135.0,5.51610389484,5.708096008989999,0.3,1.4,0.201,1251.0,2069.0,7.0,5.0,2.0,2259.670654296875,435277.4761861165,12.983738983004136,62764,0.7064145421276042,5.7019043,5.5175751,-0.108,31.23,Delta
100136.0,5.51610389484,5.708096008989999,0.3,1.4,0.201,1251.0,2069.0,7.0,5.0,2.0,2259.670654296875,311893.4056968689,12.650416760009035,62764,0.7064145421276042,5.7019043,5.5175751,-0.108,31.23,Delta
100138.0,5.51610389484,5.708096008989999,0.3,1.4,0.201,1251.0,2069.0,7.0,5.0,2.0,2259.670654296875,216030.77566019696,12.283176156425323,62764,0.7064145421276042,5.7019043,5.5175751,-0.108,31.23,Delta
109002.0,6.17541409064,6.52049495284,0.3,59.3,0.345,1302.0,1021.0,203.0,5.0,1.0,2659.214599609375,315769.97131347656,12.662769288611493,52947,0.66374776251472,6.5148926,6.1733235,0.891,31.23,Delta
109005.0,6.17541409064,6.52049495284,0.3,59.3,0.345,1302.0,1021.0,203.0,5.0,1.0,2659.214599609375,276178.01760660805,12.52880092811007,52947,0.66374776251472,6.5148926,6.1733235,0.891,31.23,Delta
109006.0,6.17541409064,6.52049495284,0.3,59.3,0.345,1302.0,1021.0,203.0,5.0,1.0,2659.214599609375,305622.6632588705,12.630106493403298,52947,0.66374776251472,6.5148926,6.1733235,0.891,31.23,Delta
109007.0,6.17541409064,6.52049495284,0.3,59.3,0.345,1302.0,1021.0,203.0,5.0,1.0,2659.214599609375,247959.55000076297,12.421020907008446,52947,0.66374776251472,6.5148926,6.1733235,0.891,31.23,Delta
109008.0,6.17541409064,6.52049495284,0.3,59.3,0.345,1302.0,1021.0,203.0,5.0,1.0,2659.214599609375,215829.73415120444,12.282245108001362,52947,0.66374776251472,6.5148926,6.1733235,0.891,31.23,Delta
109009.0,6.17541409064,6.52049495284,0.3,59.3,0.345,1302.0,1021.0,203.0,5.0,1.0,2659.214599609375,191065.1841125488,12.160369926882822,52947,0.66374776251472,6.5148926,6.1733235,0.891,31.23,Delta
109011.0,6.17541409064,6.52049495284,0.3,59.3,0.345,1302.0,1021.0,203.0,5.0,1.0,2659.214599609375,263362.80728912354,12.481287855926194,52947,0.66374776251472,6.5148926,6.1733235,0.891,31.23,Delta
109012.0,6.17541409064,6.52049495284,0.3,59.3,0.345,1302.0,1021.0,203.0,5.0,1.0,2659.214599609375,164031.37492098127,12.007812999002605,52947,0.66374776251472,6.5148926,6.1733235,0.891,31.23,Delta
109013.0,5.86816049801,5.79000854181,4.9,9.1,0.261,1229.0,444.0,18.0,5.0,2.0,4772.7255859375,148034.46545137675,11.90520040030662,71784,0.0873303848117054,5.7897949,5.8674033,0.001,31.23,Delta
109014.0,5.86816049801,5.79000854181,4.9,9.1,0.261,1229.0,444.0,18.0,5.0,2.0,4772.7255859375,167537.827331543,12.028964439565597,71784,0.0873303848117054,5.7897949,5.8674033,0.001,31.23,Delta
109016.0,5.86816049801,5.79000854181,4.9,9.1,0.261,1229.0,444.0,18.0,5.0,2.0,4772.7255859375,249387.88915507,12.426764751125466,71784,0.0873303848117054,5.7897949,5.8674033,0.001,31.23,Delta
109017.0,5.86816049801,5.79000854181,4.9,9.1,0.261,1229.0,444.0,18.0,5.0,2.0,4772.7255859375,128650.21802368163,11.764852512412547,71784,0.0873303848117054,5.7897949,5.8674033,0.001,31.23,Delta
109018.0,5.86816049801,5.79000854181,4.9,9.1,0.261,1229.0,444.0,18.0,5.0,2.0,4772.7255859375,127619.46850077312,11.756808212711997,71784,0.0873303848117054,5.7897949,5.8674033,0.001,31.23,Delta
109019.0,5.86816049801,5.79000854181,4.9,9.1,0.261,1229.0,444.0,18.0,5.0,2.0,4772.7255859375,83554.4098388672,11.333253313466912,71784,0.0873303848117054,5.7897949,5.8674033,0.001,31.23,Delta
109020.0,5.86816049801,5.79000854181,4.9,9.1,0.261,1229.0,444.0,18.0,5.0,2.0,4772.7255859375,182223.40464477535,12.112988711347365,71784,0.0873303848117054,5.7897949,5.8674033,0.001,31.23,Delta
109021.0,5.86816049801,5.79000854181,4.9,9.1,0.261,1229.0,444.0,18.0,5.0,2.0,4772.7255859375,102769.6675075955,11.540245525307816,71784,0.0873303848117054,5.7897949,5.8674033,0.001,31.23,Delta
109022.0,5.86816049801,5.79000854181,4.9,9.1,0.261,1229.0,444.0,18.0,5.0,2.0,4772.7255859375,296688.53927612305,12.60043817821949,71784,0.0873303848117054,5.7897949,5.8674033,0.001,31.23,Delta
109023.0,5.86816049801,5.79000854181,4.9,9.1,0.261,1229.0,444.0,18.0,5.0,2.0,4772.7255859375,260191.22780354816,12.46917213120841,71784,0.0873303848117054,5.7897949,5.8674033,0.001,31.23,Delta
109025.0,5.94627816241,5.62921957956,0.8,50.3,0.24,1157.0,807.0,9.0,5.0,2.0,3699.116455078125,323524.667447408,12.687030641785496,70777,1.2101764029460482,5.6359863,5.9548266,0.602,31.23,Delta
109026.0,5.94627816241,5.62921957956,0.8,50.3,0.24,1157.0,807.0,9.0,5.0,2.0,3699.116455078125,310956.55111694336,12.647408474381962,70777,1.2101764029460482,5.6359863,5.9548266,0.602,31.23,Delta
109028.0,5.94627816241,5.62921957956,0.8,50.3,0.24,1157.0,807.0,9.0,5.0,2.0,3699.116455078125,222676.6762977013,12.313476116273089,70777,1.2101764029460482,5.6359863,5.9548266,0.602,31.23,Delta
109029.0,5.94627816241,5.62921957956,0.8,50.3,0.24,1157.0,807.0,9.0,5.0,2.0,3699.116455078125,96890.6639251709,11.48133844571568,70777,1.2101764029460482,5.6359863,5.9548266,0.602,31.23,Delta
109030.0,5.94627816241,5.62921957956,0.8,50.3,0.24,1157.0,807.0,9.0,5.0,2.0,3699.116455078125,134675.95060119627,11.81062680600681,70777,1.2101764029460482,5.6359863,5.9548266,0.602,31.23,Delta
109031.0,5.94627816241,5.62921957956,0.8,50.3,0.24,1157.0,807.0,9.0,5.0,2.0,3699.116455078125,179890.03063456216,12.1001010022528,70777,1.2101764029460482,5.6359863,5.9548266,0.602,31.23,Delta
109032.0,5.94627816241,5.62921957956,0.8,50.3,0.24,1157.0,807.0,9.0,5.0,2.0,3699.116455078125,167266.14123916626,12.027341482984935,70777,1.2101764029460482,5.6359863,5.9548266,0.602,31.23,Delta
109033.0,5.94627816241,5.62921957956,0.8,50.3,0.24,1157.0,807.0,9.0,5.0,2.0,3699.116455078125,165849.0634504046,12.01883339739154,70777,1.2101764029460482,5.6359863,5.9548266,0.602,31.23,Delta
109034.0,5.94627816241,5.62921957956,0.8,50.3,0.24,1157.0,807.0,9.0,5.0,2.0,3699.116455078125,1330170.5663146973,14.1008177373246,70777,1.2101764029460482,5.6359863,5.9548266,0.602,31.23,Delta
109035.0,5.94627816241,5.62921957956,0.8,50.3,0.24,1157.0,807.0,9.0,5.0,2.0,3699.116455078125,112487.1114578247,11.630593929244226,70777,1.2101764029460482,5.6359863,5.9548266,0.602,31.23,Delta
109037.0,6.20930771378,6.2915431925,0.1,52.2,0.333,1303.0,627.0,188.0,5.0,1.0,2122.96044921875,219438.28687286377,12.298826318767594,24234,0.9450256178895755,6.295166,6.2170122,-0.166,31.23,Delta
109038.0,6.20930771378,6.2915431925,0.1,52.2,0.333,1303.0,627.0,188.0,5.0,1.0,2122.96044921875,278158.4032745361,12.535946026352269,24234,0.9450256178895755,6.295166,6.2170122,-0.166,31.23,Delta
109040.0,6.20930771378,6.2915431925,0.1,52.2,0.333,1303.0,627.0,188.0,5.0,1.0,2122.96044921875,492884.578956604,13.108030305851036,24234,0.9450256178895755,6.295166,6.2170122,-0.166,31.23,Delta
109041.0,6.20930771378,6.2915431925,0.1,52.2,0.333,1303.0,627.0,188.0,5.0,1.0,2122.96044921875,207691.93556867327,12.243811181805029,24234,0.9450256178895755,6.295166,6.2170122,-0.166,31.23,Delta
109042.0,6.20930771378,6.2915431925,0.1,52.2,0.333,1303.0,627.0,188.0,5.0,1.0,2122.96044921875,480740.13903808594,13.083082151619411,24234,0.9450256178895755,6.295166,6.2170122,-0.166,31.23,Delta
109043.0,6.20930771378,6.2915431925,0.1,52.2,0.333,1303.0,627.0,188.0,5.0,1.0,2122.96044921875,402670.5652770996,12.90587405074147,24234,0.9450256178895755,6.295166,6.2170122,-0.166,31.23,Delta
109046.0,6.20930771378,6.2915431925,0.1,52.2,0.333,1303.0,627.0,188.0,5.0,1.0,2122.96044921875,100526.10773925782,11.518172751244752,24234,0.9450256178895755,6.295166,6.2170122,-0.166,31.23,Delta
109047.0,6.20930771378,6.2915431925,0.1,52.2,0.333,1303.0,627.0,188.0,5.0,1.0,2122.96044921875,104512.52462768552,11.55706219610173,24234,0.9450256178895755,6.295166,6.2170122,-0.166,31.23,Delta
109048.0,5.84257589102,6.39029598184,3.3,52.0,0.297,1402.0,359.0,24.0,5.0,2.0,7905.75927734375,273185.54033915204,12.517906478261809,37387,0.8685466857267172,6.3830566,5.8455454,-0.286,31.23,Delta
109049.0,5.84257589102,6.39029598184,3.3,52.0,0.297,1402.0,359.0,24.0,5.0,2.0,7905.75927734375,312742.02323913574,12.653133922773312,37387,0.8685466857267172,6.3830566,5.8455454,-0.286,31.23,Delta
109052.0,5.84257589102,6.39029598184,3.3,52.0,0.297,1402.0,359.0,24.0,5.0,2.0,7905.75927734375,67673.79700724283,11.122454338295586,37387,0.8685466857267172,6.3830566,5.8455454,-0.286,31.23,Delta
109053.0,5.84257589102,6.39029598184,3.3,52.0,0.297,1402.0,359.0,24.0,5.0,2.0,7905.75927734375,155803.92104375933,11.956353579263585,37387,0.8685466857267172,6.3830566,5.8455454,-0.286,31.23,Delta
109054.0,6.1983382462,6.72104377365,4.7,44.5,0.236,1331.0,2289.0,46.0,5.0,1.0,7905.75927734375,473451.450937907,13.067804654013363,46794,0.9963000607761886,6.7126465,6.1951683,1.083,31.23,Delta
109055.0,5.84257589102,6.39029598184,3.3,52.0,0.297,1402.0,359.0,24.0,5.0,2.0,7905.75927734375,162086.32390848798,11.995884335925751,37387,0.8685466857267172,6.3830566,5.8455454,-0.286,31.23,Delta
109056.0,5.84257589102,6.39029598184,3.3,52.0,0.297,1402.0,359.0,24.0,5.0,2.0,7905.75927734375,95220.97244262695,11.463955495284337,37387,0.8685466857267172,6.3830566,5.8455454,-0.286,31.23,Delta
109057.0,5.84257589102,6.39029598184,3.3,52.0,0.297,1402.0,359.0,24.0,5.0,2.0,7905.75927734375,137350.57848358154,11.830291903262506,37387,0.8685466857267172,6.3830566,5.8455454,-0.286,31.23,Delta
109058.0,5.84257589102,6.39029598184,3.3,52.0,0.297,1402.0,359.0,24.0,5.0,2.0,7905.75927734375,322735.4300765991,12.684588164627476,37387,0.8685466857267172,6.3830566,5.8455454,-0.286,31.23,Delta
109059.0,5.80992646641,6.43513704276,1.4,43.6,0.285,1411.0,119.0,23.0,5.0,2.0,7905.75927734375,242218.6509437561,12.39759611351018,3102,1.7797456523384816,6.4489746,5.8018269,-0.072,31.23,Delta
109060.0,5.6704857194,6.43348748455,7.4,31.1,0.268,1471.0,382.0,19.0,5.0,2.0,13230.2138671875,332257.13120269775,12.713664439709184,68780,0.7201228029603401,6.427002,5.6706511,0.187,31.23,Delta
109061.0,5.6704857194,6.43348748455,7.4,31.1,0.268,1471.0,382.0,19.0,5.0,2.0,13230.2138671875,203267.97146860755,12.222280444010948,68780,0.7201228029603401,6.427002,5.6706511,0.187,31.23,Delta
109062.0,5.6704857194,6.43348748455,7.4,31.1,0.268,1471.0,382.0,19.0,5.0,2.0,13230.2138671875,147374.44373575848,11.900731863350842,68780,0.7201228029603401,6.427002,5.6706511,0.187,31.23,Delta
109064.0,5.6704857194,6.43348748455,7.4,31.1,0.268,1471.0,382.0,19.0,5.0,2.0,13230.2138671875,155404.583873446,11.95378721373577,68780,0.7201228029603401,6.427002,5.6706511,0.187,31.23,Delta
109065.0,5.6704857194,6.43348748455,7.4,31.1,0.268,1471.0,382.0,19.0,5.0,2.0,13230.2138671875,399614.8609466553,12.898256514621217,68780,0.7201228029603401,6.427002,5.6706511,0.187,31.23,Delta
109066.0,5.6704857194,6.43348748455,7.4,31.1,0.268,1471.0,382.0,19.0,5.0,2.0,13230.2138671875,162494.64909159343,11.998400351542651,68780,0.7201228029603401,6.427002,5.6706511,0.187,31.23,Delta
109067.0,5.6704857194,6.43348748455,7.4,31.1,0.268,1471.0,382.0,19.0,5.0,2.0,13230.2138671875,170045.95753479004,12.043824017937489,68780,0.7201228029603401,6.427002,5.6706511,0.187,31.23,Delta
109068.0,5.6704857194,6.43348748455,7.4,31.1,0.268,1471.0,382.0,19.0,5.0,2.0,13230.2138671875,138264.5900137765,11.836924447369844,68780,0.7201228029603401,6.427002,5.6706511,0.187,31.23,Delta
109069.0,5.6704857194,6.43348748455,7.4,31.1,0.268,1471.0,382.0,19.0,5.0,2.0,13230.2138671875,291247.26111221313,12.581927879911266,68780,0.7201228029603401,6.427002,5.6706511,0.187,31.23,Delta
109071.0,5.6704857194,6.43348748455,7.4,31.1,0.268,1471.0,382.0,19.0,5.0,2.0,13230.2138671875,178545.126566569,12.09259665814754,68780,0.7201228029603401,6.427002,5.6706511,0.187,31.23,Delta
109073.0,5.73464823399,5.75050850612,0.9,47.9,0.236,1226.0,515.0,10.0,5.0,2.0,4208.3154296875,187387.26903915405,12.140932711789114,20102,0.5465895965239216,5.7458496,5.7362428,0.385,31.23,Delta
109074.0,5.73464823399,5.75050850612,0.9,47.9,0.236,1226.0,515.0,10.0,5.0,2.0,4208.3154296875,642660.770401001,13.373372290755192,20102,0.5465895965239216,5.7458496,5.7362428,0.385,31.23,Delta
109076.0,5.73464823399,5.75050850612,0.9,47.9,0.236,1226.0,515.0,10.0,5.0,2.0,4208.3154296875,259457.7555847168,12.46634917675504,20102,0.5465895965239216,5.7458496,5.7362428,0.385,31.23,Delta
109077.0,5.73464823399,5.75050850612,0.9,47.9,0.236,1226.0,515.0,10.0,5.0,2.0,4208.3154296875,354805.4493217468,12.779324888154596,20102,0.5465895965239216,5.7458496,5.7362428,0.385,31.23,Delta
109078.0,5.73464823399,5.75050850612,0.9,47.9,0.236,1226.0,515.0,10.0,5.0,2.0,4208.3154296875,216844.1523284912,12.286934182464549,20102,0.5465895965239216,5.7458496,5.7362428,0.385,31.23,Delta
109080.0,5.73464823399,5.75050850612,0.9,47.9,0.236,1226.0,515.0,10.0,5.0,2.0,4208.3154296875,121661.99300493512,11.709001929500628,20102,0.5465895965239216,5.7458496,5.7362428,0.385,31.23,Delta
109081.0,5.73464823399,5.75050850612,0.9,47.9,0.236,1226.0,515.0,10.0,5.0,2.0,4208.3154296875,102305.839472695,11.535722032155135,20102,0.5465895965239216,5.7458496,5.7362428,0.385,31.23,Delta
109082.0,5.73464823399,5.75050850612,0.9,47.9,0.236,1226.0,515.0,10.0,5.0,2.0,4208.3154296875,127248.84217325848,11.75389983553647,20102,0.5465895965239216,5.7458496,5.7362428,0.385,31.23,Delta
109083.0,5.73464823399,5.75050850612,0.9,47.9,0.236,1226.0,515.0,10.0,5.0,2.0,4208.3154296875,97871.15928834856,11.491407191535655,20102,0.5465895965239216,5.7458496,5.7362428,0.385,31.23,Delta
109085.0,5.67230975717,5.76869610518,5.3,62.3,0.227,1260.0,594.0,10.0,5.0,2.0,2997.70849609375,87911.69978332518,11.384088178152838,41907,0.2080969994820205,5.7678223,5.6706511,1.07,31.23,Delta
109086.0,5.67230975717,5.76869610518,5.3,62.3,0.227,1260.0,594.0,10.0,5.0,2.0,2997.70849609375,317240.9029197693,12.667416710365725,41907,0.2080969994820205,5.7678223,5.6706511,1.07,31.23,Delta
109087.0,5.67230975717,5.76869610518,5.3,62.3,0.227,1260.0,594.0,10.0,5.0,2.0,2997.70849609375,202267.47195688885,12.217346219109857,41907,0.2080969994820205,5.7678223,5.6706511,1.07,31.23,Delta
109088.0,5.67230975717,5.76869610518,5.3,62.3,0.227,1260.0,594.0,10.0,5.0,2.0,2997.70849609375,395118.0653015137,12.886939898719206,41907,0.2080969994820205,5.7678223,5.6706511,1.07,31.23,Delta
109089.0,5.67230975717,5.76869610518,5.3,62.3,0.227,1260.0,594.0,10.0,5.0,2.0,2997.70849609375,331382.5283508301,12.711028661857082,41907,0.2080969994820205,5.7678223,5.6706511,1.07,31.23,Delta
109091.0,5.67230975717,5.76869610518,5.3,62.3,0.227,1260.0,594.0,10.0,5.0,2.0,2997.70849609375,500144.59226989746,13.122652520138336,41907,0.2080969994820205,5.7678223,5.6706511,1.07,31.23,Delta
109092.0,5.67230975717,5.76869610518,5.3,62.3,0.227,1260.0,594.0,10.0,5.0,2.0,2997.70849609375,220305.5190544128,12.302770584925163,41907,0.2080969994820205,5.7678223,5.6706511,1.07,31.23,Delta
109093.0,5.67230975717,5.76869610518,5.3,62.3,0.227,1260.0,594.0,10.0,5.0,2.0,2997.70849609375,198242.1485900879,12.197244535131958,41907,0.2080969994820205,5.7678223,5.6706511,1.07,31.23,Delta
109095.0,5.67230975717,5.76869610518,5.3,62.3,0.227,1260.0,594.0,10.0,5.0,2.0,2997.70849609375,333294.33354441327,12.716781263084444,41907,0.2080969994820205,5.7678223,5.6706511,1.07,31.23,Delta
109096.0,5.59928058446,5.70816194343,6.6,58.1,0.187,1264.0,845.0,9.0,5.0,2.0,3858.702392578125,379543.4288711548,12.84672430634854,94881,0.9449180278148889,5.7019043,5.605052,0.456,31.23,Delta
109099.0,5.59928058446,5.70816194343,6.6,58.1,0.187,1264.0,845.0,9.0,5.0,2.0,3858.702392578125,310090.12644831336,12.644618264685842,94881,0.9449180278148889,5.7019043,5.605052,0.456,31.23,Delta
109100.0,5.59928058446,5.70816194343,6.6,58.1,0.187,1264.0,845.0,9.0,5.0,2.0,3858.702392578125,153232.57938842772,11.93971217287326,94881,0.9449180278148889,5.7019043,5.605052,0.456,31.23,Delta
109101.0,5.59928058446,5.70816194343,6.6,58.1,0.187,1264.0,845.0,9.0,5.0,2.0,3858.702392578125,239622.67938232425,12.386820795928903,94881,0.9449180278148889,5.7019043,5.605052,0.456,31.23,Delta
109103.0,5.59928058446,5.70816194343,6.6,58.1,0.187,1264.0,845.0,9.0,5.0,2.0,3858.702392578125,450353.8754272461,13.017788942542346,94881,0.9449180278148889,5.7019043,5.605052,0.456,31.23,Delta
109104.0,5.59928058446,5.70816194343,6.6,58.1,0.187,1264.0,845.0,9.0,5.0,2.0,3858.702392578125,164265.10804748535,12.009236914141034,94881,0.9449180278148889,5.7019043,5.605052,0.456,31.23,Delta
109106.0,5.59928058446,5.70816194343,6.6,58.1,0.187,1264.0,845.0,9.0,5.0,2.0,3858.702392578125,247493.521697998,12.419139685690729,94881,0.9449180278148889,5.7019043,5.605052,0.456,31.23,Delta
109107.0,5.59928058446,5.70816194343,6.6,58.1,0.187,1264.0,845.0,9.0,5.0,2.0,3858.702392578125,99424.91975148518,11.507158062949442,94881,0.9449180278148889,5.7019043,5.605052,0.456,31.23,Delta
109108.0,5.597388805,5.62080142995,1.2,54.6,0.181,1193.0,336.0,4.0,5.0,2.0,11179.548828125,81946.01849147251,11.313815998384902,77514,1.7475001944081416,5.6140137,5.583184,-0.255,31.23,Delta
109110.0,5.597388805,5.62080142995,1.2,54.6,0.181,1193.0,336.0,4.0,5.0,2.0,11179.548828125,168348.57846450806,12.033791980624304,77514,1.7475001944081416,5.6140137,5.583184,-0.255,31.23,Delta
109111.0,5.597388805,5.62080142995,1.2,54.6,0.181,1193.0,336.0,4.0,5.0,2.0,11179.548828125,345189.23931503296,12.751848065385245,77514,1.7475001944081416,5.6140137,5.583184,-0.255,31.23,Delta
109112.0,5.597388805,5.62080142995,1.2,54.6,0.181,1193.0,336.0,4.0,5.0,2.0,11179.548828125,425306.8340278626,12.960566149835556,77514,1.7475001944081416,5.6140137,5.583184,-0.255,31.23,Delta
109114.0,5.597388805,5.62080142995,1.2,54.6,0.181,1193.0,336.0,4.0,5.0,2.0,11179.548828125,243800.90174357095,12.404107194724563,77514,1.7475001944081416,5.6140137,5.583184,-0.255,31.23,Delta
109115.0,5.597388805,5.62080142995,1.2,54.6,0.181,1193.0,336.0,4.0,5.0,2.0,11179.548828125,214479.54726664224,12.275969662065773,77514,1.7475001944081416,5.6140137,5.583184,-0.255,31.23,Delta
109117.0,5.597388805,5.62080142995,1.2,54.6,0.181,1193.0,336.0,4.0,5.0,2.0,11179.548828125,187941.24913678857,12.1438846883808,77514,1.7475001944081416,5.6140137,5.583184,-0.255,31.23,Delta
109118.0,5.597388805,5.62080142995,1.2,54.6,0.181,1193.0,336.0,4.0,5.0,2.0,11179.548828125,364957.6813151042,12.807536684240429,77514,1.7475001944081416,5.6140137,5.583184,-0.255,31.23,Delta
109119.0,5.597388805,5.62080142995,1.2,54.6,0.181,1193.0,336.0,4.0,5.0,2.0,11179.548828125,202250.85191514756,12.217264047100484,77514,1.7475001944081416,5.6140137,5.583184,-0.255,31.23,Delta
109121.0,5.56693695516,5.83734441756,3.5,54.6,0.22,1370.0,2001.0,18.0,5.0,1.0,5326.3408203125,344732.38989298686,12.75052371354736,51954,0.7412482870108058,5.8337402,5.5613152,1.026,31.23,Delta
109122.0,5.56693695516,5.83734441756,3.5,54.6,0.22,1370.0,2001.0,18.0,5.0,1.0,5326.3408203125,120057.08481852213,11.69572261547258,51954,0.7412482870108058,5.8337402,5.5613152,1.026,31.23,Delta
109123.0,5.56693695516,5.83734441756,3.5,54.6,0.22,1370.0,2001.0,18.0,5.0,1.0,5326.3408203125,138189.81565856934,11.836383494825798,51954,0.7412482870108058,5.8337402,5.5613152,1.026,31.23,Delta
109124.0,5.56693695516,5.83734441756,3.5,54.6,0.22,1370.0,2001.0,18.0,5.0,1.0,5326.3408203125,224234.51571655273,12.320447728335488,51954,0.7412482870108058,5.8337402,5.5613152,1.026,31.23,Delta
109126.0,5.56693695516,5.83734441756,3.5,54.6,0.22,1370.0,2001.0,18.0,5.0,1.0,5326.3408203125,414863.52069854736,12.93570487933799,51954,0.7412482870108058,5.8337402,5.5613152,1.026,31.23,Delta
109127.0,5.56693695516,5.83734441756,3.5,54.6,0.22,1370.0,2001.0,18.0,5.0,1.0,5326.3408203125,462824.0077812559,13.04510214802373,51954,0.7412482870108058,5.8337402,5.5613152,1.026,31.23,Delta
109128.0,5.56693695516,5.83734441756,3.5,54.6,0.22,1370.0,2001.0,18.0,5.0,1.0,5326.3408203125,311139.93323262536,12.647998036051597,51954,0.7412482870108058,5.8337402,5.5613152,1.026,31.23,Delta
109129.0,5.56693695516,5.83734441756,3.5,54.6,0.22,1370.0,2001.0,18.0,5.0,1.0,5326.3408203125,227330.1527709961,12.334158657316198,51954,0.7412482870108058,5.8337402,5.5613152,1.026,31.23,Delta
109130.0,5.56693695516,5.83734441756,3.5,54.6,0.22,1370.0,2001.0,18.0,5.0,1.0,5326.3408203125,285847.41499328613,12.56321343342326,51954,0.7412482870108058,5.8337402,5.5613152,1.026,31.23,Delta
109131.0,5.56693695516,5.83734441756,3.5,54.6,0.22,1370.0,2001.0,18.0,5.0,1.0,5326.3408203125,545710.6201782227,13.209844114553984,51954,0.7412482870108058,5.8337402,5.5613152,1.026,31.23,Delta
109132.0,5.55087604737,5.78611470979,0.6,61.8,0.211,1319.0,3004.0,17.0,5.0,1.0,2266.82861328125,184841.20868174237,12.127252404033058,54216,1.2286436902189493,5.7897949,5.5613152,1.136,31.23,Delta
109133.0,5.55087604737,5.78611470979,0.6,61.8,0.211,1319.0,3004.0,17.0,5.0,1.0,2266.82861328125,190315.3081219991,12.156437492098345,54216,1.2286436902189493,5.7897949,5.5613152,1.136,31.23,Delta
109134.0,5.55087604737,5.78611470979,0.6,61.8,0.211,1319.0,3004.0,17.0,5.0,1.0,2266.82861328125,153455.33415095013,11.941164820935734,54216,1.2286436902189493,5.7897949,5.5613152,1.136,31.23,Delta
109135.0,5.55087604737,5.78611470979,0.6,61.8,0.211,1319.0,3004.0,17.0,5.0,1.0,2266.82861328125,394648.7458546957,12.885751397264263,54216,1.2286436902189493,5.7897949,5.5613152,1.136,31.23,Delta
109136.0,5.55087604737,5.78611470979,0.6,61.8,0.211,1319.0,3004.0,17.0,5.0,1.0,2266.82861328125,219845.46420288083,12.300680143069682,54216,1.2286436902189493,5.7897949,5.5613152,1.136,31.23,Delta
109137.0,5.55087604737,5.78611470979,0.6,61.8,0.211,1319.0,3004.0,17.0,5.0,1.0,2266.82861328125,150891.44896697998,11.924315976264824,54216,1.2286436902189493,5.7897949,5.5613152,1.136,31.23,Delta
109139.0,5.55087604737,5.78611470979,0.6,61.8,0.211,1319.0,3004.0,17.0,5.0,1.0,2266.82861328125,177422.4705932617,12.086289007089007,54216,1.2286436902189493,5.7897949,5.5613152,1.136,31.23,Delta
109141.0,5.55087604737,5.78611470979,0.6,61.8,0.211,1319.0,3004.0,17.0,5.0,1.0,2266.82861328125,341407.3310292562,12.74083156254267,54216,1.2286436902189493,5.7897949,5.5613152,1.136,31.23,Delta
109142.0,5.55087604737,5.78611470979,0.6,61.8,0.211,1319.0,3004.0,17.0,5.0,1.0,2266.82861328125,216046.35914204916,12.283248289295146,54216,1.2286436902189493,5.7897949,5.5613152,1.136,31.23,Delta
109145.0,5.7414082376,5.14945701895,6.8,63.0,0.193,1046.0,114.0,10.0,5.0,2.0,4273.55615234375,302088.3053817749,12.618474655542302,93811,0.670463538834337,5.1525879,5.7362428,-0.237,31.23,Delta
109147.0,5.7414082376,5.14945701895,6.8,63.0,0.193,1046.0,114.0,10.0,5.0,2.0,4273.55615234375,291098.8029886881,12.581418017697391,93811,0.670463538834337,5.1525879,5.7362428,-0.237,31.23,Delta
109148.0,5.7414082376,5.14945701895,6.8,63.0,0.193,1046.0,114.0,10.0,5.0,2.0,4273.55615234375,398654.11229197186,12.895849433422333,93811,0.670463538834337,5.1525879,5.7362428,-0.237,31.23,Delta
109149.0,5.7414082376,5.14945701895,6.8,63.0,0.193,1046.0,114.0,10.0,5.0,2.0,4273.55615234375,814437.8276519775,13.610253372191812,93811,0.670463538834337,5.1525879,5.7362428,-0.237,31.23,Delta
109150.0,5.7414082376,5.14945701895,6.8,63.0,0.193,1046.0,114.0,10.0,5.0,2.0,4273.55615234375,387603.04442138673,12.867737013512242,93811,0.670463538834337,5.1525879,5.7362428,-0.237,31.23,Delta
109151.0,5.7414082376,5.14945701895,6.8,63.0,0.193,1046.0,114.0,10.0,5.0,2.0,4273.55615234375,233717.53258599175,12.361868539475866,93811,0.670463538834337,5.1525879,5.7362428,-0.237,31.23,Delta
109152.0,5.7414082376,5.14945701895,6.8,63.0,0.193,1046.0,114.0,10.0,5.0,2.0,4273.55615234375,1051329.6077270508,13.865566214134205,93811,0.670463538834337,5.1525879,5.7362428,-0.237,31.23,Delta
109153.0,5.7414082376,5.14945701895,6.8,63.0,0.193,1046.0,114.0,10.0,5.0,2.0,4273.55615234375,127618.50417963666,11.756800656460658,93811,0.670463538834337,5.1525879,5.7362428,-0.237,31.23,Delta
109154.0,5.7414082376,5.14945701895,6.8,63.0,0.193,1046.0,114.0,10.0,5.0,2.0,4273.55615234375,91007.03287086486,11.418692066807928,93811,0.670463538834337,5.1525879,5.7362428,-0.237,31.23,Delta
109155.0,5.7414082376,5.14945701895,6.8,63.0,0.193,1046.0,114.0,10.0,5.0,2.0,4273.55615234375,500999.35122680664,13.12436008510969,93811,0.670463538834337,5.1525879,5.7362428,-0.237,31.23,Delta
109156.0,6.17541409064,6.52049495284,0.3,59.3,0.345,1302.0,1021.0,203.0,5.0,1.0,2659.214599609375,135722.24306678772,11.818365745926254,52947,0.66374776251472,6.5148926,6.1733235,0.891,31.23,Delta
109157.0,6.17541409064,6.52049495284,0.3,59.3,0.345,1302.0,1021.0,203.0,5.0,1.0,2659.214599609375,451470.6061706543,13.020265547107847,52947,0.66374776251472,6.5148926,6.1733235,0.891,31.23,Delta
109166.0,5.73464823399,5.75050850612,0.9,47.9,0.236,1226.0,515.0,10.0,5.0,2.0,4208.3154296875,468539.6755371094,13.057376063386798,20102,0.5465895965239216,5.7458496,5.7362428,0.385,31.23,Delta
109169.0,5.67230975717,5.76869610518,5.3,62.3,0.227,1260.0,594.0,10.0,5.0,2.0,2997.70849609375,279040.5005371093,12.539112213483788,41907,0.2080969994820205,5.7678223,5.6706511,1.07,31.23,Delta
109170.0,5.59928058446,5.70816194343,6.6,58.1,0.187,1264.0,845.0,9.0,5.0,2.0,3858.702392578125,472578.1482376099,13.065958405335476,94881,0.9449180278148889,5.7019043,5.605052,0.456,31.23,Delta
109171.0,5.59928058446,5.70816194343,6.6,58.1,0.187,1264.0,845.0,9.0,5.0,2.0,3858.702392578125,495026.4015350342,13.112366376562903,94881,0.9449180278148889,5.7019043,5.605052,0.456,31.23,Delta
109173.0,5.597388805,5.62080142995,1.2,54.6,0.181,1193.0,336.0,4.0,5.0,2.0,11179.548828125,492624.0805786132,13.107501648123806,77514,1.7475001944081416,5.6140137,5.583184,-0.255,31.23,Delta
109176.0,5.55087604737,5.78611470979,0.6,61.8,0.211,1319.0,3004.0,17.0,5.0,1.0,2266.82861328125,306951.1856460571,12.634444009516557,54216,1.2286436902189493,5.7897949,5.5613152,1.136,31.23,Delta
110001.0,6.323146785790001,8.11608584385,0.1,1.6,0.283,1553.0,3854.0,62.0,4.0,1.0,5454.9150390625,826276.1897888184,13.624684366818236,12898,0.4621140065623096,8.1188965,6.326218,1.156,23.2,Ebonyi
110002.0,6.323146785790001,8.11608584385,0.1,1.6,0.283,1553.0,3854.0,62.0,4.0,1.0,5454.9150390625,233477.4024939158,12.360840574079878,12898,0.4621140065623096,8.1188965,6.326218,1.156,23.2,Ebonyi
110003.0,6.323146785790001,8.11608584385,0.1,1.6,0.283,1553.0,3854.0,62.0,4.0,1.0,5454.9150390625,151183.96890767416,11.926252711363547,12898,0.4621140065623096,8.1188965,6.326218,1.156,23.2,Ebonyi
110004.0,6.323146785790001,8.11608584385,0.1,1.6,0.283,1553.0,3854.0,62.0,4.0,1.0,5454.9150390625,714578.3121337891,13.47944787445204,12898,0.4621140065623096,8.1188965,6.326218,1.156,23.2,Ebonyi
110005.0,6.323146785790001,8.11608584385,0.1,1.6,0.283,1553.0,3854.0,62.0,4.0,1.0,5454.9150390625,328708.064994812,12.702925295386637,12898,0.4621140065623096,8.1188965,6.326218,1.156,23.2,Ebonyi
110006.0,6.323146785790001,8.11608584385,0.1,1.6,0.283,1553.0,3854.0,62.0,4.0,1.0,5454.9150390625,593777.7967961628,13.294260448891864,12898,0.4621140065623096,8.1188965,6.326218,1.156,23.2,Ebonyi
110007.0,6.323146785790001,8.11608584385,0.1,1.6,0.283,1553.0,3854.0,62.0,4.0,1.0,5454.9150390625,440214.27612207807,12.99501687853926,12898,0.4621140065623096,8.1188965,6.326218,1.156,23.2,Ebonyi
110008.0,6.323146785790001,8.11608584385,0.1,1.6,0.283,1553.0,3854.0,62.0,4.0,1.0,5454.9150390625,498467.86644744873,13.1192944058198,12898,0.4621140065623096,8.1188965,6.326218,1.156,23.2,Ebonyi
110009.0,6.323146785790001,8.11608584385,0.1,1.6,0.283,1553.0,3854.0,62.0,4.0,1.0,5454.9150390625,178354.32806777954,12.091527457763574,12898,0.4621140065623096,8.1188965,6.326218,1.156,23.2,Ebonyi
110010.0,6.323146785790001,8.11608584385,0.1,1.6,0.283,1553.0,3854.0,62.0,4.0,1.0,5454.9150390625,274571.8396670023,12.522968216682276,12898,0.4621140065623096,8.1188965,6.326218,1.156,23.2,Ebonyi
110021.0,6.37484011777,7.958726700030001,20.6,7.3,0.246,1469.0,695.0,101.0,4.0,2.0,8212.8515625,64785.36563083104,11.078835017804506,19703,0.8944349731864761,7.9650879,6.3698938,-0.528,23.2,Ebonyi
110022.0,6.37484011777,7.958726700030001,20.6,7.3,0.246,1469.0,695.0,101.0,4.0,2.0,8212.8515625,68577.06866878933,11.135713481866144,19703,0.8944349731864761,7.9650879,6.3698938,-0.528,23.2,Ebonyi
110023.0,6.37484011777,7.958726700030001,20.6,7.3,0.246,1469.0,695.0,101.0,4.0,2.0,8212.8515625,72760.17173194885,11.194923992881456,19703,0.8944349731864761,7.9650879,6.3698938,-0.528,23.2,Ebonyi
110024.0,6.37484011777,7.958726700030001,20.6,7.3,0.246,1469.0,695.0,101.0,4.0,2.0,8212.8515625,104533.5892562866,11.55726372702982,19703,0.8944349731864761,7.9650879,6.3698938,-0.528,23.2,Ebonyi
110025.0,6.37484011777,7.958726700030001,20.6,7.3,0.246,1469.0,695.0,101.0,4.0,2.0,8212.8515625,170260.6654993693,12.045085868154532,19703,0.8944349731864761,7.9650879,6.3698938,-0.528,23.2,Ebonyi
110026.0,6.37484011777,7.958726700030001,20.6,7.3,0.246,1469.0,695.0,101.0,4.0,2.0,8212.8515625,200966.2657775879,12.210892341003555,19703,0.8944349731864761,7.9650879,6.3698938,-0.528,23.2,Ebonyi
110027.0,6.37484011777,7.958726700030001,20.6,7.3,0.246,1469.0,695.0,101.0,4.0,2.0,8212.8515625,83127.20085144043,11.328127254015968,19703,0.8944349731864761,7.9650879,6.3698938,-0.528,23.2,Ebonyi
110028.0,6.37484011777,7.958726700030001,20.6,7.3,0.246,1469.0,695.0,101.0,4.0,2.0,8212.8515625,95636.74126107352,11.468312348020971,19703,0.8944349731864761,7.9650879,6.3698938,-0.528,23.2,Ebonyi
110029.0,6.37484011777,7.958726700030001,20.6,7.3,0.246,1469.0,695.0,101.0,4.0,2.0,8212.8515625,198653.54714762373,12.199317617351252,19703,0.8944349731864761,7.9650879,6.3698938,-0.528,23.2,Ebonyi
110030.0,6.37484011777,7.958726700030001,20.6,7.3,0.246,1469.0,695.0,101.0,4.0,2.0,8212.8515625,186028.61395045687,12.133655779306736,19703,0.8944349731864761,7.9650879,6.3698938,-0.528,23.2,Ebonyi
110081.0,6.69118125694,8.135102524360002,5.5,37.7,0.252,1337.0,57.0,91.0,4.0,2.0,5140.37255859375,77208.56798137937,11.254265714069334,22670,0.9367212521628054,8.1408691,6.6973426,-0.426,23.2,Ebonyi
110082.0,6.69118125694,8.135102524360002,5.5,37.7,0.252,1337.0,57.0,91.0,4.0,2.0,5140.37255859375,180122.9415096707,12.101394905115331,22670,0.9367212521628054,8.1408691,6.6973426,-0.426,23.2,Ebonyi
110083.0,6.69118125694,8.135102524360002,5.5,37.7,0.252,1337.0,57.0,91.0,4.0,2.0,5140.37255859375,46554.478963066555,10.74837849640234,22670,0.9367212521628054,8.1408691,6.6973426,-0.426,23.2,Ebonyi
110084.0,6.69118125694,8.135102524360002,5.5,37.7,0.252,1337.0,57.0,91.0,4.0,2.0,5140.37255859375,197087.87844848636,12.191404991749318,22670,0.9367212521628054,8.1408691,6.6973426,-0.426,23.2,Ebonyi
110085.0,6.69118125694,8.135102524360002,5.5,37.7,0.252,1337.0,57.0,91.0,4.0,2.0,5140.37255859375,77755.35118879694,11.26132265325249,22670,0.9367212521628054,8.1408691,6.6973426,-0.426,23.2,Ebonyi
110086.0,6.69118125694,8.135102524360002,5.5,37.7,0.252,1337.0,57.0,91.0,4.0,2.0,5140.37255859375,77251.25705936977,11.254818467240796,22670,0.9367212521628054,8.1408691,6.6973426,-0.426,23.2,Ebonyi
110087.0,6.69118125694,8.135102524360002,5.5,37.7,0.252,1337.0,57.0,91.0,4.0,2.0,5140.37255859375,88632.95897589791,11.3922590648899,22670,0.9367212521628054,8.1408691,6.6973426,-0.426,23.2,Ebonyi
110088.0,6.69118125694,8.135102524360002,5.5,37.7,0.252,1337.0,57.0,91.0,4.0,2.0,5140.37255859375,150611.5052947998,11.922458987809687,22670,0.9367212521628054,8.1408691,6.6973426,-0.426,23.2,Ebonyi
110089.0,6.69118125694,8.135102524360002,5.5,37.7,0.252,1337.0,57.0,91.0,4.0,2.0,5140.37255859375,78986.32103271486,11.277029964972089,22670,0.9367212521628054,8.1408691,6.6973426,-0.426,23.2,Ebonyi
110090.0,6.69118125694,8.135102524360002,5.5,37.7,0.252,1337.0,57.0,91.0,4.0,2.0,5140.37255859375,107709.906447347,11.587196840783925,22670,0.9367212521628054,8.1408691,6.6973426,-0.426,23.2,Ebonyi
110111.0,6.0984193720699995,7.80601488159,16.3,18.9,0.285,1535.0,1178.0,70.0,4.0,2.0,4841.0009765625,119350.00059983996,11.689815636792869,87731,1.1924449094867118,7.8112793,6.1077838,0.13,23.2,Ebonyi
110112.0,6.0984193720699995,7.80601488159,16.3,18.9,0.285,1535.0,1178.0,70.0,4.0,2.0,4841.0009765625,140856.5087890625,11.8554969830218,87731,1.1924449094867118,7.8112793,6.1077838,0.13,23.2,Ebonyi
110113.0,6.0984193720699995,7.80601488159,16.3,18.9,0.285,1535.0,1178.0,70.0,4.0,2.0,4841.0009765625,210172.15377807617,12.255682253759195,87731,1.1924449094867118,7.8112793,6.1077838,0.13,23.2,Ebonyi
110114.0,6.0984193720699995,7.80601488159,16.3,18.9,0.285,1535.0,1178.0,70.0,4.0,2.0,4841.0009765625,69405.13694763184,11.14771616317392,87731,1.1924449094867118,7.8112793,6.1077838,0.13,23.2,Ebonyi
110115.0,6.0984193720699995,7.80601488159,16.3,18.9,0.285,1535.0,1178.0,70.0,4.0,2.0,4841.0009765625,128823.46127217612,11.76619822879888,87731,1.1924449094867118,7.8112793,6.1077838,0.13,23.2,Ebonyi
110116.0,6.0984193720699995,7.80601488159,16.3,18.9,0.285,1535.0,1178.0,70.0,4.0,2.0,4841.0009765625,231036.42504882812,12.350330661267146,87731,1.1924449094867118,7.8112793,6.1077838,0.13,23.2,Ebonyi
110117.0,6.0984193720699995,7.80601488159,16.3,18.9,0.285,1535.0,1178.0,70.0,4.0,2.0,4841.0009765625,131969.49227440165,11.790326055723044,87731,1.1924449094867118,7.8112793,6.1077838,0.13,23.2,Ebonyi
110118.0,6.0984193720699995,7.80601488159,16.3,18.9,0.285,1535.0,1178.0,70.0,4.0,2.0,4841.0009765625,127069.1053390503,11.752486353980084,87731,1.1924449094867118,7.8112793,6.1077838,0.13,23.2,Ebonyi
110119.0,6.0984193720699995,7.80601488159,16.3,18.9,0.285,1535.0,1178.0,70.0,4.0,2.0,4841.0009765625,141804.46084594727,11.86220435130148,87731,1.1924449094867118,7.8112793,6.1077838,0.13,23.2,Ebonyi
110120.0,6.0984193720699995,7.80601488159,16.3,18.9,0.285,1535.0,1178.0,70.0,4.0,2.0,4841.0009765625,96033.59177071707,11.472453323522553,87731,1.1924449094867118,7.8112793,6.1077838,0.13,23.2,Ebonyi
110121.0,5.902390788330001,7.88108495188,11.6,41.1,0.343,1676.0,3190.0,40.0,4.0,2.0,3255.982177734375,435929.7332763672,12.98523634713298,99572,1.0603572198273798,7.8771973,5.9111167,0.691,23.2,Ebonyi
110122.0,5.902390788330001,7.88108495188,11.6,41.1,0.343,1676.0,3190.0,40.0,4.0,2.0,3255.982177734375,123287.71981811523,11.722276088232292,99572,1.0603572198273798,7.8771973,5.9111167,0.691,23.2,Ebonyi
110123.0,5.902390788330001,7.88108495188,11.6,41.1,0.343,1676.0,3190.0,40.0,4.0,2.0,3255.982177734375,94860.27605133055,11.460160309519376,99572,1.0603572198273798,7.8771973,5.9111167,0.691,23.2,Ebonyi
110124.0,5.902390788330001,7.88108495188,11.6,41.1,0.343,1676.0,3190.0,40.0,4.0,2.0,3255.982177734375,220664.76889304505,12.30439994603148,99572,1.0603572198273798,7.8771973,5.9111167,0.691,23.2,Ebonyi
110125.0,5.902390788330001,7.88108495188,11.6,41.1,0.343,1676.0,3190.0,40.0,4.0,2.0,3255.982177734375,313017.9689069475,12.654015876522871,99572,1.0603572198273798,7.8771973,5.9111167,0.691,23.2,Ebonyi
110126.0,5.902390788330001,7.88108495188,11.6,41.1,0.343,1676.0,3190.0,40.0,4.0,2.0,3255.982177734375,287799.5526988636,12.57001951922594,99572,1.0603572198273798,7.8771973,5.9111167,0.691,23.2,Ebonyi
110127.0,5.902390788330001,7.88108495188,11.6,41.1,0.343,1676.0,3190.0,40.0,4.0,2.0,3255.982177734375,267432.30401102704,12.496621744173147,99572,1.0603572198273798,7.8771973,5.9111167,0.691,23.2,Ebonyi
110128.0,5.902390788330001,7.88108495188,11.6,41.1,0.343,1676.0,3190.0,40.0,4.0,2.0,3255.982177734375,130177.23040335518,11.776652111768358,99572,1.0603572198273798,7.8771973,5.9111167,0.691,23.2,Ebonyi
110129.0,5.902390788330001,7.88108495188,11.6,41.1,0.343,1676.0,3190.0,40.0,4.0,2.0,3255.982177734375,170769.54322102864,12.04807022605794,99572,1.0603572198273798,7.8771973,5.9111167,0.691,23.2,Ebonyi
110130.0,5.902390788330001,7.88108495188,11.6,41.1,0.343,1676.0,3190.0,40.0,4.0,2.0,3255.982177734375,130118.44298744202,11.776200414541533,99572,1.0603572198273798,7.8771973,5.9111167,0.691,23.2,Ebonyi
110131.0,6.291125879310001,8.24412304517,2.9,21.3,0.298,1602.0,152.0,70.0,4.0,2.0,2955.91015625,183264.46913401288,12.118685575071206,5323,1.2028445342140963,8.2507324,6.2825384,-0.521,23.2,Ebonyi
110132.0,6.291125879310001,8.24412304517,2.9,21.3,0.298,1602.0,152.0,70.0,4.0,2.0,2955.91015625,265216.9027786255,12.488303271230462,5323,1.2028445342140963,8.2507324,6.2825384,-0.521,23.2,Ebonyi
110133.0,6.291125879310001,8.24412304517,2.9,21.3,0.298,1602.0,152.0,70.0,4.0,2.0,2955.91015625,92589.24622599284,11.43592828242173,5323,1.2028445342140963,8.2507324,6.2825384,-0.521,23.2,Ebonyi
110134.0,6.291125879310001,8.24412304517,2.9,21.3,0.298,1602.0,152.0,70.0,4.0,2.0,2955.91015625,55165.10331483871,10.918085846025766,5323,1.2028445342140963,8.2507324,6.2825384,-0.521,23.2,Ebonyi
110135.0,6.291125879310001,8.24412304517,2.9,21.3,0.298,1602.0,152.0,70.0,4.0,2.0,2955.91015625,145741.18711344403,11.889587636610642,5323,1.2028445342140963,8.2507324,6.2825384,-0.521,23.2,Ebonyi
110136.0,6.291125879310001,8.24412304517,2.9,21.3,0.298,1602.0,152.0,70.0,4.0,2.0,2955.91015625,157472.49591064453,11.967006092859616,5323,1.2028445342140963,8.2507324,6.2825384,-0.521,23.2,Ebonyi
110137.0,6.291125879310001,8.24412304517,2.9,21.3,0.298,1602.0,152.0,70.0,4.0,2.0,2955.91015625,64434.81657475062,11.073409396047383,5323,1.2028445342140963,8.2507324,6.2825384,-0.521,23.2,Ebonyi
110138.0,6.291125879310001,8.24412304517,2.9,21.3,0.298,1602.0,152.0,70.0,4.0,2.0,2955.91015625,105768.97813288373,11.569012543056592,5323,1.2028445342140963,8.2507324,6.2825384,-0.521,23.2,Ebonyi
110139.0,6.291125879310001,8.24412304517,2.9,21.3,0.298,1602.0,152.0,70.0,4.0,2.0,2955.91015625,144872.68796386718,11.883610621680315,5323,1.2028445342140963,8.2507324,6.2825384,-0.521,23.2,Ebonyi
110140.0,6.291125879310001,8.24412304517,2.9,21.3,0.298,1602.0,152.0,70.0,4.0,2.0,2955.91015625,102946.23244900172,11.541962115856242,5323,1.2028445342140963,8.2507324,6.2825384,-0.521,23.2,Ebonyi
119001.0,6.54013964079,8.11283774735,14.9,16.5,0.269,1439.0,104.0,72.0,4.0,2.0,3489.900634765625,85129.32822672527,11.351926887700785,94409,0.8324790959029237,8.1188965,6.5445599,0.184,23.2,Ebonyi
119002.0,6.54013964079,8.11283774735,14.9,16.5,0.269,1439.0,104.0,72.0,4.0,2.0,3489.900634765625,89040.0928592682,11.39684202884273,94409,0.8324790959029237,8.1188965,6.5445599,0.184,23.2,Ebonyi
119003.0,6.54013964079,8.11283774735,14.9,16.5,0.269,1439.0,104.0,72.0,4.0,2.0,3489.900634765625,80835.35748291016,11.300169741403735,94409,0.8324790959029237,8.1188965,6.5445599,0.184,23.2,Ebonyi
119005.0,6.54013964079,8.11283774735,14.9,16.5,0.269,1439.0,104.0,72.0,4.0,2.0,3489.900634765625,82337.40416172573,11.318580768979553,94409,0.8324790959029237,8.1188965,6.5445599,0.184,23.2,Ebonyi
119006.0,6.54013964079,8.11283774735,14.9,16.5,0.269,1439.0,104.0,72.0,4.0,2.0,3489.900634765625,158536.34808158877,11.973739171444306,94409,0.8324790959029237,8.1188965,6.5445599,0.184,23.2,Ebonyi
119008.0,6.54013964079,8.11283774735,14.9,16.5,0.269,1439.0,104.0,72.0,4.0,2.0,3489.900634765625,221584.48166656497,12.308559202822668,94409,0.8324790959029237,8.1188965,6.5445599,0.184,23.2,Ebonyi
119009.0,6.54013964079,8.11283774735,14.9,16.5,0.269,1439.0,104.0,72.0,4.0,2.0,3489.900634765625,113110.31816482544,11.636118888401194,94409,0.8324790959029237,8.1188965,6.5445599,0.184,23.2,Ebonyi
119010.0,6.54013964079,8.11283774735,14.9,16.5,0.269,1439.0,104.0,72.0,4.0,2.0,3489.900634765625,150801.35274200438,11.923718704953451,94409,0.8324790959029237,8.1188965,6.5445599,0.184,23.2,Ebonyi
119011.0,6.54013964079,8.11283774735,14.9,16.5,0.269,1439.0,104.0,72.0,4.0,2.0,3489.900634765625,69527.32734801278,11.149475153522298,94409,0.8324790959029237,8.1188965,6.5445599,0.184,23.2,Ebonyi
119012.0,6.54013964079,8.11283774735,14.9,16.5,0.269,1439.0,104.0,72.0,4.0,2.0,3489.900634765625,134812.15795898438,11.811637665967304,94409,0.8324790959029237,8.1188965,6.5445599,0.184,23.2,Ebonyi
119013.0,6.38160450396,8.07950672194,2.2,18.5,0.268,1521.0,301.0,59.0,4.0,2.0,3884.06005859375,151163.89668073558,11.926119935648863,19631,1.2324826943604847,8.0749512,6.3917304,0.125,23.2,Ebonyi
119014.0,6.38160450396,8.07950672194,2.2,18.5,0.268,1521.0,301.0,59.0,4.0,2.0,3884.06005859375,77536.89417375838,11.258509155918698,19631,1.2324826943604847,8.0749512,6.3917304,0.125,23.2,Ebonyi
119015.0,6.38160450396,8.07950672194,2.2,18.5,0.268,1521.0,301.0,59.0,4.0,2.0,3884.06005859375,196509.8488566081,12.188467830443091,19631,1.2324826943604847,8.0749512,6.3917304,0.125,23.2,Ebonyi
119016.0,6.38160450396,8.07950672194,2.2,18.5,0.268,1521.0,301.0,59.0,4.0,2.0,3884.06005859375,140390.76913452148,11.852185021507308,19631,1.2324826943604847,8.0749512,6.3917304,0.125,23.2,Ebonyi
119017.0,6.38160450396,8.07950672194,2.2,18.5,0.268,1521.0,301.0,59.0,4.0,2.0,3884.06005859375,78706.37943115234,11.273479491236596,19631,1.2324826943604847,8.0749512,6.3917304,0.125,23.2,Ebonyi
119019.0,6.38160450396,8.07950672194,2.2,18.5,0.268,1521.0,301.0,59.0,4.0,2.0,3884.06005859375,135414.174021403,11.816093316561997,19631,1.2324826943604847,8.0749512,6.3917304,0.125,23.2,Ebonyi
119020.0,6.38160450396,8.07950672194,2.2,18.5,0.268,1521.0,301.0,59.0,4.0,2.0,3884.06005859375,318665.5778579712,12.671897486595904,19631,1.2324826943604847,8.0749512,6.3917304,0.125,23.2,Ebonyi
119021.0,6.38160450396,8.07950672194,2.2,18.5,0.268,1521.0,301.0,59.0,4.0,2.0,3884.06005859375,155321.79261398315,11.95325432520305,19631,1.2324826943604847,8.0749512,6.3917304,0.125,23.2,Ebonyi
119022.0,6.38160450396,8.07950672194,2.2,18.5,0.268,1521.0,301.0,59.0,4.0,2.0,3884.06005859375,120273.64537658692,11.697524803786182,19631,1.2324826943604847,8.0749512,6.3917304,0.125,23.2,Ebonyi
119023.0,6.38160450396,8.07950672194,2.2,18.5,0.268,1521.0,301.0,59.0,4.0,2.0,3884.06005859375,153052.66803995767,11.938537376694386,19631,1.2324826943604847,8.0749512,6.3917304,0.125,23.2,Ebonyi
119025.0,6.25440328467,7.94305267849,7.8,62.0,0.237,1518.0,429.0,53.0,4.0,2.0,2601.310302734375,97048.20985412596,11.482963142822976,5996,0.6986701694162101,7.9431152,6.2606973,-0.73,23.2,Ebonyi
119026.0,6.25440328467,7.94305267849,7.8,62.0,0.237,1518.0,429.0,53.0,4.0,2.0,2601.310302734375,152415.83743362426,11.934367837003494,5996,0.6986701694162101,7.9431152,6.2606973,-0.73,23.2,Ebonyi
119027.0,6.25440328467,7.94305267849,7.8,62.0,0.237,1518.0,429.0,53.0,4.0,2.0,2601.310302734375,124211.30599975586,11.72973947493233,5996,0.6986701694162101,7.9431152,6.2606973,-0.73,23.2,Ebonyi
119028.0,6.25440328467,7.94305267849,7.8,62.0,0.237,1518.0,429.0,53.0,4.0,2.0,2601.310302734375,77310.37623341878,11.255583458858348,5996,0.6986701694162101,7.9431152,6.2606973,-0.73,23.2,Ebonyi
119029.0,6.25440328467,7.94305267849,7.8,62.0,0.237,1518.0,429.0,53.0,4.0,2.0,2601.310302734375,53202.88282394409,10.8818678622816,5996,0.6986701694162101,7.9431152,6.2606973,-0.73,23.2,Ebonyi
119030.0,6.25440328467,7.94305267849,7.8,62.0,0.237,1518.0,429.0,53.0,4.0,2.0,2601.310302734375,43000.68611939749,10.668971350813456,5996,0.6986701694162101,7.9431152,6.2606973,-0.73,23.2,Ebonyi
119031.0,6.25440328467,7.94305267849,7.8,62.0,0.237,1518.0,429.0,53.0,4.0,2.0,2601.310302734375,63572.31963857016,11.059933428781326,5996,0.6986701694162101,7.9431152,6.2606973,-0.73,23.2,Ebonyi
119032.0,6.25440328467,7.94305267849,7.8,62.0,0.237,1518.0,429.0,53.0,4.0,2.0,2601.310302734375,60221.22267732167,11.005780105338772,5996,0.6986701694162101,7.9431152,6.2606973,-0.73,23.2,Ebonyi
119033.0,6.25440328467,7.94305267849,7.8,62.0,0.237,1518.0,429.0,53.0,4.0,2.0,2601.310302734375,133317.93922424316,11.800492074938298,5996,0.6986701694162101,7.9431152,6.2606973,-0.73,23.2,Ebonyi
119034.0,6.25440328467,7.94305267849,7.8,62.0,0.237,1518.0,429.0,53.0,4.0,2.0,2601.310302734375,94527.33693150112,11.456644351346954,5996,0.6986701694162101,7.9431152,6.2606973,-0.73,23.2,Ebonyi
119035.0,6.10715835614,7.9426282725,2.0,40.0,0.28,1590.0,365.0,29.0,4.0,2.0,2732.971923828125,118030.7865562439,11.678700772437544,27064,0.08798305699137891,7.9431152,6.1077838,-0.434,23.2,Ebonyi
119036.0,6.10715835614,7.9426282725,2.0,40.0,0.28,1590.0,365.0,29.0,4.0,2.0,2732.971923828125,396214.5633468628,12.88971117013506,27064,0.08798305699137891,7.9431152,6.1077838,-0.434,23.2,Ebonyi
119037.0,6.10715835614,7.9426282725,2.0,40.0,0.28,1590.0,365.0,29.0,4.0,2.0,2732.971923828125,109699.29588826495,11.605498227721894,27064,0.08798305699137891,7.9431152,6.1077838,-0.434,23.2,Ebonyi
119038.0,6.10715835614,7.9426282725,2.0,40.0,0.28,1590.0,365.0,29.0,4.0,2.0,2732.971923828125,103570.35069656372,11.548006377659684,27064,0.08798305699137891,7.9431152,6.1077838,-0.434,23.2,Ebonyi
119040.0,6.10715835614,7.9426282725,2.0,40.0,0.28,1590.0,365.0,29.0,4.0,2.0,2732.971923828125,117245.41213798524,11.67202455665585,27064,0.08798305699137891,7.9431152,6.1077838,-0.434,23.2,Ebonyi
119041.0,6.10715835614,7.9426282725,2.0,40.0,0.28,1590.0,365.0,29.0,4.0,2.0,2732.971923828125,128776.45901298524,11.765833304309306,27064,0.08798305699137891,7.9431152,6.1077838,-0.434,23.2,Ebonyi
119043.0,6.10715835614,7.9426282725,2.0,40.0,0.28,1590.0,365.0,29.0,4.0,2.0,2732.971923828125,191792.9418792725,12.16417164137622,27064,0.08798305699137891,7.9431152,6.1077838,-0.434,23.2,Ebonyi
119044.0,6.10715835614,7.9426282725,2.0,40.0,0.28,1590.0,365.0,29.0,4.0,2.0,2732.971923828125,175072.0839691162,12.072953076489627,27064,0.08798305699137891,7.9431152,6.1077838,-0.434,23.2,Ebonyi
119045.0,6.10715835614,7.9426282725,2.0,40.0,0.28,1590.0,365.0,29.0,4.0,2.0,2732.971923828125,96480.94966316225,11.47710085502163,27064,0.08798305699137891,7.9431152,6.1077838,-0.434,23.2,Ebonyi
119046.0,6.10715835614,7.9426282725,2.0,40.0,0.28,1590.0,365.0,29.0,4.0,2.0,2732.971923828125,172297.24810028076,12.056976450828872,27064,0.08798305699137891,7.9431152,6.1077838,-0.434,23.2,Ebonyi
119047.0,5.90682263482,7.67552254002,0.1,29.4,0.371,1603.0,1113.0,41.0,4.0,2.0,9609.2900390625,124410.09680786137,11.731338620043925,5631,0.6454450879617121,7.6794434,5.9111167,0.445,23.2,Ebonyi
119048.0,5.90682263482,7.67552254002,0.1,29.4,0.371,1603.0,1113.0,41.0,4.0,2.0,9609.2900390625,339529.66859436035,12.735316611247692,5631,0.6454450879617121,7.6794434,5.9111167,0.445,23.2,Ebonyi
119049.0,5.90682263482,7.67552254002,0.1,29.4,0.371,1603.0,1113.0,41.0,4.0,2.0,9609.2900390625,266943.63331277034,12.494792803907156,5631,0.6454450879617121,7.6794434,5.9111167,0.445,23.2,Ebonyi
119050.0,5.90682263482,7.67552254002,0.1,29.4,0.371,1603.0,1113.0,41.0,4.0,2.0,9609.2900390625,165716.20637257892,12.018032004139425,5631,0.6454450879617121,7.6794434,5.9111167,0.445,23.2,Ebonyi
119052.0,5.90682263482,7.67552254002,0.1,29.4,0.371,1603.0,1113.0,41.0,4.0,2.0,9609.2900390625,233567.37515716552,12.361225859040411,5631,0.6454450879617121,7.6794434,5.9111167,0.445,23.2,Ebonyi
119053.0,5.90682263482,7.67552254002,0.1,29.4,0.371,1603.0,1113.0,41.0,4.0,2.0,9609.2900390625,290595.1016326904,12.579686173929078,5631,0.6454450879617121,7.6794434,5.9111167,0.445,23.2,Ebonyi
119054.0,5.90682263482,7.67552254002,0.1,29.4,0.371,1603.0,1113.0,41.0,4.0,2.0,9609.2900390625,188515.63741048175,12.146936239514238,5631,0.6454450879617121,7.6794434,5.9111167,0.445,23.2,Ebonyi
119055.0,5.90682263482,7.67552254002,0.1,29.4,0.371,1603.0,1113.0,41.0,4.0,2.0,9609.2900390625,253548.41562652588,12.443310072442156,5631,0.6454450879617121,7.6794434,5.9111167,0.445,23.2,Ebonyi
119057.0,5.90682263482,7.67552254002,0.1,29.4,0.371,1603.0,1113.0,41.0,4.0,2.0,9609.2900390625,145512.18574523926,11.888015112913166,5631,0.6454450879617121,7.6794434,5.9111167,0.445,23.2,Ebonyi
119058.0,5.90682263482,7.67552254002,0.1,29.4,0.371,1603.0,1113.0,41.0,4.0,2.0,9609.2900390625,254435.32410685223,12.446801953430246,5631,0.6454450879617121,7.6794434,5.9111167,0.445,23.2,Ebonyi
120001.0,6.309952781459999,5.69852872786,0.5,36.2,0.349,1188.0,385.0,50.0,5.0,1.0,1792.110595703125,431873.11798095703,12.97588711570808,53682,0.723341839128035,5.7019043,6.3043786,0.963,22.83,Edo
120002.0,6.309952781459999,5.69852872786,0.5,36.2,0.349,1188.0,385.0,50.0,5.0,1.0,1792.110595703125,122420.89601220026,11.715220353543447,53682,0.723341839128035,5.7019043,6.3043786,0.963,22.83,Edo
120003.0,6.309952781459999,5.69852872786,0.5,36.2,0.349,1188.0,385.0,50.0,5.0,1.0,1792.110595703125,260164.25879923505,12.469068475130856,53682,0.723341839128035,5.7019043,6.3043786,0.963,22.83,Edo
120004.0,6.309952781459999,5.69852872786,0.5,36.2,0.349,1188.0,385.0,50.0,5.0,1.0,1792.110595703125,188011.32966395785,12.144257504166262,53682,0.723341839128035,5.7019043,6.3043786,0.963,22.83,Edo
120005.0,6.309952781459999,5.69852872786,0.5,36.2,0.349,1188.0,385.0,50.0,5.0,1.0,1792.110595703125,160429.33353169757,11.985608835074183,53682,0.723341839128035,5.7019043,6.3043786,0.963,22.83,Edo
120006.0,6.309952781459999,5.69852872786,0.5,36.2,0.349,1188.0,385.0,50.0,5.0,1.0,1792.110595703125,504057.9403533935,13.130446501464633,53682,0.723341839128035,5.7019043,6.3043786,0.963,22.83,Edo
120007.0,6.309952781459999,5.69852872786,0.5,36.2,0.349,1188.0,385.0,50.0,5.0,1.0,1792.110595703125,311824.02120361326,12.65019427306046,53682,0.723341839128035,5.7019043,6.3043786,0.963,22.83,Edo
120008.0,6.29118451179,5.62678380178,1.8,2.3,0.335,1186.0,2938.0,66.0,5.0,1.0,1792.110595703125,167406.91698540584,12.028182756287835,37381,1.4015974112910023,5.6359863,6.2825384,1.005,22.83,Edo
120010.0,6.309952781459999,5.69852872786,0.5,36.2,0.349,1188.0,385.0,50.0,5.0,1.0,1792.110595703125,88704.30791829429,11.393063734404612,53682,0.723341839128035,5.7019043,6.3043786,0.963,22.83,Edo
120041.0,7.2775054366999985,6.27529360525,0.2,43.6,0.295,1019.0,330.0,388.0,5.0,2.0,5992.11669921875,135145.07350836857,11.814104099011852,3338,0.9917742962617205,6.2731934,7.28619,-0.039,22.83,Edo
120042.0,7.2775054366999985,6.27529360525,0.2,43.6,0.295,1019.0,330.0,388.0,5.0,2.0,5992.11669921875,161629.04285007052,11.99305912952819,3338,0.9917742962617205,6.2731934,7.28619,-0.039,22.83,Edo
120043.0,7.2775054366999985,6.27529360525,0.2,43.6,0.295,1019.0,330.0,388.0,5.0,2.0,5992.11669921875,208415.1155611674,12.247287117714595,3338,0.9917742962617205,6.2731934,7.28619,-0.039,22.83,Edo
120044.0,7.2775054366999985,6.27529360525,0.2,43.6,0.295,1019.0,330.0,388.0,5.0,2.0,5992.11669921875,174445.93283589682,12.069370132132171,3338,0.9917742962617205,6.2731934,7.28619,-0.039,22.83,Edo
120045.0,7.2775054366999985,6.27529360525,0.2,43.6,0.295,1019.0,330.0,388.0,5.0,2.0,5992.11669921875,171617.44568743024,12.053023125713644,3338,0.9917742962617205,6.2731934,7.28619,-0.039,22.83,Edo
120046.0,7.2775054366999985,6.27529360525,0.2,43.6,0.295,1019.0,330.0,388.0,5.0,2.0,5992.11669921875,119086.5201280382,11.68760556781314,3338,0.9917742962617205,6.2731934,7.28619,-0.039,22.83,Edo
120047.0,7.2775054366999985,6.27529360525,0.2,43.6,0.295,1019.0,330.0,388.0,5.0,2.0,5992.11669921875,229974.847017924,12.345725221133373,3338,0.9917742962617205,6.2731934,7.28619,-0.039,22.83,Edo
120048.0,7.2775054366999985,6.27529360525,0.2,43.6,0.295,1019.0,330.0,388.0,5.0,2.0,5992.11669921875,252974.00550842285,12.441042017405028,3338,0.9917742962617205,6.2731934,7.28619,-0.039,22.83,Edo
120049.0,7.2775054366999985,6.27529360525,0.2,43.6,0.295,1019.0,330.0,388.0,5.0,2.0,5992.11669921875,174880.6647796631,12.071859104750713,3338,0.9917742962617205,6.2731934,7.28619,-0.039,22.83,Edo
120050.0,7.2775054366999985,6.27529360525,0.2,43.6,0.295,1019.0,330.0,388.0,5.0,2.0,5992.11669921875,197514.57989501956,12.19356768285185,3338,0.9917742962617205,6.2731934,7.28619,-0.039,22.83,Edo
120051.0,7.03818788075,6.065811643289999,1.1,79.7,0.32,1075.0,122.0,248.0,5.0,2.0,3267.872802734375,106424.73702135951,11.575193319670134,60734,1.4031298307065123,6.0754395,7.046379,-0.411,22.83,Edo
120052.0,7.03818788075,6.065811643289999,1.1,79.7,0.32,1075.0,122.0,248.0,5.0,2.0,3267.872802734375,142123.4008070628,11.864450978972384,60734,1.4031298307065123,6.0754395,7.046379,-0.411,22.83,Edo
120053.0,7.03818788075,6.065811643289999,1.1,79.7,0.32,1075.0,122.0,248.0,5.0,2.0,3267.872802734375,150727.15924072266,11.923226588952277,60734,1.4031298307065123,6.0754395,7.046379,-0.411,22.83,Edo
120054.0,7.03818788075,6.065811643289999,1.1,79.7,0.32,1075.0,122.0,248.0,5.0,2.0,3267.872802734375,109425.74457600912,11.603001466477428,60734,1.4031298307065123,6.0754395,7.046379,-0.411,22.83,Edo
120055.0,7.03818788075,6.065811643289999,1.1,79.7,0.32,1075.0,122.0,248.0,5.0,2.0,3267.872802734375,59810.52729797364,10.998936966217324,60734,1.4031298307065123,6.0754395,7.046379,-0.411,22.83,Edo
120056.0,7.03818788075,6.065811643289999,1.1,79.7,0.32,1075.0,122.0,248.0,5.0,2.0,3267.872802734375,79106.63464150063,11.278552026869152,60734,1.4031298307065123,6.0754395,7.046379,-0.411,22.83,Edo
120057.0,7.03818788075,6.065811643289999,1.1,79.7,0.32,1075.0,122.0,248.0,5.0,2.0,3267.872802734375,186744.416015625,12.13749620169461,60734,1.4031298307065123,6.0754395,7.046379,-0.411,22.83,Edo
120058.0,7.03818788075,6.065811643289999,1.1,79.7,0.32,1075.0,122.0,248.0,5.0,2.0,3267.872802734375,117942.82548522948,11.677955256239123,60734,1.4031298307065123,6.0754395,7.046379,-0.411,22.83,Edo
120059.0,7.03818788075,6.065811643289999,1.1,79.7,0.32,1075.0,122.0,248.0,5.0,2.0,3267.872802734375,98496.42915412056,11.49777557426062,60734,1.4031298307065123,6.0754395,7.046379,-0.411,22.83,Edo
120060.0,7.03818788075,6.065811643289999,1.1,79.7,0.32,1075.0,122.0,248.0,5.0,2.0,3267.872802734375,110415.87971115112,11.612009240444769,60734,1.4031298307065123,6.0754395,7.046379,-0.411,22.83,Edo
120091.0,6.51633680839,5.672829526930001,1.1,113.5,0.404,1176.0,118.0,115.0,5.0,2.0,1315.0228271484375,296590.62075805664,12.6001080856575,92560,1.060680723724039,5.6799316,6.5227299,-0.347,22.83,Edo
120092.0,5.53644877625,6.08369011798,1.7,61.3,0.268,1470.0,1070.0,14.0,5.0,1.0,1315.0228271484375,233499.33209228516,12.36093449566852,17047,0.9743565223111378,6.0754395,5.5394455,0.847,31.23,Delta
120093.0,6.51633680839,5.672829526930001,1.1,113.5,0.404,1176.0,118.0,115.0,5.0,2.0,1315.0228271484375,206118.06427764893,12.236204411158246,92560,1.060680723724039,5.6799316,6.5227299,-0.347,22.83,Edo
120094.0,6.51633680839,5.672829526930001,1.1,113.5,0.404,1176.0,118.0,115.0,5.0,2.0,1315.0228271484375,213269.3204345703,12.270311061177646,92560,1.060680723724039,5.6799316,6.5227299,-0.347,22.83,Edo
120099.0,6.51633680839,5.672829526930001,1.1,113.5,0.404,1176.0,118.0,115.0,5.0,2.0,1315.0228271484375,334562.6971435547,12.72057957639334,92560,1.060680723724039,5.6799316,6.5227299,-0.347,22.83,Edo
120100.0,6.51633680839,5.672829526930001,1.1,113.5,0.404,1176.0,118.0,115.0,5.0,2.0,1315.0228271484375,76041.27057611375,11.239031505775152,92560,1.060680723724039,5.6799316,6.5227299,-0.347,22.83,Edo
129001.0,7.40569172447,6.23222062363,23.0,86.4,0.308,1008.0,465.0,556.0,5.0,2.0,3731.06982421875,72691.55439453125,11.193980486134096,50927,1.2154648010755817,6.229248,7.3951528,0.351,22.83,Edo
129002.0,7.40569172447,6.23222062363,23.0,86.4,0.308,1008.0,465.0,556.0,5.0,2.0,3731.06982421875,185828.42817687988,12.1325790978392,50927,1.2154648010755817,6.229248,7.3951528,0.351,22.83,Edo
129003.0,7.40569172447,6.23222062363,23.0,86.4,0.308,1008.0,465.0,556.0,5.0,2.0,3731.06982421875,186955.1811059316,12.138624193880192,50927,1.2154648010755817,6.229248,7.3951528,0.351,22.83,Edo
129005.0,7.40569172447,6.23222062363,23.0,86.4,0.308,1008.0,465.0,556.0,5.0,2.0,3731.06982421875,300224.9884529114,12.612287434067436,50927,1.2154648010755817,6.229248,7.3951528,0.351,22.83,Edo
129006.0,7.40569172447,6.23222062363,23.0,86.4,0.308,1008.0,465.0,556.0,5.0,2.0,3731.06982421875,128948.03781280517,11.76716479454234,50927,1.2154648010755817,6.229248,7.3951528,0.351,22.83,Edo
129007.0,7.40569172447,6.23222062363,23.0,86.4,0.308,1008.0,465.0,556.0,5.0,2.0,3731.06982421875,113563.7591342926,11.640119712665769,50927,1.2154648010755817,6.229248,7.3951528,0.351,22.83,Edo
129009.0,7.40569172447,6.23222062363,23.0,86.4,0.308,1008.0,465.0,556.0,5.0,2.0,3731.06982421875,193761.8818143209,12.174385270828532,50927,1.2154648010755817,6.229248,7.3951528,0.351,22.83,Edo
129010.0,7.40569172447,6.23222062363,23.0,86.4,0.308,1008.0,465.0,556.0,5.0,2.0,3731.06982421875,144595.22948413424,11.88169359704318,50927,1.2154648010755817,6.229248,7.3951528,0.351,22.83,Edo
129011.0,7.40569172447,6.23222062363,23.0,86.4,0.308,1008.0,465.0,556.0,5.0,2.0,3731.06982421875,111940.44390360512,11.625722257986936,50927,1.2154648010755817,6.229248,7.3951528,0.351,22.83,Edo
129012.0,7.40569172447,6.23222062363,23.0,86.4,0.308,1008.0,465.0,556.0,5.0,2.0,3731.06982421875,148142.43737284344,11.905929504603543,50927,1.2154648010755817,6.229248,7.3951528,0.351,22.83,Edo
129013.0,6.71296006386,6.31045180394,28.6,143.0,0.313,1181.0,1556.0,425.0,5.0,1.0,2138.498046875,234970.7441482544,12.36721629239025,64844,1.0125568786866164,6.3171387,6.7191648,1.154,22.83,Edo
129014.0,6.71296006386,6.31045180394,28.6,143.0,0.313,1181.0,1556.0,425.0,5.0,1.0,2138.498046875,357361.4671223958,12.78650306146417,64844,1.0125568786866164,6.3171387,6.7191648,1.154,22.83,Edo
129015.0,6.71296006386,6.31045180394,28.6,143.0,0.313,1181.0,1556.0,425.0,5.0,1.0,2138.498046875,257004.2633412679,12.456847952616291,64844,1.0125568786866164,6.3171387,6.7191648,1.154,22.83,Edo
129016.0,6.71296006386,6.31045180394,28.6,143.0,0.313,1181.0,1556.0,425.0,5.0,1.0,2138.498046875,173740.21933525935,12.065316470246978,64844,1.0125568786866164,6.3171387,6.7191648,1.154,22.83,Edo
129017.0,6.71296006386,6.31045180394,28.6,143.0,0.313,1181.0,1556.0,425.0,5.0,1.0,2138.498046875,255804.24060694376,12.452167745811767,64844,1.0125568786866164,6.3171387,6.7191648,1.154,22.83,Edo
129020.0,6.71296006386,6.31045180394,28.6,143.0,0.313,1181.0,1556.0,425.0,5.0,1.0,2138.498046875,194982.91363016763,12.18066721129742,64844,1.0125568786866164,6.3171387,6.7191648,1.154,22.83,Edo
129021.0,6.71296006386,6.31045180394,28.6,143.0,0.313,1181.0,1556.0,425.0,5.0,1.0,2138.498046875,416420.42791748047,12.939450672918955,64844,1.0125568786866164,6.3171387,6.7191648,1.154,22.83,Edo
129022.0,6.71296006386,6.31045180394,28.6,143.0,0.313,1181.0,1556.0,425.0,5.0,1.0,2138.498046875,266453.9418029785,12.49295668139662,64844,1.0125568786866164,6.3171387,6.7191648,1.154,22.83,Edo
129023.0,6.71296006386,6.31045180394,28.6,143.0,0.313,1181.0,1556.0,425.0,5.0,1.0,2138.498046875,175277.11679840088,12.074123525014942,64844,1.0125568786866164,6.3171387,6.7191648,1.154,22.83,Edo
129024.0,6.71296006386,6.31045180394,28.6,143.0,0.313,1181.0,1556.0,425.0,5.0,1.0,2138.498046875,530232.0168113708,13.181069957304665,64844,1.0125568786866164,6.3171387,6.7191648,1.154,22.83,Edo
129025.0,7.10576145826,6.50310442713,15.5,82.9,0.326,1051.0,384.0,232.0,5.0,1.0,1765.3812255859375,212003.6846220834,12.26435893379596,1576,1.3139427108989246,6.4929199,7.1117945,-0.182,22.83,Edo
129026.0,7.10576145826,6.50310442713,15.5,82.9,0.326,1051.0,384.0,232.0,5.0,1.0,1765.3812255859375,183641.8136367798,12.120742474358716,1576,1.3139427108989246,6.4929199,7.1117945,-0.182,22.83,Edo
129027.0,7.10576145826,6.50310442713,15.5,82.9,0.326,1051.0,384.0,232.0,5.0,1.0,1765.3812255859375,343296.15302886965,12.746348773524767,1576,1.3139427108989246,6.4929199,7.1117945,-0.182,22.83,Edo
129028.0,7.10576145826,6.50310442713,15.5,82.9,0.326,1051.0,384.0,232.0,5.0,1.0,1765.3812255859375,131597.0635986328,11.787499984544116,1576,1.3139427108989246,6.4929199,7.1117945,-0.182,22.83,Edo
129029.0,7.10576145826,6.50310442713,15.5,82.9,0.326,1051.0,384.0,232.0,5.0,1.0,1765.3812255859375,406268.47137790255,12.91476947959959,1576,1.3139427108989246,6.4929199,7.1117945,-0.182,22.83,Edo
129030.0,7.10576145826,6.50310442713,15.5,82.9,0.326,1051.0,384.0,232.0,5.0,1.0,1765.3812255859375,287901.78007834294,12.5703746595556,1576,1.3139427108989246,6.4929199,7.1117945,-0.182,22.83,Edo
129031.0,7.10576145826,6.50310442713,15.5,82.9,0.326,1051.0,384.0,232.0,5.0,1.0,1765.3812255859375,156818.92417907715,11.962847069533586,1576,1.3139427108989246,6.4929199,7.1117945,-0.182,22.83,Edo
129032.0,7.10576145826,6.50310442713,15.5,82.9,0.326,1051.0,384.0,232.0,5.0,1.0,1765.3812255859375,163186.29708813864,12.002647754066258,1576,1.3139427108989246,6.4929199,7.1117945,-0.182,22.83,Edo
129033.0,7.10576145826,6.50310442713,15.5,82.9,0.326,1051.0,384.0,232.0,5.0,1.0,1765.3812255859375,194377.0480086009,12.177555098238782,1576,1.3139427108989246,6.4929199,7.1117945,-0.182,22.83,Edo
129034.0,7.10576145826,6.50310442713,15.5,82.9,0.326,1051.0,384.0,232.0,5.0,1.0,1765.3812255859375,240769.47511545816,12.39159521991082,1576,1.3139427108989246,6.4929199,7.1117945,-0.182,22.83,Edo
129038.0,7.28560608554,6.28998404329,0.3,1.4,0.294,1017.0,550.0,390.0,5.0,2.0,4737.62646484375,98171.59663221572,11.494472212506798,72551,0.578837397706403,6.295166,7.28619,-0.216,22.83,Edo
129039.0,7.28560608554,6.28998404329,0.3,1.4,0.294,1017.0,550.0,390.0,5.0,2.0,4737.62646484375,225491.6399230957,12.32603836372586,72551,0.578837397706403,6.295166,7.28619,-0.216,22.83,Edo
129040.0,7.28560608554,6.28998404329,0.3,1.4,0.294,1017.0,550.0,390.0,5.0,2.0,4737.62646484375,144900.8655388726,11.883805101644093,72551,0.578837397706403,6.295166,7.28619,-0.216,22.83,Edo
129041.0,7.28560608554,6.28998404329,0.3,1.4,0.294,1017.0,550.0,390.0,5.0,2.0,4737.62646484375,196900.3838195801,12.190453213937555,72551,0.578837397706403,6.295166,7.28619,-0.216,22.83,Edo
129042.0,7.28560608554,6.28998404329,0.3,1.4,0.294,1017.0,550.0,390.0,5.0,2.0,4737.62646484375,326039.6713968913,12.694774344346554,72551,0.578837397706403,6.295166,7.28619,-0.216,22.83,Edo
129043.0,7.28560608554,6.28998404329,0.3,1.4,0.294,1017.0,550.0,390.0,5.0,2.0,4737.62646484375,474889.8810119629,13.07083822669168,72551,0.578837397706403,6.295166,7.28619,-0.216,22.83,Edo
129044.0,7.28560608554,6.28998404329,0.3,1.4,0.294,1017.0,550.0,390.0,5.0,2.0,4737.62646484375,281421.5716334752,12.547609078981171,72551,0.578837397706403,6.295166,7.28619,-0.216,22.83,Edo
129046.0,7.28560608554,6.28998404329,0.3,1.4,0.294,1017.0,550.0,390.0,5.0,2.0,4737.62646484375,108080.89892864227,11.59063528985192,72551,0.578837397706403,6.295166,7.28619,-0.216,22.83,Edo
129047.0,7.28560608554,6.28998404329,0.3,1.4,0.294,1017.0,550.0,390.0,5.0,2.0,4737.62646484375,199408.7921829224,12.203112228731992,72551,0.578837397706403,6.295166,7.28619,-0.216,22.83,Edo
129048.0,7.28560608554,6.28998404329,0.3,1.4,0.294,1017.0,550.0,390.0,5.0,2.0,4737.62646484375,174642.8804397583,12.07049848467323,72551,0.578837397706403,6.295166,7.28619,-0.216,22.83,Edo
129050.0,7.17568124122,6.47686110716,4.9,90.7,0.326,1036.0,75.0,138.0,5.0,2.0,2473.09716796875,124984.53691406253,11.735945303944884,2399,2.6703878124595795,6.4709473,7.1990006,0.098,22.83,Edo
129051.0,7.17568124122,6.47686110716,4.9,90.7,0.326,1036.0,75.0,138.0,5.0,2.0,2473.09716796875,137264.4935730773,11.829664953600352,2399,2.6703878124595795,6.4709473,7.1990006,0.098,22.83,Edo
129052.0,7.17568124122,6.47686110716,4.9,90.7,0.326,1036.0,75.0,138.0,5.0,2.0,2473.09716796875,184168.88175455728,12.12360845126016,2399,2.6703878124595795,6.4709473,7.1990006,0.098,22.83,Edo
129053.0,7.17568124122,6.47686110716,4.9,90.7,0.326,1036.0,75.0,138.0,5.0,2.0,2473.09716796875,168213.38259887695,12.032988586964036,2399,2.6703878124595795,6.4709473,7.1990006,0.098,22.83,Edo
129054.0,7.17568124122,6.47686110716,4.9,90.7,0.326,1036.0,75.0,138.0,5.0,2.0,2473.09716796875,120194.11193488626,11.696863314316742,2399,2.6703878124595795,6.4709473,7.1990006,0.098,22.83,Edo
129055.0,7.17568124122,6.47686110716,4.9,90.7,0.326,1036.0,75.0,138.0,5.0,2.0,2473.09716796875,61914.395383199066,11.03350799032976,2399,2.6703878124595795,6.4709473,7.1990006,0.098,22.83,Edo
129056.0,7.17568124122,6.47686110716,4.9,90.7,0.326,1036.0,75.0,138.0,5.0,2.0,2473.09716796875,293714.45453516644,12.590363331280978,2399,2.6703878124595795,6.4709473,7.1990006,0.098,22.83,Edo
129057.0,7.17568124122,6.47686110716,4.9,90.7,0.326,1036.0,75.0,138.0,5.0,2.0,2473.09716796875,174409.0789642334,12.069158847383186,2399,2.6703878124595795,6.4709473,7.1990006,0.098,22.83,Edo
129059.0,7.17568124122,6.47686110716,4.9,90.7,0.326,1036.0,75.0,138.0,5.0,2.0,2473.09716796875,280519.82470703125,12.544399677764837,2399,2.6703878124595795,6.4709473,7.1990006,0.098,22.83,Edo
129060.0,7.17568124122,6.47686110716,4.9,90.7,0.326,1036.0,75.0,138.0,5.0,2.0,2473.09716796875,145228.1659729004,11.88606134309066,2399,2.6703878124595795,6.4709473,7.1990006,0.098,22.83,Edo
129061.0,7.08942225339,6.26469826562,1.8,78.5,0.322,1047.0,612.0,173.0,5.0,1.0,5357.560546875,324002.8934417725,12.688507725110432,39138,0.9450656623945091,6.2731934,7.0899903,0.869,22.83,Edo
129062.0,7.08942225339,6.26469826562,1.8,78.5,0.322,1047.0,612.0,173.0,5.0,1.0,5357.560546875,270564.69522094727,12.508266517696155,39138,0.9450656623945091,6.2731934,7.0899903,0.869,22.83,Edo
129063.0,7.08942225339,6.26469826562,1.8,78.5,0.322,1047.0,612.0,173.0,5.0,1.0,5357.560546875,407540.2827758789,12.917895060215114,39138,0.9450656623945091,6.2731934,7.0899903,0.869,22.83,Edo
129064.0,7.08942225339,6.26469826562,1.8,78.5,0.322,1047.0,612.0,173.0,5.0,1.0,5357.560546875,144622.15933100382,11.881879822685129,39138,0.9450656623945091,6.2731934,7.0899903,0.869,22.83,Edo
129067.0,7.08942225339,6.26469826562,1.8,78.5,0.322,1047.0,612.0,173.0,5.0,1.0,5357.560546875,246775.92839355467,12.41623603138439,39138,0.9450656623945091,6.2731934,7.0899903,0.869,22.83,Edo
129068.0,7.08942225339,6.26469826562,1.8,78.5,0.322,1047.0,612.0,173.0,5.0,1.0,5357.560546875,280799.05687205,12.545394592410382,39138,0.9450656623945091,6.2731934,7.0899903,0.869,22.83,Edo
129069.0,7.08942225339,6.26469826562,1.8,78.5,0.322,1047.0,612.0,173.0,5.0,1.0,5357.560546875,469815.386177063,13.060095101153982,39138,0.9450656623945091,6.2731934,7.0899903,0.869,22.83,Edo
129070.0,7.08942225339,6.26469826562,1.8,78.5,0.322,1047.0,612.0,173.0,5.0,1.0,5357.560546875,121645.54253387453,11.70886670581305,39138,0.9450656623945091,6.2731934,7.0899903,0.869,22.83,Edo
129072.0,7.08942225339,6.26469826562,1.8,78.5,0.322,1047.0,612.0,173.0,5.0,1.0,5357.560546875,208354.96721839905,12.24699847730747,39138,0.9450656623945091,6.2731934,7.0899903,0.869,22.83,Edo
129073.0,7.09779419619,6.28933510926,2.2,19.1,0.316,1042.0,1622.0,287.0,5.0,1.0,4735.3486328125,393315.77441914874,12.882368065470036,94267,1.0813250747564622,6.295166,7.0899903,0.948,22.83,Edo
129074.0,7.09779419619,6.28933510926,2.2,19.1,0.316,1042.0,1622.0,287.0,5.0,1.0,4735.3486328125,884169.0346069336,13.692403538959107,94267,1.0813250747564622,6.295166,7.0899903,0.948,22.83,Edo
129076.0,7.09779419619,6.28933510926,2.2,19.1,0.316,1042.0,1622.0,287.0,5.0,1.0,4735.3486328125,177687.5662841797,12.08778204143123,94267,1.0813250747564622,6.295166,7.0899903,0.948,22.83,Edo
129077.0,7.09779419619,6.28933510926,2.2,19.1,0.316,1042.0,1622.0,287.0,5.0,1.0,4735.3486328125,189573.31489562988,12.1525311146763,94267,1.0813250747564622,6.295166,7.0899903,0.948,22.83,Edo
129079.0,7.09779419619,6.28933510926,2.2,19.1,0.316,1042.0,1622.0,287.0,5.0,1.0,4735.3486328125,244619.9196472168,12.407460936561275,94267,1.0813250747564622,6.295166,7.0899903,0.948,22.83,Edo
129080.0,7.09779419619,6.28933510926,2.2,19.1,0.316,1042.0,1622.0,287.0,5.0,1.0,4735.3486328125,175438.67871529714,12.075044851800854,94267,1.0813250747564622,6.295166,7.0899903,0.948,22.83,Edo
129081.0,7.09779419619,6.28933510926,2.2,19.1,0.316,1042.0,1622.0,287.0,5.0,1.0,4735.3486328125,230311.2903989156,12.34718710935272,94267,1.0813250747564622,6.295166,7.0899903,0.948,22.83,Edo
129083.0,7.09779419619,6.28933510926,2.2,19.1,0.316,1042.0,1622.0,287.0,5.0,1.0,4735.3486328125,123115.88332722982,11.72088133169019,94267,1.0813250747564622,6.295166,7.0899903,0.948,22.83,Edo
129084.0,7.09779419619,6.28933510926,2.2,19.1,0.316,1042.0,1622.0,287.0,5.0,1.0,4735.3486328125,181313.29603135848,12.107981731237349,94267,1.0813250747564622,6.295166,7.0899903,0.948,22.83,Edo
129086.0,6.34797971879,5.65517830319,19.5,44.7,0.341,1195.0,2133.0,68.0,5.0,1.0,6957.13671875,439472.1797027588,12.99332969422389,94462,0.30877468283911125,5.657959,6.3480564,1.004,22.83,Edo
129087.0,6.34797971879,5.65517830319,19.5,44.7,0.341,1195.0,2133.0,68.0,5.0,1.0,6957.13671875,563511.5913594564,13.24194318254225,94462,0.30877468283911125,5.657959,6.3480564,1.004,22.83,Edo
129088.0,6.34797971879,5.65517830319,19.5,44.7,0.341,1195.0,2133.0,68.0,5.0,1.0,6957.13671875,315594.03884887695,12.662211979463926,94462,0.30877468283911125,5.657959,6.3480564,1.004,22.83,Edo
129089.0,6.34797971879,5.65517830319,19.5,44.7,0.341,1195.0,2133.0,68.0,5.0,1.0,6957.13671875,183444.62966918945,12.119668155270384,94462,0.30877468283911125,5.657959,6.3480564,1.004,22.83,Edo
129090.0,6.34797971879,5.65517830319,19.5,44.7,0.341,1195.0,2133.0,68.0,5.0,1.0,6957.13671875,392733.8377685547,12.880887403822504,94462,0.30877468283911125,5.657959,6.3480564,1.004,22.83,Edo
129091.0,6.34797971879,5.65517830319,19.5,44.7,0.341,1195.0,2133.0,68.0,5.0,1.0,6957.13671875,805397.1350708008,13.599090770242432,94462,0.30877468283911125,5.657959,6.3480564,1.004,22.83,Edo
129092.0,6.34797971879,5.65517830319,19.5,44.7,0.341,1195.0,2133.0,68.0,5.0,1.0,6957.13671875,223164.10375366212,12.315662671079066,94462,0.30877468283911125,5.657959,6.3480564,1.004,22.83,Edo
129094.0,6.34797971879,5.65517830319,19.5,44.7,0.341,1195.0,2133.0,68.0,5.0,1.0,6957.13671875,303837.33170318604,12.62424774409334,94462,0.30877468283911125,5.657959,6.3480564,1.004,22.83,Edo
129095.0,6.34797971879,5.65517830319,19.5,44.7,0.341,1195.0,2133.0,68.0,5.0,1.0,6957.13671875,234633.68939971924,12.365780808470872,94462,0.30877468283911125,5.657959,6.3480564,1.004,22.83,Edo
129096.0,6.34797971879,5.65517830319,19.5,44.7,0.341,1195.0,2133.0,68.0,5.0,1.0,6957.13671875,317067.5605875651,12.666870155033443,94462,0.30877468283911125,5.657959,6.3480564,1.004,22.83,Edo
129098.0,6.35414864289,5.70434669523,1.2,29.0,0.358,1191.0,650.0,100.0,5.0,1.0,22743.35546875,619467.5788208009,13.33661564425214,85920,0.7285585255325913,5.7019043,6.3480564,0.772,22.83,Edo
129099.0,6.35414864289,5.70434669523,1.2,29.0,0.358,1191.0,650.0,100.0,5.0,1.0,22743.35546875,237773.768951416,12.37907494996957,85920,0.7285585255325913,5.7019043,6.3480564,0.772,22.83,Edo
129101.0,6.35414864289,5.70434669523,1.2,29.0,0.358,1191.0,650.0,100.0,5.0,1.0,22743.35546875,371788.2938101633,12.826079868594046,85920,0.7285585255325913,5.7019043,6.3480564,0.772,22.83,Edo
129104.0,6.35414864289,5.70434669523,1.2,29.0,0.358,1191.0,650.0,100.0,5.0,1.0,22743.35546875,530616.9757080078,13.181795713592784,85920,0.7285585255325913,5.7019043,6.3480564,0.772,22.83,Edo
129105.0,6.35414864289,5.70434669523,1.2,29.0,0.358,1191.0,650.0,100.0,5.0,1.0,22743.35546875,183946.9187534877,12.122402509935917,85920,0.7285585255325913,5.7019043,6.3480564,0.772,22.83,Edo
129106.0,6.35414864289,5.70434669523,1.2,29.0,0.358,1191.0,650.0,100.0,5.0,1.0,22743.35546875,209544.1715055193,12.252689838628616,85920,0.7285585255325913,5.7019043,6.3480564,0.772,22.83,Edo
129108.0,6.35414864289,5.70434669523,1.2,29.0,0.358,1191.0,650.0,100.0,5.0,1.0,22743.35546875,624652.9100952148,13.344951430610374,85920,0.7285585255325913,5.7019043,6.3480564,0.772,22.83,Edo
129109.0,6.25602693909,5.61956509182,1.7,98.7,0.343,1182.0,935.0,61.0,5.0,1.0,3415.915771484375,728881.2296098982,13.49926607537169,71233,0.8052682579998344,5.6140137,6.2606973,0.813,22.83,Edo
129110.0,6.25602693909,5.61956509182,1.7,98.7,0.343,1182.0,935.0,61.0,5.0,1.0,3415.915771484375,471994.2481536865,13.06472207837837,71233,0.8052682579998344,5.6140137,6.2606973,0.813,22.83,Edo
129111.0,6.25602693909,5.61956509182,1.7,98.7,0.343,1182.0,935.0,61.0,5.0,1.0,3415.915771484375,316519.7124277751,12.665140801179104,71233,0.8052682579998344,5.6140137,6.2606973,0.813,22.83,Edo
129112.0,6.25602693909,5.61956509182,1.7,98.7,0.343,1182.0,935.0,61.0,5.0,1.0,3415.915771484375,509328.4941589355,13.140848458998503,71233,0.8052682579998344,5.6140137,6.2606973,0.813,22.83,Edo
129113.0,6.25602693909,5.61956509182,1.7,98.7,0.343,1182.0,935.0,61.0,5.0,1.0,3415.915771484375,372858.9069442749,12.82895536150054,71233,0.8052682579998344,5.6140137,6.2606973,0.813,22.83,Edo
129114.0,6.25602693909,5.61956509182,1.7,98.7,0.343,1182.0,935.0,61.0,5.0,1.0,3415.915771484375,326650.4989501953,12.69664606774422,71233,0.8052682579998344,5.6140137,6.2606973,0.813,22.83,Edo
129116.0,6.25602693909,5.61956509182,1.7,98.7,0.343,1182.0,935.0,61.0,5.0,1.0,3415.915771484375,613736.2492777506,13.327320553404448,71233,0.8052682579998344,5.6140137,6.2606973,0.813,22.83,Edo
129117.0,6.25602693909,5.61956509182,1.7,98.7,0.343,1182.0,935.0,61.0,5.0,1.0,3415.915771484375,289026.5328735351,12.574273772131344,71233,0.8052682579998344,5.6140137,6.2606973,0.813,22.83,Edo
129120.0,6.25602693909,5.61956509182,1.7,98.7,0.343,1182.0,935.0,61.0,5.0,1.0,3415.915771484375,130017.5588607788,11.775424788476672,71233,0.8052682579998344,5.6140137,6.2606973,0.813,22.83,Edo
129122.0,6.38313774311,5.30676310728,0.0,103.0,0.24,1112.0,39.0,94.0,5.0,2.0,3330.966064453125,141888.92551269528,11.862799815794522,35938,2.6567714981258974,5.2844238,6.3917304,-0.164,22.83,Edo
129123.0,6.38313774311,5.30676310728,0.0,103.0,0.24,1112.0,39.0,94.0,5.0,2.0,3330.966064453125,171615.7526397705,12.053013260422826,35938,2.6567714981258974,5.2844238,6.3917304,-0.164,22.83,Edo
129124.0,6.38313774311,5.30676310728,0.0,103.0,0.24,1112.0,39.0,94.0,5.0,2.0,3330.966064453125,246976.5876464844,12.417048824261215,35938,2.6567714981258974,5.2844238,6.3917304,-0.164,22.83,Edo
129125.0,6.38313774311,5.30676310728,0.0,103.0,0.24,1112.0,39.0,94.0,5.0,2.0,3330.966064453125,338800.75981140137,12.733167484412188,35938,2.6567714981258974,5.2844238,6.3917304,-0.164,22.83,Edo
129127.0,6.38313774311,5.30676310728,0.0,103.0,0.24,1112.0,39.0,94.0,5.0,2.0,3330.966064453125,131109.85332489014,11.783790825774876,35938,2.6567714981258974,5.2844238,6.3917304,-0.164,22.83,Edo
129128.0,6.38313774311,5.30676310728,0.0,103.0,0.24,1112.0,39.0,94.0,5.0,2.0,3330.966064453125,143687.2523925781,11.875394358268409,35938,2.6567714981258974,5.2844238,6.3917304,-0.164,22.83,Edo
129129.0,6.38313774311,5.30676310728,0.0,103.0,0.24,1112.0,39.0,94.0,5.0,2.0,3330.966064453125,145137.62923322406,11.885437738354115,35938,2.6567714981258974,5.2844238,6.3917304,-0.164,22.83,Edo
129130.0,6.38313774311,5.30676310728,0.0,103.0,0.24,1112.0,39.0,94.0,5.0,2.0,3330.966064453125,137183.89463500975,11.82907760134144,35938,2.6567714981258974,5.2844238,6.3917304,-0.164,22.83,Edo
129131.0,6.38313774311,5.30676310728,0.0,103.0,0.24,1112.0,39.0,94.0,5.0,2.0,3330.966064453125,153950.97106170654,11.944389460976186,35938,2.6567714981258974,5.2844238,6.3917304,-0.164,22.83,Edo
129132.0,6.38313774311,5.30676310728,0.0,103.0,0.24,1112.0,39.0,94.0,5.0,2.0,3330.966064453125,342329.7920227051,12.743529855562125,35938,2.6567714981258974,5.2844238,6.3917304,-0.164,22.83,Edo
129134.0,6.96866860138,6.05721506652,6.6,102.9,0.36,1100.0,387.0,131.0,5.0,1.0,1662.2630615234375,262026.8221130371,12.476202151980566,79800,1.1361517409397845,6.0534668,6.959144,0.382,22.83,Edo
129135.0,6.96866860138,6.05721506652,6.6,102.9,0.36,1100.0,387.0,131.0,5.0,1.0,1662.2630615234375,343671.0750427246,12.74744030172512,79800,1.1361517409397845,6.0534668,6.959144,0.382,22.83,Edo
129136.0,6.96866860138,6.05721506652,6.6,102.9,0.36,1100.0,387.0,131.0,5.0,1.0,1662.2630615234375,478910.0810139974,13.079268136462032,79800,1.1361517409397845,6.0534668,6.959144,0.382,22.83,Edo
129137.0,6.96866860138,6.05721506652,6.6,102.9,0.36,1100.0,387.0,131.0,5.0,1.0,1662.2630615234375,212495.2555440267,12.26667494024572,79800,1.1361517409397845,6.0534668,6.959144,0.382,22.83,Edo
129139.0,6.96866860138,6.05721506652,6.6,102.9,0.36,1100.0,387.0,131.0,5.0,1.0,1662.2630615234375,241212.80573018393,12.393434834176198,79800,1.1361517409397845,6.0534668,6.959144,0.382,22.83,Edo
129140.0,6.96866860138,6.05721506652,6.6,102.9,0.36,1100.0,387.0,131.0,5.0,1.0,1662.2630615234375,67152.3211303711,11.114718767703511,79800,1.1361517409397845,6.0534668,6.959144,0.382,22.83,Edo
129141.0,6.96866860138,6.05721506652,6.6,102.9,0.36,1100.0,387.0,131.0,5.0,1.0,1662.2630615234375,261526.99324544272,12.47429278180778,79800,1.1361517409397845,6.0534668,6.959144,0.382,22.83,Edo
129142.0,6.96866860138,6.05721506652,6.6,102.9,0.36,1100.0,387.0,131.0,5.0,1.0,1662.2630615234375,184423.45124816892,12.12498975798466,79800,1.1361517409397845,6.0534668,6.959144,0.382,22.83,Edo
129143.0,6.96866860138,6.05721506652,6.6,102.9,0.36,1100.0,387.0,131.0,5.0,1.0,1662.2630615234375,72630.1858622233,11.19313589762521,79800,1.1361517409397845,6.0534668,6.959144,0.382,22.83,Edo
129145.0,6.61938086129,5.98747065044,4.0,71.6,0.349,1192.0,320.0,242.0,5.0,1.0,5438.16552734375,288083.8187917074,12.5710067542461,85193,1.036427905774406,5.9875488,6.610044,0.634,22.83,Edo
129146.0,6.61938086129,5.98747065044,4.0,71.6,0.349,1192.0,320.0,242.0,5.0,1.0,5438.16552734375,426935.9927215576,12.964389381025129,85193,1.036427905774406,5.9875488,6.610044,0.634,22.83,Edo
129147.0,6.61938086129,5.98747065044,4.0,71.6,0.349,1192.0,320.0,242.0,5.0,1.0,5438.16552734375,243481.0603376116,12.40279443752532,85193,1.036427905774406,5.9875488,6.610044,0.634,22.83,Edo
129148.0,6.61938086129,5.98747065044,4.0,71.6,0.349,1192.0,320.0,242.0,5.0,1.0,5438.16552734375,238916.23091125488,12.3838682711955,85193,1.036427905774406,5.9875488,6.610044,0.634,22.83,Edo
129152.0,6.61938086129,5.98747065044,4.0,71.6,0.349,1192.0,320.0,242.0,5.0,1.0,5438.16552734375,78291.85798390706,11.268198891692233,85193,1.036427905774406,5.9875488,6.610044,0.634,22.83,Edo
129153.0,6.61938086129,5.98747065044,4.0,71.6,0.349,1192.0,320.0,242.0,5.0,1.0,5438.16552734375,148891.16080932616,11.91097085364157,85193,1.036427905774406,5.9875488,6.610044,0.634,22.83,Edo
129154.0,6.61938086129,5.98747065044,4.0,71.6,0.349,1192.0,320.0,242.0,5.0,1.0,5438.16552734375,152880.52728500366,11.937412027920528,85193,1.036427905774406,5.9875488,6.610044,0.634,22.83,Edo
129155.0,6.61938086129,5.98747065044,4.0,71.6,0.349,1192.0,320.0,242.0,5.0,1.0,5438.16552734375,335010.3050842285,12.721916571779538,85193,1.036427905774406,5.9875488,6.610044,0.634,22.83,Edo
129156.0,6.61938086129,5.98747065044,4.0,71.6,0.349,1192.0,320.0,242.0,5.0,1.0,5438.16552734375,432040.8738632202,12.976275478174612,85193,1.036427905774406,5.9875488,6.610044,0.634,22.83,Edo
129168.0,7.08942225339,6.26469826562,1.8,78.5,0.322,1047.0,612.0,173.0,5.0,1.0,5357.560546875,171456.56755828857,12.052085263125848,39138,0.9450656623945091,6.2731934,7.0899903,0.869,22.83,Edo
129170.0,7.09779419619,6.28933510926,2.2,19.1,0.316,1042.0,1622.0,287.0,5.0,1.0,4735.3486328125,169480.62099236384,12.040493868837888,94267,1.0813250747564622,6.295166,7.0899903,0.948,22.83,Edo
129173.0,6.35414864289,5.70434669523,1.2,29.0,0.358,1191.0,650.0,100.0,5.0,1.0,22743.35546875,418629.1817626953,12.944740799327462,85920,0.7285585255325913,5.7019043,6.3480564,0.772,22.83,Edo
129174.0,6.35414864289,5.70434669523,1.2,29.0,0.358,1191.0,650.0,100.0,5.0,1.0,22743.35546875,256415.6960296631,12.454555219119335,85920,0.7285585255325913,5.7019043,6.3480564,0.772,22.83,Edo
129176.0,6.25602693909,5.61956509182,1.7,98.7,0.343,1182.0,935.0,61.0,5.0,1.0,3415.915771484375,697539.9568888346,13.455315076899014,71233,0.8052682579998344,5.6140137,6.2606973,0.813,22.83,Edo
129180.0,6.96866860138,6.05721506652,6.6,102.9,0.36,1100.0,387.0,131.0,5.0,1.0,1662.2630615234375,235537.24181365967,12.369624319272038,79800,1.1361517409397845,6.0534668,6.959144,0.382,22.83,Edo
129182.0,6.61938086129,5.98747065044,4.0,71.6,0.349,1192.0,320.0,242.0,5.0,1.0,5438.16552734375,255119.71804199225,12.449488196485744,85193,1.036427905774406,5.9875488,6.610044,0.634,22.83,Edo
130021.0,7.622063627880001,5.377639592469999,15.5,52.5,0.382,1257.0,1223.0,374.0,6.0,1.0,1718.01025390625,80973.55610656738,11.3018779125322,54612,1.1671009886993802,5.3723145,7.6129974,0.025,35.65,Ekiti
130023.0,7.622063627880001,5.377639592469999,15.5,52.5,0.382,1257.0,1223.0,374.0,6.0,2.0,1718.01025390625,143667.86652221682,11.875259432045665,54612,1.1671009886993802,5.3723145,7.6129974,0.025,35.65,Ekiti
130025.0,7.622063627880001,5.377639592469999,15.5,52.5,0.382,1257.0,1223.0,374.0,6.0,1.0,1718.01025390625,145599.0258004325,11.888611723791245,54612,1.1671009886993802,5.3723145,7.6129974,0.025,35.65,Ekiti
130026.0,7.622063627880001,5.377639592469999,15.5,52.5,0.382,1257.0,1223.0,374.0,6.0,1.0,1718.01025390625,122179.01983642578,11.71324262388009,54612,1.1671009886993802,5.3723145,7.6129974,0.025,35.65,Ekiti
130027.0,7.622063627880001,5.377639592469999,15.5,52.5,0.382,1257.0,1223.0,374.0,6.0,1.0,1718.01025390625,130041.14388427736,11.775606170782394,54612,1.1671009886993802,5.3723145,7.6129974,0.025,35.65,Ekiti
130029.0,7.622063627880001,5.377639592469999,15.5,52.5,0.382,1257.0,1223.0,374.0,6.0,1.0,1718.01025390625,139146.20580291748,11.843280499625171,54612,1.1671009886993802,5.3723145,7.6129974,0.025,35.65,Ekiti
130030.0,7.622063627880001,5.377639592469999,15.5,52.5,0.382,1257.0,1223.0,374.0,6.0,1.0,1718.01025390625,231258.6182937622,12.351291922977577,54612,1.1671009886993802,5.3723145,7.6129974,0.025,35.65,Ekiti
130032.0,7.722999628819999,5.723021361500001,4.3,95.0,0.347,1225.0,2974.0,550.0,6.0,1.0,4673.1259765625,130588.26864910126,11.77980466521326,78047,0.15655609794603637,5.723877,7.7218784,0.617,39.0,Ondo
130033.0,7.722999628819999,5.723021361500001,4.3,95.0,0.347,1225.0,2974.0,550.0,6.0,1.0,4673.1259765625,384903.0949083963,12.86074688005114,78047,0.15655609794603637,5.723877,7.7218784,0.617,39.0,Ondo
130034.0,7.722999628819999,5.723021361500001,4.3,95.0,0.347,1225.0,2974.0,550.0,6.0,1.0,4673.1259765625,183361.70795981088,12.119216027254677,78047,0.15655609794603637,5.723877,7.7218784,0.617,39.0,Ondo
130035.0,7.722999628819999,5.723021361500001,4.3,95.0,0.347,1225.0,2974.0,550.0,6.0,1.0,4673.1259765625,157384.63612365726,11.966447999805156,78047,0.15655609794603637,5.723877,7.7218784,0.617,39.0,Ondo
130036.0,7.722999628819999,5.723021361500001,4.3,95.0,0.347,1225.0,2974.0,550.0,6.0,1.0,4673.1259765625,100567.88957977292,11.51858829662824,78047,0.15655609794603637,5.723877,7.7218784,0.617,39.0,Ondo
130038.0,7.722999628819999,5.723021361500001,4.3,95.0,0.347,1225.0,2974.0,550.0,6.0,1.0,4673.1259765625,274625.1587435404,12.523162387724216,78047,0.15655609794603637,5.723877,7.7218784,0.617,39.0,Ondo
130039.0,7.722999628819999,5.723021361500001,4.3,95.0,0.347,1225.0,2974.0,550.0,6.0,1.0,4673.1259765625,87981.80202293396,11.384885276881336,78047,0.15655609794603637,5.723877,7.7218784,0.617,39.0,Ondo
130040.0,7.722999628819999,5.723021361500001,4.3,95.0,0.347,1225.0,2974.0,550.0,6.0,1.0,4673.1259765625,239945.32069015503,12.38816634590914,78047,0.15655609794603637,5.723877,7.7218784,0.617,39.0,Ondo
130051.0,7.884189055459999,5.00894494098,10.4,18.5,0.357,1404.0,397.0,434.0,6.0,2.0,3210.774169921875,206096.27800369263,12.236098707538831,66365,1.5769700018859536,4.9987793,7.8742645,-0.304,35.65,Ekiti
130052.0,7.884189055459999,5.00894494098,10.4,18.5,0.357,1404.0,397.0,434.0,6.0,2.0,3210.774169921875,86163.85222167968,11.36400602092458,66365,1.5769700018859536,4.9987793,7.8742645,-0.304,35.65,Ekiti
130053.0,7.884189055459999,5.00894494098,10.4,18.5,0.357,1404.0,397.0,434.0,6.0,2.0,3210.774169921875,178562.82321929932,12.092695769090072,66365,1.5769700018859536,4.9987793,7.8742645,-0.304,35.65,Ekiti
130054.0,7.884189055459999,5.00894494098,10.4,18.5,0.357,1404.0,397.0,434.0,6.0,2.0,3210.774169921875,246045.52862548828,12.41327187350347,66365,1.5769700018859536,4.9987793,7.8742645,-0.304,35.65,Ekiti
130055.0,7.884189055459999,5.00894494098,10.4,18.5,0.357,1404.0,397.0,434.0,6.0,2.0,3210.774169921875,213421.78341674805,12.271025690506873,66365,1.5769700018859536,4.9987793,7.8742645,-0.304,35.65,Ekiti
130056.0,7.884189055459999,5.00894494098,10.4,18.5,0.357,1404.0,397.0,434.0,6.0,2.0,3210.774169921875,312601.6427968343,12.652684952223888,66365,1.5769700018859536,4.9987793,7.8742645,-0.304,35.65,Ekiti
130057.0,7.884189055459999,5.00894494098,10.4,18.5,0.357,1404.0,397.0,434.0,6.0,2.0,3210.774169921875,117072.84580230711,11.670551633731334,66365,1.5769700018859536,4.9987793,7.8742645,-0.304,35.65,Ekiti
130059.0,7.8881917373,5.09996098651,0.9,21.0,0.346,1418.0,1158.0,564.0,6.0,1.0,3210.774169921875,224089.43409075055,12.319800510488086,37409,1.29827001438003,5.1086426,7.8960294,0.169,35.65,Ekiti
130060.0,7.884189055459999,5.00894494098,10.4,18.5,0.357,1404.0,397.0,434.0,6.0,2.0,3210.774169921875,155369.74516296387,11.953563007890097,66365,1.5769700018859536,4.9987793,7.8742645,-0.304,35.65,Ekiti
139002.0,7.57169902113,5.23360964158,2.6,81.0,0.371,1239.0,698.0,481.0,6.0,1.0,12318.5654296875,227760.34750843048,12.336049247716607,92917,0.802715368689294,5.2404785,7.5694372,-0.266,35.65,Ekiti
139003.0,7.63340050823,5.21241525055,7.6,114.6,0.364,1270.0,5078.0,472.0,6.0,1.0,12318.5654296875,449668.0241699219,13.016264865427356,25494,0.6930831304823869,5.2185059,7.6347758,1.435,35.65,Ekiti
139004.0,7.63340050823,5.21241525055,7.6,114.6,0.364,1270.0,5078.0,472.0,6.0,1.0,12318.5654296875,490912.7278442383,13.104021647280286,25494,0.6930831304823869,5.2185059,7.6347758,1.435,35.65,Ekiti
139005.0,7.63340050823,5.21241525055,7.6,114.6,0.364,1270.0,5078.0,472.0,6.0,1.0,12318.5654296875,244547.68787638345,12.407165611317955,25494,0.6930831304823869,5.2185059,7.6347758,1.435,35.65,Ekiti
139007.0,7.63340050823,5.21241525055,7.6,114.6,0.364,1270.0,5078.0,472.0,6.0,1.0,12318.5654296875,463601.66971588135,13.046780992071708,25494,0.6930831304823869,5.2185059,7.6347758,1.435,35.65,Ekiti
139008.0,7.63340050823,5.21241525055,7.6,114.6,0.364,1270.0,5078.0,472.0,6.0,1.0,12318.5654296875,319473.6357727051,12.674430032251667,25494,0.6930831304823869,5.2185059,7.6347758,1.435,35.65,Ekiti
139009.0,7.63340050823,5.21241525055,7.6,114.6,0.364,1270.0,5078.0,472.0,6.0,1.0,12318.5654296875,420723.52296829224,12.949731181893055,25494,0.6930831304823869,5.2185059,7.6347758,1.435,35.65,Ekiti
139010.0,7.63340050823,5.21241525055,7.6,114.6,0.364,1270.0,5078.0,472.0,6.0,1.0,12318.5654296875,375304.08195495605,12.83549186157597,25494,0.6930831304823869,5.2185059,7.6347758,1.435,35.65,Ekiti
139011.0,7.63340050823,5.21241525055,7.6,114.6,0.364,1270.0,5078.0,472.0,6.0,1.0,12318.5654296875,314928.5277942476,12.660100996171726,25494,0.6930831304823869,5.2185059,7.6347758,1.435,35.65,Ekiti
139012.0,7.63340050823,5.21241525055,7.6,114.6,0.364,1270.0,5078.0,472.0,6.0,1.0,12318.5654296875,164071.18977355957,12.008055696604258,25494,0.6930831304823869,5.2185059,7.6347758,1.435,35.65,Ekiti
139013.0,7.7702806072,5.73165170092,0.1,4.8,0.334,1249.0,3354.0,557.0,6.0,1.0,1400.691650390625,79278.54281955295,11.28072278865777,64806,1.01759393713496,5.723877,7.7654229,0.854,35.65,Ekiti
139015.0,7.7702806072,5.73165170092,0.1,4.8,0.334,1249.0,3354.0,557.0,6.0,1.0,1400.691650390625,101539.9082118443,11.528207184540411,64806,1.01759393713496,5.723877,7.7654229,0.854,35.65,Ekiti
139016.0,7.7702806072,5.73165170092,0.1,4.8,0.334,1249.0,3354.0,557.0,6.0,1.0,1400.691650390625,55753.32107162475,10.928692258339572,64806,1.01759393713496,5.723877,7.7654229,0.854,35.65,Ekiti
139018.0,7.7702806072,5.73165170092,0.1,4.8,0.334,1249.0,3354.0,557.0,6.0,1.0,1400.691650390625,309714.6849555969,12.643406781548803,64806,1.01759393713496,5.723877,7.7654229,0.854,35.65,Ekiti
139020.0,7.7702806072,5.73165170092,0.1,4.8,0.334,1249.0,3354.0,557.0,6.0,1.0,1400.691650390625,196343.1199279785,12.187619019555113,64806,1.01759393713496,5.723877,7.7654229,0.854,35.65,Ekiti
139021.0,7.7702806072,5.73165170092,0.1,4.8,0.334,1249.0,3354.0,557.0,6.0,1.0,1400.691650390625,584580.1374969482,13.2786491548538,64806,1.01759393713496,5.723877,7.7654229,0.854,35.65,Ekiti
139022.0,7.7702806072,5.73165170092,0.1,4.8,0.334,1249.0,3354.0,557.0,6.0,1.0,1400.691650390625,237910.7556050619,12.379650905883045,64806,1.01759393713496,5.723877,7.7654229,0.854,35.65,Ekiti
139023.0,7.7702806072,5.73165170092,0.1,4.8,0.334,1249.0,3354.0,557.0,6.0,1.0,1400.691650390625,169991.95052337646,12.043506365048868,64806,1.01759393713496,5.723877,7.7654229,0.854,35.65,Ekiti
139024.0,7.7702806072,5.73165170092,0.1,4.8,0.334,1249.0,3354.0,557.0,6.0,1.0,1400.691650390625,110905.27783050538,11.6164317631033,64806,1.01759393713496,5.723877,7.7654229,0.854,35.65,Ekiti
139025.0,7.43604086154,5.45388111165,21.6,41.2,0.369,1141.0,2284.0,375.0,6.0,1.0,400.0,78134.24223836264,11.266183680692777,12558,0.7628086512618248,5.4602051,7.4387304,0.703,35.65,Ekiti
139026.0,7.43604086154,5.45388111165,21.6,41.2,0.369,1141.0,2284.0,375.0,6.0,1.0,400.0,64784.02363942464,11.07881430316791,12558,0.7628086512618248,5.4602051,7.4387304,0.703,35.65,Ekiti
139027.0,7.43604086154,5.45388111165,21.6,41.2,0.369,1141.0,2284.0,375.0,6.0,1.0,400.0,154197.3362121582,11.945988465073428,12558,0.7628086512618248,5.4602051,7.4387304,0.703,35.65,Ekiti
139029.0,7.43604086154,5.45388111165,21.6,41.2,0.369,1141.0,2284.0,375.0,6.0,1.0,400.0,240531.7091827393,12.39060720675059,12558,0.7628086512618248,5.4602051,7.4387304,0.703,35.65,Ekiti
139030.0,7.43604086154,5.45388111165,21.6,41.2,0.369,1141.0,2284.0,375.0,6.0,1.0,400.0,130688.6557108561,11.78057309944786,12558,0.7628086512618248,5.4602051,7.4387304,0.703,35.65,Ekiti
139031.0,7.43604086154,5.45388111165,21.6,41.2,0.369,1141.0,2284.0,375.0,6.0,1.0,400.0,129090.795753479,11.76827127881268,12558,0.7628086512618248,5.4602051,7.4387304,0.703,35.65,Ekiti
139032.0,7.43604086154,5.45388111165,21.6,41.2,0.369,1141.0,2284.0,375.0,6.0,1.0,400.0,298752.2685394287,12.607369975636448,12558,0.7628086512618248,5.4602051,7.4387304,0.703,35.65,Ekiti
139033.0,7.43604086154,5.45388111165,21.6,41.2,0.369,1141.0,2284.0,375.0,6.0,1.0,400.0,80424.49839564732,11.29507411516701,12558,0.7628086512618248,5.4602051,7.4387304,0.703,35.65,Ekiti
139034.0,7.43604086154,5.45388111165,21.6,41.2,0.369,1141.0,2284.0,375.0,6.0,1.0,400.0,91261.4848734538,11.42148412515172,12558,0.7628086512618248,5.4602051,7.4387304,0.703,35.65,Ekiti
139035.0,7.43604086154,5.45388111165,21.6,41.2,0.369,1141.0,2284.0,375.0,6.0,1.0,400.0,66957.28723144531,11.11181019107274,12558,0.7628086512618248,5.4602051,7.4387304,0.703,35.65,Ekiti
139036.0,7.43501527475,5.46223765229,18.3,43.1,0.366,1141.0,2189.0,379.0,6.0,1.0,779.2786254882812,121629.39152832032,11.70873392595523,12558,0.47006140286228565,5.4602051,7.4387304,0.703,35.65,Ekiti
139037.0,7.43501527475,5.46223765229,18.3,43.1,0.366,1141.0,2189.0,379.0,6.0,1.0,779.2786254882812,120467.02255859376,11.699131322744996,12558,0.47006140286228565,5.4602051,7.4387304,0.703,35.65,Ekiti
139038.0,7.43501527475,5.46223765229,18.3,43.1,0.366,1141.0,2189.0,379.0,6.0,1.0,779.2786254882812,122181.52807006837,11.713263152837518,12558,0.47006140286228565,5.4602051,7.4387304,0.703,35.65,Ekiti
139039.0,7.43501527475,5.46223765229,18.3,43.1,0.366,1141.0,2189.0,379.0,6.0,1.0,779.2786254882812,729347.2545013428,13.499905241198428,12558,0.47006140286228565,5.4602051,7.4387304,0.703,35.65,Ekiti
139041.0,7.43501527475,5.46223765229,18.3,43.1,0.366,1141.0,2189.0,379.0,6.0,1.0,779.2786254882812,112301.23151855468,11.628940106993696,12558,0.47006140286228565,5.4602051,7.4387304,0.703,35.65,Ekiti
139042.0,7.43501527475,5.46223765229,18.3,43.1,0.366,1141.0,2189.0,379.0,6.0,1.0,779.2786254882812,225298.70290120447,12.325182369196504,12558,0.47006140286228565,5.4602051,7.4387304,0.703,35.65,Ekiti
139043.0,7.43501527475,5.46223765229,18.3,43.1,0.366,1141.0,2189.0,379.0,6.0,1.0,779.2786254882812,400608.20579833986,12.90073918577426,12558,0.47006140286228565,5.4602051,7.4387304,0.703,35.65,Ekiti
139044.0,7.43501527475,5.46223765229,18.3,43.1,0.366,1141.0,2189.0,379.0,6.0,1.0,779.2786254882812,160975.6422973633,11.989008342442611,12558,0.47006140286228565,5.4602051,7.4387304,0.703,35.65,Ekiti
139046.0,7.43501527475,5.46223765229,18.3,43.1,0.366,1141.0,2189.0,379.0,6.0,1.0,779.2786254882812,115565.40113176618,11.657591892253668,12558,0.47006140286228565,5.4602051,7.4387304,0.703,35.65,Ekiti
139047.0,7.43501527475,5.46223765229,18.3,43.1,0.366,1141.0,2189.0,379.0,6.0,1.0,779.2786254882812,138913.4055480957,11.841606036310742,12558,0.47006140286228565,5.4602051,7.4387304,0.703,35.65,Ekiti
139048.0,7.65022747307,5.55040495057,21.6,95.3,0.364,1253.0,2329.0,415.0,6.0,1.0,2671.574462890625,163051.79413604736,12.001823184751206,49146,0.7474693701992599,5.5480957,7.6565531,0.296,35.65,Ekiti
139049.0,7.65022747307,5.55040495057,21.6,95.3,0.364,1253.0,2329.0,415.0,6.0,1.0,2671.574462890625,199308.409576416,12.202608700877242,49146,0.7474693701992599,5.5480957,7.6565531,0.296,35.65,Ekiti
139050.0,7.65022747307,5.55040495057,21.6,95.3,0.364,1253.0,2329.0,415.0,6.0,1.0,2671.574462890625,232489.5827677409,12.35660069770572,49146,0.7474693701992599,5.5480957,7.6565531,0.296,35.65,Ekiti
139052.0,7.65022747307,5.55040495057,21.6,95.3,0.364,1253.0,2329.0,415.0,6.0,1.0,2671.574462890625,155062.54079589844,11.95158380352738,49146,0.7474693701992599,5.5480957,7.6565531,0.296,35.65,Ekiti
139053.0,7.65022747307,5.55040495057,21.6,95.3,0.364,1253.0,2329.0,415.0,6.0,1.0,2671.574462890625,656910.9524230957,13.395303751634092,49146,0.7474693701992599,5.5480957,7.6565531,0.296,35.65,Ekiti
139054.0,7.65022747307,5.55040495057,21.6,95.3,0.364,1253.0,2329.0,415.0,6.0,1.0,2671.574462890625,158696.46829223633,11.974748652279708,49146,0.7474693701992599,5.5480957,7.6565531,0.296,35.65,Ekiti
139055.0,7.65022747307,5.55040495057,21.6,95.3,0.364,1253.0,2329.0,415.0,6.0,1.0,2671.574462890625,108570.27321777344,11.595152921735336,49146,0.7474693701992599,5.5480957,7.6565531,0.296,35.65,Ekiti
139057.0,7.65022747307,5.55040495057,21.6,95.3,0.364,1253.0,2329.0,415.0,6.0,1.0,2671.574462890625,196482.12048339844,12.188326716245252,49146,0.7474693701992599,5.5480957,7.6565531,0.296,35.65,Ekiti
139058.0,7.65022747307,5.55040495057,21.6,95.3,0.364,1253.0,2329.0,415.0,6.0,1.0,2671.574462890625,79848.1569213867,11.287882071615805,49146,0.7474693701992599,5.5480957,7.6565531,0.296,35.65,Ekiti
139059.0,7.65022747307,5.55040495057,21.6,95.3,0.364,1253.0,2329.0,415.0,6.0,1.0,2671.574462890625,120406.65214029948,11.698630060665328,49146,0.7474693701992599,5.5480957,7.6565531,0.296,35.65,Ekiti
139061.0,7.54831005799,5.5698582121,16.8,45.4,0.367,1202.0,382.0,365.0,6.0,1.0,1354.5697021484375,108214.57674153644,11.591871356667465,41767,0.07630998656174119,5.5700684,7.5476555,-0.667,35.65,Ekiti
139062.0,7.54831005799,5.5698582121,16.8,45.4,0.367,1202.0,382.0,365.0,6.0,1.0,1354.5697021484375,108374.16809082033,11.59334503784411,41767,0.07630998656174119,5.5700684,7.5476555,-0.667,35.65,Ekiti
139063.0,7.54831005799,5.5698582121,16.8,45.4,0.367,1202.0,382.0,365.0,6.0,1.0,1354.5697021484375,73517.54949506123,11.20527942534052,41767,0.07630998656174119,5.5700684,7.5476555,-0.667,35.65,Ekiti
139064.0,7.54831005799,5.5698582121,16.8,45.4,0.367,1202.0,382.0,365.0,6.0,1.0,1354.5697021484375,125172.28354644775,11.737446335715996,41767,0.07630998656174119,5.5700684,7.5476555,-0.667,35.65,Ekiti
139065.0,7.54831005799,5.5698582121,16.8,45.4,0.367,1202.0,382.0,365.0,6.0,1.0,1354.5697021484375,112855.86135101318,11.633866720205816,41767,0.07630998656174119,5.5700684,7.5476555,-0.667,35.65,Ekiti
139067.0,7.54831005799,5.5698582121,16.8,45.4,0.367,1202.0,382.0,365.0,6.0,1.0,1354.5697021484375,135031.18090820312,11.813261000441567,41767,0.07630998656174119,5.5700684,7.5476555,-0.667,35.65,Ekiti
139068.0,7.54831005799,5.5698582121,16.8,45.4,0.367,1202.0,382.0,365.0,6.0,1.0,1354.5697021484375,147120.27177124022,11.899005706552463,41767,0.07630998656174119,5.5700684,7.5476555,-0.667,35.65,Ekiti
139069.0,7.54831005799,5.5698582121,16.8,45.4,0.367,1202.0,382.0,365.0,6.0,1.0,1354.5697021484375,76436.07243855795,11.244210016062915,41767,0.07630998656174119,5.5700684,7.5476555,-0.667,35.65,Ekiti
139070.0,7.54831005799,5.5698582121,16.8,45.4,0.367,1202.0,382.0,365.0,6.0,1.0,1354.5697021484375,72008.20322875975,11.184535325241011,41767,0.07630998656174119,5.5700684,7.5476555,-0.667,35.65,Ekiti
139071.0,7.54831005799,5.5698582121,16.8,45.4,0.367,1202.0,382.0,365.0,6.0,1.0,1354.5697021484375,70469.49380057199,11.162935183104862,41767,0.07630998656174119,5.5700684,7.5476555,-0.667,35.65,Ekiti
139072.0,7.78765339582,5.2578914237,5.7,94.7,0.371,1360.0,747.0,575.0,6.0,1.0,4407.1435546875,106075.31023216248,11.571904594715436,26271,0.5087030100386709,5.2624512,7.7871935,-0.205,35.65,Ekiti
139073.0,7.78765339582,5.2578914237,5.7,94.7,0.371,1360.0,747.0,575.0,6.0,1.0,4407.1435546875,56216.92269461496,10.936973106118131,26271,0.5087030100386709,5.2624512,7.7871935,-0.205,35.65,Ekiti
139074.0,7.78765339582,5.2578914237,5.7,94.7,0.371,1360.0,747.0,575.0,6.0,1.0,4407.1435546875,243764.90275065103,12.403959526481,26271,0.5087030100386709,5.2624512,7.7871935,-0.205,35.65,Ekiti
139075.0,7.78765339582,5.2578914237,5.7,94.7,0.371,1360.0,747.0,575.0,6.0,1.0,4407.1435546875,132964.76612548827,11.797839455757645,26271,0.5087030100386709,5.2624512,7.7871935,-0.205,35.65,Ekiti
139076.0,7.78765339582,5.2578914237,5.7,94.7,0.371,1360.0,747.0,575.0,6.0,1.0,4407.1435546875,454703.98373413086,13.02740190101099,26271,0.5087030100386709,5.2624512,7.7871935,-0.205,35.65,Ekiti
139078.0,7.78765339582,5.2578914237,5.7,94.7,0.371,1360.0,747.0,575.0,6.0,1.0,4407.1435546875,420454.09659576416,12.949090588573702,26271,0.5087030100386709,5.2624512,7.7871935,-0.205,35.65,Ekiti
139079.0,7.78765339582,5.2578914237,5.7,94.7,0.371,1360.0,747.0,575.0,6.0,1.0,4407.1435546875,719094.1381130219,13.485747557358044,26271,0.5087030100386709,5.2624512,7.7871935,-0.205,35.65,Ekiti
139080.0,7.78765339582,5.2578914237,5.7,94.7,0.371,1360.0,747.0,575.0,6.0,1.0,4407.1435546875,264108.7460784912,12.484116214277932,26271,0.5087030100386709,5.2624512,7.7871935,-0.205,35.65,Ekiti
139082.0,7.78765339582,5.2578914237,5.7,94.7,0.371,1360.0,747.0,575.0,6.0,1.0,4407.1435546875,427656.6274032593,12.966075880148894,26271,0.5087030100386709,5.2624512,7.7871935,-0.205,35.65,Ekiti
139083.0,7.78765339582,5.2578914237,5.7,94.7,0.371,1360.0,747.0,575.0,6.0,1.0,4407.1435546875,343911.9236602783,12.748140867701473,26271,0.5087030100386709,5.2624512,7.7871935,-0.205,35.65,Ekiti
139084.0,7.78361559189,5.50333779057,5.3,99.1,0.378,1316.0,1645.0,568.0,6.0,1.0,1085.1951904296875,155761.08278783163,11.956078591664392,94709,0.407262018216568,5.5041504,7.7871935,0.939,35.65,Ekiti
139085.0,7.78361559189,5.50333779057,5.3,99.1,0.378,1316.0,1645.0,568.0,6.0,1.0,1085.1951904296875,870601.4667167664,13.67693959281838,94709,0.407262018216568,5.5041504,7.7871935,0.939,35.65,Ekiti
139086.0,7.78361559189,5.50333779057,5.3,99.1,0.378,1316.0,1645.0,568.0,6.0,1.0,1085.1951904296875,86808.56417236327,11.371460561361536,94709,0.407262018216568,5.5041504,7.7871935,0.939,35.65,Ekiti
139087.0,7.78361559189,5.50333779057,5.3,99.1,0.378,1316.0,1645.0,568.0,6.0,1.0,1085.1951904296875,217145.81365966797,12.2883243592124,94709,0.407262018216568,5.5041504,7.7871935,0.939,35.65,Ekiti
139089.0,7.78361559189,5.50333779057,5.3,99.1,0.378,1316.0,1645.0,568.0,6.0,1.0,1085.1951904296875,553095.7216746012,13.22328636077766,94709,0.407262018216568,5.5041504,7.7871935,0.939,35.65,Ekiti
139090.0,7.78361559189,5.50333779057,5.3,99.1,0.378,1316.0,1645.0,568.0,6.0,1.0,1085.1951904296875,180538.55167134604,12.10369961661628,94709,0.407262018216568,5.5041504,7.7871935,0.939,35.65,Ekiti
139092.0,7.78361559189,5.50333779057,5.3,99.1,0.378,1316.0,1645.0,568.0,6.0,1.0,1085.1951904296875,243247.13779195148,12.401833233450564,94709,0.407262018216568,5.5041504,7.7871935,0.939,35.65,Ekiti
139093.0,7.78361559189,5.50333779057,5.3,99.1,0.378,1316.0,1645.0,568.0,6.0,1.0,1085.1951904296875,283565.51944732666,12.55519848460998,94709,0.407262018216568,5.5041504,7.7871935,0.939,35.65,Ekiti
139094.0,7.78361559189,5.50333779057,5.3,99.1,0.378,1316.0,1645.0,568.0,6.0,1.0,1085.1951904296875,175584.42840067545,12.07587527971742,94709,0.407262018216568,5.5041504,7.7871935,0.939,35.65,Ekiti
139095.0,7.78361559189,5.50333779057,5.3,99.1,0.378,1316.0,1645.0,568.0,6.0,1.0,1085.1951904296875,104018.1191101074,11.552320385161154,94709,0.407262018216568,5.5041504,7.7871935,0.939,35.65,Ekiti
139096.0,7.65444345267,5.18873664406,0.5,98.3,0.356,1282.0,570.0,442.0,6.0,1.0,400.0,188937.50513763423,12.149171578714055,6569,0.8965399044823512,5.1965332,7.6565531,0.755,35.65,Ekiti
139098.0,7.95997309265,5.25634223489,1.8,9.9,0.319,1451.0,1474.0,566.0,6.0,1.0,400.0,107637.49729410806,11.586524353865489,16427,0.6943167397699875,5.2624512,7.9613173,0.106,35.65,Ekiti
139099.0,7.95997309265,5.25634223489,1.8,9.9,0.319,1451.0,1474.0,566.0,6.0,1.0,400.0,151984.62683036109,11.931534655439552,16427,0.6943167397699875,5.2624512,7.9613173,0.106,35.65,Ekiti
139102.0,7.95997309265,5.25634223489,1.8,9.9,0.319,1451.0,1474.0,566.0,6.0,1.0,400.0,281704.0071472168,12.54861217863804,16427,0.6943167397699875,5.2624512,7.9613173,0.106,35.65,Ekiti
139103.0,7.95997309265,5.25634223489,1.8,9.9,0.319,1451.0,1474.0,566.0,6.0,1.0,400.0,169204.97454223633,12.038866126089903,16427,0.6943167397699875,5.2624512,7.9613173,0.106,35.65,Ekiti
139104.0,7.95997309265,5.25634223489,1.8,9.9,0.319,1451.0,1474.0,566.0,6.0,1.0,400.0,352131.53466796875,12.771760062813987,16427,0.6943167397699875,5.2624512,7.9613173,0.106,35.65,Ekiti
139105.0,7.95997309265,5.25634223489,1.8,9.9,0.319,1451.0,1474.0,566.0,6.0,1.0,400.0,241104.8186819894,12.392987050207571,16427,0.6943167397699875,5.2624512,7.9613173,0.106,35.65,Ekiti
139106.0,7.95997309265,5.25634223489,1.8,9.9,0.319,1451.0,1474.0,566.0,6.0,1.0,400.0,110945.41412658693,11.616793594713249,16427,0.6943167397699875,5.2624512,7.9613173,0.106,35.65,Ekiti
139107.0,7.95997309265,5.25634223489,1.8,9.9,0.319,1451.0,1474.0,566.0,6.0,1.0,400.0,190101.802537028,12.155315010478004,16427,0.6943167397699875,5.2624512,7.9613173,0.106,35.65,Ekiti
139108.0,8.02482405959,5.0652759136,12.9,51.0,0.322,1467.0,2148.0,577.0,6.0,1.0,3002.67578125,197530.99601364136,12.193650792850454,102703,0.20676893250159462,5.0646973,8.0265947,0.368,35.65,Ekiti
139109.0,8.02482405959,5.0652759136,12.9,51.0,0.322,1467.0,2148.0,577.0,6.0,1.0,3002.67578125,109460.94638061523,11.6033231105642,102703,0.20676893250159462,5.0646973,8.0265947,0.368,35.65,Ekiti
139111.0,8.02482405959,5.0652759136,12.9,51.0,0.322,1467.0,2148.0,577.0,6.0,1.0,3002.67578125,248907.1332397461,12.424835147003863,102703,0.20676893250159462,5.0646973,8.0265947,0.368,35.65,Ekiti
139112.0,8.02482405959,5.0652759136,12.9,51.0,0.322,1467.0,2148.0,577.0,6.0,1.0,3002.67578125,94513.67305908202,11.456499791471364,102703,0.20676893250159462,5.0646973,8.0265947,0.368,35.65,Ekiti
139113.0,8.02482405959,5.0652759136,12.9,51.0,0.322,1467.0,2148.0,577.0,6.0,1.0,3002.67578125,229337.92728042605,12.342951859792782,102703,0.20676893250159462,5.0646973,8.0265947,0.368,35.65,Ekiti
139114.0,8.02482405959,5.0652759136,12.9,51.0,0.322,1467.0,2148.0,577.0,6.0,1.0,3002.67578125,174304.07501220703,12.068556610536064,102703,0.20676893250159462,5.0646973,8.0265947,0.368,35.65,Ekiti
139115.0,8.02482405959,5.0652759136,12.9,51.0,0.322,1467.0,2148.0,577.0,6.0,1.0,3002.67578125,109125.6687850952,11.600255421737971,102703,0.20676893250159462,5.0646973,8.0265947,0.368,35.65,Ekiti
139116.0,8.02482405959,5.0652759136,12.9,51.0,0.322,1467.0,2148.0,577.0,6.0,1.0,3002.67578125,214318.55460357663,12.275218760091496,102703,0.20676893250159462,5.0646973,8.0265947,0.368,35.65,Ekiti
139119.0,7.74275851224,5.39578688743,4.6,8.7,0.379,1304.0,1714.0,548.0,6.0,1.0,1506.5479736328125,167790.52490743,12.030471604838288,61701,0.19373407734655257,5.3942871,7.7436512,0.789,35.65,Ekiti
139120.0,7.74275851224,5.39578688743,4.6,8.7,0.379,1304.0,1714.0,548.0,6.0,1.0,1506.5479736328125,265639.3321965536,12.48989477370989,61701,0.19373407734655257,5.3942871,7.7436512,0.789,35.65,Ekiti
139121.0,7.74275851224,5.39578688743,4.6,8.7,0.379,1304.0,1714.0,548.0,6.0,1.0,1506.5479736328125,152659.38065120153,11.93596444829721,61701,0.19373407734655257,5.3942871,7.7436512,0.789,35.65,Ekiti
139123.0,7.74275851224,5.39578688743,4.6,8.7,0.379,1304.0,1714.0,548.0,6.0,1.0,1506.5479736328125,227618.504796346,12.335426281955444,61701,0.19373407734655257,5.3942871,7.7436512,0.789,35.65,Ekiti
139124.0,7.74275851224,5.39578688743,4.6,8.7,0.379,1304.0,1714.0,548.0,6.0,1.0,1506.5479736328125,215239.81895192465,12.279508122457884,61701,0.19373407734655257,5.3942871,7.7436512,0.789,35.65,Ekiti
139125.0,7.74275851224,5.39578688743,4.6,8.7,0.379,1304.0,1714.0,548.0,6.0,1.0,1506.5479736328125,190089.79139709473,12.155251825809383,61701,0.19373407734655257,5.3942871,7.7436512,0.789,35.65,Ekiti
139127.0,7.74275851224,5.39578688743,4.6,8.7,0.379,1304.0,1714.0,548.0,6.0,1.0,1506.5479736328125,130047.74607340494,11.775656939495583,61701,0.19373407734655257,5.3942871,7.7436512,0.789,35.65,Ekiti
139128.0,7.74275851224,5.39578688743,4.6,8.7,0.379,1304.0,1714.0,548.0,6.0,1.0,1506.5479736328125,288534.3688964844,12.572569487458784,61701,0.19373407734655257,5.3942871,7.7436512,0.789,35.65,Ekiti
139130.0,7.74275851224,5.39578688743,4.6,8.7,0.379,1304.0,1714.0,548.0,6.0,1.0,1506.5479736328125,265509.42068481445,12.48940560183996,61701,0.19373407734655257,5.3942871,7.7436512,0.789,35.65,Ekiti
139134.0,7.7702806072,5.73165170092,0.1,4.8,0.334,1249.0,3354.0,557.0,6.0,1.0,1400.691650390625,159885.96249694822,11.98221610570598,64806,1.01759393713496,5.723877,7.7654229,0.854,35.65,Ekiti
139144.0,7.95997309265,5.25634223489,1.8,9.9,0.319,1451.0,1474.0,566.0,6.0,1.0,400.0,212192.1697235107,12.265247604026472,16427,0.6943167397699875,5.2624512,7.9613173,0.106,35.65,Ekiti
139145.0,7.47377069385,5.22375514517,1.0,32.6,0.379,1188.0,3029.0,385.0,6.0,1.0,6838.826171875,61889.98924382528,11.033113720938356,94717,1.1120337038582897,5.2185059,7.4823037,1.0,35.65,Ekiti
139146.0,7.47377069385,5.22375514517,1.0,32.6,0.379,1188.0,3029.0,385.0,6.0,1.0,6838.826171875,79949.52714411415,11.28915080384954,94717,1.1120337038582897,5.2185059,7.4823037,1.0,35.65,Ekiti
139148.0,7.47377069385,5.22375514517,1.0,32.6,0.379,1188.0,3029.0,385.0,6.0,1.0,6838.826171875,145310.48539352417,11.886628010709163,94717,1.1120337038582897,5.2185059,7.4823037,1.0,35.65,Ekiti
139149.0,7.47377069385,5.22375514517,1.0,32.6,0.379,1188.0,3029.0,385.0,6.0,1.0,6838.826171875,161277.14115333557,11.99087953772425,94717,1.1120337038582897,5.2185059,7.4823037,1.0,35.65,Ekiti
139150.0,7.47377069385,5.22375514517,1.0,32.6,0.379,1188.0,3029.0,385.0,6.0,1.0,6838.826171875,165730.04895591736,12.018115532513171,94717,1.1120337038582897,5.2185059,7.4823037,1.0,35.65,Ekiti
139151.0,7.47377069385,5.22375514517,1.0,32.6,0.379,1188.0,3029.0,385.0,6.0,1.0,6838.826171875,405902.518283844,12.913868307005435,94717,1.1120337038582897,5.2185059,7.4823037,1.0,35.65,Ekiti
139152.0,7.47377069385,5.22375514517,1.0,32.6,0.379,1188.0,3029.0,385.0,6.0,1.0,6838.826171875,531137.9432983398,13.182777046709898,94717,1.1120337038582897,5.2185059,7.4823037,1.0,35.65,Ekiti
139153.0,7.47377069385,5.22375514517,1.0,32.6,0.379,1188.0,3029.0,385.0,6.0,1.0,6838.826171875,417693.3647155762,12.942502865071988,94717,1.1120337038582897,5.2185059,7.4823037,1.0,35.65,Ekiti
139155.0,7.47377069385,5.22375514517,1.0,32.6,0.379,1188.0,3029.0,385.0,6.0,1.0,6838.826171875,207150.0697809855,12.2411987843676,94717,1.1120337038582897,5.2185059,7.4823037,1.0,35.65,Ekiti
139156.0,7.47377069385,5.22375514517,1.0,32.6,0.379,1188.0,3029.0,385.0,6.0,1.0,6838.826171875,338988.2621154785,12.73372076073504,94717,1.1120337038582897,5.2185059,7.4823037,1.0,35.65,Ekiti
140001.0,5.976971155439999,7.69542430371,0.5,75.9,0.342,1562.0,489.0,33.0,4.0,2.0,6935.83203125,139264.9343109131,11.844133400232126,8858,0.6658614327817377,7.701416,5.9766803,-0.476,23.2,Ebonyi
140003.0,5.976971155439999,7.69542430371,0.5,75.9,0.342,1562.0,489.0,33.0,4.0,2.0,6935.83203125,138146.5400817871,11.836070285389276,8858,0.6658614327817377,7.701416,5.9766803,-0.476,23.2,Ebonyi
140004.0,5.976971155439999,7.69542430371,0.5,75.9,0.342,1562.0,489.0,33.0,4.0,2.0,6935.83203125,125604.7769897461,11.740895565650836,8858,0.6658614327817377,7.701416,5.9766803,-0.476,23.2,Ebonyi
140006.0,5.976971155439999,7.69542430371,0.5,75.9,0.342,1562.0,489.0,33.0,4.0,2.0,6935.83203125,390203.7630691528,12.874424351074294,8858,0.6658614327817377,7.701416,5.9766803,-0.476,23.2,Ebonyi
140007.0,5.976971155439999,7.69542430371,0.5,75.9,0.342,1562.0,489.0,33.0,4.0,2.0,6935.83203125,101198.3307233538,11.52483754087094,8858,0.6658614327817377,7.701416,5.9766803,-0.476,23.2,Ebonyi
140008.0,9.01935903092,7.46160447883,10.9,26.3,0.322,1315.0,3108.0,471.0,1.0,1.0,6935.83203125,299171.0250295003,12.608770678914077,51330,0.7826555783605037,7.4597168,9.0261526,0.775,,Federal Capital Territory
140009.0,5.976971155439999,7.69542430371,0.5,75.9,0.342,1562.0,489.0,33.0,4.0,2.0,6935.83203125,164815.32300240654,12.012580871518727,8858,0.6658614327817377,7.701416,5.9766803,-0.476,23.2,Ebonyi
140010.0,5.976971155439999,7.69542430371,0.5,75.9,0.342,1562.0,489.0,33.0,4.0,2.0,6935.83203125,341515.5248133341,12.741148417613658,8858,0.6658614327817377,7.701416,5.9766803,-0.476,23.2,Ebonyi
140021.0,6.9497805357099995,7.478545779700001,1.1,3.1,0.276,1195.0,1327.0,436.0,4.0,2.0,1870.1275634765625,352983.1955947876,12.774175730234958,19768,1.0963599903885892,7.4816895,6.959144,0.577,30.6,Enugu
140022.0,6.9497805357099995,7.478545779700001,1.1,3.1,0.276,1195.0,1327.0,436.0,4.0,2.0,1870.1275634765625,156480.07369995117,11.960683956254927,19768,1.0963599903885892,7.4816895,6.959144,0.577,30.6,Enugu
140023.0,6.9497805357099995,7.478545779700001,1.1,3.1,0.276,1195.0,1327.0,436.0,4.0,2.0,1870.1275634765625,377090.6568679809,12.840240906667916,19768,1.0963599903885892,7.4816895,6.959144,0.577,30.6,Enugu
140024.0,6.9497805357099995,7.478545779700001,1.1,3.1,0.276,1195.0,1327.0,436.0,4.0,2.0,1870.1275634765625,396670.356985569,12.890860879701291,19768,1.0963599903885892,7.4816895,6.959144,0.577,30.6,Enugu
140025.0,6.9497805357099995,7.478545779700001,1.1,3.1,0.276,1195.0,1327.0,436.0,4.0,2.0,1870.1275634765625,85348.18149784634,11.354494421584898,19768,1.0963599903885892,7.4816895,6.959144,0.577,30.6,Enugu
140026.0,6.9497805357099995,7.478545779700001,1.1,3.1,0.276,1195.0,1327.0,436.0,4.0,2.0,1870.1275634765625,166808.76206130983,12.024603297870698,19768,1.0963599903885892,7.4816895,6.959144,0.577,30.6,Enugu
140027.0,6.9497805357099995,7.478545779700001,1.1,3.1,0.276,1195.0,1327.0,436.0,4.0,2.0,1870.1275634765625,136671.76620864868,11.82533746303806,19768,1.0963599903885892,7.4816895,6.959144,0.577,30.6,Enugu
140030.0,6.9497805357099995,7.478545779700001,1.1,3.1,0.276,1195.0,1327.0,436.0,4.0,2.0,1870.1275634765625,91572.28754085964,11.4248839671249,19768,1.0963599903885892,7.4816895,6.959144,0.577,30.6,Enugu
140062.0,6.366917856999999,7.22449517406,18.1,65.0,0.289,1350.0,393.0,80.0,4.0,2.0,5766.599609375,114484.37192789713,11.648193602948174,36781,0.7912610879403087,7.2180176,6.3698938,0.153,30.6,Enugu
140063.0,6.366917856999999,7.22449517406,18.1,65.0,0.289,1350.0,393.0,80.0,4.0,2.0,5766.599609375,140384.88291422528,11.852143093225749,36781,0.7912610879403087,7.2180176,6.3698938,0.153,30.6,Enugu
140065.0,6.366917856999999,7.22449517406,18.1,65.0,0.289,1350.0,393.0,80.0,4.0,2.0,5766.599609375,178503.85184936525,12.09236545895705,36781,0.7912610879403087,7.2180176,6.3698938,0.153,30.6,Enugu
140066.0,6.366917856999999,7.22449517406,18.1,65.0,0.289,1350.0,393.0,80.0,4.0,2.0,5766.599609375,219195.39028930664,12.297718804132804,36781,0.7912610879403087,7.2180176,6.3698938,0.153,30.6,Enugu
140067.0,6.366917856999999,7.22449517406,18.1,65.0,0.289,1350.0,393.0,80.0,4.0,2.0,5766.599609375,125745.951171875,11.74201889000328,36781,0.7912610879403087,7.2180176,6.3698938,0.153,30.6,Enugu
140068.0,6.366917856999999,7.22449517406,18.1,65.0,0.289,1350.0,393.0,80.0,4.0,2.0,5766.599609375,162917.5198059082,12.000999338260195,36781,0.7912610879403087,7.2180176,6.3698938,0.153,30.6,Enugu
140069.0,6.366917856999999,7.22449517406,18.1,65.0,0.289,1350.0,393.0,80.0,4.0,2.0,5766.599609375,110078.4992762974,11.60894902004642,36781,0.7912610879403087,7.2180176,6.3698938,0.153,30.6,Enugu
140070.0,6.366917856999999,7.22449517406,18.1,65.0,0.289,1350.0,393.0,80.0,4.0,2.0,5766.599609375,242865.33642578125,12.400262397625816,36781,0.7912610879403087,7.2180176,6.3698938,0.153,30.6,Enugu
140072.0,6.921891644539999,7.3908807764,3.8,77.8,0.26,1188.0,2622.0,323.0,4.0,2.0,2131.134521484375,140443.5791849772,11.852561115467282,72052,0.777852794706085,7.3937988,6.9155204,0.707,30.6,Enugu
140073.0,6.921891644539999,7.3908807764,3.8,77.8,0.26,1188.0,2622.0,323.0,4.0,2.0,2131.134521484375,410236.96392822266,12.924490232526017,72052,0.777852794706085,7.3937988,6.9155204,0.707,30.6,Enugu
140074.0,6.921891644539999,7.3908807764,3.8,77.8,0.26,1188.0,2622.0,323.0,4.0,2.0,2131.134521484375,630078.7088012695,13.353600025169229,72052,0.777852794706085,7.3937988,6.9155204,0.707,30.6,Enugu
140075.0,6.921891644539999,7.3908807764,3.8,77.8,0.26,1188.0,2622.0,323.0,4.0,2.0,2131.134521484375,355129.26416015625,12.78023712657516,72052,0.777852794706085,7.3937988,6.9155204,0.707,30.6,Enugu
140076.0,6.921891644539999,7.3908807764,3.8,77.8,0.26,1188.0,2622.0,323.0,4.0,2.0,2131.134521484375,92667.34930419922,11.436771470569608,72052,0.777852794706085,7.3937988,6.9155204,0.707,30.6,Enugu
140078.0,6.921891644539999,7.3908807764,3.8,77.8,0.26,1188.0,2622.0,323.0,4.0,2.0,2131.134521484375,67488.51419067383,11.119712702243577,72052,0.777852794706085,7.3937988,6.9155204,0.707,30.6,Enugu
140079.0,6.921891644539999,7.3908807764,3.8,77.8,0.26,1188.0,2622.0,323.0,4.0,2.0,2131.134521484375,183715.6212425232,12.121144304291793,72052,0.777852794706085,7.3937988,6.9155204,0.707,30.6,Enugu
140080.0,6.921891644539999,7.3908807764,3.8,77.8,0.26,1188.0,2622.0,323.0,4.0,2.0,2131.134521484375,90568.27257519677,11.413859238372671,72052,0.777852794706085,7.3937988,6.9155204,0.707,30.6,Enugu
140082.0,6.767937319829999,7.648158668740001,59.3,121.9,0.335,1247.0,397.0,208.0,4.0,2.0,4829.36279296875,313782.5065307617,12.656455370533898,12255,1.180156387420762,7.6574707,6.7628064,0.534,30.6,Enugu
140083.0,6.767937319829999,7.648158668740001,59.3,121.9,0.335,1247.0,397.0,208.0,4.0,2.0,4829.36279296875,216930.12896728516,12.287330594347996,12255,1.180156387420762,7.6574707,6.7628064,0.534,30.6,Enugu
140084.0,6.767937319829999,7.648158668740001,59.3,121.9,0.335,1247.0,397.0,208.0,4.0,2.0,4829.36279296875,85929.81132812501,11.361286094658691,12255,1.180156387420762,7.6574707,6.7628064,0.534,30.6,Enugu
140085.0,6.767937319829999,7.648158668740001,59.3,121.9,0.335,1247.0,397.0,208.0,4.0,2.0,4829.36279296875,83483.00582595098,11.33239836708282,12255,1.180156387420762,7.6574707,6.7628064,0.534,30.6,Enugu
140086.0,6.767937319829999,7.648158668740001,59.3,121.9,0.335,1247.0,397.0,208.0,4.0,2.0,4829.36279296875,174649.03537750244,12.070533727044818,12255,1.180156387420762,7.6574707,6.7628064,0.534,30.6,Enugu
140087.0,6.767937319829999,7.648158668740001,59.3,121.9,0.335,1247.0,397.0,208.0,4.0,2.0,4829.36279296875,181469.06432628632,12.10884047367646,12255,1.180156387420762,7.6574707,6.7628064,0.534,30.6,Enugu
140089.0,6.767937319829999,7.648158668740001,59.3,121.9,0.335,1247.0,397.0,208.0,4.0,2.0,4829.36279296875,115903.56937599182,11.660513825885475,12255,1.180156387420762,7.6574707,6.7628064,0.534,30.6,Enugu
140090.0,6.767937319829999,7.648158668740001,59.3,121.9,0.335,1247.0,397.0,208.0,4.0,2.0,4829.36279296875,102724.66849726724,11.539807566657256,12255,1.180156387420762,7.6574707,6.7628064,0.534,30.6,Enugu
140121.0,6.28524505144,7.31597545017,17.7,72.1,0.25,1361.0,470.0,223.0,4.0,2.0,2279.408203125,302624.4283065796,12.620247805123595,54241,1.157147651635298,7.3059082,6.2825384,-0.048,30.6,Enugu
140122.0,6.28524505144,7.31597545017,17.7,72.1,0.25,1361.0,470.0,223.0,4.0,2.0,2279.408203125,145988.2389831543,11.89128134253585,54241,1.157147651635298,7.3059082,6.2825384,-0.048,30.6,Enugu
140123.0,6.28524505144,7.31597545017,17.7,72.1,0.25,1361.0,470.0,223.0,4.0,2.0,2279.408203125,253104.78731536865,12.441558861073291,54241,1.157147651635298,7.3059082,6.2825384,-0.048,30.6,Enugu
140124.0,6.28524505144,7.31597545017,17.7,72.1,0.25,1361.0,470.0,223.0,4.0,2.0,2279.408203125,154959.89122721352,11.950921596139573,54241,1.157147651635298,7.3059082,6.2825384,-0.048,30.6,Enugu
140125.0,6.28524505144,7.31597545017,17.7,72.1,0.25,1361.0,470.0,223.0,4.0,2.0,2279.408203125,207577.53577423096,12.24326021523883,54241,1.157147651635298,7.3059082,6.2825384,-0.048,30.6,Enugu
140126.0,6.28524505144,7.31597545017,17.7,72.1,0.25,1361.0,470.0,223.0,4.0,2.0,2279.408203125,318453.7783508301,12.671232620545675,54241,1.157147651635298,7.3059082,6.2825384,-0.048,30.6,Enugu
140127.0,6.28524505144,7.31597545017,17.7,72.1,0.25,1361.0,470.0,223.0,4.0,2.0,2279.408203125,50125.06535266694,10.822276468401874,54241,1.157147651635298,7.3059082,6.2825384,-0.048,30.6,Enugu
140128.0,6.28524505144,7.31597545017,17.7,72.1,0.25,1361.0,470.0,223.0,4.0,2.0,2279.408203125,997279.6110839844,13.81278646206585,54241,1.157147651635298,7.3059082,6.2825384,-0.048,30.6,Enugu
140129.0,6.28524505144,7.31597545017,17.7,72.1,0.25,1361.0,470.0,223.0,4.0,2.0,2279.408203125,138649.70182800293,11.839705900504308,54241,1.157147651635298,7.3059082,6.2825384,-0.048,30.6,Enugu
140130.0,6.28524505144,7.31597545017,17.7,72.1,0.25,1361.0,470.0,223.0,4.0,2.0,2279.408203125,60474.94803483751,11.009984476194475,54241,1.157147651635298,7.3059082,6.2825384,-0.048,30.6,Enugu
149001.0,6.13159359817,7.51627929796,0.8,104.0,0.305,1451.0,869.0,100.0,4.0,2.0,5354.72412109375,145497.32086029052,11.88791295209282,81126,1.0610580082082262,7.5256348,6.1296313,0.724,30.6,Enugu
149002.0,6.13159359817,7.51627929796,0.8,104.0,0.305,1451.0,869.0,100.0,4.0,2.0,5354.72412109375,149656.86826705933,11.916100407764326,81126,1.0610580082082262,7.5256348,6.1296313,0.724,30.6,Enugu
149003.0,6.10300241881,7.61183941946,0.2,117.0,0.319,1492.0,1541.0,59.0,4.0,2.0,5354.72412109375,270821.90827178955,12.509216718785492,12965,0.5627616417183399,7.6135254,6.1077838,0.343,30.6,Enugu
149004.0,6.13159359817,7.51627929796,0.8,104.0,0.305,1451.0,869.0,100.0,4.0,2.0,5354.72412109375,397408.3670883179,12.892719663453745,81126,1.0610580082082262,7.5256348,6.1296313,0.724,30.6,Enugu
149005.0,6.13159359817,7.51627929796,0.8,104.0,0.305,1451.0,869.0,100.0,4.0,2.0,5354.72412109375,439651.46771240234,12.9937375731671,81126,1.0610580082082262,7.5256348,6.1296313,0.724,30.6,Enugu
149006.0,6.13159359817,7.51627929796,0.8,104.0,0.305,1451.0,869.0,100.0,4.0,2.0,5354.72412109375,172332.86474609375,12.057183145743869,81126,1.0610580082082262,7.5256348,6.1296313,0.724,30.6,Enugu
149007.0,6.13159359817,7.51627929796,0.8,104.0,0.305,1451.0,869.0,100.0,4.0,2.0,5354.72412109375,461643.42488098145,13.042548064450113,81126,1.0610580082082262,7.5256348,6.1296313,0.724,30.6,Enugu
149008.0,6.13159359817,7.51627929796,0.8,104.0,0.305,1451.0,869.0,100.0,4.0,2.0,5354.72412109375,183847.4441426595,12.121861584770722,81126,1.0610580082082262,7.5256348,6.1296313,0.724,30.6,Enugu
149011.0,6.13159359817,7.51627929796,0.8,104.0,0.305,1451.0,869.0,100.0,4.0,2.0,5354.72412109375,401991.1012802124,12.904185231237276,81126,1.0610580082082262,7.5256348,6.1296313,0.724,30.6,Enugu
149012.0,6.13159359817,7.51627929796,0.8,104.0,0.305,1451.0,869.0,100.0,4.0,2.0,5354.72412109375,350939.29779052734,12.768368546724297,81126,1.0610580082082262,7.5256348,6.1296313,0.724,30.6,Enugu
149013.0,6.0764971256,7.59347289357,6.7,32.3,0.322,1500.0,320.0,62.0,4.0,2.0,5618.947265625,100339.3046508789,11.51631276808478,11723,1.069110184011575,7.5915527,6.0859354,0.083,30.6,Enugu
149015.0,6.0764971256,7.59347289357,6.7,32.3,0.322,1500.0,320.0,62.0,4.0,2.0,5618.947265625,152092.68208312988,11.932245364552989,11723,1.069110184011575,7.5915527,6.0859354,0.083,30.6,Enugu
149016.0,6.0764971256,7.59347289357,6.7,32.3,0.322,1500.0,320.0,62.0,4.0,2.0,5618.947265625,130601.21135965984,11.779903771123411,11723,1.069110184011575,7.5915527,6.0859354,0.083,30.6,Enugu
149017.0,6.0764971256,7.59347289357,6.7,32.3,0.322,1500.0,320.0,62.0,4.0,2.0,5618.947265625,125545.82543781826,11.740426113836342,11723,1.069110184011575,7.5915527,6.0859354,0.083,30.6,Enugu
149018.0,6.0764971256,7.59347289357,6.7,32.3,0.322,1500.0,320.0,62.0,4.0,2.0,5618.947265625,275365.3925933838,12.525854195047128,11723,1.069110184011575,7.5915527,6.0859354,0.083,30.6,Enugu
149019.0,6.0764971256,7.59347289357,6.7,32.3,0.322,1500.0,320.0,62.0,4.0,2.0,5618.947265625,184247.10054043852,12.124033073376546,11723,1.069110184011575,7.5915527,6.0859354,0.083,30.6,Enugu
149020.0,6.0764971256,7.59347289357,6.7,32.3,0.322,1500.0,320.0,62.0,4.0,2.0,5618.947265625,277386.5506947835,12.533167302251256,11723,1.069110184011575,7.5915527,6.0859354,0.083,30.6,Enugu
149021.0,6.0764971256,7.59347289357,6.7,32.3,0.322,1500.0,320.0,62.0,4.0,2.0,5618.947265625,175880.240234375,12.07755858919315,11723,1.069110184011575,7.5915527,6.0859354,0.083,30.6,Enugu
149022.0,6.0764971256,7.59347289357,6.7,32.3,0.322,1500.0,320.0,62.0,4.0,2.0,5618.947265625,138607.3991943359,11.839400749553516,11723,1.069110184011575,7.5915527,6.0859354,0.083,30.6,Enugu
149023.0,6.0764971256,7.59347289357,6.7,32.3,0.322,1500.0,320.0,62.0,4.0,2.0,5618.947265625,151869.0472930908,11.93077389753081,11723,1.069110184011575,7.5915527,6.0859354,0.083,30.6,Enugu
149025.0,6.05433998352,7.44079716247,14.5,77.7,0.32,1476.0,530.0,339.0,4.0,2.0,7234.09326171875,168560.19020843506,12.03504817690906,4399,1.133657171824981,7.4377441,6.0640861,-0.272,30.6,Enugu
149026.0,6.05433998352,7.44079716247,14.5,77.7,0.32,1476.0,530.0,339.0,4.0,2.0,7234.09326171875,214518.31711769104,12.276150408192375,4399,1.133657171824981,7.4377441,6.0640861,-0.272,30.6,Enugu
149028.0,6.05433998352,7.44079716247,14.5,77.7,0.32,1476.0,530.0,339.0,4.0,2.0,7234.09326171875,148484.64465967813,11.908236828913306,4399,1.133657171824981,7.4377441,6.0640861,-0.272,30.6,Enugu
149029.0,6.05433998352,7.44079716247,14.5,77.7,0.32,1476.0,530.0,339.0,4.0,2.0,7234.09326171875,270591.7267818451,12.50836642064407,4399,1.133657171824981,7.4377441,6.0640861,-0.272,30.6,Enugu
149030.0,6.05433998352,7.44079716247,14.5,77.7,0.32,1476.0,530.0,339.0,4.0,2.0,7234.09326171875,304263.0407028198,12.625647871731791,4399,1.133657171824981,7.4377441,6.0640861,-0.272,30.6,Enugu
149031.0,6.05433998352,7.44079716247,14.5,77.7,0.32,1476.0,530.0,339.0,4.0,2.0,7234.09326171875,209233.15673828125,12.25120449162703,4399,1.133657171824981,7.4377441,6.0640861,-0.272,30.6,Enugu
149032.0,6.05433998352,7.44079716247,14.5,77.7,0.32,1476.0,530.0,339.0,4.0,2.0,7234.09326171875,177872.14176567926,12.088820266482609,4399,1.133657171824981,7.4377441,6.0640861,-0.272,30.6,Enugu
149033.0,6.05433998352,7.44079716247,14.5,77.7,0.32,1476.0,530.0,339.0,4.0,2.0,7234.09326171875,305290.69243621826,12.629019691642515,4399,1.133657171824981,7.4377441,6.0640861,-0.272,30.6,Enugu
149034.0,6.05433998352,7.44079716247,14.5,77.7,0.32,1476.0,530.0,339.0,4.0,2.0,7234.09326171875,160860.76382255554,11.988294448815278,4399,1.133657171824981,7.4377441,6.0640861,-0.272,30.6,Enugu
149036.0,6.05433998352,7.44079716247,14.5,77.7,0.32,1476.0,530.0,339.0,4.0,2.0,7234.09326171875,135653.60589408877,11.817859900071324,4399,1.133657171824981,7.4377441,6.0640861,-0.272,30.6,Enugu
149037.0,6.49945749288,7.51236288608,4.0,80.7,0.265,1309.0,7100.0,179.0,4.0,1.0,5621.9462890625,624888.1791381836,13.345327999332724,71135,0.9789521717858701,7.5036621,6.500899,1.57,30.6,Enugu
149038.0,6.49945749288,7.51236288608,4.0,80.7,0.265,1309.0,7100.0,179.0,4.0,1.0,5621.9462890625,196045.31056900028,12.186101087867964,71135,0.9789521717858701,7.5036621,6.500899,1.57,30.6,Enugu
149039.0,6.49945749288,7.51236288608,4.0,80.7,0.265,1309.0,7100.0,179.0,4.0,1.0,5621.9462890625,542509.2326965332,13.203960383047386,71135,0.9789521717858701,7.5036621,6.500899,1.57,30.6,Enugu
149040.0,6.49945749288,7.51236288608,4.0,80.7,0.265,1309.0,7100.0,179.0,4.0,1.0,5621.9462890625,429014.9997138977,12.969247161666974,71135,0.9789521717858701,7.5036621,6.500899,1.57,30.6,Enugu
149041.0,6.49945749288,7.51236288608,4.0,80.7,0.265,1309.0,7100.0,179.0,4.0,1.0,5621.9462890625,212464.29663085935,12.266529237375584,71135,0.9789521717858701,7.5036621,6.500899,1.57,30.6,Enugu
149044.0,6.49945749288,7.51236288608,4.0,80.7,0.265,1309.0,7100.0,179.0,4.0,1.0,5621.9462890625,307534.5951105753,12.636342864325195,71135,0.9789521717858701,7.5036621,6.500899,1.57,30.6,Enugu
149045.0,6.49945749288,7.51236288608,4.0,80.7,0.265,1309.0,7100.0,179.0,4.0,1.0,5621.9462890625,209444.34471784317,12.252213325379689,71135,0.9789521717858701,7.5036621,6.500899,1.57,30.6,Enugu
149046.0,6.49945749288,7.51236288608,4.0,80.7,0.265,1309.0,7100.0,179.0,4.0,1.0,5621.9462890625,177791.43935394284,12.088366453287188,71135,0.9789521717858701,7.5036621,6.500899,1.57,30.6,Enugu
149047.0,6.49945749288,7.51236288608,4.0,80.7,0.265,1309.0,7100.0,179.0,4.0,1.0,5621.9462890625,141394.9492969513,11.85931231254889,71135,0.9789521717858701,7.5036621,6.500899,1.57,30.6,Enugu
149048.0,6.49945749288,7.51236288608,4.0,80.7,0.265,1309.0,7100.0,179.0,4.0,1.0,5621.9462890625,206847.64037323,12.2397377643951,71135,0.9789521717858701,7.5036621,6.500899,1.57,30.6,Enugu
149049.0,6.63318084377,7.56968980535,7.5,26.8,0.33,1261.0,611.0,199.0,4.0,2.0,7524.97314453125,219046.7986522856,12.297040678445844,17949,0.1460012707329697,7.5695801,6.6318701,0.016,30.6,Enugu
149051.0,6.63318084377,7.56968980535,7.5,26.8,0.33,1261.0,611.0,199.0,4.0,2.0,7524.97314453125,616738.1637001038,13.332199842801048,17949,0.1460012707329697,7.5695801,6.6318701,0.016,30.6,Enugu
149052.0,6.63318084377,7.56968980535,7.5,26.8,0.33,1261.0,611.0,199.0,4.0,2.0,7524.97314453125,447928.93003845215,13.012389860505708,17949,0.1460012707329697,7.5695801,6.6318701,0.016,30.6,Enugu
149053.0,6.63318084377,7.56968980535,7.5,26.8,0.33,1261.0,611.0,199.0,4.0,2.0,7524.97314453125,117479.08882751464,11.67401562930286,17949,0.1460012707329697,7.5695801,6.6318701,0.016,30.6,Enugu
149054.0,6.63318084377,7.56968980535,7.5,26.8,0.33,1261.0,611.0,199.0,4.0,2.0,7524.97314453125,227766.1066335042,12.33607453329562,17949,0.1460012707329697,7.5695801,6.6318701,0.016,30.6,Enugu
149055.0,6.63318084377,7.56968980535,7.5,26.8,0.33,1261.0,611.0,199.0,4.0,2.0,7524.97314453125,382830.75268147787,12.855348271492671,17949,0.1460012707329697,7.5695801,6.6318701,0.016,30.6,Enugu
149056.0,6.63318084377,7.56968980535,7.5,26.8,0.33,1261.0,611.0,199.0,4.0,2.0,7524.97314453125,137545.90669377646,11.831713007231452,17949,0.1460012707329697,7.5695801,6.6318701,0.016,30.6,Enugu
149057.0,6.63318084377,7.56968980535,7.5,26.8,0.33,1261.0,611.0,199.0,4.0,2.0,7524.97314453125,202295.99789237976,12.21748723992693,17949,0.1460012707329697,7.5695801,6.6318701,0.016,30.6,Enugu
149059.0,6.63318084377,7.56968980535,7.5,26.8,0.33,1261.0,611.0,199.0,4.0,2.0,7524.97314453125,174579.4609985352,12.0701352808664,17949,0.1460012707329697,7.5695801,6.6318701,0.016,30.6,Enugu
149060.0,6.63318084377,7.56968980535,7.5,26.8,0.33,1261.0,611.0,199.0,4.0,2.0,7524.97314453125,271268.9480014377,12.510866035780284,17949,0.1460012707329697,7.5695801,6.6318701,0.016,30.6,Enugu
149061.0,6.4694966136,7.52290845598,2.1,16.9,0.286,1327.0,3702.0,194.0,4.0,1.0,1338.2347412109375,516760.39393513993,13.155334591391348,11550,1.1045982266782104,7.5256348,6.4790672,0.927,30.6,Enugu
149062.0,6.4694966136,7.52290845598,2.1,16.9,0.286,1327.0,3702.0,194.0,4.0,1.0,1338.2347412109375,296684.9213358561,12.600425983739932,11550,1.1045982266782104,7.5256348,6.4790672,0.927,30.6,Enugu
149063.0,6.4694966136,7.52290845598,2.1,16.9,0.286,1327.0,3702.0,194.0,4.0,1.0,1338.2347412109375,370827.40863513947,12.823492027512565,11550,1.1045982266782104,7.5256348,6.4790672,0.927,30.6,Enugu
149065.0,6.4694966136,7.52290845598,2.1,16.9,0.286,1327.0,3702.0,194.0,4.0,1.0,1338.2347412109375,349457.3342285156,12.764136756604664,11550,1.1045982266782104,7.5256348,6.4790672,0.927,30.6,Enugu
149067.0,6.4694966136,7.52290845598,2.1,16.9,0.286,1327.0,3702.0,194.0,4.0,1.0,1338.2347412109375,799481.2598220826,13.591718371109112,11550,1.1045982266782104,7.5256348,6.4790672,0.927,30.6,Enugu
149068.0,6.4694966136,7.52290845598,2.1,16.9,0.286,1327.0,3702.0,194.0,4.0,1.0,1338.2347412109375,296785.61890956335,12.60076533529269,11550,1.1045982266782104,7.5256348,6.4790672,0.927,30.6,Enugu
149070.0,6.4694966136,7.52290845598,2.1,16.9,0.286,1327.0,3702.0,194.0,4.0,1.0,1338.2347412109375,368862.59739031113,12.818179488881771,11550,1.1045982266782104,7.5256348,6.4790672,0.927,30.6,Enugu
149072.0,6.4694966136,7.52290845598,2.1,16.9,0.286,1327.0,3702.0,194.0,4.0,1.0,1338.2347412109375,164454.79807535806,12.01039102769117,11550,1.1045982266782104,7.5256348,6.4790672,0.927,30.6,Enugu
149074.0,6.41653942676,7.54305813017,3.7,83.4,0.313,1364.0,3310.0,161.0,4.0,1.0,8937.873046875,235185.9756687709,12.368131865970206,95225,0.6032635316178874,7.5476074,6.413566,0.404,30.6,Enugu
149076.0,6.41653942676,7.54305813017,3.7,83.4,0.313,1364.0,3310.0,161.0,4.0,1.0,8937.873046875,184247.44403686523,12.124034937699545,95225,0.6032635316178874,7.5476074,6.413566,0.404,30.6,Enugu
149077.0,6.41653942676,7.54305813017,3.7,83.4,0.313,1364.0,3310.0,161.0,4.0,1.0,8937.873046875,271796.8308029175,12.512810120597786,95225,0.6032635316178874,7.5476074,6.413566,0.404,30.6,Enugu
149078.0,6.41653942676,7.54305813017,3.7,83.4,0.313,1364.0,3310.0,161.0,4.0,1.0,8937.873046875,304751.7450968424,12.627252773649822,95225,0.6032635316178874,7.5476074,6.413566,0.404,30.6,Enugu
149079.0,6.41653942676,7.54305813017,3.7,83.4,0.313,1364.0,3310.0,161.0,4.0,1.0,8937.873046875,172733.90677261353,12.059507578231663,95225,0.6032635316178874,7.5476074,6.413566,0.404,30.6,Enugu
149080.0,6.41653942676,7.54305813017,3.7,83.4,0.313,1364.0,3310.0,161.0,4.0,1.0,8937.873046875,407253.9162902832,12.917192142846003,95225,0.6032635316178874,7.5476074,6.413566,0.404,30.6,Enugu
149082.0,6.41653942676,7.54305813017,3.7,83.4,0.313,1364.0,3310.0,161.0,4.0,1.0,8937.873046875,154510.79100036618,11.948019217543475,95225,0.6032635316178874,7.5476074,6.413566,0.404,30.6,Enugu
149083.0,6.41653942676,7.54305813017,3.7,83.4,0.313,1364.0,3310.0,161.0,4.0,1.0,8937.873046875,176219.06265869137,12.079483174252626,95225,0.6032635316178874,7.5476074,6.413566,0.404,30.6,Enugu
149085.0,6.35352047441,7.23649638274,5.9,80.6,0.283,1352.0,478.0,95.0,4.0,2.0,4709.505859375,140645.55426330568,11.85399820491013,9994,0.7199004091852116,7.2399902,6.3480564,0.286,30.6,Enugu
149086.0,6.35352047441,7.23649638274,5.9,80.6,0.283,1352.0,478.0,95.0,4.0,2.0,4709.505859375,114853.31431833903,11.651411065500945,9994,0.7199004091852116,7.2399902,6.3480564,0.286,30.6,Enugu
149087.0,6.35352047441,7.23649638274,5.9,80.6,0.283,1352.0,478.0,95.0,4.0,2.0,4709.505859375,153252.6655400594,11.939843247057045,9994,0.7199004091852116,7.2399902,6.3480564,0.286,30.6,Enugu
149088.0,6.35352047441,7.23649638274,5.9,80.6,0.283,1352.0,478.0,95.0,4.0,2.0,4709.505859375,109669.48627090454,11.605226451425828,9994,0.7199004091852116,7.2399902,6.3480564,0.286,30.6,Enugu
149089.0,6.35352047441,7.23649638274,5.9,80.6,0.283,1352.0,478.0,95.0,4.0,2.0,4709.505859375,176043.46395874023,12.078486197843116,9994,0.7199004091852116,7.2399902,6.3480564,0.286,30.6,Enugu
149090.0,6.35352047441,7.23649638274,5.9,80.6,0.283,1352.0,478.0,95.0,4.0,2.0,4709.505859375,134883.30432128906,11.812165271165805,9994,0.7199004091852116,7.2399902,6.3480564,0.286,30.6,Enugu
149091.0,6.35352047441,7.23649638274,5.9,80.6,0.283,1352.0,478.0,95.0,4.0,2.0,4709.505859375,87190.15747070312,11.375846730484035,9994,0.7199004091852116,7.2399902,6.3480564,0.286,30.6,Enugu
149093.0,6.35352047441,7.23649638274,5.9,80.6,0.283,1352.0,478.0,95.0,4.0,2.0,4709.505859375,241541.39792633057,12.394796157368845,9994,0.7199004091852116,7.2399902,6.3480564,0.286,30.6,Enugu
149094.0,6.35352047441,7.23649638274,5.9,80.6,0.283,1352.0,478.0,95.0,4.0,2.0,4709.505859375,93335.36117553712,11.443954320128007,9994,0.7199004091852116,7.2399902,6.3480564,0.286,30.6,Enugu
149096.0,6.35352047441,7.23649638274,5.9,80.6,0.283,1352.0,478.0,95.0,4.0,2.0,4709.505859375,80900.73457845052,11.300978183085094,9994,0.7199004091852116,7.2399902,6.3480564,0.286,30.6,Enugu
149097.0,6.26525409495,7.69083136678,17.3,93.9,0.333,1427.0,165.0,78.0,4.0,2.0,1066.9986572265625,192871.09451293945,12.169777340661694,78173,1.3615052386913438,7.6794434,6.2606973,-0.283,30.6,Enugu
149098.0,6.26525409495,7.69083136678,17.3,93.9,0.333,1427.0,165.0,78.0,4.0,2.0,1066.9986572265625,195672.1872749329,12.184196024096403,78173,1.3615052386913438,7.6794434,6.2606973,-0.283,30.6,Enugu
149099.0,6.26525409495,7.69083136678,17.3,93.9,0.333,1427.0,165.0,78.0,4.0,2.0,1066.9986572265625,130794.25299072266,11.781380779660164,78173,1.3615052386913438,7.6794434,6.2606973,-0.283,30.6,Enugu
149101.0,6.26525409495,7.69083136678,17.3,93.9,0.333,1427.0,165.0,78.0,4.0,2.0,1066.9986572265625,71431.61535491944,11.176495842409896,78173,1.3615052386913438,7.6794434,6.2606973,-0.283,30.6,Enugu
149102.0,6.26525409495,7.69083136678,17.3,93.9,0.333,1427.0,165.0,78.0,4.0,2.0,1066.9986572265625,186459.493464152,12.13596930125444,78173,1.3615052386913438,7.6794434,6.2606973,-0.283,30.6,Enugu
149103.0,6.26525409495,7.69083136678,17.3,93.9,0.333,1427.0,165.0,78.0,4.0,2.0,1066.9986572265625,218037.0238647461,12.29242016159298,78173,1.3615052386913438,7.6794434,6.2606973,-0.283,30.6,Enugu
149104.0,6.26525409495,7.69083136678,17.3,93.9,0.333,1427.0,165.0,78.0,4.0,2.0,1066.9986572265625,103871.93481445312,11.550914023317585,78173,1.3615052386913438,7.6794434,6.2606973,-0.283,30.6,Enugu
149105.0,6.26525409495,7.69083136678,17.3,93.9,0.333,1427.0,165.0,78.0,4.0,2.0,1066.9986572265625,196458.60636901855,12.18820703349006,78173,1.3615052386913438,7.6794434,6.2606973,-0.283,30.6,Enugu
149107.0,6.26525409495,7.69083136678,17.3,93.9,0.333,1427.0,165.0,78.0,4.0,2.0,1066.9986572265625,241933.08142089844,12.396416443845135,78173,1.3615052386913438,7.6794434,6.2606973,-0.283,30.6,Enugu
149108.0,6.26525409495,7.69083136678,17.3,93.9,0.333,1427.0,165.0,78.0,4.0,2.0,1066.9986572265625,144418.58712768555,11.880471216878004,78173,1.3615052386913438,7.6794434,6.2606973,-0.283,30.6,Enugu
149109.0,6.09073686897,7.67142441334,1.5,83.4,0.316,1513.0,103.0,46.0,4.0,2.0,5037.4111328125,168642.4430135091,12.035536030790388,47848,1.637993795359276,7.6574707,6.0859354,-0.407,30.6,Enugu
149110.0,6.09073686897,7.67142441334,1.5,83.4,0.316,1513.0,103.0,46.0,4.0,2.0,5037.4111328125,157311.12217712402,11.965980793330768,47848,1.637993795359276,7.6574707,6.0859354,-0.407,30.6,Enugu
149111.0,6.09073686897,7.67142441334,1.5,83.4,0.316,1513.0,103.0,46.0,4.0,2.0,5037.4111328125,192994.91482543945,12.170419119485189,47848,1.637993795359276,7.6574707,6.0859354,-0.407,30.6,Enugu
149112.0,6.09073686897,7.67142441334,1.5,83.4,0.316,1513.0,103.0,46.0,4.0,2.0,5037.4111328125,351969.18171691895,12.771298898806767,47848,1.637993795359276,7.6574707,6.0859354,-0.407,30.6,Enugu
149114.0,6.09073686897,7.67142441334,1.5,83.4,0.316,1513.0,103.0,46.0,4.0,2.0,5037.4111328125,312779.41325187683,12.65325347107527,47848,1.637993795359276,7.6574707,6.0859354,-0.407,30.6,Enugu
149115.0,6.09073686897,7.67142441334,1.5,83.4,0.316,1513.0,103.0,46.0,4.0,2.0,5037.4111328125,194616.2225036621,12.178784808587684,47848,1.637993795359276,7.6574707,6.0859354,-0.407,30.6,Enugu
149116.0,6.09073686897,7.67142441334,1.5,83.4,0.316,1513.0,103.0,46.0,4.0,2.0,5037.4111328125,286050.1233520508,12.56392233092207,47848,1.637993795359276,7.6574707,6.0859354,-0.407,30.6,Enugu
149119.0,6.17088217303,7.67024956478,12.1,70.1,0.293,1469.0,206.0,68.0,4.0,2.0,5037.4111328125,146011.20895912533,11.891438671436164,52876,1.055881824118468,7.6794434,6.1733235,0.03,30.6,Enugu
149120.0,6.09073686897,7.67142441334,1.5,83.4,0.316,1513.0,103.0,46.0,4.0,2.0,5037.4111328125,188093.50723876955,12.14469449708981,47848,1.637993795359276,7.6574707,6.0859354,-0.407,30.6,Enugu
149122.0,6.48980628868,7.39750151956,0.1,100.8,0.218,1295.0,381.0,416.0,4.0,2.0,11415.232421875,179736.14003753662,12.099245165726046,73548,1.2609040972500518,7.3937988,6.4790672,0.305,30.6,Enugu
149123.0,6.48980628868,7.39750151956,0.1,100.8,0.218,1295.0,381.0,416.0,4.0,2.0,11415.232421875,112569.17881266277,11.631323234418296,73548,1.2609040972500518,7.3937988,6.4790672,0.305,30.6,Enugu
149125.0,6.48980628868,7.39750151956,0.1,100.8,0.218,1295.0,381.0,416.0,4.0,2.0,11415.232421875,140707.19043986005,11.854436346557586,73548,1.2609040972500518,7.3937988,6.4790672,0.305,30.6,Enugu
149126.0,6.48980628868,7.39750151956,0.1,100.8,0.218,1295.0,381.0,416.0,4.0,2.0,11415.232421875,171029.2021636963,12.04958959379188,73548,1.2609040972500518,7.3937988,6.4790672,0.305,30.6,Enugu
149127.0,6.48980628868,7.39750151956,0.1,100.8,0.218,1295.0,381.0,416.0,4.0,2.0,11415.232421875,153063.24790000916,11.938606499921928,73548,1.2609040972500518,7.3937988,6.4790672,0.305,30.6,Enugu
149128.0,6.48980628868,7.39750151956,0.1,100.8,0.218,1295.0,381.0,416.0,4.0,2.0,11415.232421875,211228.42936706543,12.260695430500874,73548,1.2609040972500518,7.3937988,6.4790672,0.305,30.6,Enugu
149129.0,6.48980628868,7.39750151956,0.1,100.8,0.218,1295.0,381.0,416.0,4.0,2.0,11415.232421875,221920.69453811648,12.310075365221648,73548,1.2609040972500518,7.3937988,6.4790672,0.305,30.6,Enugu
149130.0,6.48980628868,7.39750151956,0.1,100.8,0.218,1295.0,381.0,416.0,4.0,2.0,11415.232421875,173142.01876831055,12.061867454447144,73548,1.2609040972500518,7.3937988,6.4790672,0.305,30.6,Enugu
149132.0,6.48980628868,7.39750151956,0.1,100.8,0.218,1295.0,381.0,416.0,4.0,2.0,11415.232421875,114302.73282909392,11.646605758762991,73548,1.2609040972500518,7.3937988,6.4790672,0.305,30.6,Enugu
149133.0,6.83145965855,6.98606701458,4.9,65.8,0.312,1183.0,30.0,53.0,4.0,2.0,1425.8433837890625,178901.0401992798,12.094588083897346,43943,1.1388493074120096,6.9763184,6.8282612,-0.479,37.23,Kogi
149134.0,6.83145965855,6.98606701458,4.9,65.8,0.312,1183.0,30.0,53.0,4.0,2.0,1425.8433837890625,297478.43605194095,12.603097017481716,43943,1.1388493074120096,6.9763184,6.8282612,-0.479,37.23,Kogi
149135.0,6.83145965855,6.98606701458,4.9,65.8,0.312,1183.0,30.0,53.0,4.0,2.0,1425.8433837890625,141948.42178344727,11.863219043723406,43943,1.1388493074120096,6.9763184,6.8282612,-0.479,37.23,Kogi
149136.0,6.83145965855,6.98606701458,4.9,65.8,0.312,1183.0,30.0,53.0,4.0,2.0,1425.8433837890625,131085.91025129045,11.783608190683143,43943,1.1388493074120096,6.9763184,6.8282612,-0.479,37.23,Kogi
149138.0,6.83145965855,6.98606701458,4.9,65.8,0.312,1183.0,30.0,53.0,4.0,2.0,1425.8433837890625,232590.41857318877,12.35703432549766,43943,1.1388493074120096,6.9763184,6.8282612,-0.479,37.23,Kogi
149139.0,6.83145965855,6.98606701458,4.9,65.8,0.312,1183.0,30.0,53.0,4.0,2.0,1425.8433837890625,183930.84016113283,12.122315097245286,43943,1.1388493074120096,6.9763184,6.8282612,-0.479,37.23,Kogi
149140.0,6.83145965855,6.98606701458,4.9,65.8,0.312,1183.0,30.0,53.0,4.0,2.0,1425.8433837890625,221344.1583404541,12.307474046759198,43943,1.1388493074120096,6.9763184,6.8282612,-0.479,37.23,Kogi
149142.0,6.83145965855,6.98606701458,4.9,65.8,0.312,1183.0,30.0,53.0,4.0,2.0,1425.8433837890625,151938.7300415039,11.931232626732852,43943,1.1388493074120096,6.9763184,6.8282612,-0.479,37.23,Kogi
149143.0,6.83145965855,6.98606701458,4.9,65.8,0.312,1183.0,30.0,53.0,4.0,2.0,1425.8433837890625,181191.4681777954,12.107309586370974,43943,1.1388493074120096,6.9763184,6.8282612,-0.479,37.23,Kogi
149155.0,6.4694966136,7.52290845598,2.1,16.9,0.286,1327.0,3702.0,194.0,4.0,1.0,1338.2347412109375,466224.9611053467,13.052423545775005,11550,1.1045982266782104,7.5256348,6.4790672,0.927,30.6,Enugu
149156.0,6.4694966136,7.52290845598,2.1,16.9,0.286,1327.0,3702.0,194.0,4.0,1.0,1338.2347412109375,274899.4693745931,12.524160743902632,11550,1.1045982266782104,7.5256348,6.4790672,0.927,30.6,Enugu
149162.0,6.09073686897,7.67142441334,1.5,83.4,0.316,1513.0,103.0,46.0,4.0,2.0,5037.4111328125,104137.87458292642,11.55347101727995,47848,1.637993795359276,7.6574707,6.0859354,-0.407,30.6,Enugu
150001.0,10.2960624391,11.1851232783,7.5,52.5,0.285,944.0,2457.0,427.0,2.0,1.0,1552.158935546875,164258.65947875977,12.009197656289007,20393,1.4200639642884327,11.1950684,10.3041101,0.672,61.23,Gombe
150002.0,10.2960624391,11.1851232783,7.5,52.5,0.285,944.0,2457.0,427.0,2.0,1.0,1552.158935546875,182102.0559256417,12.112322555743354,20393,1.4200639642884327,11.1950684,10.3041101,0.672,61.23,Gombe
150003.0,10.2960624391,11.1851232783,7.5,52.5,0.285,944.0,2457.0,427.0,2.0,1.0,1552.158935546875,195741.0688496508,12.184547987523043,20393,1.4200639642884327,11.1950684,10.3041101,0.672,61.23,Gombe
150004.0,10.2960624391,11.1851232783,7.5,52.5,0.285,944.0,2457.0,427.0,2.0,1.0,1552.158935546875,158672.69159700608,11.974598816074558,20393,1.4200639642884327,11.1950684,10.3041101,0.672,61.23,Gombe
150005.0,10.2960624391,11.1851232783,7.5,52.5,0.285,944.0,2457.0,427.0,2.0,1.0,1552.158935546875,760428.5485992432,13.54163743307792,20393,1.4200639642884327,11.1950684,10.3041101,0.672,61.23,Gombe
150006.0,10.2960624391,11.1851232783,7.5,52.5,0.285,944.0,2457.0,427.0,2.0,1.0,1552.158935546875,574588.2611694336,13.261408995749258,20393,1.4200639642884327,11.1950684,10.3041101,0.672,61.23,Gombe
150007.0,10.2960624391,11.1851232783,7.5,52.5,0.285,944.0,2457.0,427.0,2.0,1.0,1552.158935546875,135436.23166206558,11.816256193487773,20393,1.4200639642884327,11.1950684,10.3041101,0.672,61.23,Gombe
150008.0,10.2960624391,11.1851232783,7.5,52.5,0.285,944.0,2457.0,427.0,2.0,1.0,1552.158935546875,113589.30796378,11.640344660802471,20393,1.4200639642884327,11.1950684,10.3041101,0.672,61.23,Gombe
150010.0,10.2960624391,11.1851232783,7.5,52.5,0.285,944.0,2457.0,427.0,2.0,1.0,1552.158935546875,847084.8348999023,13.649556127886475,20393,1.4200639642884327,11.1950684,10.3041101,0.672,61.23,Gombe
150012.0,10.4839449376,11.396633339199996,1.0,29.6,0.199,954.0,152.0,257.0,2.0,2.0,659.3814086914062,181620.8802354601,12.109676717809874,88763,0.8784821620996234,11.3928223,10.4770087,-0.363,61.23,Gombe
150013.0,10.4839449376,11.396633339199996,1.0,29.6,0.199,954.0,152.0,257.0,2.0,2.0,659.3814086914062,117319.88469696043,11.67265954028286,88763,0.8784821620996234,11.3928223,10.4770087,-0.363,61.23,Gombe
150014.0,10.4839449376,11.396633339199996,1.0,29.6,0.199,954.0,152.0,257.0,2.0,2.0,659.3814086914062,116655.21111297606,11.666977949516284,88763,0.8784821620996234,11.3928223,10.4770087,-0.363,61.23,Gombe
150015.0,10.4839449376,11.396633339199996,1.0,29.6,0.199,954.0,152.0,257.0,2.0,2.0,659.3814086914062,167576.8419433594,12.02919728292084,88763,0.8784821620996234,11.3928223,10.4770087,-0.363,61.23,Gombe
150016.0,10.4839449376,11.396633339199996,1.0,29.6,0.199,954.0,152.0,257.0,2.0,2.0,659.3814086914062,99008.19910346136,11.502957944914288,88763,0.8784821620996234,11.3928223,10.4770087,-0.363,61.23,Gombe
150017.0,10.4839449376,11.396633339199996,1.0,29.6,0.199,954.0,152.0,257.0,2.0,2.0,659.3814086914062,94486.65708124069,11.456213908605388,88763,0.8784821620996234,11.3928223,10.4770087,-0.363,61.23,Gombe
150018.0,10.4839449376,11.396633339199996,1.0,29.6,0.199,954.0,152.0,257.0,2.0,2.0,659.3814086914062,90378.75009765624,11.411764453456678,88763,0.8784821620996234,11.3928223,10.4770087,-0.363,61.23,Gombe
150019.0,10.4724958862,11.2658796547,17.8,46.5,0.27,937.0,233.0,377.0,2.0,2.0,659.3814086914062,195175.8506126404,12.18165622918389,87182,0.7388833091407035,11.2609863,10.4770087,-0.365,61.23,Gombe
150020.0,10.4839449376,11.396633339199996,1.0,29.6,0.199,954.0,152.0,257.0,2.0,2.0,659.3814086914062,76962.3207845052,11.251071240608734,88763,0.8784821620996234,11.3928223,10.4770087,-0.363,61.23,Gombe
150021.0,10.158194517499998,11.4693760711,3.6,24.8,0.287,978.0,351.0,286.0,2.0,2.0,6224.7177734375,70488.65519866945,11.163207056683673,51039,1.326475994197142,11.4587402,10.152746,0.287,61.23,Gombe
150022.0,10.158194517499998,11.4693760711,3.6,24.8,0.287,978.0,351.0,286.0,2.0,2.0,6224.7177734375,45264.34434509277,10.72027490099502,51039,1.326475994197142,11.4587402,10.152746,0.287,61.23,Gombe
150023.0,10.158194517499998,11.4693760711,3.6,24.8,0.287,978.0,351.0,286.0,2.0,2.0,6224.7177734375,151868.2558579078,11.93076868621712,51039,1.326475994197142,11.4587402,10.152746,0.287,61.23,Gombe
150024.0,10.158194517499998,11.4693760711,3.6,24.8,0.287,978.0,351.0,286.0,2.0,2.0,6224.7177734375,83924.03625081379,11.337667338324616,51039,1.326475994197142,11.4587402,10.152746,0.287,61.23,Gombe
150025.0,10.158194517499998,11.4693760711,3.6,24.8,0.287,978.0,351.0,286.0,2.0,2.0,6224.7177734375,143033.3792724609,11.870833303489228,51039,1.326475994197142,11.4587402,10.152746,0.287,61.23,Gombe
150026.0,10.158194517499998,11.4693760711,3.6,24.8,0.287,978.0,351.0,286.0,2.0,2.0,6224.7177734375,116027.58885701495,11.661583276784516,51039,1.326475994197142,11.4587402,10.152746,0.287,61.23,Gombe
150027.0,10.158194517499998,11.4693760711,3.6,24.8,0.287,978.0,351.0,286.0,2.0,2.0,6224.7177734375,131696.99988610402,11.788259107563812,51039,1.326475994197142,11.4587402,10.152746,0.287,61.23,Gombe
150028.0,10.158194517499998,11.4693760711,3.6,24.8,0.287,978.0,351.0,286.0,2.0,2.0,6224.7177734375,83499.92371840704,11.332600997286518,51039,1.326475994197142,11.4587402,10.152746,0.287,61.23,Gombe
150029.0,10.158194517499998,11.4693760711,3.6,24.8,0.287,978.0,351.0,286.0,2.0,2.0,6224.7177734375,91726.57925889756,11.426567466397673,51039,1.326475994197142,11.4587402,10.152746,0.287,61.23,Gombe
150030.0,10.158194517499998,11.4693760711,3.6,24.8,0.287,978.0,351.0,286.0,2.0,2.0,6224.7177734375,195022.88335484095,12.180872181198492,51039,1.326475994197142,11.4587402,10.152746,0.287,61.23,Gombe
150061.0,9.860157447220002,11.1997429657,3.3,18.5,0.286,971.0,1171.0,509.0,2.0,2.0,1910.697021484375,561978.5408096313,13.23921894453406,27383,1.2609598790328609,11.1950684,9.8498038,-0.1,61.23,Gombe
150062.0,9.860157447220002,11.1997429657,3.3,18.5,0.286,971.0,1171.0,509.0,2.0,2.0,1910.697021484375,80555.72376887003,11.296704444663696,27383,1.2609598790328609,11.1950684,9.8498038,-0.1,61.23,Gombe
150063.0,9.860157447220002,11.1997429657,3.3,18.5,0.286,971.0,1171.0,509.0,2.0,2.0,1910.697021484375,110232.4707845052,11.610346785516144,27383,1.2609598790328609,11.1950684,9.8498038,-0.1,61.23,Gombe
150064.0,9.860157447220002,11.1997429657,3.3,18.5,0.286,971.0,1171.0,509.0,2.0,2.0,1910.697021484375,320303.5309132894,12.677024359305737,27383,1.2609598790328609,11.1950684,9.8498038,-0.1,61.23,Gombe
150065.0,9.860157447220002,11.1997429657,3.3,18.5,0.286,971.0,1171.0,509.0,2.0,2.0,1910.697021484375,77559.71116129556,11.258803385281778,27383,1.2609598790328609,11.1950684,9.8498038,-0.1,61.23,Gombe
150066.0,9.860157447220002,11.1997429657,3.3,18.5,0.286,971.0,1171.0,509.0,2.0,2.0,1910.697021484375,172802.04372558594,12.059901962397811,27383,1.2609598790328609,11.1950684,9.8498038,-0.1,61.23,Gombe
150067.0,9.860157447220002,11.1997429657,3.3,18.5,0.286,971.0,1171.0,509.0,2.0,2.0,1910.697021484375,209943.3702392578,12.254593107805976,27383,1.2609598790328609,11.1950684,9.8498038,-0.1,61.23,Gombe
150068.0,9.860157447220002,11.1997429657,3.3,18.5,0.286,971.0,1171.0,509.0,2.0,2.0,1910.697021484375,133571.97338867188,11.802395738052864,27383,1.2609598790328609,11.1950684,9.8498038,-0.1,61.23,Gombe
150069.0,9.860157447220002,11.1997429657,3.3,18.5,0.286,971.0,1171.0,509.0,2.0,2.0,1910.697021484375,368926.6217407226,12.818353046176762,27383,1.2609598790328609,11.1950684,9.8498038,-0.1,61.23,Gombe
150070.0,9.860157447220002,11.1997429657,3.3,18.5,0.286,971.0,1171.0,509.0,2.0,2.0,1910.697021484375,450660.6078643799,13.01846980273865,27383,1.2609598790328609,11.1950684,9.8498038,-0.1,61.23,Gombe
150071.0,8.94381304739,7.66312433803,3.7,66.2,0.324,1283.0,244.0,312.0,1.0,1.0,3657.52734375,257389.300209554,12.458345004552708,10943,0.8002220153236568,7.6574707,8.9393399,-0.297,47.82,Nasarawa
150072.0,10.3063503732,11.0528017549,0.8,53.1,0.27,938.0,88.0,620.0,2.0,2.0,3657.52734375,273436.29988752096,12.51882396654166,96375,1.184205003250157,11.0632324,10.3041101,-0.791,61.23,Gombe
150073.0,8.96424984937,11.3747667164,0.4,65.0,0.291,1154.0,2176.0,247.0,2.0,1.0,3657.52734375,176850.6939348493,12.083061118487104,102445,0.5617764657054425,11.3708496,8.9610451,0.652,63.35,Taraba
150075.0,10.3056619439,11.1688801061,11.5,71.1,0.28,943.0,2712.0,461.0,2.0,1.0,3657.52734375,238786.7660369873,12.383326240359336,15420,0.49862914168938316,11.1730957,10.3041101,1.575,61.23,Gombe
150076.0,10.3056619439,11.1688801061,11.5,71.1,0.28,943.0,2712.0,461.0,2.0,1.0,3657.52734375,242282.82570343016,12.397861023992986,15420,0.49862914168938316,11.1730957,10.3041101,1.575,61.23,Gombe
150077.0,10.3056619439,11.1688801061,11.5,71.1,0.28,943.0,2712.0,461.0,2.0,1.0,3657.52734375,308444.48400472006,12.639297151529982,15420,0.49862914168938316,11.1730957,10.3041101,1.575,61.23,Gombe
150078.0,10.3056619439,11.1688801061,11.5,71.1,0.28,943.0,2712.0,461.0,2.0,1.0,3657.52734375,171441.72816685267,12.05199871039794,15420,0.49862914168938316,11.1730957,10.3041101,1.575,61.23,Gombe
150079.0,10.3056619439,11.1688801061,11.5,71.1,0.28,943.0,2712.0,461.0,2.0,2.0,3657.52734375,93938.28487941198,11.450393301796812,15420,0.49862914168938316,11.1730957,10.3041101,1.575,61.23,Gombe
150080.0,10.3056619439,11.1688801061,11.5,71.1,0.28,943.0,2712.0,461.0,2.0,1.0,3657.52734375,357280.7468243223,12.786277157377226,15420,0.49862914168938316,11.1730957,10.3041101,1.575,61.23,Gombe
159001.0,9.65963340171,11.5984321635,2.5,36.6,0.356,965.0,112.0,646.0,2.0,2.0,2096.064453125,65802.39138031006,11.09441145981882,63384,2.0721958814138097,11.5905762,9.6765684,-0.094,61.23,Gombe
159002.0,9.65963340171,11.5984321635,2.5,36.6,0.356,965.0,112.0,646.0,2.0,2.0,2096.064453125,48552.873071843926,10.790408649555443,63384,2.0721958814138097,11.5905762,9.6765684,-0.094,61.23,Gombe
159003.0,9.65963340171,11.5984321635,2.5,36.6,0.356,965.0,112.0,646.0,2.0,2.0,2096.064453125,61826.10206943089,11.032080917858416,63384,2.0721958814138097,11.5905762,9.6765684,-0.094,61.23,Gombe
159004.0,9.65963340171,11.5984321635,2.5,36.6,0.356,965.0,112.0,646.0,2.0,2.0,2096.064453125,164088.55667724612,12.008161540809043,63384,2.0721958814138097,11.5905762,9.6765684,-0.094,61.23,Gombe
159005.0,9.65963340171,11.5984321635,2.5,36.6,0.356,965.0,112.0,646.0,2.0,2.0,2096.064453125,129847.1572265625,11.7741133241024,63384,2.0721958814138097,11.5905762,9.6765684,-0.094,61.23,Gombe
159006.0,9.65963340171,11.5984321635,2.5,36.6,0.356,965.0,112.0,646.0,2.0,2.0,2096.064453125,90605.06627197264,11.41426540958435,63384,2.0721958814138097,11.5905762,9.6765684,-0.094,61.23,Gombe
159007.0,9.65963340171,11.5984321635,2.5,36.6,0.356,965.0,112.0,646.0,2.0,2.0,2096.064453125,254562.1980476379,12.447300478228073,63384,2.0721958814138097,11.5905762,9.6765684,-0.094,61.23,Gombe
159010.0,9.65963340171,11.5984321635,2.5,36.6,0.356,965.0,112.0,646.0,2.0,2.0,2096.064453125,32233.8025390625,10.380770949204948,63384,2.0721958814138097,11.5905762,9.6765684,-0.094,61.23,Gombe
159011.0,9.65963340171,11.5984321635,2.5,36.6,0.356,965.0,112.0,646.0,2.0,2.0,2096.064453125,60399.19329833984,11.008731027845965,63384,2.0721958814138097,11.5905762,9.6765684,-0.094,61.23,Gombe
159012.0,9.65963340171,11.5984321635,2.5,36.6,0.356,965.0,112.0,646.0,2.0,2.0,2096.064453125,127523.185643514,11.756053475232664,63384,2.0721958814138097,11.5905762,9.6765684,-0.094,61.23,Gombe
159013.0,9.87965774044,11.1646311378,21.0,54.1,0.291,971.0,292.0,435.0,2.0,2.0,602.8857421875,67722.01869678497,11.12316664526505,16058,1.308606072941349,11.1730957,9.8714518,-0.215,61.23,Gombe
159014.0,9.87965774044,11.1646311378,21.0,54.1,0.291,971.0,292.0,435.0,2.0,2.0,602.8857421875,67451.4539680481,11.11916341763853,16058,1.308606072941349,11.1730957,9.8714518,-0.215,61.23,Gombe
159015.0,9.87965774044,11.1646311378,21.0,54.1,0.291,971.0,292.0,435.0,2.0,2.0,602.8857421875,256129.5023803711,12.453438464226602,16058,1.308606072941349,11.1730957,9.8714518,-0.215,61.23,Gombe
159016.0,9.87965774044,11.1646311378,21.0,54.1,0.291,971.0,292.0,435.0,2.0,2.0,602.8857421875,76316.83486272639,11.24264883333774,16058,1.308606072941349,11.1730957,9.8714518,-0.215,61.23,Gombe
159017.0,9.87965774044,11.1646311378,21.0,54.1,0.291,971.0,292.0,435.0,2.0,2.0,602.8857421875,111110.5240097046,11.618280696701436,16058,1.308606072941349,11.1730957,9.8714518,-0.215,61.23,Gombe
159018.0,9.87965774044,11.1646311378,21.0,54.1,0.291,971.0,292.0,435.0,2.0,2.0,602.8857421875,128823.46764264788,11.766198278250055,16058,1.308606072941349,11.1730957,9.8714518,-0.215,61.23,Gombe
159019.0,9.87965774044,11.1646311378,21.0,54.1,0.291,971.0,292.0,435.0,2.0,2.0,602.8857421875,95484.7651062012,11.46672198605917,16058,1.308606072941349,11.1730957,9.8714518,-0.215,61.23,Gombe
159021.0,9.87965774044,11.1646311378,21.0,54.1,0.291,971.0,292.0,435.0,2.0,2.0,602.8857421875,99873.31575202942,11.51165781936723,16058,1.308606072941349,11.1730957,9.8714518,-0.215,61.23,Gombe
159022.0,9.87965774044,11.1646311378,21.0,54.1,0.291,971.0,292.0,435.0,2.0,2.0,602.8857421875,72678.98516082764,11.193807559297978,16058,1.308606072941349,11.1730957,9.8714518,-0.215,61.23,Gombe
159023.0,9.87965774044,11.1646311378,21.0,54.1,0.291,971.0,292.0,435.0,2.0,2.0,602.8857421875,65443.19598388672,11.08893780846865,16058,1.308606072941349,11.1730957,9.8714518,-0.215,61.23,Gombe
159025.0,9.84570367528,11.1950263379,16.3,80.8,0.29,970.0,551.0,498.0,2.0,2.0,931.7427978515624,181088.69735039605,12.106742230827198,27383,0.455137791762555,11.1950684,9.8498038,-0.1,61.23,Gombe
159026.0,9.84570367528,11.1950263379,16.3,80.8,0.29,970.0,551.0,498.0,2.0,2.0,931.7427978515624,115524.47556152345,11.657237696117893,27383,0.455137791762555,11.1950684,9.8498038,-0.1,61.23,Gombe
159027.0,9.84570367528,11.1950263379,16.3,80.8,0.29,970.0,551.0,498.0,2.0,2.0,931.7427978515624,96086.71837768554,11.473006379139438,27383,0.455137791762555,11.1950684,9.8498038,-0.1,61.23,Gombe
159028.0,9.84570367528,11.1950263379,16.3,80.8,0.29,970.0,551.0,498.0,2.0,2.0,931.7427978515624,84061.39562988281,11.339302711203617,27383,0.455137791762555,11.1950684,9.8498038,-0.1,61.23,Gombe
159029.0,9.84570367528,11.1950263379,16.3,80.8,0.29,970.0,551.0,498.0,2.0,2.0,931.7427978515624,138653.03437296549,11.83972993593222,27383,0.455137791762555,11.1950684,9.8498038,-0.1,61.23,Gombe
159032.0,9.84570367528,11.1950263379,16.3,80.8,0.29,970.0,551.0,498.0,2.0,2.0,931.7427978515624,98203.02898491752,11.494792338927118,27383,0.455137791762555,11.1950684,9.8498038,-0.1,61.23,Gombe
159033.0,9.84570367528,11.1950263379,16.3,80.8,0.29,970.0,551.0,498.0,2.0,2.0,931.7427978515624,210770.0958404541,12.258523225246812,27383,0.455137791762555,11.1950684,9.8498038,-0.1,61.23,Gombe
159034.0,9.84570367528,11.1950263379,16.3,80.8,0.29,970.0,551.0,498.0,2.0,2.0,931.7427978515624,165124.2202209473,12.014453319457363,27383,0.455137791762555,11.1950684,9.8498038,-0.1,61.23,Gombe
159035.0,9.84570367528,11.1950263379,16.3,80.8,0.29,970.0,551.0,498.0,2.0,2.0,931.7427978515624,318954.7682647705,12.67280457944006,27383,0.455137791762555,11.1950684,9.8498038,-0.1,61.23,Gombe
159036.0,10.296229743,11.1667912934,1.0,41.1,0.281,944.0,3576.0,465.0,2.0,1.0,1569.9979248046875,459557.6794520787,13.038019739455205,15420,1.120196079248769,11.1730957,10.3041101,1.575,61.23,Gombe
159037.0,10.296229743,11.1667912934,1.0,41.1,0.281,944.0,3576.0,465.0,2.0,1.0,1569.9979248046875,219577.33650861465,12.29945977977898,15420,1.120196079248769,11.1730957,10.3041101,1.575,61.23,Gombe
159038.0,10.296229743,11.1667912934,1.0,41.1,0.281,944.0,3576.0,465.0,2.0,1.0,1569.9979248046875,236482.6884689331,12.373630285372094,15420,1.120196079248769,11.1730957,10.3041101,1.575,61.23,Gombe
159039.0,10.296229743,11.1667912934,1.0,41.1,0.281,944.0,3576.0,465.0,2.0,1.0,1569.9979248046875,210761.80347696945,12.258483881303926,15420,1.120196079248769,11.1730957,10.3041101,1.575,61.23,Gombe
159040.0,10.296229743,11.1667912934,1.0,41.1,0.281,944.0,3576.0,465.0,2.0,1.0,1569.9979248046875,289325.45276896155,12.575307467629807,15420,1.120196079248769,11.1730957,10.3041101,1.575,61.23,Gombe
159042.0,10.296229743,11.1667912934,1.0,41.1,0.281,944.0,3576.0,465.0,2.0,1.0,1569.9979248046875,236500.11715189612,12.373703982270856,15420,1.120196079248769,11.1730957,10.3041101,1.575,61.23,Gombe
159043.0,10.296229743,11.1667912934,1.0,41.1,0.281,944.0,3576.0,465.0,2.0,1.0,1569.9979248046875,296315.49993024557,12.599180043804136,15420,1.120196079248769,11.1730957,10.3041101,1.575,61.23,Gombe
159045.0,10.296229743,11.1667912934,1.0,41.1,0.281,944.0,3576.0,465.0,2.0,1.0,1569.9979248046875,274092.786819458,12.521221966072511,15420,1.120196079248769,11.1730957,10.3041101,1.575,61.23,Gombe
159047.0,10.296229743,11.1667912934,1.0,41.1,0.281,944.0,3576.0,465.0,2.0,1.0,1569.9979248046875,96278.38549804688,11.474999122936788,15420,1.120196079248769,11.1730957,10.3041101,1.575,61.23,Gombe
159048.0,10.3108472194,11.1636449408,6.9,52.5,0.279,943.0,1992.0,471.0,2.0,1.0,1554.1290283203125,143405.9303632464,11.87343456168478,15420,1.288296562732005,11.1730957,10.3041101,1.575,61.23,Gombe
159049.0,10.3108472194,11.1636449408,6.9,52.5,0.279,943.0,1992.0,471.0,2.0,1.0,1554.1290283203125,153477.6993869879,11.941310554588574,15420,1.288296562732005,11.1730957,10.3041101,1.575,61.23,Gombe
159050.0,10.3108472194,11.1636449408,6.9,52.5,0.279,943.0,1992.0,471.0,2.0,1.0,1554.1290283203125,126164.49762834822,11.745341871194462,15420,1.288296562732005,11.1730957,10.3041101,1.575,61.23,Gombe
159051.0,10.3108472194,11.1636449408,6.9,52.5,0.279,943.0,1992.0,471.0,2.0,1.0,1554.1290283203125,201516.8620544434,12.21362833952,15420,1.288296562732005,11.1730957,10.3041101,1.575,61.23,Gombe
159052.0,10.3108472194,11.1636449408,6.9,52.5,0.279,943.0,1992.0,471.0,2.0,1.0,1554.1290283203125,380100.07216491696,12.848189844835035,15420,1.288296562732005,11.1730957,10.3041101,1.575,61.23,Gombe
159053.0,10.3108472194,11.1636449408,6.9,52.5,0.279,943.0,1992.0,471.0,2.0,1.0,1554.1290283203125,154486.14719848635,11.947859709154327,15420,1.288296562732005,11.1730957,10.3041101,1.575,61.23,Gombe
159055.0,10.3108472194,11.1636449408,6.9,52.5,0.279,943.0,1992.0,471.0,2.0,1.0,1554.1290283203125,116539.4721577962,11.665985311407558,15420,1.288296562732005,11.1730957,10.3041101,1.575,61.23,Gombe
159056.0,10.3108472194,11.1636449408,6.9,52.5,0.279,943.0,1992.0,471.0,2.0,1.0,1554.1290283203125,158180.62295495893,11.971492842331925,15420,1.288296562732005,11.1730957,10.3041101,1.575,61.23,Gombe
159057.0,10.3108472194,11.1636449408,6.9,52.5,0.279,943.0,1992.0,471.0,2.0,1.0,1554.1290283203125,157040.4218662807,11.964258515308686,15420,1.288296562732005,11.1730957,10.3041101,1.575,61.23,Gombe
159059.0,10.3108472194,11.1636449408,6.9,52.5,0.279,943.0,1992.0,471.0,2.0,1.0,1554.1290283203125,121019.99366760255,11.703711047851098,15420,1.288296562732005,11.1730957,10.3041101,1.575,61.23,Gombe
159060.0,10.2776776273,11.190990811,1.7,34.8,0.289,947.0,2731.0,428.0,2.0,1.0,1578.0748291015625,173397.3185221354,12.06334087909214,32030,0.7002353993950814,11.1950684,10.2824911,1.243,61.23,Gombe
159061.0,10.2776776273,11.190990811,1.7,34.8,0.289,947.0,2731.0,428.0,2.0,1.0,1578.0748291015625,248005.29905700684,12.421205392084197,32030,0.7002353993950814,11.1950684,10.2824911,1.243,61.23,Gombe
159062.0,10.2776776273,11.190990811,1.7,34.8,0.289,947.0,2731.0,428.0,2.0,1.0,1578.0748291015625,576418.2193603516,13.264588751491283,32030,0.7002353993950814,11.1950684,10.2824911,1.243,61.23,Gombe
159063.0,10.2776776273,11.190990811,1.7,34.8,0.289,947.0,2731.0,428.0,2.0,1.0,1578.0748291015625,115495.99259512768,11.65699111219598,32030,0.7002353993950814,11.1950684,10.2824911,1.243,61.23,Gombe
159064.0,10.2776776273,11.190990811,1.7,34.8,0.289,947.0,2731.0,428.0,2.0,1.0,1578.0748291015625,290224.8865349664,12.57841137225075,32030,0.7002353993950814,11.1950684,10.2824911,1.243,61.23,Gombe
159065.0,10.2776776273,11.190990811,1.7,34.8,0.289,947.0,2731.0,428.0,2.0,1.0,1578.0748291015625,341122.1381034851,12.739995868392404,32030,0.7002353993950814,11.1950684,10.2824911,1.243,61.23,Gombe
159066.0,10.2776776273,11.190990811,1.7,34.8,0.289,947.0,2731.0,428.0,2.0,1.0,1578.0748291015625,683359.8475952148,13.434776863052578,32030,0.7002353993950814,11.1950684,10.2824911,1.243,61.23,Gombe
159068.0,10.2776776273,11.190990811,1.7,34.8,0.289,947.0,2731.0,428.0,2.0,1.0,1578.0748291015625,106489.5465899876,11.575802105229569,32030,0.7002353993950814,11.1950684,10.2824911,1.243,61.23,Gombe
159071.0,10.2776776273,11.190990811,1.7,34.8,0.289,947.0,2731.0,428.0,2.0,1.0,1578.0748291015625,181635.37469482425,12.109756520754354,32030,0.7002353993950814,11.1950684,10.2824911,1.243,61.23,Gombe
159072.0,11.0673214871,11.3071004471,0.0,78.1,0.29,847.0,92.0,290.0,2.0,2.0,2340.64453125,117792.96882019042,11.67668386098354,38519,0.8667046401029604,11.3049316,11.0598206,-0.392,61.23,Gombe
159073.0,11.0673214871,11.3071004471,0.0,78.1,0.29,847.0,92.0,290.0,2.0,2.0,2340.64453125,203393.52942330495,12.222897950012436,38519,0.8667046401029604,11.3049316,11.0598206,-0.392,61.23,Gombe
159074.0,11.0673214871,11.3071004471,0.0,78.1,0.29,847.0,92.0,290.0,2.0,2.0,2340.64453125,162470.51939900717,11.998251845210463,38519,0.8667046401029604,11.3049316,11.0598206,-0.392,61.23,Gombe
159076.0,11.0673214871,11.3071004471,0.0,78.1,0.29,847.0,92.0,290.0,2.0,2.0,2340.64453125,141536.57574571884,11.860313448499191,38519,0.8667046401029604,11.3049316,11.0598206,-0.392,61.23,Gombe
159078.0,11.0673214871,11.3071004471,0.0,78.1,0.29,847.0,92.0,290.0,2.0,2.0,2340.64453125,122272.00952690972,11.714003428162334,38519,0.8667046401029604,11.3049316,11.0598206,-0.392,61.23,Gombe
159079.0,11.0673214871,11.3071004471,0.0,78.1,0.29,847.0,92.0,290.0,2.0,2.0,2340.64453125,101460.26778793336,11.527422550462097,38519,0.8667046401029604,11.3049316,11.0598206,-0.392,61.23,Gombe
159081.0,11.0673214871,11.3071004471,0.0,78.1,0.29,847.0,92.0,290.0,2.0,2.0,2340.64453125,56701.07215711806,10.94554839883368,38519,0.8667046401029604,11.3049316,11.0598206,-0.392,61.23,Gombe
159082.0,11.0673214871,11.3071004471,0.0,78.1,0.29,847.0,92.0,290.0,2.0,2.0,2340.64453125,75842.45918055941,11.236413562307195,38519,0.8667046401029604,11.3049316,11.0598206,-0.392,61.23,Gombe
159083.0,11.0673214871,11.3071004471,0.0,78.1,0.29,847.0,92.0,290.0,2.0,2.0,2340.64453125,149917.7501220703,11.917842090169607,38519,0.8667046401029604,11.3049316,11.0598206,-0.392,61.23,Gombe
159084.0,9.60901401838,11.0801349574,0.8,3.2,0.323,950.0,160.0,350.0,2.0,2.0,3230.22607421875,107349.51724243164,11.583845306253794,9656,1.8977136555632363,11.0632324,9.611582,0.181,59.29,Bauchi
159085.0,9.60901401838,11.0801349574,0.8,3.2,0.323,950.0,160.0,350.0,2.0,2.0,3230.22607421875,82918.408648173,11.325612374954234,9656,1.8977136555632363,11.0632324,9.611582,0.181,59.29,Bauchi
159086.0,9.60901401838,11.0801349574,0.8,3.2,0.323,950.0,160.0,350.0,2.0,2.0,3230.22607421875,98243.9425125122,11.495208874014164,9656,1.8977136555632363,11.0632324,9.611582,0.181,59.29,Bauchi
159087.0,9.60901401838,11.0801349574,0.8,3.2,0.323,950.0,160.0,350.0,2.0,2.0,3230.22607421875,352681.00469970703,12.773319257954157,9656,1.8977136555632363,11.0632324,9.611582,0.181,59.29,Bauchi
159088.0,9.60901401838,11.0801349574,0.8,3.2,0.323,950.0,160.0,350.0,2.0,2.0,3230.22607421875,112865.6806716919,11.63395372404778,9656,1.8977136555632363,11.0632324,9.611582,0.181,59.29,Bauchi
159089.0,9.60901401838,11.0801349574,0.8,3.2,0.323,950.0,160.0,350.0,2.0,2.0,3230.22607421875,87238.96352005005,11.376406339456931,9656,1.8977136555632363,11.0632324,9.611582,0.181,59.29,Bauchi
159090.0,9.60901401838,11.0801349574,0.8,3.2,0.323,950.0,160.0,350.0,2.0,2.0,3230.22607421875,64045.86240452358,11.067354705777255,9656,1.8977136555632363,11.0632324,9.611582,0.181,59.29,Bauchi
159093.0,9.60901401838,11.0801349574,0.8,3.2,0.323,950.0,160.0,350.0,2.0,2.0,3230.22607421875,82825.33441670737,11.324489264789976,9656,1.8977136555632363,11.0632324,9.611582,0.181,59.29,Bauchi
159094.0,9.60901401838,11.0801349574,0.8,3.2,0.323,950.0,160.0,350.0,2.0,2.0,3230.22607421875,75757.47274271648,11.235292368574882,9656,1.8977136555632363,11.0632324,9.611582,0.181,59.29,Bauchi
159095.0,9.60901401838,11.0801349574,0.8,3.2,0.323,950.0,160.0,350.0,2.0,2.0,3230.22607421875,33492.1753318093,10.41906711834613,9656,1.8977136555632363,11.0632324,9.611582,0.181,59.29,Bauchi
159096.0,10.1540665435,11.3661368775,1.2,45.9,0.294,973.0,107.0,333.0,2.0,2.0,3708.1982421875,119906.59165039063,11.694468315737918,44257,0.5432606776459531,11.3708496,10.152746,-0.524,61.23,Gombe
159097.0,10.1540665435,11.3661368775,1.2,45.9,0.294,973.0,107.0,333.0,2.0,2.0,3708.1982421875,193142.558400472,12.17118383978542,44257,0.5432606776459531,11.3708496,10.152746,-0.524,61.23,Gombe
159098.0,10.1540665435,11.3661368775,1.2,45.9,0.294,973.0,107.0,333.0,2.0,2.0,3708.1982421875,62891.60439300538,11.049167958310976,44257,0.5432606776459531,11.3708496,10.152746,-0.524,61.23,Gombe
159099.0,10.1540665435,11.3661368775,1.2,45.9,0.294,973.0,107.0,333.0,2.0,2.0,3708.1982421875,64691.047526041664,11.0773781019204,44257,0.5432606776459531,11.3708496,10.152746,-0.524,61.23,Gombe
159100.0,10.1540665435,11.3661368775,1.2,45.9,0.294,973.0,107.0,333.0,2.0,2.0,3708.1982421875,108242.94187545776,11.592133441664696,44257,0.5432606776459531,11.3708496,10.152746,-0.524,61.23,Gombe
159101.0,10.1540665435,11.3661368775,1.2,45.9,0.294,973.0,107.0,333.0,2.0,2.0,3708.1982421875,69516.30048522948,11.149316543408649,44257,0.5432606776459531,11.3708496,10.152746,-0.524,61.23,Gombe
159102.0,10.1540665435,11.3661368775,1.2,45.9,0.294,973.0,107.0,333.0,2.0,2.0,3708.1982421875,121431.18244171144,11.707102981641164,44257,0.5432606776459531,11.3708496,10.152746,-0.524,61.23,Gombe
159105.0,10.1540665435,11.3661368775,1.2,45.9,0.294,973.0,107.0,333.0,2.0,2.0,3708.1982421875,120069.20251464844,11.695823543165847,44257,0.5432606776459531,11.3708496,10.152746,-0.524,61.23,Gombe
159106.0,10.1540665435,11.3661368775,1.2,45.9,0.294,973.0,107.0,333.0,2.0,2.0,3708.1982421875,45236.9141000601,10.719668716145351,44257,0.5432606776459531,11.3708496,10.152746,-0.524,61.23,Gombe
159107.0,10.1540665435,11.3661368775,1.2,45.9,0.294,973.0,107.0,333.0,2.0,2.0,3708.1982421875,90066.1226173401,11.40829937530382,44257,0.5432606776459531,11.3708496,10.152746,-0.524,61.23,Gombe
159111.0,9.84570367528,11.1950263379,16.3,80.8,0.29,970.0,551.0,498.0,2.0,2.0,931.7427978515624,131790.99149068198,11.788972548871506,27383,0.455137791762555,11.1950684,9.8498038,-0.1,61.23,Gombe
159112.0,10.296229743,11.1667912934,1.0,41.1,0.281,944.0,3576.0,465.0,2.0,1.0,1569.9979248046875,124076.38351922289,11.728652651062204,15420,1.120196079248769,11.1730957,10.3041101,1.575,61.23,Gombe
159119.0,11.0673214871,11.3071004471,0.0,78.1,0.29,847.0,92.0,290.0,2.0,2.0,2340.64453125,78646.75588226318,11.27272166011205,38519,0.8667046401029604,11.3049316,11.0598206,-0.392,61.23,Gombe
160001.0,5.443157063980001,7.05253754146,1.2,33.0,0.335,1651.0,1640.0,75.0,4.0,2.0,3215.68701171875,522528.505695343,13.166434817687684,59372,1.5039901691553117,7.0422363,5.4519589,1.082,21.86,Imo
160002.0,5.443157063980001,7.05253754146,1.2,33.0,0.335,1651.0,1640.0,75.0,4.0,2.0,3215.68701171875,573898.9872055054,13.260208679337108,59372,1.5039901691553117,7.0422363,5.4519589,1.082,21.86,Imo
160003.0,5.443157063980001,7.05253754146,1.2,33.0,0.335,1651.0,1640.0,75.0,4.0,2.0,3215.68701171875,305885.43754577637,12.630965923728862,59372,1.5039901691553117,7.0422363,5.4519589,1.082,21.86,Imo
160004.0,5.443157063980001,7.05253754146,1.2,33.0,0.335,1651.0,1640.0,75.0,4.0,2.0,3215.68701171875,191327.2803955078,12.161740750569631,59372,1.5039901691553117,7.0422363,5.4519589,1.082,21.86,Imo
160005.0,5.443157063980001,7.05253754146,1.2,33.0,0.335,1651.0,1640.0,75.0,4.0,2.0,3215.68701171875,738523.4300933839,13.512408107049325,59372,1.5039901691553117,7.0422363,5.4519589,1.082,21.86,Imo
160006.0,5.443157063980001,7.05253754146,1.2,33.0,0.335,1651.0,1640.0,75.0,4.0,2.0,3215.68701171875,561015.2384796143,13.23750334720119,59372,1.5039901691553117,7.0422363,5.4519589,1.082,21.86,Imo
160007.0,5.443157063980001,7.05253754146,1.2,33.0,0.335,1651.0,1640.0,75.0,4.0,2.0,3215.68701171875,772035.8286247253,13.556786238065651,59372,1.5039901691553117,7.0422363,5.4519589,1.082,21.86,Imo
160008.0,5.443157063980001,7.05253754146,1.2,33.0,0.335,1651.0,1640.0,75.0,4.0,2.0,3215.68701171875,280414.0360984802,12.544022490302297,59372,1.5039901691553117,7.0422363,5.4519589,1.082,21.86,Imo
160009.0,5.443157063980001,7.05253754146,1.2,33.0,0.335,1651.0,1640.0,75.0,4.0,2.0,3215.68701171875,257816.99887695312,12.46000530554828,59372,1.5039901691553117,7.0422363,5.4519589,1.082,21.86,Imo
160010.0,5.76695759989,7.02976444922,2.0,9.1,0.315,1511.0,2080.0,166.0,4.0,2.0,3215.68701171875,351969.9590988159,12.771301107469,53265,1.4414313174004607,7.0202637,5.758105,1.173,21.86,Imo
160017.0,5.788823250939999,6.913996127119999,0.4,16.0,0.331,1490.0,1365.0,142.0,4.0,1.0,7670.607421875,341303.76016235346,12.74052815201065,89155,1.0610510464846121,6.9104004,5.7799663,0.51,21.86,Imo
160018.0,5.788823250939999,6.913996127119999,0.4,16.0,0.331,1490.0,1365.0,142.0,4.0,1.0,7670.607421875,297016.5156104678,12.601543024354816,89155,1.0610510464846121,6.9104004,5.7799663,0.51,21.86,Imo
160019.0,5.788823250939999,6.913996127119999,0.4,16.0,0.331,1490.0,1365.0,142.0,4.0,1.0,7670.607421875,335710.17020670575,12.724003478031138,89155,1.0610510464846121,6.9104004,5.7799663,0.51,21.86,Imo
160024.0,5.788823250939999,6.913996127119999,0.4,16.0,0.331,1490.0,1365.0,142.0,4.0,1.0,7670.607421875,122025.0114593506,11.711981314665204,89155,1.0610510464846121,6.9104004,5.7799663,0.51,21.86,Imo
160025.0,5.788823250939999,6.913996127119999,0.4,16.0,0.331,1490.0,1365.0,142.0,4.0,1.0,7670.607421875,244061.68365859985,12.405176274205836,89155,1.0610510464846121,6.9104004,5.7799663,0.51,21.86,Imo
160032.0,5.788823250939999,6.913996127119999,0.4,16.0,0.331,1490.0,1365.0,142.0,4.0,1.0,7670.607421875,99433.57086791992,11.507245070714744,89155,1.0610510464846121,6.9104004,5.7799663,0.51,21.86,Imo
160035.0,5.788823250939999,6.913996127119999,0.4,16.0,0.331,1490.0,1365.0,142.0,4.0,1.0,7670.607421875,122688.33253574371,11.71740253681948,89155,1.0610510464846121,6.9104004,5.7799663,0.51,21.86,Imo
160036.0,5.788823250939999,6.913996127119999,0.4,16.0,0.331,1490.0,1365.0,142.0,4.0,1.0,7670.607421875,175732.00479634604,12.076715413513654,89155,1.0610510464846121,6.9104004,5.7799663,0.51,21.86,Imo
160041.0,5.788823250939999,6.913996127119999,0.4,16.0,0.331,1490.0,1365.0,142.0,4.0,1.0,7670.607421875,249975.73036575317,12.42911911359497,89155,1.0610510464846121,6.9104004,5.7799663,0.51,21.86,Imo
160051.0,5.7463142697,6.987417250270001,1.2,1.0,0.315,1518.0,1785.0,161.0,4.0,2.0,5379.62548828125,297586.5786298116,12.603460482233949,52129,1.6451717945168827,6.998291,5.7362428,0.559,21.86,Imo
160053.0,5.7463142697,6.987417250270001,1.2,1.0,0.315,1518.0,1785.0,161.0,4.0,2.0,5379.62548828125,263208.33279418945,12.480701137484536,52129,1.6451717945168827,6.998291,5.7362428,0.559,21.86,Imo
160054.0,5.7463142697,6.987417250270001,1.2,1.0,0.315,1518.0,1785.0,161.0,4.0,2.0,5379.62548828125,223682.92423502603,12.31798481123892,52129,1.6451717945168827,6.998291,5.7362428,0.559,21.86,Imo
160055.0,5.7463142697,6.987417250270001,1.2,1.0,0.315,1518.0,1785.0,161.0,4.0,2.0,5379.62548828125,85769.23493906656,11.359415654031736,52129,1.6451717945168827,6.998291,5.7362428,0.559,21.86,Imo
160056.0,5.7463142697,6.987417250270001,1.2,1.0,0.315,1518.0,1785.0,161.0,4.0,2.0,5379.62548828125,258181.00319366457,12.46141618068978,52129,1.6451717945168827,6.998291,5.7362428,0.559,21.86,Imo
160057.0,5.7463142697,6.987417250270001,1.2,1.0,0.315,1518.0,1785.0,161.0,4.0,2.0,5379.62548828125,254204.83051872253,12.445895640384329,52129,1.6451717945168827,6.998291,5.7362428,0.559,21.86,Imo
160058.0,5.7463142697,6.987417250270001,1.2,1.0,0.315,1518.0,1785.0,161.0,4.0,2.0,5379.62548828125,291269.8823108673,12.582005546977106,52129,1.6451717945168827,6.998291,5.7362428,0.559,21.86,Imo
160059.0,5.7463142697,6.987417250270001,1.2,1.0,0.315,1518.0,1785.0,161.0,4.0,2.0,5379.62548828125,329547.3288230896,12.705475260919536,52129,1.6451717945168827,6.998291,5.7362428,0.559,21.86,Imo
160060.0,5.7463142697,6.987417250270001,1.2,1.0,0.315,1518.0,1785.0,161.0,4.0,2.0,5379.62548828125,117762.59244028728,11.676425948328802,52129,1.6451717945168827,6.998291,5.7362428,0.559,21.86,Imo
160144.0,5.91776306029,7.087374207470001,9.1,26.2,0.315,1485.0,1587.0,244.0,4.0,2.0,2668.826171875,183059.95086631775,12.117568978536667,20177,0.7495288268371563,7.0861816,5.9111167,0.579,21.86,Imo
160145.0,5.91776306029,7.087374207470001,9.1,26.2,0.315,1485.0,1587.0,244.0,4.0,2.0,2668.826171875,169515.79811286926,12.040701405665118,20177,0.7495288268371563,7.0861816,5.9111167,0.579,21.86,Imo
160146.0,5.91776306029,7.087374207470001,9.1,26.2,0.315,1485.0,1587.0,244.0,4.0,2.0,2668.826171875,276815.3802274068,12.531106065587378,20177,0.7495288268371563,7.0861816,5.9111167,0.579,21.86,Imo
160147.0,5.91776306029,7.087374207470001,9.1,26.2,0.315,1485.0,1587.0,244.0,4.0,2.0,2668.826171875,179729.24413452146,12.099206798176237,20177,0.7495288268371563,7.0861816,5.9111167,0.579,21.86,Imo
160148.0,5.91776306029,7.087374207470001,9.1,26.2,0.315,1485.0,1587.0,244.0,4.0,2.0,2668.826171875,125532.756149292,11.740322008671692,20177,0.7495288268371563,7.0861816,5.9111167,0.579,21.86,Imo
160149.0,5.91776306029,7.087374207470001,9.1,26.2,0.315,1485.0,1587.0,244.0,4.0,2.0,2668.826171875,378906.9948806763,12.845046057856813,20177,0.7495288268371563,7.0861816,5.9111167,0.579,21.86,Imo
160150.0,5.91776306029,7.087374207470001,9.1,26.2,0.315,1485.0,1587.0,244.0,4.0,2.0,2668.826171875,565134.1722755432,13.244818454990376,20177,0.7495288268371563,7.0861816,5.9111167,0.579,21.86,Imo
160151.0,5.91776306029,7.087374207470001,9.1,26.2,0.315,1485.0,1587.0,244.0,4.0,2.0,2668.826171875,204489.877398173,12.228273753964428,20177,0.7495288268371563,7.0861816,5.9111167,0.579,21.86,Imo
160152.0,5.91776306029,7.087374207470001,9.1,26.2,0.315,1485.0,1587.0,244.0,4.0,2.0,2668.826171875,574859.9573898315,13.261881737750285,20177,0.7495288268371563,7.0861816,5.9111167,0.579,21.86,Imo
160153.0,5.91776306029,7.087374207470001,9.1,26.2,0.315,1485.0,1587.0,244.0,4.0,2.0,2668.826171875,199843.0207977295,12.20528744132667,20177,0.7495288268371563,7.0861816,5.9111167,0.579,21.86,Imo
169001.0,5.38414137517,7.28461982221,1.1,39.3,0.291,1723.0,1195.0,104.0,4.0,2.0,5979.0791015625,249873.90830993652,12.428711702848432,6752,0.25512908704632525,7.2839355,5.3863356,0.758,21.86,Imo
169002.0,5.38414137517,7.28461982221,1.1,39.3,0.291,1723.0,1195.0,104.0,4.0,2.0,5979.0791015625,170987.75031738283,12.049347197347986,6752,0.25512908704632525,7.2839355,5.3863356,0.758,21.86,Imo
169003.0,5.38414137517,7.28461982221,1.1,39.3,0.291,1723.0,1195.0,104.0,4.0,2.0,5979.0791015625,403821.2279968262,12.908727554050724,6752,0.25512908704632525,7.2839355,5.3863356,0.758,21.86,Imo
169004.0,5.38414137517,7.28461982221,1.1,39.3,0.291,1723.0,1195.0,104.0,4.0,2.0,5979.0791015625,128631.69822387694,11.76470854737912,6752,0.25512908704632525,7.2839355,5.3863356,0.758,21.86,Imo
169007.0,5.38414137517,7.28461982221,1.1,39.3,0.291,1723.0,1195.0,104.0,4.0,2.0,5979.0791015625,79419.14421367645,11.282494729176122,6752,0.25512908704632525,7.2839355,5.3863356,0.758,21.86,Imo
169008.0,5.38414137517,7.28461982221,1.1,39.3,0.291,1723.0,1195.0,104.0,4.0,2.0,5979.0791015625,85615.52520370483,11.357621914886588,6752,0.25512908704632525,7.2839355,5.3863356,0.758,21.86,Imo
169009.0,5.38414137517,7.28461982221,1.1,39.3,0.291,1723.0,1195.0,104.0,4.0,2.0,5979.0791015625,302672.927482605,12.620408054216592,6752,0.25512908704632525,7.2839355,5.3863356,0.758,21.86,Imo
169010.0,5.38414137517,7.28461982221,1.1,39.3,0.291,1723.0,1195.0,104.0,4.0,2.0,5979.0791015625,252463.99827957153,12.4390239364609,6752,0.25512908704632525,7.2839355,5.3863356,0.758,21.86,Imo
169011.0,5.38414137517,7.28461982221,1.1,39.3,0.291,1723.0,1195.0,104.0,4.0,2.0,5979.0791015625,166494.96748860678,12.022720362652189,6752,0.25512908704632525,7.2839355,5.3863356,0.758,21.86,Imo
169012.0,5.38414137517,7.28461982221,1.1,39.3,0.291,1723.0,1195.0,104.0,4.0,2.0,5979.0791015625,295243.779750824,12.595556666101269,6752,0.25512908704632525,7.2839355,5.3863356,0.758,21.86,Imo
169013.0,5.60837961415,7.19182298881,0.8,35.3,0.311,1635.0,1532.0,173.0,4.0,2.0,1329.084228515625,408781.9658126831,12.92093720195892,34417,0.596696500651076,7.1960449,5.605052,0.582,21.86,Imo
169014.0,5.60837961415,7.19182298881,0.8,35.3,0.311,1635.0,1532.0,173.0,4.0,2.0,1329.084228515625,361378.99849446607,12.79768254392562,34417,0.596696500651076,7.1960449,5.605052,0.582,21.86,Imo
169016.0,5.60837961415,7.19182298881,0.8,35.3,0.311,1635.0,1532.0,173.0,4.0,2.0,1329.084228515625,193994.59878730777,12.17558559635535,34417,0.596696500651076,7.1960449,5.605052,0.582,21.86,Imo
169017.0,5.60837961415,7.19182298881,0.8,35.3,0.311,1635.0,1532.0,173.0,4.0,2.0,1329.084228515625,543321.9021606445,13.205457244925377,34417,0.596696500651076,7.1960449,5.605052,0.582,21.86,Imo
169018.0,5.60837961415,7.19182298881,0.8,35.3,0.311,1635.0,1532.0,173.0,4.0,2.0,1329.084228515625,277637.96814727783,12.534073271127063,34417,0.596696500651076,7.1960449,5.605052,0.582,21.86,Imo
169020.0,5.60837961415,7.19182298881,0.8,35.3,0.311,1635.0,1532.0,173.0,4.0,2.0,1329.084228515625,314415.28565979004,12.65846995686613,34417,0.596696500651076,7.1960449,5.605052,0.582,21.86,Imo
169021.0,5.60837961415,7.19182298881,0.8,35.3,0.311,1635.0,1532.0,173.0,4.0,2.0,1329.084228515625,144224.2856209495,11.879124905886613,34417,0.596696500651076,7.1960449,5.605052,0.582,21.86,Imo
169022.0,5.60837961415,7.19182298881,0.8,35.3,0.311,1635.0,1532.0,173.0,4.0,2.0,1329.084228515625,129034.2036234538,11.767832792567113,34417,0.596696500651076,7.1960449,5.605052,0.582,21.86,Imo
169024.0,5.60837961415,7.19182298881,0.8,35.3,0.311,1635.0,1532.0,173.0,4.0,2.0,1329.084228515625,316231.9645923615,12.664231288440694,34417,0.596696500651076,7.1960449,5.605052,0.582,21.86,Imo
169026.0,5.61818859006,7.28824555782,3.8,36.5,0.3,1646.0,1740.0,186.0,4.0,2.0,3458.03466796875,205861.3535868327,12.234958180337436,60147,1.0807555818268368,7.2839355,5.6269192,0.969,21.86,Imo
169027.0,5.61818859006,7.28824555782,3.8,36.5,0.3,1646.0,1740.0,186.0,4.0,2.0,3458.03466796875,606516.5649108887,13.315487319294816,60147,1.0807555818268368,7.2839355,5.6269192,0.969,21.86,Imo
169028.0,5.61818859006,7.28824555782,3.8,36.5,0.3,1646.0,1740.0,186.0,4.0,2.0,3458.03466796875,256113.87286376953,12.453377440434544,60147,1.0807555818268368,7.2839355,5.6269192,0.969,21.86,Imo
169029.0,5.61818859006,7.28824555782,3.8,36.5,0.3,1646.0,1740.0,186.0,4.0,2.0,3458.03466796875,727617.8306274414,13.497531231410829,60147,1.0807555818268368,7.2839355,5.6269192,0.969,21.86,Imo
169030.0,5.61818859006,7.28824555782,3.8,36.5,0.3,1646.0,1740.0,186.0,4.0,2.0,3458.03466796875,175341.35349082947,12.074489944348722,60147,1.0807555818268368,7.2839355,5.6269192,0.969,21.86,Imo
169032.0,5.61818859006,7.28824555782,3.8,36.5,0.3,1646.0,1740.0,186.0,4.0,2.0,3458.03466796875,546968.5874252319,13.21214665274458,60147,1.0807555818268368,7.2839355,5.6269192,0.969,21.86,Imo
169033.0,5.61818859006,7.28824555782,3.8,36.5,0.3,1646.0,1740.0,186.0,4.0,2.0,3458.03466796875,358146.39919026697,12.788697118076843,60147,1.0807555818268368,7.2839355,5.6269192,0.969,21.86,Imo
169035.0,5.61818859006,7.28824555782,3.8,36.5,0.3,1646.0,1740.0,186.0,4.0,2.0,3458.03466796875,151356.16347789764,11.92739103696326,60147,1.0807555818268368,7.2839355,5.6269192,0.969,21.86,Imo
169036.0,5.61818859006,7.28824555782,3.8,36.5,0.3,1646.0,1740.0,186.0,4.0,2.0,3458.03466796875,93358.06964365642,11.444197590264848,60147,1.0807555818268368,7.2839355,5.6269192,0.969,21.86,Imo
169038.0,5.53751709517,7.11295391828,0.6,40.7,0.304,1633.0,1130.0,139.0,4.0,2.0,10629.44921875,369789.4755554199,12.82068913770167,94247,0.5741509825897767,7.1081543,5.5394455,0.681,21.86,Imo
169040.0,5.53751709517,7.11295391828,0.6,40.7,0.304,1633.0,1130.0,139.0,4.0,2.0,10629.44921875,304977.3615722656,12.627992828481558,94247,0.5741509825897767,7.1081543,5.5394455,0.681,21.86,Imo
169041.0,5.53751709517,7.11295391828,0.6,40.7,0.304,1633.0,1130.0,139.0,4.0,2.0,10629.44921875,160641.94290924072,11.9869332102159,94247,0.5741509825897767,7.1081543,5.5394455,0.681,21.86,Imo
169042.0,5.53751709517,7.11295391828,0.6,40.7,0.304,1633.0,1130.0,139.0,4.0,2.0,10629.44921875,335635.8765029907,12.723782150433,94247,0.5741509825897767,7.1081543,5.5394455,0.681,21.86,Imo
169043.0,5.53751709517,7.11295391828,0.6,40.7,0.304,1633.0,1130.0,139.0,4.0,2.0,10629.44921875,89300.52958997089,11.399762697305803,94247,0.5741509825897767,7.1081543,5.5394455,0.681,21.86,Imo
169044.0,5.53751709517,7.11295391828,0.6,40.7,0.304,1633.0,1130.0,139.0,4.0,2.0,10629.44921875,73287.38128407796,11.20214372140526,94247,0.5741509825897767,7.1081543,5.5394455,0.681,21.86,Imo
169045.0,5.53751709517,7.11295391828,0.6,40.7,0.304,1633.0,1130.0,139.0,4.0,2.0,10629.44921875,360681.44411468506,12.795750421472649,94247,0.5741509825897767,7.1081543,5.5394455,0.681,21.86,Imo
169046.0,5.53751709517,7.11295391828,0.6,40.7,0.304,1633.0,1130.0,139.0,4.0,2.0,10629.44921875,351817.95147069293,12.770869137472916,94247,0.5741509825897767,7.1081543,5.5394455,0.681,21.86,Imo
169047.0,5.53751709517,7.11295391828,0.6,40.7,0.304,1633.0,1130.0,139.0,4.0,2.0,10629.44921875,349024.8867855072,12.762898507483204,94247,0.5741509825897767,7.1081543,5.5394455,0.681,21.86,Imo
169048.0,5.53751709517,7.11295391828,0.6,40.7,0.304,1633.0,1130.0,139.0,4.0,2.0,10629.44921875,977166.2632141112,13.79241209383823,94247,0.5741509825897767,7.1081543,5.5394455,0.681,21.86,Imo
169049.0,5.74559935617,7.03659293471,14.8,133.7,0.313,1524.0,1783.0,170.0,4.0,2.0,2045.42236328125,306403.14385732013,12.632656977426874,2510,1.2128634067654576,7.0422363,5.7362428,0.566,21.86,Imo
169050.0,5.74559935617,7.03659293471,14.8,133.7,0.313,1524.0,1783.0,170.0,4.0,2.0,2045.42236328125,196129.0057086945,12.18652791409034,2510,1.2128634067654576,7.0422363,5.7362428,0.566,21.86,Imo
169051.0,5.74559935617,7.03659293471,14.8,133.7,0.313,1524.0,1783.0,170.0,4.0,2.0,2045.42236328125,260625.06788635257,12.470838132010382,2510,1.2128634067654576,7.0422363,5.7362428,0.566,21.86,Imo
169054.0,5.74559935617,7.03659293471,14.8,133.7,0.313,1524.0,1783.0,170.0,4.0,2.0,2045.42236328125,480493.8056488037,13.082569615839676,2510,1.2128634067654576,7.0422363,5.7362428,0.566,21.86,Imo
169056.0,5.74559935617,7.03659293471,14.8,133.7,0.313,1524.0,1783.0,170.0,4.0,2.0,2045.42236328125,164503.59517669678,12.01068770412623,2510,1.2128634067654576,7.0422363,5.7362428,0.566,21.86,Imo
169057.0,5.74559935617,7.03659293471,14.8,133.7,0.313,1524.0,1783.0,170.0,4.0,2.0,2045.42236328125,278638.1724090576,12.537669346050018,2510,1.2128634067654576,7.0422363,5.7362428,0.566,21.86,Imo
169058.0,5.74559935617,7.03659293471,14.8,133.7,0.313,1524.0,1783.0,170.0,4.0,2.0,2045.42236328125,122004.527217865,11.711813431370052,2510,1.2128634067654576,7.0422363,5.7362428,0.566,21.86,Imo
169059.0,5.74559935617,7.03659293471,14.8,133.7,0.313,1524.0,1783.0,170.0,4.0,2.0,2045.42236328125,268685.1290435791,12.501295448984134,2510,1.2128634067654576,7.0422363,5.7362428,0.566,21.86,Imo
169060.0,5.74559935617,7.03659293471,14.8,133.7,0.313,1524.0,1783.0,170.0,4.0,2.0,2045.42236328125,187565.4444732666,12.141883100684048,2510,1.2128634067654576,7.0422363,5.7362428,0.566,21.86,Imo
169061.0,5.68119395444,7.0752633003,4.4,50.8,0.308,1561.0,7190.0,160.0,4.0,2.0,2449.892578125,90447.15530586244,11.412521039868528,93119,1.6847191081658384,7.0861816,5.6706511,0.756,21.86,Imo
169063.0,5.68119395444,7.0752633003,4.4,50.8,0.308,1561.0,7190.0,160.0,4.0,2.0,2449.892578125,157944.8519147237,11.970001212566576,93119,1.6847191081658384,7.0861816,5.6706511,0.756,21.86,Imo
169065.0,5.68119395444,7.0752633003,4.4,50.8,0.308,1561.0,7190.0,160.0,4.0,2.0,2449.892578125,543146.2135734558,13.20513383260213,93119,1.6847191081658384,7.0861816,5.6706511,0.756,21.86,Imo
169066.0,5.68119395444,7.0752633003,4.4,50.8,0.308,1561.0,7190.0,160.0,4.0,2.0,2449.892578125,158338.89974339804,11.972492950004794,93119,1.6847191081658384,7.0861816,5.6706511,0.756,21.86,Imo
169067.0,5.68119395444,7.0752633003,4.4,50.8,0.308,1561.0,7190.0,160.0,4.0,2.0,2449.892578125,261250.26384735107,12.47323409220266,93119,1.6847191081658384,7.0861816,5.6706511,0.756,21.86,Imo
169068.0,5.68119395444,7.0752633003,4.4,50.8,0.308,1561.0,7190.0,160.0,4.0,2.0,2449.892578125,206949.01356887817,12.240227730646447,93119,1.6847191081658384,7.0861816,5.6706511,0.756,21.86,Imo
169069.0,5.68119395444,7.0752633003,4.4,50.8,0.308,1561.0,7190.0,160.0,4.0,2.0,2449.892578125,294662.6383972168,12.593586382260549,93119,1.6847191081658384,7.0861816,5.6706511,0.756,21.86,Imo
169070.0,5.68119395444,7.0752633003,4.4,50.8,0.308,1561.0,7190.0,160.0,4.0,2.0,2449.892578125,165840.8491414388,12.0187838673416,93119,1.6847191081658384,7.0861816,5.6706511,0.756,21.86,Imo
169071.0,5.68119395444,7.0752633003,4.4,50.8,0.308,1561.0,7190.0,160.0,4.0,2.0,2449.892578125,419891.6397705078,12.947751956425275,93119,1.6847191081658384,7.0861816,5.6706511,0.756,21.86,Imo
169072.0,5.68119395444,7.0752633003,4.4,50.8,0.308,1561.0,7190.0,160.0,4.0,2.0,2449.892578125,115608.0366414388,11.657960753923646,93119,1.6847191081658384,7.0861816,5.6706511,0.756,21.86,Imo
169073.0,5.66459247388,7.02171402106,0.6,45.6,0.314,1559.0,3537.0,144.0,4.0,2.0,4237.30126953125,128717.42471694946,11.76537477460588,41169,0.6915075647991146,7.0202637,5.6706511,0.783,21.86,Imo
169075.0,5.66459247388,7.02171402106,0.6,45.6,0.314,1559.0,3537.0,144.0,4.0,2.0,4237.30126953125,333307.5736179352,12.716820987163782,41169,0.6915075647991146,7.0202637,5.6706511,0.783,21.86,Imo
169076.0,5.66459247388,7.02171402106,0.6,45.6,0.314,1559.0,3537.0,144.0,4.0,2.0,4237.30126953125,337494.640411377,12.729304908906045,41169,0.6915075647991146,7.0202637,5.6706511,0.783,21.86,Imo
169077.0,5.66459247388,7.02171402106,0.6,45.6,0.314,1559.0,3537.0,144.0,4.0,2.0,4237.30126953125,592424.0797119141,13.29197800827405,41169,0.6915075647991146,7.0202637,5.6706511,0.783,21.86,Imo
169078.0,5.66459247388,7.02171402106,0.6,45.6,0.314,1559.0,3537.0,144.0,4.0,2.0,4237.30126953125,590911.5763092041,13.28942166812038,41169,0.6915075647991146,7.0202637,5.6706511,0.783,21.86,Imo
169079.0,5.66459247388,7.02171402106,0.6,45.6,0.314,1559.0,3537.0,144.0,4.0,2.0,4237.30126953125,260861.40799560543,12.471744541424105,41169,0.6915075647991146,7.0202637,5.6706511,0.783,21.86,Imo
169080.0,5.66459247388,7.02171402106,0.6,45.6,0.314,1559.0,3537.0,144.0,4.0,2.0,4237.30126953125,315381.24728393555,12.661537494812356,41169,0.6915075647991146,7.0202637,5.6706511,0.783,21.86,Imo
169083.0,5.66459247388,7.02171402106,0.6,45.6,0.314,1559.0,3537.0,144.0,4.0,2.0,4237.30126953125,178363.86529541016,12.091580929819726,41169,0.6915075647991146,7.0202637,5.6706511,0.783,21.86,Imo
169084.0,5.66459247388,7.02171402106,0.6,45.6,0.314,1559.0,3537.0,144.0,4.0,2.0,4237.30126953125,213567.5742034912,12.271708568381024,41169,0.6915075647991146,7.0202637,5.6706511,0.783,21.86,Imo
169085.0,5.59130454241,7.08652848547,6.8,117.0,0.322,1609.0,1983.0,157.0,4.0,2.0,8472.5068359375,180994.32348632812,12.10622094780218,72116,0.9022022271204706,7.0861816,5.583184,1.167,21.86,Imo
169088.0,5.59130454241,7.08652848547,6.8,117.0,0.322,1609.0,1983.0,157.0,4.0,2.0,8472.5068359375,376698.8661586217,12.83920138374362,72116,0.9022022271204706,7.0861816,5.583184,1.167,21.86,Imo
169089.0,5.59130454241,7.08652848547,6.8,117.0,0.322,1609.0,1983.0,157.0,4.0,2.0,8472.5068359375,225969.78083229065,12.328156556182568,72116,0.9022022271204706,7.0861816,5.583184,1.167,21.86,Imo
169091.0,5.59130454241,7.08652848547,6.8,117.0,0.322,1609.0,1983.0,157.0,4.0,2.0,8472.5068359375,231499.08804321292,12.352331213162492,72116,0.9022022271204706,7.0861816,5.583184,1.167,21.86,Imo
169092.0,5.59130454241,7.08652848547,6.8,117.0,0.322,1609.0,1983.0,157.0,4.0,2.0,8472.5068359375,572306.7552547455,13.2574304120227,72116,0.9022022271204706,7.0861816,5.583184,1.167,21.86,Imo
169094.0,5.59130454241,7.08652848547,6.8,117.0,0.322,1609.0,1983.0,157.0,4.0,2.0,8472.5068359375,219923.8903274536,12.301036812421906,72116,0.9022022271204706,7.0861816,5.583184,1.167,21.86,Imo
169095.0,5.59130454241,7.08652848547,6.8,117.0,0.322,1609.0,1983.0,157.0,4.0,2.0,8472.5068359375,117669.00601959229,11.675630928236032,72116,0.9022022271204706,7.0861816,5.583184,1.167,21.86,Imo
169096.0,5.59130454241,7.08652848547,6.8,117.0,0.322,1609.0,1983.0,157.0,4.0,2.0,8472.5068359375,135514.59266026816,11.81683460841294,72116,0.9022022271204706,7.0861816,5.583184,1.167,21.86,Imo
169097.0,5.75003999855,7.11686418983,17.5,44.4,0.312,1537.0,4029.0,177.0,4.0,2.0,3728.975341796875,163208.78131103516,12.002785527117508,50402,1.3176145546618145,7.1081543,5.758105,0.769,21.86,Imo
169099.0,5.75003999855,7.11686418983,17.5,44.4,0.312,1537.0,4029.0,177.0,4.0,2.0,3728.975341796875,254203.04696655273,12.44588862415878,50402,1.3176145546618145,7.1081543,5.758105,0.769,21.86,Imo
169101.0,5.75003999855,7.11686418983,17.5,44.4,0.312,1537.0,4029.0,177.0,4.0,2.0,3728.975341796875,402268.3553466797,12.904874695501988,50402,1.3176145546618145,7.1081543,5.758105,0.769,21.86,Imo
169103.0,5.75003999855,7.11686418983,17.5,44.4,0.312,1537.0,4029.0,177.0,4.0,2.0,3728.975341796875,244042.10750470843,12.405096061127155,50402,1.3176145546618145,7.1081543,5.758105,0.769,21.86,Imo
169104.0,5.75003999855,7.11686418983,17.5,44.4,0.312,1537.0,4029.0,177.0,4.0,2.0,3728.975341796875,297555.6835505168,12.603356658051778,50402,1.3176145546618145,7.1081543,5.758105,0.769,21.86,Imo
169105.0,5.75003999855,7.11686418983,17.5,44.4,0.312,1537.0,4029.0,177.0,4.0,2.0,3728.975341796875,188019.13662719727,12.144299027201976,50402,1.3176145546618145,7.1081543,5.758105,0.769,21.86,Imo
169106.0,5.75003999855,7.11686418983,17.5,44.4,0.312,1537.0,4029.0,177.0,4.0,2.0,3728.975341796875,929061.9304618835,13.74193067914982,50402,1.3176145546618145,7.1081543,5.758105,0.769,21.86,Imo
169107.0,5.75003999855,7.11686418983,17.5,44.4,0.312,1537.0,4029.0,177.0,4.0,2.0,3728.975341796875,127135.94854431153,11.753012253884751,50402,1.3176145546618145,7.1081543,5.758105,0.769,21.86,Imo
169108.0,5.75003999855,7.11686418983,17.5,44.4,0.312,1537.0,4029.0,177.0,4.0,2.0,3728.975341796875,713932.1098327637,13.478543152533089,50402,1.3176145546618145,7.1081543,5.758105,0.769,21.86,Imo
169109.0,5.54601607919,7.33464426062,13.8,86.6,0.305,1707.0,1721.0,148.0,4.0,2.0,1785.21875,218846.72532399496,12.29612687939992,92386,1.0466750151132453,7.3278809,5.5394455,1.037,21.86,Imo
169111.0,5.54601607919,7.33464426062,13.8,86.6,0.305,1707.0,1721.0,148.0,4.0,2.0,1785.21875,234631.5493774414,12.365771687734448,92386,1.0466750151132453,7.3278809,5.5394455,1.037,21.86,Imo
169112.0,5.54601607919,7.33464426062,13.8,86.6,0.305,1707.0,1721.0,148.0,4.0,2.0,1785.21875,230055.2626139323,12.34607483127907,92386,1.0466750151132453,7.3278809,5.5394455,1.037,21.86,Imo
169113.0,5.54601607919,7.33464426062,13.8,86.6,0.305,1707.0,1721.0,148.0,4.0,2.0,1785.21875,268657.4825657436,12.501192548237896,92386,1.0466750151132453,7.3278809,5.5394455,1.037,21.86,Imo
169114.0,5.54601607919,7.33464426062,13.8,86.6,0.305,1707.0,1721.0,148.0,4.0,2.0,1785.21875,144250.20539093018,11.879304608223269,92386,1.0466750151132453,7.3278809,5.5394455,1.037,21.86,Imo
169115.0,5.54601607919,7.33464426062,13.8,86.6,0.305,1707.0,1721.0,148.0,4.0,2.0,1785.21875,125667.69007110596,11.741396321530782,92386,1.0466750151132453,7.3278809,5.5394455,1.037,21.86,Imo
169116.0,5.54601607919,7.33464426062,13.8,86.6,0.305,1707.0,1721.0,148.0,4.0,2.0,1785.21875,100198.36554645355,11.51490715558822,92386,1.0466750151132453,7.3278809,5.5394455,1.037,21.86,Imo
169117.0,5.54601607919,7.33464426062,13.8,86.6,0.305,1707.0,1721.0,148.0,4.0,2.0,1785.21875,167181.2241719564,12.026833677704843,92386,1.0466750151132453,7.3278809,5.5394455,1.037,21.86,Imo
169119.0,5.54601607919,7.33464426062,13.8,86.6,0.305,1707.0,1721.0,148.0,4.0,2.0,1785.21875,220795.34414672852,12.304991506870769,92386,1.0466750151132453,7.3278809,5.5394455,1.037,21.86,Imo
169120.0,5.54601607919,7.33464426062,13.8,86.6,0.305,1707.0,1721.0,148.0,4.0,2.0,1785.21875,273276.9293823242,12.518240953359689,92386,1.0466750151132453,7.3278809,5.5394455,1.037,21.86,Imo
169121.0,5.82220067991,7.22707460763,12.3,40.7,0.327,1532.0,1535.0,103.0,4.0,2.0,2413.51220703125,574563.7959289552,13.2613664161092,63281,1.018766251493044,7.2180176,5.8236865,0.558,21.86,Imo
169122.0,5.82220067991,7.22707460763,12.3,40.7,0.327,1532.0,1535.0,103.0,4.0,2.0,2413.51220703125,769762.1826553345,13.55383689243037,63281,1.018766251493044,7.2180176,5.8236865,0.558,21.86,Imo
169124.0,5.82220067991,7.22707460763,12.3,40.7,0.327,1532.0,1535.0,103.0,4.0,2.0,2413.51220703125,160738.25524411883,11.987532577185704,63281,1.018766251493044,7.2180176,5.8236865,0.558,21.86,Imo
169125.0,5.82220067991,7.22707460763,12.3,40.7,0.327,1532.0,1535.0,103.0,4.0,2.0,2413.51220703125,152811.81053466795,11.936962446802577,63281,1.018766251493044,7.2180176,5.8236865,0.558,21.86,Imo
169126.0,5.82220067991,7.22707460763,12.3,40.7,0.327,1532.0,1535.0,103.0,4.0,2.0,2413.51220703125,542878.5783996582,13.204640961387415,63281,1.018766251493044,7.2180176,5.8236865,0.558,21.86,Imo
169127.0,5.82220067991,7.22707460763,12.3,40.7,0.327,1532.0,1535.0,103.0,4.0,2.0,2413.51220703125,486995.9175872803,13.096011019251932,63281,1.018766251493044,7.2180176,5.8236865,0.558,21.86,Imo
169128.0,5.82220067991,7.22707460763,12.3,40.7,0.327,1532.0,1535.0,103.0,4.0,2.0,2413.51220703125,154792.36497802736,11.949839917074032,63281,1.018766251493044,7.2180176,5.8236865,0.558,21.86,Imo
169129.0,5.82220067991,7.22707460763,12.3,40.7,0.327,1532.0,1535.0,103.0,4.0,2.0,2413.51220703125,127032.34787205288,11.7521970406622,63281,1.018766251493044,7.2180176,5.8236865,0.558,21.86,Imo
169130.0,5.82220067991,7.22707460763,12.3,40.7,0.327,1532.0,1535.0,103.0,4.0,2.0,2413.51220703125,193265.5286051432,12.171820318228589,63281,1.018766251493044,7.2180176,5.8236865,0.558,21.86,Imo
169131.0,5.82220067991,7.22707460763,12.3,40.7,0.327,1532.0,1535.0,103.0,4.0,2.0,2413.51220703125,243631.69247436523,12.403412906825029,63281,1.018766251493044,7.2180176,5.8236865,0.558,21.86,Imo
169133.0,5.66932287464,6.96430142236,0.2,1.5,0.311,1549.0,668.0,78.0,4.0,2.0,6176.685546875,224106.86738637288,12.319878303613882,101746,1.1148765641485856,6.9543457,5.6706511,0.706,21.86,Imo
169134.0,5.66932287464,6.96430142236,0.2,1.5,0.311,1549.0,668.0,78.0,4.0,2.0,6176.685546875,571763.6642379761,13.256481010572738,101746,1.1148765641485856,6.9543457,5.6706511,0.706,21.86,Imo
169136.0,5.66932287464,6.96430142236,0.2,1.5,0.311,1549.0,668.0,78.0,4.0,2.0,6176.685546875,3206738.61575826,14.980764971068718,101746,1.1148765641485856,6.9543457,5.6706511,0.706,21.86,Imo
169137.0,5.66932287464,6.96430142236,0.2,1.5,0.311,1549.0,668.0,78.0,4.0,2.0,6176.685546875,348014.8282146454,12.76000036766104,101746,1.1148765641485856,6.9543457,5.6706511,0.706,21.86,Imo
169138.0,5.66932287464,6.96430142236,0.2,1.5,0.311,1549.0,668.0,78.0,4.0,2.0,6176.685546875,376374.212902832,12.838339174524013,101746,1.1148765641485856,6.9543457,5.6706511,0.706,21.86,Imo
169139.0,5.66932287464,6.96430142236,0.2,1.5,0.311,1549.0,668.0,78.0,4.0,2.0,6176.685546875,482978.5837554931,13.087727591600922,101746,1.1148765641485856,6.9543457,5.6706511,0.706,21.86,Imo
169141.0,5.66932287464,6.96430142236,0.2,1.5,0.311,1549.0,668.0,78.0,4.0,2.0,6176.685546875,200077.55735473632,12.206460357133995,101746,1.1148765641485856,6.9543457,5.6706511,0.706,21.86,Imo
169142.0,5.66932287464,6.96430142236,0.2,1.5,0.311,1549.0,668.0,78.0,4.0,2.0,6176.685546875,433505.6386122931,12.979660082297595,101746,1.1148765641485856,6.9543457,5.6706511,0.706,21.86,Imo
169144.0,5.66932287464,6.96430142236,0.2,1.5,0.311,1549.0,668.0,78.0,4.0,2.0,6176.685546875,316235.5940755208,12.66424276565596,101746,1.1148765641485856,6.9543457,5.6706511,0.706,21.86,Imo
169145.0,5.48479165692,7.0109661247,3.7,16.7,0.325,1630.0,3562.0,73.0,4.0,2.0,15553.482421875,548811.6364318847,13.215510558579892,14726,1.5912916526653154,7.0202637,5.4957038,1.64,21.86,Imo
169147.0,5.48479165692,7.0109661247,3.7,16.7,0.325,1630.0,3562.0,73.0,4.0,2.0,15553.482421875,459778.8152029854,13.038500816311082,14726,1.5912916526653154,7.0202637,5.4957038,1.64,21.86,Imo
169148.0,5.48479165692,7.0109661247,3.7,16.7,0.325,1630.0,3562.0,73.0,4.0,2.0,15553.482421875,1120781.896560669,13.929537121626687,14726,1.5912916526653154,7.0202637,5.4957038,1.64,21.86,Imo
169149.0,5.48479165692,7.0109661247,3.7,16.7,0.325,1630.0,3562.0,73.0,4.0,2.0,15553.482421875,300276.3741455078,12.612458576702313,14726,1.5912916526653154,7.0202637,5.4957038,1.64,21.86,Imo
169150.0,5.48479165692,7.0109661247,3.7,16.7,0.325,1630.0,3562.0,73.0,4.0,2.0,15553.482421875,291278.625096639,12.582035562626142,14726,1.5912916526653154,7.0202637,5.4957038,1.64,21.86,Imo
169153.0,5.48479165692,7.0109661247,3.7,16.7,0.325,1630.0,3562.0,73.0,4.0,2.0,15553.482421875,324038.92312011716,12.688618920645846,14726,1.5912916526653154,7.0202637,5.4957038,1.64,21.86,Imo
169154.0,5.48479165692,7.0109661247,3.7,16.7,0.325,1630.0,3562.0,73.0,4.0,2.0,15553.482421875,260514.44343566897,12.47041358368909,14726,1.5912916526653154,7.0202637,5.4957038,1.64,21.86,Imo
169155.0,5.48479165692,7.0109661247,3.7,16.7,0.325,1630.0,3562.0,73.0,4.0,2.0,15553.482421875,897618.1124267578,13.707499992275544,14726,1.5912916526653154,7.0202637,5.4957038,1.64,21.86,Imo
169156.0,5.48479165692,7.0109661247,3.7,16.7,0.325,1630.0,3562.0,73.0,4.0,2.0,15553.482421875,504421.36876678467,13.13116724689954,14726,1.5912916526653154,7.0202637,5.4957038,1.64,21.86,Imo
169160.0,5.60837961415,7.19182298881,0.8,35.3,0.311,1635.0,1532.0,173.0,4.0,2.0,1329.084228515625,236173.2176055908,12.372320787686409,34417,0.596696500651076,7.1960449,5.605052,0.582,21.86,Imo
169166.0,5.74559935617,7.03659293471,14.8,133.7,0.313,1524.0,1783.0,170.0,4.0,2.0,2045.42236328125,266416.05634562176,12.492814487399762,2510,1.2128634067654576,7.0422363,5.7362428,0.566,21.86,Imo
169170.0,5.66459247388,7.02171402106,0.6,45.6,0.314,1559.0,3537.0,144.0,4.0,2.0,4237.30126953125,321634.4264678955,12.681170858032576,41169,0.6915075647991146,7.0202637,5.6706511,0.783,21.86,Imo
169171.0,5.59130454241,7.08652848547,6.8,117.0,0.322,1609.0,1983.0,157.0,4.0,2.0,8472.5068359375,161344.61166381836,11.991297801594415,72116,0.9022022271204706,7.0861816,5.583184,1.167,21.86,Imo
169172.0,5.59130454241,7.08652848547,6.8,117.0,0.322,1609.0,1983.0,157.0,4.0,2.0,8472.5068359375,241346.0246433803,12.393986969618329,72116,0.9022022271204706,7.0861816,5.583184,1.167,21.86,Imo
169179.0,5.66932287464,6.96430142236,0.2,1.5,0.311,1549.0,668.0,78.0,4.0,2.0,6176.685546875,209938.77402877808,12.254571214946074,101746,1.1148765641485856,6.9543457,5.6706511,0.706,21.86,Imo
169181.0,5.48479165692,7.0109661247,3.7,16.7,0.325,1630.0,3562.0,73.0,4.0,2.0,15553.482421875,202109.2569376628,12.216563706091703,14726,1.5912916526653154,7.0202637,5.4957038,1.64,21.86,Imo
169202.0,5.61818859006,7.28824555782,3.8,36.5,0.3,1646.0,1740.0,186.0,4.0,2.0,3458.03466796875,173452.07412567138,12.063656610387346,60147,1.0807555818268368,7.2839355,5.6269192,0.969,21.86,Imo
170041.0,12.2871702475,9.7172267552,20.2,145.2,0.263,592.0,65.0,368.0,3.0,2.0,6691.11865234375,77855.37620713977,11.262608233415154,55751,0.6365849937660166,9.7229004,12.2863336,-1.037,73.06,Jigawa
170042.0,12.2871702475,9.7172267552,20.2,145.2,0.263,592.0,65.0,368.0,3.0,2.0,6691.11865234375,153050.47013346356,11.938523016132732,55751,0.6365849937660166,9.7229004,12.2863336,-1.037,73.06,Jigawa
170043.0,12.2871702475,9.7172267552,20.2,145.2,0.263,592.0,65.0,368.0,3.0,2.0,6691.11865234375,93899.8426055908,11.449983989003158,55751,0.6365849937660166,9.7229004,12.2863336,-1.037,73.06,Jigawa
170044.0,12.2871702475,9.7172267552,20.2,145.2,0.263,592.0,65.0,368.0,3.0,2.0,6691.11865234375,152325.8430565728,11.933777209692373,55751,0.6365849937660166,9.7229004,12.2863336,-1.037,73.06,Jigawa
170045.0,12.2871702475,9.7172267552,20.2,145.2,0.263,592.0,65.0,368.0,3.0,2.0,6691.11865234375,385969.2616577149,12.86351301226499,55751,0.6365849937660166,9.7229004,12.2863336,-1.037,73.06,Jigawa
170046.0,12.2871702475,9.7172267552,20.2,145.2,0.263,592.0,65.0,368.0,3.0,2.0,6691.11865234375,72777.12894592286,11.195157021994566,55751,0.6365849937660166,9.7229004,12.2863336,-1.037,73.06,Jigawa
170047.0,12.2871702475,9.7172267552,20.2,145.2,0.263,592.0,65.0,368.0,3.0,2.0,6691.11865234375,80969.12902105424,11.30182323781181,55751,0.6365849937660166,9.7229004,12.2863336,-1.037,73.06,Jigawa
170048.0,12.2871702475,9.7172267552,20.2,145.2,0.263,592.0,65.0,368.0,3.0,2.0,6691.11865234375,51684.03184886259,10.852904151064786,55751,0.6365849937660166,9.7229004,12.2863336,-1.037,73.06,Jigawa
170049.0,12.2871702475,9.7172267552,20.2,145.2,0.263,592.0,65.0,368.0,3.0,2.0,6691.11865234375,78174.55817135898,11.266699530520611,55751,0.6365849937660166,9.7229004,12.2863336,-1.037,73.06,Jigawa
170050.0,12.2871702475,9.7172267552,20.2,145.2,0.263,592.0,65.0,368.0,3.0,2.0,6691.11865234375,50448.074724469865,10.828699863001432,55751,0.6365849937660166,9.7229004,12.2863336,-1.037,73.06,Jigawa
170081.0,12.3416785167,9.64571332374,11.0,158.5,0.266,585.0,452.0,369.0,3.0,2.0,2469.049560546875,84965.48124864367,11.350000350033184,21348,1.5562397422091359,9.6350098,12.3507339,-0.311,73.06,Jigawa
170082.0,12.3416785167,9.64571332374,11.0,158.5,0.266,585.0,452.0,369.0,3.0,2.0,2469.049560546875,104953.05642264232,11.561268447479724,21348,1.5562397422091359,9.6350098,12.3507339,-0.311,73.06,Jigawa
170083.0,12.3416785167,9.64571332374,11.0,158.5,0.266,585.0,452.0,369.0,3.0,2.0,2469.049560546875,74707.07169886997,11.221330034630403,21348,1.5562397422091359,9.6350098,12.3507339,-0.311,73.06,Jigawa
170084.0,12.3416785167,9.64571332374,11.0,158.5,0.266,585.0,452.0,369.0,3.0,2.0,2469.049560546875,225111.53299713135,12.324351260576275,21348,1.5562397422091359,9.6350098,12.3507339,-0.311,73.06,Jigawa
170085.0,12.3416785167,9.64571332374,11.0,158.5,0.266,585.0,452.0,369.0,3.0,2.0,2469.049560546875,40148.393948641686,10.600337717295677,21348,1.5562397422091359,9.6350098,12.3507339,-0.311,73.06,Jigawa
170086.0,12.2479016981,9.91931985509,17.3,125.7,0.248,582.0,2806.0,366.0,3.0,1.0,2469.049560546875,119010.02146693636,11.686962982555734,30991,0.5221064587324094,9.9206543,12.2433913,0.537,73.06,Jigawa
170087.0,12.3416785167,9.64571332374,11.0,158.5,0.266,585.0,452.0,369.0,3.0,2.0,2469.049560546875,120115.5054729755,11.69620910442234,21348,1.5562397422091359,9.6350098,12.3507339,-0.311,73.06,Jigawa
170088.0,12.3416785167,9.64571332374,11.0,158.5,0.266,585.0,452.0,369.0,3.0,2.0,2469.049560546875,82316.97118479054,11.31833257664337,21348,1.5562397422091359,9.6350098,12.3507339,-0.311,73.06,Jigawa
170089.0,12.3416785167,9.64571332374,11.0,158.5,0.266,585.0,452.0,369.0,3.0,2.0,2469.049560546875,71952.3186645508,11.183758937849786,21348,1.5562397422091359,9.6350098,12.3507339,-0.311,73.06,Jigawa
170090.0,12.3416785167,9.64571332374,11.0,158.5,0.266,585.0,452.0,369.0,3.0,2.0,2469.049560546875,131460.64400227866,11.786462800651442,21348,1.5562397422091359,9.6350098,12.3507339,-0.311,73.06,Jigawa
179001.0,12.3696660228,10.2343885366,12.4,165.8,0.251,555.0,151.0,356.0,3.0,2.0,9726.4013671875,139128.84485270182,11.843155724154304,30351,0.7348249864613042,10.2282715,12.3721972,-0.364,73.06,Jigawa
179002.0,12.3696660228,10.2343885366,12.4,165.8,0.251,555.0,151.0,356.0,3.0,2.0,9726.4013671875,110527.28516496932,11.61301769402895,30351,0.7348249864613042,10.2282715,12.3721972,-0.364,73.06,Jigawa
179003.0,12.3696660228,10.2343885366,12.4,165.8,0.251,555.0,151.0,356.0,3.0,2.0,9726.4013671875,73895.04631347657,11.210401072395571,30351,0.7348249864613042,10.2282715,12.3721972,-0.364,73.06,Jigawa
179004.0,12.3696660228,10.2343885366,12.4,165.8,0.251,555.0,151.0,356.0,3.0,2.0,9726.4013671875,97582.16024235316,11.48844997129196,30351,0.7348249864613042,10.2282715,12.3721972,-0.364,73.06,Jigawa
179005.0,12.3696660228,10.2343885366,12.4,165.8,0.251,555.0,151.0,356.0,3.0,2.0,9726.4013671875,103167.4387105306,11.54410856587301,30351,0.7348249864613042,10.2282715,12.3721972,-0.364,73.06,Jigawa
179006.0,12.3696660228,10.2343885366,12.4,165.8,0.251,555.0,151.0,356.0,3.0,2.0,9726.4013671875,48607.25476074219,10.791528073660585,30351,0.7348249864613042,10.2282715,12.3721972,-0.364,73.06,Jigawa
179008.0,12.3696660228,10.2343885366,12.4,165.8,0.251,555.0,151.0,356.0,3.0,2.0,9726.4013671875,77511.48893011184,11.258181448613852,30351,0.7348249864613042,10.2282715,12.3721972,-0.364,73.06,Jigawa
179010.0,12.3696660228,10.2343885366,12.4,165.8,0.251,555.0,151.0,356.0,3.0,2.0,9726.4013671875,81175.35305023193,11.304366946209903,30351,0.7348249864613042,10.2282715,12.3721972,-0.364,73.06,Jigawa
179011.0,12.3696660228,10.2343885366,12.4,165.8,0.251,555.0,151.0,356.0,3.0,2.0,9726.4013671875,87521.03963555231,11.379634496419262,30351,0.7348249864613042,10.2282715,12.3721972,-0.364,73.06,Jigawa
179012.0,12.3696660228,10.2343885366,12.4,165.8,0.251,555.0,151.0,356.0,3.0,2.0,9726.4013671875,68007.35829162598,11.127371188474916,30351,0.7348249864613042,10.2282715,12.3721972,-0.364,73.06,Jigawa
179013.0,12.4766853961,9.45107940309,4.3,171.2,0.242,551.0,276.0,372.0,3.0,2.0,1983.4945068359375,97906.44900894164,11.49176769978052,79426,0.9565096425357743,9.4592285,12.4794869,-0.416,73.06,Jigawa
179015.0,12.4766853961,9.45107940309,4.3,171.2,0.242,551.0,276.0,372.0,3.0,2.0,1983.4945068359375,124322.87532552084,11.730637293756804,79426,0.9565096425357743,9.4592285,12.4794869,-0.416,73.06,Jigawa
179017.0,12.4766853961,9.45107940309,4.3,171.2,0.242,551.0,276.0,372.0,3.0,2.0,1983.4945068359375,111203.68751017252,11.619118821311506,79426,0.9565096425357743,9.4592285,12.4794869,-0.416,73.06,Jigawa
179018.0,12.4766853961,9.45107940309,4.3,171.2,0.242,551.0,276.0,372.0,3.0,2.0,1983.4945068359375,135759.30159505206,11.818638755486008,79426,0.9565096425357743,9.4592285,12.4794869,-0.416,73.06,Jigawa
179019.0,12.4766853961,9.45107940309,4.3,171.2,0.242,551.0,276.0,372.0,3.0,2.0,1983.4945068359375,90574.93605041504,11.413932809722896,79426,0.9565096425357743,9.4592285,12.4794869,-0.416,73.06,Jigawa
179020.0,12.4766853961,9.45107940309,4.3,171.2,0.242,551.0,276.0,372.0,3.0,2.0,1983.4945068359375,111322.46513061524,11.620186359938437,79426,0.9565096425357743,9.4592285,12.4794869,-0.416,73.06,Jigawa
179021.0,12.4766853961,9.45107940309,4.3,171.2,0.242,551.0,276.0,372.0,3.0,2.0,1983.4945068359375,64088.00811767578,11.068012544559464,79426,0.9565096425357743,9.4592285,12.4794869,-0.416,73.06,Jigawa
179022.0,12.4766853961,9.45107940309,4.3,171.2,0.242,551.0,276.0,372.0,3.0,2.0,1983.4945068359375,138372.60668945312,11.837705374030852,79426,0.9565096425357743,9.4592285,12.4794869,-0.416,73.06,Jigawa
179023.0,12.4766853961,9.45107940309,4.3,171.2,0.242,551.0,276.0,372.0,3.0,2.0,1983.4945068359375,107383.47462081908,11.58416158162793,79426,0.9565096425357743,9.4592285,12.4794869,-0.416,73.06,Jigawa
179024.0,12.4766853961,9.45107940309,4.3,171.2,0.242,551.0,276.0,372.0,3.0,2.0,1983.4945068359375,92834.04033460112,11.438568665464944,79426,0.9565096425357743,9.4592285,12.4794869,-0.416,73.06,Jigawa
179025.0,12.8182493748,8.28878452532,0.5,171.6,0.249,537.0,122.0,461.0,3.0,2.0,5399.4892578125,52815.21061706542,10.874554508075978,658,0.8074361357603952,8.2946777,12.8225137,-0.879,73.06,Jigawa
179026.0,12.8182493748,8.28878452532,0.5,171.6,0.249,537.0,122.0,461.0,3.0,2.0,5399.4892578125,153094.3672180176,11.938809789447184,658,0.8074361357603952,8.2946777,12.8225137,-0.879,73.06,Jigawa
179028.0,12.8182493748,8.28878452532,0.5,171.6,0.249,537.0,122.0,461.0,3.0,2.0,5399.4892578125,50915.80791219075,10.837928722341816,658,0.8074361357603952,8.2946777,12.8225137,-0.879,73.06,Jigawa
179030.0,12.8182493748,8.28878452532,0.5,171.6,0.249,537.0,122.0,461.0,3.0,2.0,5399.4892578125,45266.12022617884,10.720314133779135,658,0.8074361357603952,8.2946777,12.8225137,-0.879,73.06,Jigawa
179031.0,12.8182493748,8.28878452532,0.5,171.6,0.249,537.0,122.0,461.0,3.0,2.0,5399.4892578125,30006.268748890267,10.30916159711189,658,0.8074361357603952,8.2946777,12.8225137,-0.879,73.06,Jigawa
179032.0,12.8182493748,8.28878452532,0.5,171.6,0.249,537.0,122.0,461.0,3.0,2.0,5399.4892578125,206525.14141845703,12.238177434182717,658,0.8074361357603952,8.2946777,12.8225137,-0.879,73.06,Jigawa
179033.0,12.8182493748,8.28878452532,0.5,171.6,0.249,537.0,122.0,461.0,3.0,2.0,5399.4892578125,36028.64532470703,10.49206960449816,658,0.8074361357603952,8.2946777,12.8225137,-0.879,73.06,Jigawa
179034.0,12.8182493748,8.28878452532,0.5,171.6,0.249,537.0,122.0,461.0,3.0,2.0,5399.4892578125,139229.22258504233,11.843876937213553,658,0.8074361357603952,8.2946777,12.8225137,-0.879,73.06,Jigawa
179035.0,12.8182493748,8.28878452532,0.5,171.6,0.249,537.0,122.0,461.0,3.0,2.0,5399.4892578125,47935.948521614075,10.777620992978076,658,0.8074361357603952,8.2946777,12.8225137,-0.879,73.06,Jigawa
179036.0,12.8182493748,8.28878452532,0.5,171.6,0.249,537.0,122.0,461.0,3.0,2.0,5399.4892578125,69036.03532554989,11.14238389834868,658,0.8074361357603952,8.2946777,12.8225137,-0.879,73.06,Jigawa
179037.0,12.3130523931,10.094227531,13.0,124.4,0.25,568.0,217.0,359.0,3.0,2.0,9733.447265625,100699.07581380208,11.51989190104589,81398,0.6322198376452741,10.0964355,12.3078021,-0.529,73.06,Jigawa
179039.0,12.3130523931,10.094227531,13.0,124.4,0.25,568.0,217.0,359.0,3.0,2.0,9733.447265625,116027.51346435546,11.661582627002124,81398,0.6322198376452741,10.0964355,12.3078021,-0.529,73.06,Jigawa
179041.0,12.3130523931,10.094227531,13.0,124.4,0.25,568.0,217.0,359.0,3.0,2.0,9733.447265625,58662.749910566534,10.979560220235369,81398,0.6322198376452741,10.0964355,12.3078021,-0.529,73.06,Jigawa
179042.0,12.3130523931,10.094227531,13.0,124.4,0.25,568.0,217.0,359.0,3.0,2.0,9733.447265625,161087.04102361202,11.989700125356068,81398,0.6322198376452741,10.0964355,12.3078021,-0.529,73.06,Jigawa
179043.0,12.3130523931,10.094227531,13.0,124.4,0.25,568.0,217.0,359.0,3.0,2.0,9733.447265625,143548.0515140806,11.874425111887463,81398,0.6322198376452741,10.0964355,12.3078021,-0.529,73.06,Jigawa
179044.0,12.3130523931,10.094227531,13.0,124.4,0.25,568.0,217.0,359.0,3.0,2.0,9733.447265625,158026.44176830558,11.970517650971118,81398,0.6322198376452741,10.0964355,12.3078021,-0.529,73.06,Jigawa
179045.0,12.3130523931,10.094227531,13.0,124.4,0.25,568.0,217.0,359.0,3.0,2.0,9733.447265625,39100.08852428089,10.573880010018998,81398,0.6322198376452741,10.0964355,12.3078021,-0.529,73.06,Jigawa
179046.0,12.3130523931,10.094227531,13.0,124.4,0.25,568.0,217.0,359.0,3.0,2.0,9733.447265625,85815.39018758138,11.359953642206309,81398,0.6322198376452741,10.0964355,12.3078021,-0.529,73.06,Jigawa
179047.0,12.3130523931,10.094227531,13.0,124.4,0.25,568.0,217.0,359.0,3.0,2.0,9733.447265625,174311.9094696045,12.068601556595612,81398,0.6322198376452741,10.0964355,12.3078021,-0.529,73.06,Jigawa
179048.0,12.3130523931,10.094227531,13.0,124.4,0.25,568.0,217.0,359.0,3.0,2.0,9733.447265625,105621.8256072998,11.567620310785848,81398,0.6322198376452741,10.0964355,12.3078021,-0.529,73.06,Jigawa
179049.0,12.3805777623,9.90272898239,1.5,106.5,0.255,572.0,771.0,362.0,3.0,2.0,4671.5283203125,60101.02630781694,11.00378219704666,99487,1.0330464657532858,9.8986816,12.3721972,-0.233,73.06,Jigawa
179050.0,12.3805777623,9.90272898239,1.5,106.5,0.255,572.0,771.0,362.0,3.0,2.0,4671.5283203125,121566.38380940756,11.70821576135936,99487,1.0330464657532858,9.8986816,12.3721972,-0.233,73.06,Jigawa
179052.0,12.3805777623,9.90272898239,1.5,106.5,0.255,572.0,771.0,362.0,3.0,2.0,4671.5283203125,62217.27815009224,11.038388023916044,99487,1.0330464657532858,9.8986816,12.3721972,-0.233,73.06,Jigawa
179053.0,12.3805777623,9.90272898239,1.5,106.5,0.255,572.0,771.0,362.0,3.0,2.0,4671.5283203125,86346.01488113403,11.366117931741275,99487,1.0330464657532858,9.8986816,12.3721972,-0.233,73.06,Jigawa
179054.0,12.3805777623,9.90272898239,1.5,106.5,0.255,572.0,771.0,362.0,3.0,2.0,4671.5283203125,65784.73932495117,11.094143165261894,99487,1.0330464657532858,9.8986816,12.3721972,-0.233,73.06,Jigawa
179055.0,12.3805777623,9.90272898239,1.5,106.5,0.255,572.0,771.0,362.0,3.0,2.0,4671.5283203125,51281.96529873935,10.845094415718584,99487,1.0330464657532858,9.8986816,12.3721972,-0.233,73.06,Jigawa
179056.0,12.3805777623,9.90272898239,1.5,106.5,0.255,572.0,771.0,362.0,3.0,2.0,4671.5283203125,139923.81227111816,11.84885335539849,99487,1.0330464657532858,9.8986816,12.3721972,-0.233,73.06,Jigawa
179058.0,12.3805777623,9.90272898239,1.5,106.5,0.255,572.0,771.0,362.0,3.0,2.0,4671.5283203125,109102.8836402893,11.600046602638589,99487,1.0330464657532858,9.8986816,12.3721972,-0.233,73.06,Jigawa
179059.0,12.3805777623,9.90272898239,1.5,106.5,0.255,572.0,771.0,362.0,3.0,2.0,4671.5283203125,54606.21497395833,10.907902982617028,99487,1.0330464657532858,9.8986816,12.3721972,-0.233,73.06,Jigawa
179060.0,12.3805777623,9.90272898239,1.5,106.5,0.255,572.0,771.0,362.0,3.0,2.0,4671.5283203125,68710.7709757487,11.137661248683298,99487,1.0330464657532858,9.8986816,12.3721972,-0.233,73.06,Jigawa
179061.0,12.6409370113,8.51259467871,0.2,155.0,0.285,541.0,152.0,420.0,3.0,2.0,1770.8614501953125,46222.96322377523,10.74123199306228,13402,1.1412350293179834,8.5144043,12.6510579,-0.887,73.06,Jigawa
179062.0,6.47883429604,3.2256884544,0.5,188.8,0.163,997.0,2060.0,8.0,6.0,1.0,1770.8614501953125,227022.3994216919,12.33280396746188,29205,0.7435229180742505,3.2189941,6.4790672,0.523,21.75,Lagos
179063.0,12.6409370113,8.51259467871,0.2,155.0,0.285,541.0,152.0,420.0,3.0,2.0,1770.8614501953125,75807.89077758789,11.235957666180616,13402,1.1412350293179834,8.5144043,12.6510579,-0.887,73.06,Jigawa
179064.0,12.6409370113,8.51259467871,0.2,155.0,0.285,541.0,152.0,420.0,3.0,2.0,1770.8614501953125,45028.76242404515,10.7150567295523,13402,1.1412350293179834,8.5144043,12.6510579,-0.887,73.06,Jigawa
179065.0,12.6409370113,8.51259467871,0.2,155.0,0.285,541.0,152.0,420.0,3.0,2.0,1770.8614501953125,84349.57931009929,11.34272510052954,13402,1.1412350293179834,8.5144043,12.6510579,-0.887,73.06,Jigawa
179067.0,12.6409370113,8.51259467871,0.2,155.0,0.285,541.0,152.0,420.0,3.0,2.0,1770.8614501953125,43285.9810482449,10.675584098247944,13402,1.1412350293179834,8.5144043,12.6510579,-0.887,73.06,Jigawa
179068.0,12.6409370113,8.51259467871,0.2,155.0,0.285,541.0,152.0,420.0,3.0,2.0,1770.8614501953125,39435.94927106585,10.58243309733306,13402,1.1412350293179834,8.5144043,12.6510579,-0.887,73.06,Jigawa
179069.0,12.6409370113,8.51259467871,0.2,155.0,0.285,541.0,152.0,420.0,3.0,2.0,1770.8614501953125,161911.1309814453,11.99480288950404,13402,1.1412350293179834,8.5144043,12.6510579,-0.887,73.06,Jigawa
179070.0,12.6409370113,8.51259467871,0.2,155.0,0.285,541.0,152.0,420.0,3.0,2.0,1770.8614501953125,98016.4935760498,11.492891045287976,13402,1.1412350293179834,8.5144043,12.6510579,-0.887,73.06,Jigawa
179072.0,12.6409370113,8.51259467871,0.2,155.0,0.285,541.0,152.0,420.0,3.0,2.0,1770.8614501953125,56613.60761515299,10.944004652524535,13402,1.1412350293179834,8.5144043,12.6510579,-0.887,73.06,Jigawa
179073.0,12.463938596,10.0480951381,5.2,101.4,0.272,540.0,4800.0,358.0,3.0,1.0,13718.8525390625,170393.400261773,12.045865161769154,85210,0.8171781934392733,10.0524902,12.4580325,1.23,73.06,Jigawa
179074.0,12.463938596,10.0480951381,5.2,101.4,0.272,540.0,4800.0,358.0,3.0,1.0,13718.8525390625,207874.0348632812,12.244687573613886,85210,0.8171781934392733,10.0524902,12.4580325,1.23,73.06,Jigawa
179075.0,12.463938596,10.0480951381,5.2,101.4,0.272,540.0,4800.0,358.0,3.0,1.0,13718.8525390625,159572.47725931802,11.98025350087705,85210,0.8171781934392733,10.0524902,12.4580325,1.23,73.06,Jigawa
179076.0,12.463938596,10.0480951381,5.2,101.4,0.272,540.0,4800.0,358.0,3.0,1.0,13718.8525390625,90439.14536420036,11.412432476592729,85210,0.8171781934392733,10.0524902,12.4580325,1.23,73.06,Jigawa
179077.0,12.463938596,10.0480951381,5.2,101.4,0.272,540.0,4800.0,358.0,3.0,1.0,13718.8525390625,104381.6474109468,11.555809147894728,85210,0.8171781934392733,10.0524902,12.4580325,1.23,73.06,Jigawa
179079.0,12.463938596,10.0480951381,5.2,101.4,0.272,540.0,4800.0,358.0,3.0,1.0,13718.8525390625,45572.55066935221,10.72706085524698,85210,0.8171781934392733,10.0524902,12.4580325,1.23,73.06,Jigawa
179080.0,12.5467586275,10.0961188447,6.0,171.8,0.303,511.0,204.0,356.0,3.0,2.0,13718.8525390625,73173.46461825901,11.200588129013465,14378,0.3259350097754057,10.0964355,12.5438394,-0.994,73.06,Jigawa
179081.0,12.463938596,10.0480951381,5.2,101.4,0.272,540.0,4800.0,358.0,3.0,1.0,13718.8525390625,82367.5549189784,11.318946887374018,85210,0.8171781934392733,10.0524902,12.4580325,1.23,73.06,Jigawa
179082.0,12.463938596,10.0480951381,5.2,101.4,0.272,540.0,4800.0,358.0,3.0,1.0,13718.8525390625,141220.85660807294,11.85808030282218,85210,0.8171781934392733,10.0524902,12.4580325,1.23,73.06,Jigawa
179084.0,12.463938596,10.0480951381,5.2,101.4,0.272,540.0,4800.0,358.0,3.0,1.0,13718.8525390625,258768.43722076417,12.463688875982676,85210,0.8171781934392733,10.0524902,12.4580325,1.23,73.06,Jigawa
179085.0,12.1359663645,9.16280851186,4.9,171.7,0.274,651.0,1377.0,389.0,3.0,1.0,3526.391845703125,195593.63104091547,12.183794474912215,47043,1.1960868717937594,9.173584,12.136005,-0.199,73.06,Jigawa
179086.0,12.1359663645,9.16280851186,4.9,171.7,0.274,651.0,1377.0,389.0,3.0,1.0,3526.391845703125,217234.83815220423,12.28873425082894,47043,1.1960868717937594,9.173584,12.136005,-0.199,73.06,Jigawa
179087.0,12.1359663645,9.16280851186,4.9,171.7,0.274,651.0,1377.0,389.0,3.0,1.0,3526.391845703125,322317.39033544064,12.683292023330344,47043,1.1960868717937594,9.173584,12.136005,-0.199,73.06,Jigawa
179089.0,12.1359663645,9.16280851186,4.9,171.7,0.274,651.0,1377.0,389.0,3.0,1.0,3526.391845703125,94578.07726287842,11.457180986776576,47043,1.1960868717937594,9.173584,12.136005,-0.199,73.06,Jigawa
179091.0,12.1359663645,9.16280851186,4.9,171.7,0.274,651.0,1377.0,389.0,3.0,1.0,3526.391845703125,89141.28910827637,11.397977908010027,47043,1.1960868717937594,9.173584,12.136005,-0.199,73.06,Jigawa
179092.0,12.1359663645,9.16280851186,4.9,171.7,0.274,651.0,1377.0,389.0,3.0,1.0,3526.391845703125,87575.51624971279,11.380256742992222,47043,1.1960868717937594,9.173584,12.136005,-0.199,73.06,Jigawa
179093.0,12.1359663645,9.16280851186,4.9,171.7,0.274,651.0,1377.0,389.0,3.0,1.0,3526.391845703125,193289.6957682291,12.171945356834168,47043,1.1960868717937594,9.173584,12.136005,-0.199,73.06,Jigawa
179095.0,12.1359663645,9.16280851186,4.9,171.7,0.274,651.0,1377.0,389.0,3.0,1.0,3526.391845703125,161921.5317249298,11.994867124800145,47043,1.1960868717937594,9.173584,12.136005,-0.199,73.06,Jigawa
179096.0,12.1359663645,9.16280851186,4.9,171.7,0.274,651.0,1377.0,389.0,3.0,1.0,3526.391845703125,293325.9575958252,12.589039752910464,47043,1.1960868717937594,9.173584,12.136005,-0.199,73.06,Jigawa
179097.0,12.7977034939,9.0650575728,1.5,96.6,0.249,507.0,57.0,381.0,3.0,2.0,1961.9364013671875,56199.86549595423,10.936669642568496,28706,0.4039361122270765,9.0637207,12.8010881,-0.399,73.06,Jigawa
179098.0,12.7977034939,9.0650575728,1.5,96.6,0.249,507.0,57.0,381.0,3.0,2.0,1961.9364013671875,49310.81739807129,10.805898755800944,28706,0.4039361122270765,9.0637207,12.8010881,-0.399,73.06,Jigawa
179100.0,12.7977034939,9.0650575728,1.5,96.6,0.249,507.0,57.0,381.0,3.0,2.0,1961.9364013671875,27193.264338329587,10.210724586997337,28706,0.4039361122270765,9.0637207,12.8010881,-0.399,73.06,Jigawa
179101.0,12.7977034939,9.0650575728,1.5,96.6,0.249,507.0,57.0,381.0,3.0,2.0,1961.9364013671875,55635.51739937918,10.92657707843854,28706,0.4039361122270765,9.0637207,12.8010881,-0.399,73.06,Jigawa
179102.0,12.7977034939,9.0650575728,1.5,96.6,0.249,507.0,57.0,381.0,3.0,2.0,1961.9364013671875,67090.04522399903,11.113790954636286,28706,0.4039361122270765,9.0637207,12.8010881,-0.399,73.06,Jigawa
179103.0,12.7977034939,9.0650575728,1.5,96.6,0.249,507.0,57.0,381.0,3.0,2.0,1961.9364013671875,32395.77430216472,10.385783270501936,28706,0.4039361122270765,9.0637207,12.8010881,-0.399,73.06,Jigawa
179104.0,12.7977034939,9.0650575728,1.5,96.6,0.249,507.0,57.0,381.0,3.0,2.0,1961.9364013671875,111210.37329101562,11.619178941438992,28706,0.4039361122270765,9.0637207,12.8010881,-0.399,73.06,Jigawa
179105.0,12.7977034939,9.0650575728,1.5,96.6,0.249,507.0,57.0,381.0,3.0,2.0,1961.9364013671875,70611.47038269043,11.16494788029429,28706,0.4039361122270765,9.0637207,12.8010881,-0.399,73.06,Jigawa
179106.0,12.7977034939,9.0650575728,1.5,96.6,0.249,507.0,57.0,381.0,3.0,2.0,1961.9364013671875,55412.40728251139,10.922558805828563,28706,0.4039361122270765,9.0637207,12.8010881,-0.399,73.06,Jigawa
179108.0,12.7977034939,9.0650575728,1.5,96.6,0.249,507.0,57.0,381.0,3.0,2.0,1961.9364013671875,220477.54768753052,12.30355114413822,28706,0.4039361122270765,9.0637207,12.8010881,-0.399,73.06,Jigawa
179124.0,12.1359663645,9.16280851186,4.9,171.7,0.274,651.0,1377.0,389.0,3.0,1.0,3526.391845703125,193730.5688603719,12.17422365243332,47043,1.1960868717937594,9.173584,12.136005,-0.199,73.06,Jigawa
180001.0,10.552247681,7.37091020996,0.6,107.2,0.257,1369.0,787.0,616.0,3.0,1.0,4287.21435546875,160872.13479323615,11.988365134596773,98297,1.1618301640224042,7.3718262,10.5418209,1.687,25.76,Kaduna
180003.0,10.552247681,7.37091020996,0.6,107.2,0.257,1369.0,787.0,616.0,3.0,1.0,4287.21435546875,118509.3505859375,11.682747144342466,98297,1.1618301640224042,7.3718262,10.5418209,1.687,25.76,Kaduna
180004.0,10.552247681,7.37091020996,0.6,107.2,0.257,1369.0,787.0,616.0,3.0,1.0,4287.21435546875,120104.9439239502,11.69612117228285,98297,1.1618301640224042,7.3718262,10.5418209,1.687,25.76,Kaduna
180005.0,10.552247681,7.37091020996,0.6,107.2,0.257,1369.0,787.0,616.0,3.0,1.0,4287.21435546875,177124.36431448802,12.084607388077512,98297,1.1618301640224042,7.3718262,10.5418209,1.687,25.76,Kaduna
180006.0,10.552247681,7.37091020996,0.6,107.2,0.257,1369.0,787.0,616.0,3.0,1.0,4287.21435546875,119515.83515494212,11.691204153331633,98297,1.1618301640224042,7.3718262,10.5418209,1.687,25.76,Kaduna
180007.0,10.552247681,7.37091020996,0.6,107.2,0.257,1369.0,787.0,616.0,3.0,1.0,4287.21435546875,428482.1416015625,12.968004339609037,98297,1.1618301640224042,7.3718262,10.5418209,1.687,25.76,Kaduna
180008.0,10.552247681,7.37091020996,0.6,107.2,0.257,1369.0,787.0,616.0,3.0,1.0,4287.21435546875,108584.57947358632,11.595284682602353,98297,1.1618301640224042,7.3718262,10.5418209,1.687,25.76,Kaduna
180009.0,10.552247681,7.37091020996,0.6,107.2,0.257,1369.0,787.0,616.0,3.0,1.0,4287.21435546875,115148.07656962077,11.653974201415192,98297,1.1618301640224042,7.3718262,10.5418209,1.687,25.76,Kaduna
180031.0,11.3007607386,7.39367239612,0.5,104.0,0.302,1186.0,270.0,646.0,3.0,2.0,8199.6044921875,145215.3826797485,11.88597331708203,82674,0.4249774649847873,7.3937988,11.2969342,-0.594,25.76,Kaduna
180032.0,11.3007607386,7.39367239612,0.5,104.0,0.302,1186.0,270.0,646.0,3.0,2.0,8199.6044921875,108897.36979120428,11.59816115611518,82674,0.4249774649847873,7.3937988,11.2969342,-0.594,25.76,Kaduna
180033.0,11.3007607386,7.39367239612,0.5,104.0,0.302,1186.0,270.0,646.0,3.0,2.0,8199.6044921875,36169.51518110795,10.495971920961036,82674,0.4249774649847873,7.3937988,11.2969342,-0.594,25.76,Kaduna
180034.0,11.3007607386,7.39367239612,0.5,104.0,0.302,1186.0,270.0,646.0,3.0,2.0,8199.6044921875,98058.0850497159,11.493315286661655,82674,0.4249774649847873,7.3937988,11.2969342,-0.594,25.76,Kaduna
180035.0,11.3007607386,7.39367239612,0.5,104.0,0.302,1186.0,270.0,646.0,3.0,2.0,8199.6044921875,94706.11141313826,11.458533811549549,82674,0.4249774649847873,7.3937988,11.2969342,-0.594,25.76,Kaduna
180036.0,11.3007607386,7.39367239612,0.5,104.0,0.302,1186.0,270.0,646.0,3.0,2.0,8199.6044921875,76759.44325801305,11.248431697073096,82674,0.4249774649847873,7.3937988,11.2969342,-0.594,25.76,Kaduna
180037.0,11.3007607386,7.39367239612,0.5,104.0,0.302,1186.0,270.0,646.0,3.0,2.0,8199.6044921875,106389.12280782062,11.574858621414108,82674,0.4249774649847873,7.3937988,11.2969342,-0.594,25.76,Kaduna
180038.0,11.3007607386,7.39367239612,0.5,104.0,0.302,1186.0,270.0,646.0,3.0,2.0,8199.6044921875,107079.37040230278,11.581325617922408,82674,0.4249774649847873,7.3937988,11.2969342,-0.594,25.76,Kaduna
180039.0,11.3007607386,7.39367239612,0.5,104.0,0.302,1186.0,270.0,646.0,3.0,2.0,8199.6044921875,281052.3163757324,12.546296110259744,82674,0.4249774649847873,7.3937988,11.2969342,-0.594,25.76,Kaduna
180040.0,11.3007607386,7.39367239612,0.5,104.0,0.302,1186.0,270.0,646.0,3.0,2.0,8199.6044921875,67687.9189469187,11.122662993152352,82674,0.4249774649847873,7.3937988,11.2969342,-0.594,25.76,Kaduna
180041.0,11.305465672500002,7.733901561569999,0.5,104.0,0.305,1151.0,2933.0,667.0,3.0,1.0,6183.1279296875,100665.29527391709,11.519556384489318,97303,1.5028362163691986,7.7233887,11.2969342,0.136,25.76,Kaduna
180042.0,11.305465672500002,7.733901561569999,0.5,104.0,0.305,1151.0,2933.0,667.0,3.0,1.0,6183.1279296875,189089.94411359515,12.149978075620698,97303,1.5028362163691986,7.7233887,11.2969342,0.136,25.76,Kaduna
180043.0,11.305465672500002,7.733901561569999,0.5,104.0,0.305,1151.0,2933.0,667.0,3.0,1.0,6183.1279296875,80304.91318893431,11.29358608347947,97303,1.5028362163691986,7.7233887,11.2969342,0.136,25.76,Kaduna
180044.0,11.305465672500002,7.733901561569999,0.5,104.0,0.305,1151.0,2933.0,667.0,3.0,1.0,6183.1279296875,118470.52780761718,11.6824194981395,97303,1.5028362163691986,7.7233887,11.2969342,0.136,25.76,Kaduna
180045.0,11.305465672500002,7.733901561569999,0.5,104.0,0.305,1151.0,2933.0,667.0,3.0,1.0,6183.1279296875,84522.56707763672,11.344773843697022,97303,1.5028362163691986,7.7233887,11.2969342,0.136,25.76,Kaduna
180046.0,11.305465672500002,7.733901561569999,0.5,104.0,0.305,1151.0,2933.0,667.0,3.0,1.0,6183.1279296875,159864.65110371908,11.982082805613006,97303,1.5028362163691986,7.7233887,11.2969342,0.136,25.76,Kaduna
180047.0,11.305465672500002,7.733901561569999,0.5,104.0,0.305,1151.0,2933.0,667.0,3.0,1.0,6183.1279296875,63811.41401256214,11.06368735634986,97303,1.5028362163691986,7.7233887,11.2969342,0.136,25.76,Kaduna
180049.0,11.305465672500002,7.733901561569999,0.5,104.0,0.305,1151.0,2933.0,667.0,3.0,1.0,6183.1279296875,177295.76052517362,12.08557458046888,97303,1.5028362163691986,7.7233887,11.2969342,0.136,25.76,Kaduna
180050.0,11.305465672500002,7.733901561569999,0.5,104.0,0.305,1151.0,2933.0,667.0,3.0,1.0,6183.1279296875,110687.15086364746,11.614463040267454,97303,1.5028362163691986,7.7233887,11.2969342,0.136,25.76,Kaduna
180091.0,9.20953725138,8.47389041737,2.1,126.9,0.317,1480.0,397.0,560.0,3.0,2.0,1655.4462890625,182486.3662821452,12.11443074391079,47572,1.154876363337574,8.470459,9.1997151,-0.059,25.76,Kaduna
180092.0,9.20953725138,8.47389041737,2.1,126.9,0.317,1480.0,397.0,560.0,3.0,2.0,1655.4462890625,72491.26048583984,11.191221288553733,47572,1.154876363337574,8.470459,9.1997151,-0.059,25.76,Kaduna
180093.0,9.20953725138,8.47389041737,2.1,126.9,0.317,1480.0,397.0,560.0,3.0,2.0,1655.4462890625,269986.1175689697,12.50612582024742,47572,1.154876363337574,8.470459,9.1997151,-0.059,25.76,Kaduna
180094.0,9.20953725138,8.47389041737,2.1,126.9,0.317,1480.0,397.0,560.0,3.0,2.0,1655.4462890625,152403.02801310222,11.934283790889676,47572,1.154876363337574,8.470459,9.1997151,-0.059,25.76,Kaduna
180095.0,9.20953725138,8.47389041737,2.1,126.9,0.317,1480.0,397.0,560.0,3.0,2.0,1655.4462890625,132076.0739868164,11.791133353642964,47572,1.154876363337574,8.470459,9.1997151,-0.059,25.76,Kaduna
180096.0,9.20953725138,8.47389041737,2.1,126.9,0.317,1480.0,397.0,560.0,3.0,2.0,1655.4462890625,104139.18799591064,11.553483629451142,47572,1.154876363337574,8.470459,9.1997151,-0.059,25.76,Kaduna
180097.0,9.20953725138,8.47389041737,2.1,126.9,0.317,1480.0,397.0,560.0,3.0,2.0,1655.4462890625,67577.66936035156,11.12103287255242,47572,1.154876363337574,8.470459,9.1997151,-0.059,25.76,Kaduna
180098.0,9.20953725138,8.47389041737,2.1,126.9,0.317,1480.0,397.0,560.0,3.0,2.0,1655.4462890625,59236.91713460287,10.98930022676093,47572,1.154876363337574,8.470459,9.1997151,-0.059,25.76,Kaduna
180099.0,9.20953725138,8.47389041737,2.1,126.9,0.317,1480.0,397.0,560.0,3.0,2.0,1655.4462890625,105618.20506722586,11.567586031865677,47572,1.154876363337574,8.470459,9.1997151,-0.059,25.76,Kaduna
180100.0,9.20953725138,8.47389041737,2.1,126.9,0.317,1480.0,397.0,560.0,3.0,2.0,1655.4462890625,189545.7606836955,12.152385755533182,47572,1.154876363337574,8.470459,9.1997151,-0.059,25.76,Kaduna
189003.0,10.3370052418,7.39518613691,0.9,118.3,0.294,1447.0,566.0,625.0,3.0,2.0,11923.525390625,127415.5714187622,11.755209239288444,91115,1.1578551564039037,7.3937988,10.3473437,0.43,25.76,Kaduna
189005.0,10.3370052418,7.39518613691,0.9,118.3,0.294,1447.0,566.0,625.0,3.0,2.0,11923.525390625,200802.5053202311,12.210077143416257,91115,1.1578551564039037,7.3937988,10.3473437,0.43,25.76,Kaduna
189006.0,10.3370052418,7.39518613691,0.9,118.3,0.294,1447.0,566.0,625.0,3.0,2.0,11923.525390625,321690.0866699219,12.681343897302892,91115,1.1578551564039037,7.3937988,10.3473437,0.43,25.76,Kaduna
189007.0,10.3370052418,7.39518613691,0.9,118.3,0.294,1447.0,566.0,625.0,3.0,2.0,11923.525390625,178212.75785827637,12.090733384375817,91115,1.1578551564039037,7.3937988,10.3473437,0.43,25.76,Kaduna
189008.0,10.3370052418,7.39518613691,0.9,118.3,0.294,1447.0,566.0,625.0,3.0,2.0,11923.525390625,348734.01178121567,12.762064766711893,91115,1.1578551564039037,7.3937988,10.3473437,0.43,25.76,Kaduna
189009.0,10.3370052418,7.39518613691,0.9,118.3,0.294,1447.0,566.0,625.0,3.0,2.0,11923.525390625,159710.35432128908,11.981117168177034,91115,1.1578551564039037,7.3937988,10.3473437,0.43,25.76,Kaduna
189010.0,10.3370052418,7.39518613691,0.9,118.3,0.294,1447.0,566.0,625.0,3.0,2.0,11923.525390625,86041.98423156737,11.362590644849446,91115,1.1578551564039037,7.3937988,10.3473437,0.43,25.76,Kaduna
189011.0,10.3370052418,7.39518613691,0.9,118.3,0.294,1447.0,566.0,625.0,3.0,2.0,11923.525390625,174194.1595153809,12.067925815372242,91115,1.1578551564039037,7.3937988,10.3473437,0.43,25.76,Kaduna
189012.0,10.3370052418,7.39518613691,0.9,118.3,0.294,1447.0,566.0,625.0,3.0,2.0,11923.525390625,235234.8186645508,12.368339522589745,91115,1.1578551564039037,7.3937988,10.3473437,0.43,25.76,Kaduna
189014.0,10.3356319011,7.63962411647,0.8,128.9,0.278,1496.0,60.0,659.0,3.0,2.0,7029.46630859375,73162.917872111,11.200443985144569,103078,1.1909531176215264,7.635498,10.3257277,-0.761,25.76,Kaduna
189015.0,10.3356319011,7.63962411647,0.8,128.9,0.278,1496.0,60.0,659.0,3.0,2.0,7029.46630859375,163143.1466331482,12.00238329460008,103078,1.1909531176215264,7.635498,10.3257277,-0.761,25.76,Kaduna
189016.0,10.3356319011,7.63962411647,0.8,128.9,0.278,1496.0,60.0,659.0,3.0,2.0,7029.46630859375,79262.81227620442,11.280524347772856,103078,1.1909531176215264,7.635498,10.3257277,-0.761,25.76,Kaduna
189017.0,10.3356319011,7.63962411647,0.8,128.9,0.278,1496.0,60.0,659.0,3.0,2.0,7029.46630859375,88390.20934295654,11.3895164884531,103078,1.1909531176215264,7.635498,10.3257277,-0.761,25.76,Kaduna
189018.0,10.3356319011,7.63962411647,0.8,128.9,0.278,1496.0,60.0,659.0,3.0,2.0,7029.46630859375,48557.66979980468,10.790507438581288,103078,1.1909531176215264,7.635498,10.3257277,-0.761,25.76,Kaduna
189019.0,10.3356319011,7.63962411647,0.8,128.9,0.278,1496.0,60.0,659.0,3.0,2.0,7029.46630859375,75455.79171316963,11.231302223518572,103078,1.1909531176215264,7.635498,10.3257277,-0.761,25.76,Kaduna
189020.0,10.3356319011,7.63962411647,0.8,128.9,0.278,1496.0,60.0,659.0,3.0,2.0,7029.46630859375,88099.98064095635,11.386227592184818,103078,1.1909531176215264,7.635498,10.3257277,-0.761,25.76,Kaduna
189021.0,10.3356319011,7.63962411647,0.8,128.9,0.278,1496.0,60.0,659.0,3.0,2.0,7029.46630859375,59508.94913482666,10.993881985851267,103078,1.1909531176215264,7.635498,10.3257277,-0.761,25.76,Kaduna
189023.0,10.3356319011,7.63962411647,0.8,128.9,0.278,1496.0,60.0,659.0,3.0,2.0,7029.46630859375,66323.86249923706,11.102305028451587,103078,1.1909531176215264,7.635498,10.3257277,-0.761,25.76,Kaduna
189024.0,10.3356319011,7.63962411647,0.8,128.9,0.278,1496.0,60.0,659.0,3.0,2.0,7029.46630859375,116109.384173584,11.662287992788055,103078,1.1909531176215264,7.635498,10.3257277,-0.761,25.76,Kaduna
189025.0,10.4444478318,7.39190805636,1.6,123.0,0.292,1418.0,3229.0,584.0,3.0,1.0,4146.87255859375,807225.7564610073,13.601358655913128,71694,1.2011524399192743,7.3937988,10.4337931,0.686,25.76,Kaduna
189028.0,10.4444478318,7.39190805636,1.6,123.0,0.292,1418.0,3229.0,584.0,3.0,1.0,4146.87255859375,283219.25311279297,12.553976622646228,71694,1.2011524399192743,7.3937988,10.4337931,0.686,25.76,Kaduna
189029.0,10.4444478318,7.39190805636,1.6,123.0,0.292,1418.0,3229.0,584.0,3.0,1.0,4146.87255859375,538521.6347351074,13.196582950695612,71694,1.2011524399192743,7.3937988,10.4337931,0.686,25.76,Kaduna
189031.0,10.4444478318,7.39190805636,1.6,123.0,0.292,1418.0,3229.0,584.0,3.0,1.0,4146.87255859375,151237.39880371094,11.926606058727836,71694,1.2011524399192743,7.3937988,10.4337931,0.686,25.76,Kaduna
189032.0,10.4444478318,7.39190805636,1.6,123.0,0.292,1418.0,3229.0,584.0,3.0,1.0,4146.87255859375,170467.99974568686,12.046302873314689,71694,1.2011524399192743,7.3937988,10.4337931,0.686,25.76,Kaduna
189033.0,10.4444478318,7.39190805636,1.6,123.0,0.292,1418.0,3229.0,584.0,3.0,1.0,4146.87255859375,159361.24066162106,11.978928858064355,71694,1.2011524399192743,7.3937988,10.4337931,0.686,25.76,Kaduna
189034.0,10.4444478318,7.39190805636,1.6,123.0,0.292,1418.0,3229.0,584.0,3.0,1.0,4146.87255859375,237531.5726318359,12.378055831018644,71694,1.2011524399192743,7.3937988,10.4337931,0.686,25.76,Kaduna
189035.0,10.4444478318,7.39190805636,1.6,123.0,0.292,1418.0,3229.0,584.0,3.0,1.0,4146.87255859375,799498.8249206543,13.59174034148728,71694,1.2011524399192743,7.3937988,10.4337931,0.686,25.76,Kaduna
189036.0,10.4444478318,7.39190805636,1.6,123.0,0.292,1418.0,3229.0,584.0,3.0,1.0,4146.87255859375,402152.94906107587,12.904587765541873,71694,1.2011524399192743,7.3937988,10.4337931,0.686,25.76,Kaduna
189037.0,11.1573171124,8.18270527369,1.4,130.4,0.301,1180.0,203.0,674.0,3.0,2.0,2597.375,106983.165385437,11.58042676821955,79309,1.1677311963631747,8.1848145,11.1676236,-0.731,25.76,Kaduna
189038.0,11.1573171124,8.18270527369,1.4,130.4,0.301,1180.0,203.0,674.0,3.0,2.0,2597.375,109492.97020173508,11.603615627106931,79309,1.1677311963631747,8.1848145,11.1676236,-0.731,25.76,Kaduna
189039.0,11.1573171124,8.18270527369,1.4,130.4,0.301,1180.0,203.0,674.0,3.0,2.0,2597.375,160615.82919311526,11.986770638484098,79309,1.1677311963631747,8.1848145,11.1676236,-0.731,25.76,Kaduna
189040.0,11.1573171124,8.18270527369,1.4,130.4,0.301,1180.0,203.0,674.0,3.0,2.0,2597.375,62488.899832008006,11.042744217263396,79309,1.1677311963631747,8.1848145,11.1676236,-0.731,25.76,Kaduna
189041.0,11.1573171124,8.18270527369,1.4,130.4,0.301,1180.0,203.0,674.0,3.0,2.0,2597.375,151296.75260416663,11.926998436255737,79309,1.1677311963631747,8.1848145,11.1676236,-0.731,25.76,Kaduna
189042.0,11.1573171124,8.18270527369,1.4,130.4,0.301,1180.0,203.0,674.0,3.0,2.0,2597.375,192813.14253743485,12.16947682552328,79309,1.1677311963631747,8.1848145,11.1676236,-0.731,25.76,Kaduna
189043.0,11.1573171124,8.18270527369,1.4,130.4,0.301,1180.0,203.0,674.0,3.0,2.0,2597.375,66706.76875523158,11.108061707343088,79309,1.1677311963631747,8.1848145,11.1676236,-0.731,25.76,Kaduna
189045.0,11.1573171124,8.18270527369,1.4,130.4,0.301,1180.0,203.0,674.0,3.0,2.0,2597.375,43506.23849945069,10.680659620574476,79309,1.1677311963631747,8.1848145,11.1676236,-0.731,25.76,Kaduna
189047.0,11.1573171124,8.18270527369,1.4,130.4,0.301,1180.0,203.0,674.0,3.0,2.0,2597.375,63470.96437988282,11.058337826448245,79309,1.1677311963631747,8.1848145,11.1676236,-0.731,25.76,Kaduna
189048.0,11.1573171124,8.18270527369,1.4,130.4,0.301,1180.0,203.0,674.0,3.0,2.0,2597.375,67322.02002657378,11.11724265419107,79309,1.1677311963631747,8.1848145,11.1676236,-0.731,25.76,Kaduna
189049.0,11.1684206887,8.21179773989,3.4,133.4,0.299,1175.0,1465.0,688.0,3.0,2.0,1095.547119140625,150332.56551688057,11.920605222377148,41060,0.5631744737633766,8.2067871,11.1676236,0.377,25.76,Kaduna
189051.0,11.1684206887,8.21179773989,3.4,133.4,0.299,1175.0,1465.0,688.0,3.0,2.0,1095.547119140625,131091.54627227783,11.783651184623682,41060,0.5631744737633766,8.2067871,11.1676236,0.377,25.76,Kaduna
189052.0,11.1684206887,8.21179773989,3.4,133.4,0.299,1175.0,1465.0,688.0,3.0,2.0,1095.547119140625,126203.30337829588,11.745649404485942,41060,0.5631744737633766,8.2067871,11.1676236,0.377,25.76,Kaduna
189053.0,11.1684206887,8.21179773989,3.4,133.4,0.299,1175.0,1465.0,688.0,3.0,2.0,1095.547119140625,61533.44485751066,11.027336124800051,41060,0.5631744737633766,8.2067871,11.1676236,0.377,25.76,Kaduna
189054.0,11.1684206887,8.21179773989,3.4,133.4,0.299,1175.0,1465.0,688.0,3.0,2.0,1095.547119140625,82836.11894880021,11.32461946444583,41060,0.5631744737633766,8.2067871,11.1676236,0.377,25.76,Kaduna
189055.0,11.1684206887,8.21179773989,3.4,133.4,0.299,1175.0,1465.0,688.0,3.0,2.0,1095.547119140625,131650.40171813965,11.7879052163299,41060,0.5631744737633766,8.2067871,11.1676236,0.377,25.76,Kaduna
189056.0,11.1684206887,8.21179773989,3.4,133.4,0.299,1175.0,1465.0,688.0,3.0,2.0,1095.547119140625,95176.33205668132,11.463486577020172,41060,0.5631744737633766,8.2067871,11.1676236,0.377,25.76,Kaduna
189057.0,11.1684206887,8.21179773989,3.4,133.4,0.299,1175.0,1465.0,688.0,3.0,2.0,1095.547119140625,59709.24328613283,10.997242116309382,41060,0.5631744737633766,8.2067871,11.1676236,0.377,25.76,Kaduna
189058.0,11.1684206887,8.21179773989,3.4,133.4,0.299,1175.0,1465.0,688.0,3.0,2.0,1095.547119140625,111737.71782938638,11.623909598868524,41060,0.5631744737633766,8.2067871,11.1676236,0.377,25.76,Kaduna
189060.0,11.1684206887,8.21179773989,3.4,133.4,0.299,1175.0,1465.0,688.0,3.0,2.0,1095.547119140625,75000.86735316685,11.225254957160468,41060,0.5631744737633766,8.2067871,11.1676236,0.377,25.76,Kaduna
189062.0,9.37211032563,8.22958263963,0.7,102.0,0.297,1599.0,356.0,501.0,3.0,2.0,10361.3203125,101697.8042195638,11.52976099104215,66094,0.15090148610069706,8.2287598,9.3731925,-0.431,25.76,Kaduna
189064.0,9.37211032563,8.22958263963,0.7,102.0,0.297,1599.0,356.0,501.0,3.0,2.0,10361.3203125,105284.83035200067,11.56442462650969,66094,0.15090148610069706,8.2287598,9.3731925,-0.431,25.76,Kaduna
189065.0,9.37211032563,8.22958263963,0.7,102.0,0.297,1599.0,356.0,501.0,3.0,2.0,10361.3203125,139223.06008300782,11.843832674677964,66094,0.15090148610069706,8.2287598,9.3731925,-0.431,25.76,Kaduna
189066.0,9.37211032563,8.22958263963,0.7,102.0,0.297,1599.0,356.0,501.0,3.0,2.0,10361.3203125,199173.64253234863,12.201932298773343,66094,0.15090148610069706,8.2287598,9.3731925,-0.431,25.76,Kaduna
189067.0,9.37211032563,8.22958263963,0.7,102.0,0.297,1599.0,356.0,501.0,3.0,2.0,10361.3203125,98314.84853690011,11.495930348002531,66094,0.15090148610069706,8.2287598,9.3731925,-0.431,25.76,Kaduna
189068.0,9.37211032563,8.22958263963,0.7,102.0,0.297,1599.0,356.0,501.0,3.0,2.0,10361.3203125,103639.40899454751,11.548672932175684,66094,0.15090148610069706,8.2287598,9.3731925,-0.431,25.76,Kaduna
189069.0,9.37211032563,8.22958263963,0.7,102.0,0.297,1599.0,356.0,501.0,3.0,2.0,10361.3203125,58380.88174715909,10.974743747876763,66094,0.15090148610069706,8.2287598,9.3731925,-0.431,25.76,Kaduna
189070.0,9.37211032563,8.22958263963,0.7,102.0,0.297,1599.0,356.0,501.0,3.0,2.0,10361.3203125,74796.35684947479,11.222524457555506,66094,0.15090148610069706,8.2287598,9.3731925,-0.431,25.76,Kaduna
189071.0,9.37211032563,8.22958263963,0.7,102.0,0.297,1599.0,356.0,501.0,3.0,2.0,10361.3203125,230097.3398742676,12.346257715218986,66094,0.15090148610069706,8.2287598,9.3731925,-0.431,25.76,Kaduna
189072.0,9.37211032563,8.22958263963,0.7,102.0,0.297,1599.0,356.0,501.0,3.0,2.0,10361.3203125,182847.6468531291,12.116408554220062,66094,0.15090148610069706,8.2287598,9.3731925,-0.431,25.76,Kaduna
189073.0,10.5380750952,7.46720138846,3.6,134.8,0.292,1368.0,6964.0,594.0,3.0,1.0,3779.58837890625,275503.4714152019,12.526355507913877,47382,0.9290250287619638,7.4597168,10.5418209,1.286,25.76,Kaduna
189074.0,10.5380750952,7.46720138846,3.6,134.8,0.292,1368.0,6964.0,594.0,3.0,1.0,3779.58837890625,286472.8774312337,12.565399142003685,47382,0.9290250287619638,7.4597168,10.5418209,1.286,25.76,Kaduna
189075.0,12.8122934547,8.05989807817,0.4,137.0,0.245,585.0,260.0,529.0,3.0,2.0,3779.58837890625,53630.96451416016,10.889881876416409,50720,1.370002525116165,8.0529785,12.8225137,-0.002,60.96,Katsina
189076.0,10.5380750952,7.46720138846,3.6,134.8,0.292,1368.0,6964.0,594.0,3.0,1.0,3779.58837890625,1116266.6182861328,13.925500298664383,47382,0.9290250287619638,7.4597168,10.5418209,1.286,25.76,Kaduna
189077.0,10.5380750952,7.46720138846,3.6,134.8,0.292,1368.0,6964.0,594.0,3.0,1.0,3779.58837890625,240864.3631286621,12.391989245441822,47382,0.9290250287619638,7.4597168,10.5418209,1.286,25.76,Kaduna
189078.0,10.5380750952,7.46720138846,3.6,134.8,0.292,1368.0,6964.0,594.0,3.0,1.0,3779.58837890625,189814.88377685545,12.153804580296566,47382,0.9290250287619638,7.4597168,10.5418209,1.286,25.76,Kaduna
189079.0,10.5380750952,7.46720138846,3.6,134.8,0.292,1368.0,6964.0,594.0,3.0,1.0,3779.58837890625,148388.52891031897,11.907589308279752,47382,0.9290250287619638,7.4597168,10.5418209,1.286,25.76,Kaduna
189080.0,10.5380750952,7.46720138846,3.6,134.8,0.292,1368.0,6964.0,594.0,3.0,1.0,3779.58837890625,238265.9631652832,12.381142821014988,47382,0.9290250287619638,7.4597168,10.5418209,1.286,25.76,Kaduna
189081.0,10.5380750952,7.46720138846,3.6,134.8,0.292,1368.0,6964.0,594.0,3.0,1.0,3779.58837890625,254086.1463394165,12.445428647315923,47382,0.9290250287619638,7.4597168,10.5418209,1.286,25.76,Kaduna
189082.0,10.5380750952,7.46720138846,3.6,134.8,0.292,1368.0,6964.0,594.0,3.0,1.0,3779.58837890625,416468.963760376,12.93956722103071,47382,0.9290250287619638,7.4597168,10.5418209,1.286,25.76,Kaduna
189085.0,10.5012566428,7.44565163174,3.5,127.2,0.284,1393.0,7221.0,589.0,3.0,1.0,5387.49755859375,225589.8811889648,12.326473944714326,60060,0.9254433781257896,7.4377441,10.4986143,1.037,25.76,Kaduna
189086.0,10.5012566428,7.44565163174,3.5,127.2,0.284,1393.0,7221.0,589.0,3.0,1.0,5387.49755859375,330030.6499481201,12.706940807760375,60060,0.9254433781257896,7.4377441,10.4986143,1.037,25.76,Kaduna
189087.0,10.5012566428,7.44565163174,3.5,127.2,0.284,1393.0,7221.0,589.0,3.0,1.0,5387.49755859375,129867.14697265624,11.774267260530314,60060,0.9254433781257896,7.4377441,10.4986143,1.037,25.76,Kaduna
189089.0,10.5012566428,7.44565163174,3.5,127.2,0.284,1393.0,7221.0,589.0,3.0,1.0,5387.49755859375,187352.4649963379,12.140746961308151,60060,0.9254433781257896,7.4377441,10.4986143,1.037,25.76,Kaduna
189090.0,10.5012566428,7.44565163174,3.5,127.2,0.284,1393.0,7221.0,589.0,3.0,1.0,5387.49755859375,204041.99194335935,12.226081094503224,60060,0.9254433781257896,7.4377441,10.4986143,1.037,25.76,Kaduna
189091.0,10.5012566428,7.44565163174,3.5,127.2,0.284,1393.0,7221.0,589.0,3.0,1.0,5387.49755859375,266515.01106262207,12.49318584769076,60060,0.9254433781257896,7.4377441,10.4986143,1.037,25.76,Kaduna
189093.0,10.5012566428,7.44565163174,3.5,127.2,0.284,1393.0,7221.0,589.0,3.0,1.0,5387.49755859375,96513.01512451172,11.4774331499893,60060,0.9254433781257896,7.4377441,10.4986143,1.037,25.76,Kaduna
189094.0,10.5012566428,7.44565163174,3.5,127.2,0.284,1393.0,7221.0,589.0,3.0,1.0,5387.49755859375,227764.06770324707,12.336065581395737,60060,0.9254433781257896,7.4377441,10.4986143,1.037,25.76,Kaduna
189095.0,10.5012566428,7.44565163174,3.5,127.2,0.284,1393.0,7221.0,589.0,3.0,1.0,5387.49755859375,276626.01881917316,12.53042176038018,60060,0.9254433781257896,7.4377441,10.4986143,1.037,25.76,Kaduna
189096.0,10.5012566428,7.44565163174,3.5,127.2,0.284,1393.0,7221.0,589.0,3.0,1.0,5387.49755859375,155916.47508748373,11.957075726739417,60060,0.9254433781257896,7.4377441,10.4986143,1.037,25.76,Kaduna
189097.0,10.515107519,7.40263968792,20.6,166.7,0.273,1387.0,3289.0,601.0,3.0,1.0,7511.7041015625,100284.0525970459,11.515761964270231,101354,1.1335181945362887,7.3937988,10.5202184,1.342,25.76,Kaduna
189099.0,10.515107519,7.40263968792,20.6,166.7,0.273,1387.0,3289.0,601.0,3.0,1.0,7511.7041015625,285661.95652262366,12.562564420523682,101354,1.1335181945362887,7.3937988,10.5202184,1.342,25.76,Kaduna
189100.0,10.515107519,7.40263968792,20.6,166.7,0.273,1387.0,3289.0,601.0,3.0,1.0,7511.7041015625,326361.6421931873,12.695761377375852,101354,1.1335181945362887,7.3937988,10.5202184,1.342,25.76,Kaduna
189101.0,10.515107519,7.40263968792,20.6,166.7,0.273,1387.0,3289.0,601.0,3.0,1.0,7511.7041015625,191818.81156703405,12.164306515699378,101354,1.1335181945362887,7.3937988,10.5202184,1.342,25.76,Kaduna
189102.0,10.515107519,7.40263968792,20.6,166.7,0.273,1387.0,3289.0,601.0,3.0,1.0,7511.7041015625,141452.59020996094,11.859719888403417,101354,1.1335181945362887,7.3937988,10.5202184,1.342,25.76,Kaduna
189103.0,10.515107519,7.40263968792,20.6,166.7,0.273,1387.0,3289.0,601.0,3.0,1.0,7511.7041015625,301735.51068878174,12.61730612020551,101354,1.1335181945362887,7.3937988,10.5202184,1.342,25.76,Kaduna
189104.0,10.515107519,7.40263968792,20.6,166.7,0.273,1387.0,3289.0,601.0,3.0,1.0,7511.7041015625,248212.19129289905,12.422039269373505,101354,1.1335181945362887,7.3937988,10.5202184,1.342,25.76,Kaduna
189105.0,10.515107519,7.40263968792,20.6,166.7,0.273,1387.0,3289.0,601.0,3.0,1.0,7511.7041015625,244828.32182947797,12.40831251667617,101354,1.1335181945362887,7.3937988,10.5202184,1.342,25.76,Kaduna
189106.0,10.515107519,7.40263968792,20.6,166.7,0.273,1387.0,3289.0,601.0,3.0,1.0,7511.7041015625,222627.42533111572,12.313254914776824,101354,1.1335181945362887,7.3937988,10.5202184,1.342,25.76,Kaduna
189108.0,10.515107519,7.40263968792,20.6,166.7,0.273,1387.0,3289.0,601.0,3.0,1.0,7511.7041015625,297058.05582088896,12.601682872826665,101354,1.1335181945362887,7.3937988,10.5202184,1.342,25.76,Kaduna
189109.0,10.4226523846,7.7717964177,0.4,135.9,0.278,1475.0,201.0,624.0,3.0,2.0,1754.6531982421875,119907.44213867188,11.69447540863626,32797,1.2632618604910857,7.767334,10.412183,-0.375,25.76,Kaduna
189110.0,10.4226523846,7.7717964177,0.4,135.9,0.278,1475.0,201.0,624.0,3.0,2.0,1754.6531982421875,176403.32940673828,12.080528296564571,32797,1.2632618604910857,7.767334,10.412183,-0.375,25.76,Kaduna
189112.0,10.4226523846,7.7717964177,0.4,135.9,0.278,1475.0,201.0,624.0,3.0,2.0,1754.6531982421875,64451.1341044108,11.073662604867453,32797,1.2632618604910857,7.767334,10.412183,-0.375,25.76,Kaduna
189116.0,10.4226523846,7.7717964177,0.4,135.9,0.278,1475.0,201.0,624.0,3.0,2.0,1754.6531982421875,140092.6510925293,11.850059276220746,32797,1.2632618604910857,7.767334,10.412183,-0.375,25.76,Kaduna
189117.0,10.4226523846,7.7717964177,0.4,135.9,0.278,1475.0,201.0,624.0,3.0,2.0,1754.6531982421875,68232.12153625488,11.13067072321812,32797,1.2632618604910857,7.767334,10.412183,-0.375,25.76,Kaduna
189118.0,10.4226523846,7.7717964177,0.4,135.9,0.278,1475.0,201.0,624.0,3.0,2.0,1754.6531982421875,90846.05109659833,11.416921606689192,32797,1.2632618604910857,7.767334,10.412183,-0.375,25.76,Kaduna
189119.0,10.4226523846,7.7717964177,0.4,135.9,0.278,1475.0,201.0,624.0,3.0,2.0,1754.6531982421875,124484.06859842937,11.731933023634104,32797,1.2632618604910857,7.767334,10.412183,-0.375,25.76,Kaduna
189120.0,10.4226523846,7.7717964177,0.4,135.9,0.278,1475.0,201.0,624.0,3.0,2.0,1754.6531982421875,81554.8776123047,11.30903141757022,32797,1.2632618604910857,7.767334,10.412183,-0.375,25.76,Kaduna
189121.0,10.5632084707,8.24222750413,0.1,49.8,0.314,1464.0,175.0,685.0,3.0,2.0,4606.5146484375,161397.41550118584,11.991625021685971,31917,0.9443406517660232,8.2507324,10.5634219,-0.413,25.76,Kaduna
189122.0,10.5632084707,8.24222750413,0.1,49.8,0.314,1464.0,175.0,685.0,3.0,2.0,4606.5146484375,111469.7289276123,11.621508343583926,31917,0.9443406517660232,8.2507324,10.5634219,-0.413,25.76,Kaduna
189125.0,10.5632084707,8.24222750413,0.1,49.8,0.314,1464.0,175.0,685.0,3.0,2.0,4606.5146484375,176079.73501078287,12.07869221126272,31917,0.9443406517660232,8.2507324,10.5634219,-0.413,25.76,Kaduna
189126.0,10.5632084707,8.24222750413,0.1,49.8,0.314,1464.0,175.0,685.0,3.0,2.0,4606.5146484375,60853.44808959961,11.016223762210409,31917,0.9443406517660232,8.2507324,10.5634219,-0.413,25.76,Kaduna
189127.0,10.5632084707,8.24222750413,0.1,49.8,0.314,1464.0,175.0,685.0,3.0,2.0,4606.5146484375,72893.82382329305,11.196759193190871,31917,0.9443406517660232,8.2507324,10.5634219,-0.413,25.76,Kaduna
189128.0,10.5632084707,8.24222750413,0.1,49.8,0.314,1464.0,175.0,685.0,3.0,2.0,4606.5146484375,103740.77795410156,11.54965054695286,31917,0.9443406517660232,8.2507324,10.5634219,-0.413,25.76,Kaduna
189129.0,10.5632084707,8.24222750413,0.1,49.8,0.314,1464.0,175.0,685.0,3.0,2.0,4606.5146484375,118659.81675211588,11.68401599550094,31917,0.9443406517660232,8.2507324,10.5634219,-0.413,25.76,Kaduna
189130.0,10.5632084707,8.24222750413,0.1,49.8,0.314,1464.0,175.0,685.0,3.0,2.0,4606.5146484375,83589.28716823031,11.33367064694097,31917,0.9443406517660232,8.2507324,10.5634219,-0.413,25.76,Kaduna
189131.0,10.5632084707,8.24222750413,0.1,49.8,0.314,1464.0,175.0,685.0,3.0,2.0,4606.5146484375,92517.78586251396,11.43515618461191,31917,0.9443406517660232,8.2507324,10.5634219,-0.413,25.76,Kaduna
189132.0,10.5632084707,8.24222750413,0.1,49.8,0.314,1464.0,175.0,685.0,3.0,2.0,4606.5146484375,81261.09760538736,11.305422676777438,31917,0.9443406517660232,8.2507324,10.5634219,-0.413,25.76,Kaduna
189133.0,10.3754800971,8.75104299182,9.1,32.0,0.287,1400.0,105.0,838.0,3.0,2.0,7476.849609375,57196.66325102306,10.954250840894026,73696,0.9162885646818407,8.7561035,10.3689583,-0.491,59.29,Bauchi
189134.0,10.3754800971,8.75104299182,9.1,32.0,0.287,1400.0,105.0,838.0,3.0,2.0,7476.849609375,74836.0066179548,11.223054420038077,73696,0.9162885646818407,8.7561035,10.3689583,-0.491,59.29,Bauchi
189136.0,10.3754800971,8.75104299182,9.1,32.0,0.287,1400.0,105.0,838.0,3.0,2.0,7476.849609375,208379.49522145593,12.247116192568846,73696,0.9162885646818407,8.7561035,10.3689583,-0.491,59.29,Bauchi
189137.0,10.3754800971,8.75104299182,9.1,32.0,0.287,1400.0,105.0,838.0,3.0,2.0,7476.849609375,120679.75068092346,11.700895627318951,73696,0.9162885646818407,8.7561035,10.3689583,-0.491,59.29,Bauchi
189139.0,10.3754800971,8.75104299182,9.1,32.0,0.287,1400.0,105.0,838.0,3.0,2.0,7476.849609375,216262.00853474936,12.284245954048878,73696,0.9162885646818407,8.7561035,10.3689583,-0.491,59.29,Bauchi
189140.0,10.3754800971,8.75104299182,9.1,32.0,0.287,1400.0,105.0,838.0,3.0,2.0,7476.849609375,203797.2592976888,12.224880951680772,73696,0.9162885646818407,8.7561035,10.3689583,-0.491,59.29,Bauchi
189141.0,10.3754800971,8.75104299182,9.1,32.0,0.287,1400.0,105.0,838.0,3.0,2.0,7476.849609375,83094.03056759303,11.327728143938335,73696,0.9162885646818407,8.7561035,10.3689583,-0.491,59.29,Bauchi
189142.0,10.3754800971,8.75104299182,9.1,32.0,0.287,1400.0,105.0,838.0,3.0,2.0,7476.849609375,165764.2082341512,12.018321625243976,73696,0.9162885646818407,8.7561035,10.3689583,-0.491,59.29,Bauchi
189143.0,10.3754800971,8.75104299182,9.1,32.0,0.287,1400.0,105.0,838.0,3.0,2.0,7476.849609375,140165.51521778107,11.85057925483798,73696,0.9162885646818407,8.7561035,10.3689583,-0.491,59.29,Bauchi
189144.0,10.3754800971,8.75104299182,9.1,32.0,0.287,1400.0,105.0,838.0,3.0,2.0,7476.849609375,169016.44972737628,12.03775132483335,73696,0.9162885646818407,8.7561035,10.3689583,-0.491,59.29,Bauchi
189147.0,10.4167450134,8.71238653195,2.2,97.0,0.285,1395.0,423.0,773.0,3.0,2.0,15675.4521484375,95660.11719970702,11.46855674240296,61763,0.5070173542916248,8.7121582,10.412183,-0.239,59.29,Bauchi
189148.0,10.4167450134,8.71238653195,2.2,97.0,0.285,1395.0,423.0,773.0,3.0,2.0,15675.4521484375,155305.770513916,11.953151165651336,61763,0.5070173542916248,8.7121582,10.412183,-0.239,59.29,Bauchi
189149.0,10.4167450134,8.71238653195,2.2,97.0,0.285,1395.0,423.0,773.0,3.0,2.0,15675.4521484375,86717.53858184813,11.370411432758754,61763,0.5070173542916248,8.7121582,10.412183,-0.239,59.29,Bauchi
189150.0,10.4167450134,8.71238653195,2.2,97.0,0.285,1395.0,423.0,773.0,3.0,2.0,15675.4521484375,79521.99308831352,11.283788905004204,61763,0.5070173542916248,8.7121582,10.412183,-0.239,59.29,Bauchi
189151.0,10.4167450134,8.71238653195,2.2,97.0,0.285,1395.0,423.0,773.0,3.0,2.0,15675.4521484375,64335.346140894406,11.071864465893642,61763,0.5070173542916248,8.7121582,10.412183,-0.239,59.29,Bauchi
189152.0,10.4167450134,8.71238653195,2.2,97.0,0.285,1395.0,423.0,773.0,3.0,2.0,15675.4521484375,72234.69689059787,11.18767577579766,61763,0.5070173542916248,8.7121582,10.412183,-0.239,59.29,Bauchi
189154.0,10.4167450134,8.71238653195,2.2,97.0,0.285,1395.0,423.0,773.0,3.0,2.0,15675.4521484375,94672.21166992188,11.458175800737893,61763,0.5070173542916248,8.7121582,10.412183,-0.239,59.29,Bauchi
189155.0,10.4167450134,8.71238653195,2.2,97.0,0.285,1395.0,423.0,773.0,3.0,2.0,15675.4521484375,146180.36357710094,11.892596505219007,61763,0.5070173542916248,8.7121582,10.412183,-0.239,59.29,Bauchi
189156.0,10.4167450134,8.71238653195,2.2,97.0,0.285,1395.0,423.0,773.0,3.0,2.0,15675.4521484375,77699.78187779018,11.26060772911615,61763,0.5070173542916248,8.7121582,10.412183,-0.239,59.29,Bauchi
189157.0,10.4217849519,8.63946705965,7.2,76.7,0.288,1425.0,587.0,805.0,3.0,2.0,2532.90380859375,127912.44157714842,11.759101258654152,69747,1.3042991720290338,8.6462402,10.412183,-0.436,25.76,Kaduna
189158.0,10.4217849519,8.63946705965,7.2,76.7,0.288,1425.0,587.0,805.0,3.0,2.0,2532.90380859375,190175.3915608724,12.155702038813676,69747,1.3042991720290338,8.6462402,10.412183,-0.436,25.76,Kaduna
189159.0,10.4217849519,8.63946705965,7.2,76.7,0.288,1425.0,587.0,805.0,3.0,2.0,2532.90380859375,225752.96702575684,12.327196614164102,69747,1.3042991720290338,8.6462402,10.412183,-0.436,25.76,Kaduna
189160.0,10.4217849519,8.63946705965,7.2,76.7,0.288,1425.0,587.0,805.0,3.0,2.0,2532.90380859375,184142.11271158856,12.123463090174456,69747,1.3042991720290338,8.6462402,10.412183,-0.436,25.76,Kaduna
189161.0,10.4217849519,8.63946705965,7.2,76.7,0.288,1425.0,587.0,805.0,3.0,2.0,2532.90380859375,236760.58338928223,12.374804712855022,69747,1.3042991720290338,8.6462402,10.412183,-0.436,25.76,Kaduna
189162.0,10.4217849519,8.63946705965,7.2,76.7,0.288,1425.0,587.0,805.0,3.0,2.0,2532.90380859375,219683.9098968506,12.299945018990035,69747,1.3042991720290338,8.6462402,10.412183,-0.436,25.76,Kaduna
189164.0,10.4217849519,8.63946705965,7.2,76.7,0.288,1425.0,587.0,805.0,3.0,2.0,2532.90380859375,224628.4737984793,12.32220308884543,69747,1.3042991720290338,8.6462402,10.412183,-0.436,25.76,Kaduna
189165.0,10.4217849519,8.63946705965,7.2,76.7,0.288,1425.0,587.0,805.0,3.0,2.0,2532.90380859375,202706.5730834961,12.21951475955861,69747,1.3042991720290338,8.6462402,10.412183,-0.436,25.76,Kaduna
189167.0,10.4217849519,8.63946705965,7.2,76.7,0.288,1425.0,587.0,805.0,3.0,2.0,2532.90380859375,158262.8891078404,11.9720127844486,69747,1.3042991720290338,8.6462402,10.412183,-0.436,25.76,Kaduna
189168.0,10.4217849519,8.63946705965,7.2,76.7,0.288,1425.0,587.0,805.0,3.0,2.0,2532.90380859375,1656486.5141906738,14.32020935954236,69747,1.3042991720290338,8.6462402,10.412183,-0.436,25.76,Kaduna
189169.0,11.3003890945,7.85161153966,1.3,102.5,0.306,1138.0,464.0,664.0,3.0,2.0,7941.9794921875,90161.21946833684,11.40935467422486,98198,0.5548945513777657,7.8552246,11.2969342,-0.468,25.76,Kaduna
189170.0,11.3003890945,7.85161153966,1.3,102.5,0.306,1138.0,464.0,664.0,3.0,2.0,7941.9794921875,127962.07174682616,11.759489184514024,98198,0.5548945513777657,7.8552246,11.2969342,-0.468,25.76,Kaduna
189171.0,11.3003890945,7.85161153966,1.3,102.5,0.306,1138.0,464.0,664.0,3.0,2.0,7941.9794921875,294876.51385498047,12.594311950583972,98198,0.5548945513777657,7.8552246,11.2969342,-0.468,25.76,Kaduna
189173.0,11.3003890945,7.85161153966,1.3,102.5,0.306,1138.0,464.0,664.0,3.0,2.0,7941.9794921875,60809.921343122216,11.015508234627417,98198,0.5548945513777657,7.8552246,11.2969342,-0.468,25.76,Kaduna
189174.0,11.3003890945,7.85161153966,1.3,102.5,0.306,1138.0,464.0,664.0,3.0,2.0,7941.9794921875,103874.67254638672,11.550940379771426,98198,0.5548945513777657,7.8552246,11.2969342,-0.468,25.76,Kaduna
189175.0,11.3003890945,7.85161153966,1.3,102.5,0.306,1138.0,464.0,664.0,3.0,2.0,7941.9794921875,95408.25968488056,11.465920433194674,98198,0.5548945513777657,7.8552246,11.2969342,-0.468,25.76,Kaduna
189176.0,11.3003890945,7.85161153966,1.3,102.5,0.306,1138.0,464.0,664.0,3.0,2.0,7941.9794921875,90021.40383605959,11.407802741438276,98198,0.5548945513777657,7.8552246,11.2969342,-0.468,25.76,Kaduna
189178.0,11.3003890945,7.85161153966,1.3,102.5,0.306,1138.0,464.0,664.0,3.0,2.0,7941.9794921875,44879.27970513238,10.711731490716902,98198,0.5548945513777657,7.8552246,11.2969342,-0.468,25.76,Kaduna
189179.0,11.3003890945,7.85161153966,1.3,102.5,0.306,1138.0,464.0,664.0,3.0,2.0,7941.9794921875,99558.70346069336,11.508502733703818,98198,0.5548945513777657,7.8552246,11.2969342,-0.468,25.76,Kaduna
189180.0,11.3003890945,7.85161153966,1.3,102.5,0.306,1138.0,464.0,664.0,3.0,2.0,7941.9794921875,91573.4416378706,11.424896570170748,98198,0.5548945513777657,7.8552246,11.2969342,-0.468,25.76,Kaduna
189181.0,11.1326535506,7.72943749326,0.3,117.9,0.291,1185.0,3504.0,634.0,3.0,1.0,6567.08642578125,186984.14068773057,12.138779083083705,49610,1.126258577721958,7.7233887,11.1245072,1.015,25.76,Kaduna
189183.0,11.1326535506,7.72943749326,0.3,117.9,0.291,1185.0,3504.0,634.0,3.0,1.0,6567.08642578125,126323.5275177002,11.746601573790572,49610,1.126258577721958,7.7233887,11.1245072,1.015,25.76,Kaduna
189184.0,11.1326535506,7.72943749326,0.3,117.9,0.291,1185.0,3504.0,634.0,3.0,1.0,6567.08642578125,89767.54029707475,11.40497872232048,49610,1.126258577721958,7.7233887,11.1245072,1.015,25.76,Kaduna
189185.0,11.1326535506,7.72943749326,0.3,117.9,0.291,1185.0,3504.0,634.0,3.0,1.0,6567.08642578125,117590.05125554404,11.674959712700897,49610,1.126258577721958,7.7233887,11.1245072,1.015,25.76,Kaduna
189186.0,11.1326535506,7.72943749326,0.3,117.9,0.291,1185.0,3504.0,634.0,3.0,1.0,6567.08642578125,169362.79582519532,12.039798413851488,49610,1.126258577721958,7.7233887,11.1245072,1.015,25.76,Kaduna
189187.0,11.1326535506,7.72943749326,0.3,117.9,0.291,1185.0,3504.0,634.0,3.0,1.0,6567.08642578125,81450.01473276954,11.307744794911324,49610,1.126258577721958,7.7233887,11.1245072,1.015,25.76,Kaduna
189188.0,11.1326535506,7.72943749326,0.3,117.9,0.291,1185.0,3504.0,634.0,3.0,1.0,6567.08642578125,221628.71856689453,12.30875882187938,49610,1.126258577721958,7.7233887,11.1245072,1.015,25.76,Kaduna
189189.0,11.1326535506,7.72943749326,0.3,117.9,0.291,1185.0,3504.0,634.0,3.0,1.0,6567.08642578125,204318.3557078044,12.22743462360186,49610,1.126258577721958,7.7233887,11.1245072,1.015,25.76,Kaduna
189191.0,11.1326535506,7.72943749326,0.3,117.9,0.291,1185.0,3504.0,634.0,3.0,1.0,6567.08642578125,101837.2916442871,11.531131638654236,49610,1.126258577721958,7.7233887,11.1245072,1.015,25.76,Kaduna
189192.0,11.1326535506,7.72943749326,0.3,117.9,0.291,1185.0,3504.0,634.0,3.0,1.0,6567.08642578125,212772.65192871093,12.26797951281822,49610,1.126258577721958,7.7233887,11.1245072,1.015,25.76,Kaduna
189193.0,11.1471464999,7.87251617852,12.3,130.6,0.292,1176.0,142.0,650.0,3.0,2.0,2228.435302734375,87008.66330337524,11.373762970878856,89957,0.5332616777330775,7.8771973,11.1460662,-0.501,25.76,Kaduna
189194.0,11.1471464999,7.87251617852,12.3,130.6,0.292,1176.0,142.0,650.0,3.0,2.0,2228.435302734375,58525.46099149263,10.977217169158378,89957,0.5332616777330775,7.8771973,11.1460662,-0.501,25.76,Kaduna
189195.0,11.1471464999,7.87251617852,12.3,130.6,0.292,1176.0,142.0,650.0,3.0,2.0,2228.435302734375,94537.22786712646,11.456748981589485,89957,0.5332616777330775,7.8771973,11.1460662,-0.501,25.76,Kaduna
189196.0,11.1471464999,7.87251617852,12.3,130.6,0.292,1176.0,142.0,650.0,3.0,2.0,2228.435302734375,61027.39691840277,11.019078172136725,89957,0.5332616777330775,7.8771973,11.1460662,-0.501,25.76,Kaduna
189197.0,11.1471464999,7.87251617852,12.3,130.6,0.292,1176.0,142.0,650.0,3.0,2.0,2228.435302734375,39541.99668666295,10.585118593341967,89957,0.5332616777330775,7.8771973,11.1460662,-0.501,25.76,Kaduna
189199.0,11.1471464999,7.87251617852,12.3,130.6,0.292,1176.0,142.0,650.0,3.0,2.0,2228.435302734375,55647.38050079346,10.92679028463074,89957,0.5332616777330775,7.8771973,11.1460662,-0.501,25.76,Kaduna
189200.0,11.1471464999,7.87251617852,12.3,130.6,0.292,1176.0,142.0,650.0,3.0,2.0,2228.435302734375,59308.58900960286,10.9905094144571,89957,0.5332616777330775,7.8771973,11.1460662,-0.501,25.76,Kaduna
189202.0,11.1471464999,7.87251617852,12.3,130.6,0.292,1176.0,142.0,650.0,3.0,2.0,2228.435302734375,30806.85169011896,10.335492401693068,89957,0.5332616777330775,7.8771973,11.1460662,-0.501,25.76,Kaduna
189203.0,11.1471464999,7.87251617852,12.3,130.6,0.292,1176.0,142.0,650.0,3.0,2.0,2228.435302734375,53300.24201965332,10.883696150850067,89957,0.5332616777330775,7.8771973,11.1460662,-0.501,25.76,Kaduna
189204.0,11.1471464999,7.87251617852,12.3,130.6,0.292,1176.0,142.0,650.0,3.0,2.0,2228.435302734375,82717.40349232066,11.32318530013356,89957,0.5332616777330775,7.8771973,11.1460662,-0.501,25.76,Kaduna
189205.0,9.67827452893,8.29098550568,5.9,124.2,0.301,1762.0,227.0,763.0,3.0,2.0,5677.91455078125,194279.3578125,12.17705239098016,29516,0.4514736503794961,8.2946777,9.6765684,0.116,25.76,Kaduna
189206.0,9.67827452893,8.29098550568,5.9,124.2,0.301,1762.0,227.0,763.0,3.0,2.0,5677.91455078125,118061.6992034912,11.678962641402364,29516,0.4514736503794961,8.2946777,9.6765684,0.116,25.76,Kaduna
189207.0,9.04228145729,7.47192409285,5.1,119.8,0.307,1333.0,4465.0,471.0,1.0,1.0,5677.91455078125,378666.4152984619,12.844410925770418,75852,1.2479465637016112,7.4816895,9.0478525,0.989,,Federal Capital Territory
189209.0,9.74962569679,8.32247653455,12.8,106.2,0.304,1762.0,366.0,876.0,3.0,2.0,5677.91455078125,235588.45588175455,12.36984173075499,11346,1.1060344574539966,8.3166504,9.7415422,0.08,25.76,Kaduna
189210.0,9.67827452893,8.29098550568,5.9,124.2,0.301,1762.0,227.0,763.0,3.0,2.0,5677.91455078125,392519.28395080566,12.880340946082564,29516,0.4514736503794961,8.2946777,9.6765684,0.116,25.76,Kaduna
189212.0,9.67827452893,8.29098550568,5.9,124.2,0.301,1762.0,227.0,763.0,3.0,2.0,5677.91455078125,169390.19053141275,12.039960152388892,29516,0.4514736503794961,8.2946777,9.6765684,0.116,25.76,Kaduna
189213.0,9.67827452893,8.29098550568,5.9,124.2,0.301,1762.0,227.0,763.0,3.0,2.0,5677.91455078125,512789.96945699054,13.14762162405601,29516,0.4514736503794961,8.2946777,9.6765684,0.116,25.76,Kaduna
189214.0,9.67827452893,8.29098550568,5.9,124.2,0.301,1762.0,227.0,763.0,3.0,2.0,5677.91455078125,197574.58339182535,12.193871429463211,29516,0.4514736503794961,8.2946777,9.6765684,0.116,25.76,Kaduna
189216.0,9.67827452893,8.29098550568,5.9,124.2,0.301,1762.0,227.0,763.0,3.0,2.0,5677.91455078125,170286.62859584266,12.045238346808592,29516,0.4514736503794961,8.2946777,9.6765684,0.116,25.76,Kaduna
189218.0,10.3370052418,7.39518613691,0.9,118.3,0.294,1447.0,566.0,625.0,3.0,2.0,11923.525390625,120674.06524658205,11.700848514458354,91115,1.1578551564039037,7.3937988,10.3473437,0.43,25.76,Kaduna
189222.0,10.4444478318,7.39190805636,1.6,123.0,0.292,1418.0,3229.0,584.0,3.0,1.0,4146.87255859375,155943.7563298543,11.957250684875731,71694,1.2011524399192743,7.3937988,10.4337931,0.686,25.76,Kaduna
189235.0,10.4226523846,7.7717964177,0.4,135.9,0.278,1475.0,201.0,624.0,3.0,2.0,1754.6531982421875,67202.51321847098,11.115465924896302,32797,1.2632618604910857,7.767334,10.412183,-0.375,25.76,Kaduna
189236.0,10.4226523846,7.7717964177,0.4,135.9,0.278,1475.0,201.0,624.0,3.0,2.0,1754.6531982421875,76758.89539228167,11.24842455961009,32797,1.2632618604910857,7.767334,10.412183,-0.375,25.76,Kaduna
189242.0,10.4167450134,8.71238653195,2.2,97.0,0.285,1395.0,423.0,773.0,3.0,2.0,15675.4521484375,49952.91008758545,10.818836042391371,61763,0.5070173542916248,8.7121582,10.412183,-0.239,59.29,Bauchi
189252.0,9.67827452893,8.29098550568,5.9,124.2,0.301,1762.0,227.0,763.0,3.0,2.0,5677.91455078125,275440.1669747489,12.526125704223189,29516,0.4514736503794961,8.2946777,9.6765684,0.116,25.76,Kaduna
190011.0,11.987756078800002,8.52976660735,1.8,15.5,0.274,746.0,17445.0,485.0,3.0,1.0,2512.924072265625,316323.52446289064,12.66452078042283,55217,0.7720866653696162,8.536377,11.9855916,1.4,50.05,Kano
190012.0,11.987756078800002,8.52976660735,1.8,15.5,0.274,746.0,17445.0,485.0,3.0,1.0,2512.924072265625,143547.5573577881,11.874421669436398,55217,0.7720866653696162,8.536377,11.9855916,1.4,50.05,Kano
190013.0,11.987756078800002,8.52976660735,1.8,15.5,0.274,746.0,17445.0,485.0,3.0,1.0,2512.924072265625,329091.7354064941,12.704091821904145,55217,0.7720866653696162,8.536377,11.9855916,1.4,50.05,Kano
190014.0,11.987756078800002,8.52976660735,1.8,15.5,0.274,746.0,17445.0,485.0,3.0,1.0,2512.924072265625,161798.81095359437,11.994108934714223,55217,0.7720866653696162,8.536377,11.9855916,1.4,50.05,Kano
190015.0,11.925430352,8.50068873707,2.1,16.9,0.287,772.0,6610.0,471.0,3.0,2.0,2512.924072265625,307474.3496144613,12.63614694686148,21221,1.034786469327823,8.4924316,11.9211029,0.908,50.05,Kano
190016.0,11.9663027263,8.48997558843,0.1,4.0,0.278,759.0,19251.0,487.0,3.0,2.0,2512.924072265625,265084.8253520966,12.48780514941696,8571,0.3664140130143432,8.4924316,11.9640971,1.457,50.05,Kano
190017.0,11.987756078800002,8.52976660735,1.8,15.5,0.274,746.0,17445.0,485.0,3.0,1.0,2512.924072265625,306842.8978474935,12.634091162193329,55217,0.7720866653696162,8.536377,11.9855916,1.4,50.05,Kano
190018.0,11.987756078800002,8.52976660735,1.8,15.5,0.274,746.0,17445.0,485.0,3.0,1.0,2512.924072265625,210088.1855552673,12.255282652768727,55217,0.7720866653696162,8.536377,11.9855916,1.4,50.05,Kano
190019.0,11.987756078800002,8.52976660735,1.8,15.5,0.274,746.0,17445.0,485.0,3.0,1.0,2512.924072265625,264658.92574310297,12.486197203311407,55217,0.7720866653696162,8.536377,11.9855916,1.4,50.05,Kano
190020.0,11.987756078800002,8.52976660735,1.8,15.5,0.274,746.0,17445.0,485.0,3.0,1.0,2512.924072265625,305345.31283187866,12.62919858838406,55217,0.7720866653696162,8.536377,11.9855916,1.4,50.05,Kano
190081.0,11.559592131100002,9.01875772705,0.5,3.4,0.289,867.0,419.0,445.0,3.0,2.0,6356.2197265625,64691.74313119742,11.077388854589318,26155,0.480988299297723,9.0197754,11.5553801,-0.763,50.05,Kano
190082.0,11.559592131100002,9.01875772705,0.5,3.4,0.289,867.0,419.0,445.0,3.0,2.0,6356.2197265625,109531.51100921632,11.603967558614002,26155,0.480988299297723,9.0197754,11.5553801,-0.763,50.05,Kano
190083.0,11.559592131100002,9.01875772705,0.5,3.4,0.289,867.0,419.0,445.0,3.0,2.0,6356.2197265625,116610.31613006593,11.666593023513755,26155,0.480988299297723,9.0197754,11.5553801,-0.763,50.05,Kano
190084.0,11.559592131100002,9.01875772705,0.5,3.4,0.289,867.0,419.0,445.0,3.0,2.0,6356.2197265625,73891.79762573242,11.210357107890232,26155,0.480988299297723,9.0197754,11.5553801,-0.763,50.05,Kano
190085.0,11.559592131100002,9.01875772705,0.5,3.4,0.289,867.0,419.0,445.0,3.0,2.0,6356.2197265625,297731.39376976376,12.603946995826758,26155,0.480988299297723,9.0197754,11.5553801,-0.763,50.05,Kano
190086.0,11.559592131100002,9.01875772705,0.5,3.4,0.289,867.0,419.0,445.0,3.0,2.0,6356.2197265625,233699.3426252092,12.361790707622731,26155,0.480988299297723,9.0197754,11.5553801,-0.763,50.05,Kano
190087.0,11.559592131100002,9.01875772705,0.5,3.4,0.289,867.0,419.0,445.0,3.0,2.0,6356.2197265625,111407.66168212892,11.620951380431064,26155,0.480988299297723,9.0197754,11.5553801,-0.763,50.05,Kano
190088.0,11.559592131100002,9.01875772705,0.5,3.4,0.289,867.0,419.0,445.0,3.0,2.0,6356.2197265625,89156.72340901692,11.39815103726213,26155,0.480988299297723,9.0197754,11.5553801,-0.763,50.05,Kano
190089.0,11.559592131100002,9.01875772705,0.5,3.4,0.289,867.0,419.0,445.0,3.0,2.0,6356.2197265625,60468.102388654435,11.009871271737232,26155,0.480988299297723,9.0197754,11.5553801,-0.763,50.05,Kano
190090.0,11.559592131100002,9.01875772705,0.5,3.4,0.289,867.0,419.0,445.0,3.0,2.0,6356.2197265625,74542.84963129216,11.21912940186104,26155,0.480988299297723,9.0197754,11.5553801,-0.763,50.05,Kano
190111.0,12.0479308079,8.471457888269999,0.1,13.8,0.238,718.0,5372.0,489.0,3.0,1.0,2791.10302734375,137857.1076589411,11.833972975942034,17811,0.26153870922767997,8.470459,12.0500648,1.397,50.05,Kano
190112.0,12.0479308079,8.471457888269999,0.1,13.8,0.238,718.0,5372.0,489.0,3.0,1.0,2791.10302734375,186975.94410487585,12.138735246411343,17811,0.26153870922767997,8.470459,12.0500648,1.397,50.05,Kano
190113.0,12.0479308079,8.471457888269999,0.1,13.8,0.238,718.0,5372.0,489.0,3.0,1.0,2791.10302734375,90893.62500939002,11.417445145796313,17811,0.26153870922767997,8.470459,12.0500648,1.397,50.05,Kano
190114.0,12.0479308079,8.471457888269999,0.1,13.8,0.238,718.0,5372.0,489.0,3.0,1.0,2791.10302734375,49131.29504496256,10.802251484370805,17811,0.26153870922767997,8.470459,12.0500648,1.397,50.05,Kano
190115.0,12.0479308079,8.471457888269999,0.1,13.8,0.238,718.0,5372.0,489.0,3.0,1.0,2791.10302734375,77188.09823491023,11.254000556186192,17811,0.26153870922767997,8.470459,12.0500648,1.397,50.05,Kano
190116.0,12.0479308079,8.471457888269999,0.1,13.8,0.238,718.0,5372.0,489.0,3.0,1.0,2791.10302734375,324397.848987726,12.68972597046074,17811,0.26153870922767997,8.470459,12.0500648,1.397,50.05,Kano
190117.0,12.0479308079,8.471457888269999,0.1,13.8,0.238,718.0,5372.0,489.0,3.0,1.0,2791.10302734375,292752.79872436525,12.587083841531651,17811,0.26153870922767997,8.470459,12.0500648,1.397,50.05,Kano
190118.0,12.0479308079,8.471457888269999,0.1,13.8,0.238,718.0,5372.0,489.0,3.0,1.0,2791.10302734375,101691.2539573921,11.529696579886185,17811,0.26153870922767997,8.470459,12.0500648,1.397,50.05,Kano
190119.0,12.0479308079,8.471457888269999,0.1,13.8,0.238,718.0,5372.0,489.0,3.0,1.0,2791.10302734375,152015.94414672855,11.931740690029406,17811,0.26153870922767997,8.470459,12.0500648,1.397,50.05,Kano
190131.0,12.148326223699998,8.36706976593,1.7,10.0,0.294,693.0,1963.0,502.0,3.0,2.0,3786.587890625,427603.5607055664,12.965951785286304,101406,1.2450298350052873,8.3605957,12.1574857,0.641,50.05,Kano
190132.0,12.148326223699998,8.36706976593,1.7,10.0,0.294,693.0,1963.0,502.0,3.0,2.0,3786.587890625,138354.49157714844,11.837574450009,101406,1.2450298350052873,8.3605957,12.1574857,0.641,50.05,Kano
190133.0,12.148326223699998,8.36706976593,1.7,10.0,0.294,693.0,1963.0,502.0,3.0,2.0,3786.587890625,136774.37860801004,11.82608797575234,101406,1.2450298350052873,8.3605957,12.1574857,0.641,50.05,Kano
190134.0,12.148326223699998,8.36706976593,1.7,10.0,0.294,693.0,1963.0,502.0,3.0,2.0,3786.587890625,139338.62388483682,11.84466239258326,101406,1.2450298350052873,8.3605957,12.1574857,0.641,50.05,Kano
190135.0,12.148326223699998,8.36706976593,1.7,10.0,0.294,693.0,1963.0,502.0,3.0,2.0,3786.587890625,235796.54902013144,12.370724631779549,101406,1.2450298350052873,8.3605957,12.1574857,0.641,50.05,Kano
190136.0,12.148326223699998,8.36706976593,1.7,10.0,0.294,693.0,1963.0,502.0,3.0,2.0,3786.587890625,105551.47787074852,11.566954054796147,101406,1.2450298350052873,8.3605957,12.1574857,0.641,50.05,Kano
190137.0,12.148326223699998,8.36706976593,1.7,10.0,0.294,693.0,1963.0,502.0,3.0,2.0,3786.587890625,89602.41288757324,11.403137528149236,101406,1.2450298350052873,8.3605957,12.1574857,0.641,50.05,Kano
190138.0,12.148326223699998,8.36706976593,1.7,10.0,0.294,693.0,1963.0,502.0,3.0,2.0,3786.587890625,80079.54847886827,11.290775775597435,101406,1.2450298350052873,8.3605957,12.1574857,0.641,50.05,Kano
190139.0,12.148326223699998,8.36706976593,1.7,10.0,0.294,693.0,1963.0,502.0,3.0,2.0,3786.587890625,186372.55668428208,12.135502942305893,101406,1.2450298350052873,8.3605957,12.1574857,0.641,50.05,Kano
190140.0,12.148326223699998,8.36706976593,1.7,10.0,0.294,693.0,1963.0,502.0,3.0,2.0,3786.587890625,256511.3033803304,12.45492801038158,101406,1.2450298350052873,8.3605957,12.1574857,0.641,50.05,Kano
190161.0,11.829167347700002,7.91950109695,0.1,4.6,0.284,880.0,254.0,583.0,3.0,2.0,5499.6083984375,261351.64112666296,12.473622063542294,65938,0.6826571818391344,7.9211426,11.8350943,-0.472,50.05,Kano
190162.0,11.829167347700002,7.91950109695,0.1,4.6,0.284,880.0,254.0,583.0,3.0,2.0,5499.6083984375,101884.91180547078,11.53159913960646,65938,0.6826571818391344,7.9211426,11.8350943,-0.472,50.05,Kano
190163.0,11.829167347700002,7.91950109695,0.1,4.6,0.284,880.0,254.0,583.0,3.0,2.0,5499.6083984375,100362.18829727171,11.516540804719249,65938,0.6826571818391344,7.9211426,11.8350943,-0.472,50.05,Kano
190164.0,11.829167347700002,7.91950109695,0.1,4.6,0.284,880.0,254.0,583.0,3.0,2.0,5499.6083984375,205049.2824554443,12.23100563145024,65938,0.6826571818391344,7.9211426,11.8350943,-0.472,50.05,Kano
190165.0,11.829167347700002,7.91950109695,0.1,4.6,0.284,880.0,254.0,583.0,3.0,2.0,5499.6083984375,39436.224851578,10.58244008536186,65938,0.6826571818391344,7.9211426,11.8350943,-0.472,50.05,Kano
190166.0,11.9615361069,8.4794841485,0.2,6.6,0.281,762.0,27220.0,491.0,3.0,2.0,5499.6083984375,151513.87078421455,11.928432456071985,49047,1.0413432394787985,8.470459,11.9640971,1.281,50.05,Kano
190167.0,11.829167347700002,7.91950109695,0.1,4.6,0.284,880.0,254.0,583.0,3.0,2.0,5499.6083984375,54990.73319549561,10.914919962664394,65938,0.6826571818391344,7.9211426,11.8350943,-0.472,50.05,Kano
190168.0,11.829167347700002,7.91950109695,0.1,4.6,0.284,880.0,254.0,583.0,3.0,2.0,5499.6083984375,92755.96795984902,11.43772732298024,65938,0.6826571818391344,7.9211426,11.8350943,-0.472,50.05,Kano
190169.0,11.829167347700002,7.91950109695,0.1,4.6,0.284,880.0,254.0,583.0,3.0,2.0,5499.6083984375,45175.99501083837,10.718321140914345,65938,0.6826571818391344,7.9211426,11.8350943,-0.472,50.05,Kano
190170.0,11.829167347700002,7.91950109695,0.1,4.6,0.284,880.0,254.0,583.0,3.0,2.0,5499.6083984375,106223.75843949751,11.573303076889266,65938,0.6826571818391344,7.9211426,11.8350943,-0.472,50.05,Kano
190171.0,11.878557637400002,8.44793698763,0.2,12.5,0.298,794.0,1289.0,447.0,3.0,2.0,7596.80322265625,109278.6240541246,11.60165608371258,9426,0.07921928702885213,8.4484863,11.878102,0.38,50.05,Kano
190172.0,11.878557637400002,8.44793698763,0.2,12.5,0.298,794.0,1289.0,447.0,3.0,2.0,7596.80322265625,159134.04986572266,11.97750220692577,9426,0.07921928702885213,8.4484863,11.878102,0.38,50.05,Kano
190173.0,11.878557637400002,8.44793698763,0.2,12.5,0.298,794.0,1289.0,447.0,3.0,2.0,7596.80322265625,90351.3152404785,11.411460853086291,9426,0.07921928702885213,8.4484863,11.878102,0.38,50.05,Kano
190174.0,11.878557637400002,8.44793698763,0.2,12.5,0.298,794.0,1289.0,447.0,3.0,2.0,7596.80322265625,123320.11170959473,11.722538787851075,9426,0.07921928702885213,8.4484863,11.878102,0.38,50.05,Kano
190175.0,11.878557637400002,8.44793698763,0.2,12.5,0.298,794.0,1289.0,447.0,3.0,2.0,7596.80322265625,115738.73908233644,11.659090680670149,9426,0.07921928702885213,8.4484863,11.878102,0.38,50.05,Kano
190176.0,11.878557637400002,8.44793698763,0.2,12.5,0.298,794.0,1289.0,447.0,3.0,2.0,7596.80322265625,126812.74931553434,11.750466862583266,9426,0.07921928702885213,8.4484863,11.878102,0.38,50.05,Kano
190177.0,11.878557637400002,8.44793698763,0.2,12.5,0.298,794.0,1289.0,447.0,3.0,2.0,7596.80322265625,117387.74544949002,11.673237798044472,9426,0.07921928702885213,8.4484863,11.878102,0.38,50.05,Kano
190178.0,11.878557637400002,8.44793698763,0.2,12.5,0.298,794.0,1289.0,447.0,3.0,2.0,7596.80322265625,124908.37978447812,11.73533578581249,9426,0.07921928702885213,8.4484863,11.878102,0.38,50.05,Kano
190179.0,11.878557637400002,8.44793698763,0.2,12.5,0.298,794.0,1289.0,447.0,3.0,2.0,7596.80322265625,107052.3894144694,11.581073614314915,9426,0.07921928702885213,8.4484863,11.878102,0.38,50.05,Kano
190180.0,11.878557637400002,8.44793698763,0.2,12.5,0.298,794.0,1289.0,447.0,3.0,2.0,7596.80322265625,74354.54796006947,11.21660011962168,9426,0.07921928702885213,8.4484863,11.878102,0.38,50.05,Kano
190192.0,11.524148511600002,8.63256828449,4.0,8.8,0.287,948.0,629.0,504.0,3.0,2.0,2623.399658203125,87570.05082350511,11.38019433289186,49400,1.4174098054794826,8.6242676,11.533852,0.083,50.05,Kano
190193.0,11.524148511600002,8.63256828449,4.0,8.8,0.287,948.0,629.0,504.0,3.0,2.0,2623.399658203125,160841.95728759764,11.988177530096564,49400,1.4174098054794826,8.6242676,11.533852,0.083,50.05,Kano
190194.0,11.524148511600002,8.63256828449,4.0,8.8,0.287,948.0,629.0,504.0,3.0,2.0,2623.399658203125,155192.21941375732,11.952419752831256,49400,1.4174098054794826,8.6242676,11.533852,0.083,50.05,Kano
190195.0,11.524148511600002,8.63256828449,4.0,8.8,0.287,948.0,629.0,504.0,3.0,2.0,2623.399658203125,168590.06857299805,12.035225417553924,49400,1.4174098054794826,8.6242676,11.533852,0.083,50.05,Kano
190196.0,11.524148511600002,8.63256828449,4.0,8.8,0.287,948.0,629.0,504.0,3.0,2.0,2623.399658203125,109761.67886081272,11.60606673858629,49400,1.4174098054794826,8.6242676,11.533852,0.083,50.05,Kano
190197.0,11.524148511600002,8.63256828449,4.0,8.8,0.287,948.0,629.0,504.0,3.0,2.0,2623.399658203125,292431.9182363657,12.58598716039539,49400,1.4174098054794826,8.6242676,11.533852,0.083,50.05,Kano
190198.0,11.524148511600002,8.63256828449,4.0,8.8,0.287,948.0,629.0,504.0,3.0,2.0,2623.399658203125,123667.74746195476,11.725353792467812,49400,1.4174098054794826,8.6242676,11.533852,0.083,50.05,Kano
190199.0,11.524148511600002,8.63256828449,4.0,8.8,0.287,948.0,629.0,504.0,3.0,2.0,2623.399658203125,72933.17085229782,11.19729883305724,49400,1.4174098054794826,8.6242676,11.533852,0.083,50.05,Kano
190200.0,11.524148511600002,8.63256828449,4.0,8.8,0.287,948.0,629.0,504.0,3.0,2.0,2623.399658203125,100961.99775041852,11.522499465123037,49400,1.4174098054794826,8.6242676,11.533852,0.083,50.05,Kano
199001.0,11.8965650688,8.70171792552,2.0,5.7,0.292,763.0,1020.0,460.0,3.0,2.0,28184.94921875,59371.08427647182,10.991562590134366,59973,1.2069440949365071,8.7121582,11.8996033,-0.245,50.05,Kano
199002.0,11.8965650688,8.70171792552,2.0,5.7,0.292,763.0,1020.0,460.0,3.0,2.0,28184.94921875,74517.88289206367,11.21879441438259,59973,1.2069440949365071,8.7121582,11.8996033,-0.245,50.05,Kano
199004.0,11.8965650688,8.70171792552,2.0,5.7,0.292,763.0,1020.0,460.0,3.0,2.0,28184.94921875,135882.147128635,11.819543223802862,59973,1.2069440949365071,8.7121582,11.8996033,-0.245,50.05,Kano
199005.0,11.8965650688,8.70171792552,2.0,5.7,0.292,763.0,1020.0,460.0,3.0,2.0,28184.94921875,157405.83440607245,11.966582681661388,59973,1.2069440949365071,8.7121582,11.8996033,-0.245,50.05,Kano
199006.0,11.8965650688,8.70171792552,2.0,5.7,0.292,763.0,1020.0,460.0,3.0,2.0,28184.94921875,122749.12128363716,11.717897887045703,59973,1.2069440949365071,8.7121582,11.8996033,-0.245,50.05,Kano
199007.0,11.8965650688,8.70171792552,2.0,5.7,0.292,763.0,1020.0,460.0,3.0,2.0,28184.94921875,185943.7268545968,12.13319936312724,59973,1.2069440949365071,8.7121582,11.8996033,-0.245,50.05,Kano
199008.0,11.8965650688,8.70171792552,2.0,5.7,0.292,763.0,1020.0,460.0,3.0,2.0,28184.94921875,176111.46727498373,12.078872410336864,59973,1.2069440949365071,8.7121582,11.8996033,-0.245,50.05,Kano
199011.0,11.8965650688,8.70171792552,2.0,5.7,0.292,763.0,1020.0,460.0,3.0,2.0,28184.94921875,177525.0765991211,12.086867154533774,59973,1.2069440949365071,8.7121582,11.8996033,-0.245,50.05,Kano
199012.0,11.8965650688,8.70171792552,2.0,5.7,0.292,763.0,1020.0,460.0,3.0,2.0,28184.94921875,101385.23239644368,11.526682722417164,59973,1.2069440949365071,8.7121582,11.8996033,-0.245,50.05,Kano
199013.0,11.8551228537,7.88430893685,0.1,7.4,0.296,871.0,378.0,580.0,3.0,2.0,8551.720703125,59349.89721298217,10.991205668157328,68064,0.8062175867080292,7.8771973,11.856599,0.097,50.05,Kano
199014.0,11.8551228537,7.88430893685,0.1,7.4,0.296,871.0,378.0,580.0,3.0,2.0,8551.720703125,51250.42572021484,10.844479203702052,68064,0.8062175867080292,7.8771973,11.856599,0.097,50.05,Kano
199015.0,11.8551228537,7.88430893685,0.1,7.4,0.296,871.0,378.0,580.0,3.0,2.0,8551.720703125,111623.44907226563,11.622886423992831,68064,0.8062175867080292,7.8771973,11.856599,0.097,50.05,Kano
199016.0,11.8551228537,7.88430893685,0.1,7.4,0.296,871.0,378.0,580.0,3.0,2.0,8551.720703125,51688.63685126531,10.852993246228213,68064,0.8062175867080292,7.8771973,11.856599,0.097,50.05,Kano
199018.0,11.8551228537,7.88430893685,0.1,7.4,0.296,871.0,378.0,580.0,3.0,2.0,8551.720703125,73990.21774715847,11.211688170842129,68064,0.8062175867080292,7.8771973,11.856599,0.097,50.05,Kano
199019.0,11.8551228537,7.88430893685,0.1,7.4,0.296,871.0,378.0,580.0,3.0,2.0,8551.720703125,86865.75432128905,11.372119152124856,68064,0.8062175867080292,7.8771973,11.856599,0.097,50.05,Kano
199021.0,11.8551228537,7.88430893685,0.1,7.4,0.296,871.0,378.0,580.0,3.0,2.0,8551.720703125,186922.24420166016,12.138448002957034,68064,0.8062175867080292,7.8771973,11.856599,0.097,50.05,Kano
199022.0,11.8551228537,7.88430893685,0.1,7.4,0.296,871.0,378.0,580.0,3.0,2.0,8551.720703125,196940.86431121823,12.190658781495411,68064,0.8062175867080292,7.8771973,11.856599,0.097,50.05,Kano
199023.0,11.8551228537,7.88430893685,0.1,7.4,0.296,871.0,378.0,580.0,3.0,2.0,8551.720703125,439377.71986897785,12.99311473184137,68064,0.8062175867080292,7.8771973,11.856599,0.097,50.05,Kano
199024.0,11.8551228537,7.88430893685,0.1,7.4,0.296,871.0,378.0,580.0,3.0,2.0,8551.720703125,252084.125164032,12.437518140800718,68064,0.8062175867080292,7.8771973,11.856599,0.097,50.05,Kano
199025.0,11.6792278755,8.1838121546,0.4,5.9,0.303,943.0,362.0,529.0,3.0,2.0,8894.890625,66210.87383182866,11.100599985714728,70401,0.5972260669915014,8.1848145,11.6845141,-0.444,50.05,Kano
199026.0,11.6792278755,8.1838121546,0.4,5.9,0.303,943.0,362.0,529.0,3.0,2.0,8894.890625,60412.80484008789,11.008956362117647,70401,0.5972260669915014,8.1848145,11.6845141,-0.444,50.05,Kano
199027.0,11.6792278755,8.1838121546,0.4,5.9,0.303,943.0,362.0,529.0,3.0,2.0,8894.890625,52968.4518585205,10.87745176735142,70401,0.5972260669915014,8.1848145,11.6845141,-0.444,50.05,Kano
199030.0,11.6792278755,8.1838121546,0.4,5.9,0.303,943.0,362.0,529.0,3.0,2.0,8894.890625,119259.99916585285,11.68906125568274,70401,0.5972260669915014,8.1848145,11.6845141,-0.444,50.05,Kano
199031.0,11.6792278755,8.1838121546,0.4,5.9,0.303,943.0,362.0,529.0,3.0,2.0,8894.890625,162715.44287109375,11.999758204935777,70401,0.5972260669915014,8.1848145,11.6845141,-0.444,50.05,Kano
199032.0,11.6792278755,8.1838121546,0.4,5.9,0.303,943.0,362.0,529.0,3.0,2.0,8894.890625,484363.9662780762,13.090591899533422,70401,0.5972260669915014,8.1848145,11.6845141,-0.444,50.05,Kano
199033.0,11.6792278755,8.1838121546,0.4,5.9,0.303,943.0,362.0,529.0,3.0,2.0,8894.890625,161175.0931966593,11.990246588411376,70401,0.5972260669915014,8.1848145,11.6845141,-0.444,50.05,Kano
199034.0,11.6792278755,8.1838121546,0.4,5.9,0.303,943.0,362.0,529.0,3.0,2.0,8894.890625,69154.72769843208,11.144101703496752,70401,0.5972260669915014,8.1848145,11.6845141,-0.444,50.05,Kano
199035.0,11.6792278755,8.1838121546,0.4,5.9,0.303,943.0,362.0,529.0,3.0,2.0,8894.890625,102009.70256614684,11.532823210940002,70401,0.5972260669915014,8.1848145,11.6845141,-0.444,50.05,Kano
199036.0,11.6792278755,8.1838121546,0.4,5.9,0.303,943.0,362.0,529.0,3.0,2.0,8894.890625,377581.6615295411,12.84154214620956,70401,0.5972260669915014,8.1848145,11.6845141,-0.444,50.05,Kano
199037.0,11.830907922,8.49065671738,0.5,3.3,0.304,808.0,2027.0,447.0,3.0,2.0,14244.6298828125,158828.98591105145,11.975583342064446,84900,0.5047262772598295,8.4924316,11.8350943,0.459,50.05,Kano
199038.0,11.830907922,8.49065671738,0.5,3.3,0.304,808.0,2027.0,447.0,3.0,2.0,14244.6298828125,126287.78519033456,11.74631859099601,84900,0.5047262772598295,8.4924316,11.8350943,0.459,50.05,Kano
199040.0,11.830907922,8.49065671738,0.5,3.3,0.304,808.0,2027.0,447.0,3.0,2.0,14244.6298828125,188580.831221081,12.14728200680018,84900,0.5047262772598295,8.4924316,11.8350943,0.459,50.05,Kano
199041.0,11.830907922,8.49065671738,0.5,3.3,0.304,808.0,2027.0,447.0,3.0,2.0,14244.6298828125,226696.44393310547,12.33136715014897,84900,0.5047262772598295,8.4924316,11.8350943,0.459,50.05,Kano
199042.0,11.830907922,8.49065671738,0.5,3.3,0.304,808.0,2027.0,447.0,3.0,2.0,14244.6298828125,100954.15601196288,11.52242179190756,84900,0.5047262772598295,8.4924316,11.8350943,0.459,50.05,Kano
199044.0,11.830907922,8.49065671738,0.5,3.3,0.304,808.0,2027.0,447.0,3.0,2.0,14244.6298828125,80728.3819986979,11.298845490056392,84900,0.5047262772598295,8.4924316,11.8350943,0.459,50.05,Kano
199045.0,11.830907922,8.49065671738,0.5,3.3,0.304,808.0,2027.0,447.0,3.0,2.0,14244.6298828125,111458.1492843628,11.621404456682452,84900,0.5047262772598295,8.4924316,11.8350943,0.459,50.05,Kano
199046.0,11.830907922,8.49065671738,0.5,3.3,0.304,808.0,2027.0,447.0,3.0,2.0,14244.6298828125,77954.3812154134,11.26387907836397,84900,0.5047262772598295,8.4924316,11.8350943,0.459,50.05,Kano
199047.0,11.830907922,8.49065671738,0.5,3.3,0.304,808.0,2027.0,447.0,3.0,2.0,14244.6298828125,76522.84899127294,11.245344654843231,84900,0.5047262772598295,8.4924316,11.8350943,0.459,50.05,Kano
199048.0,11.830907922,8.49065671738,0.5,3.3,0.304,808.0,2027.0,447.0,3.0,2.0,14244.6298828125,376819.2019415961,12.839520780952768,84900,0.5047262772598295,8.4924316,11.8350943,0.459,50.05,Kano
199051.0,12.3033795514,8.49330870156,1.8,8.3,0.27,629.0,799.0,438.0,3.0,2.0,5905.75341796875,173321.98950195312,12.062906354566833,76334,0.5004640699183813,8.4924316,12.3078021,-0.267,50.05,Kano
199052.0,12.3033795514,8.49330870156,1.8,8.3,0.27,629.0,799.0,438.0,3.0,2.0,5905.75341796875,236735.36332448325,12.374698185798149,76334,0.5004640699183813,8.4924316,12.3078021,-0.267,50.05,Kano
199053.0,12.3033795514,8.49330870156,1.8,8.3,0.27,629.0,799.0,438.0,3.0,2.0,5905.75341796875,160978.44341634115,11.989025743178322,76334,0.5004640699183813,8.4924316,12.3078021,-0.267,50.05,Kano
199054.0,12.3033795514,8.49330870156,1.8,8.3,0.27,629.0,799.0,438.0,3.0,2.0,5905.75341796875,150975.96076202393,11.92487590287186,76334,0.5004640699183813,8.4924316,12.3078021,-0.267,50.05,Kano
199055.0,12.3033795514,8.49330870156,1.8,8.3,0.27,629.0,799.0,438.0,3.0,2.0,5905.75341796875,52317.8980662028,10.865093810748428,76334,0.5004640699183813,8.4924316,12.3078021,-0.267,50.05,Kano
199056.0,12.3033795514,8.49330870156,1.8,8.3,0.27,629.0,799.0,438.0,3.0,2.0,5905.75341796875,181157.8364461263,12.107123954819668,76334,0.5004640699183813,8.4924316,12.3078021,-0.267,50.05,Kano
199057.0,12.3033795514,8.49330870156,1.8,8.3,0.27,629.0,799.0,438.0,3.0,2.0,5905.75341796875,49972.64263480051,10.819230987366584,76334,0.5004640699183813,8.4924316,12.3078021,-0.267,50.05,Kano
199058.0,12.3033795514,8.49330870156,1.8,8.3,0.27,629.0,799.0,438.0,3.0,2.0,5905.75341796875,221171.66878662107,12.306694460800934,76334,0.5004640699183813,8.4924316,12.3078021,-0.267,50.05,Kano
199059.0,12.3033795514,8.49330870156,1.8,8.3,0.27,629.0,799.0,438.0,3.0,2.0,5905.75341796875,136310.2547956194,11.822688851799583,76334,0.5004640699183813,8.4924316,12.3078021,-0.267,50.05,Kano
199060.0,12.3033795514,8.49330870156,1.8,8.3,0.27,629.0,799.0,438.0,3.0,2.0,5905.75341796875,129495.5280395508,11.771401627012349,76334,0.5004640699183813,8.4924316,12.3078021,-0.267,50.05,Kano
199061.0,11.9631549411,8.3184032795,2.2,19.9,0.288,775.0,294.0,484.0,3.0,2.0,2657.2890625,214061.80071004233,12.27402004067734,6586,0.22089418154703236,8.3166504,11.9640971,-0.288,50.05,Kano
199062.0,11.9631549411,8.3184032795,2.2,19.9,0.288,775.0,294.0,484.0,3.0,2.0,2657.2890625,143358.90920003253,11.873106619363073,6586,0.22089418154703236,8.3166504,11.9640971,-0.288,50.05,Kano
199064.0,11.9631549411,8.3184032795,2.2,19.9,0.288,775.0,294.0,484.0,3.0,2.0,2657.2890625,262815.83345170453,12.479208812832884,6586,0.22089418154703236,8.3166504,11.9640971,-0.288,50.05,Kano
199065.0,11.9631549411,8.3184032795,2.2,19.9,0.288,775.0,294.0,484.0,3.0,2.0,2657.2890625,40555.94154052735,10.610437572620778,6586,0.22089418154703236,8.3166504,11.9640971,-0.288,50.05,Kano
199066.0,11.9631549411,8.3184032795,2.2,19.9,0.288,775.0,294.0,484.0,3.0,2.0,2657.2890625,232905.73326322768,12.35838907241456,6586,0.22089418154703236,8.3166504,11.9640971,-0.288,50.05,Kano
199067.0,11.9631549411,8.3184032795,2.2,19.9,0.288,775.0,294.0,484.0,3.0,2.0,2657.2890625,61543.109679412846,11.027493178626566,6586,0.22089418154703236,8.3166504,11.9640971,-0.288,50.05,Kano
199068.0,11.9631549411,8.3184032795,2.2,19.9,0.288,775.0,294.0,484.0,3.0,2.0,2657.2890625,250404.6916065216,12.430833654480326,6586,0.22089418154703236,8.3166504,11.9640971,-0.288,50.05,Kano
199069.0,11.9631549411,8.3184032795,2.2,19.9,0.288,775.0,294.0,484.0,3.0,2.0,2657.2890625,122996.86030273438,11.71991410803473,6586,0.22089418154703236,8.3166504,11.9640971,-0.288,50.05,Kano
199071.0,11.9631549411,8.3184032795,2.2,19.9,0.288,775.0,294.0,484.0,3.0,2.0,2657.2890625,285879.105662028,12.563324292960573,6586,0.22089418154703236,8.3166504,11.9640971,-0.288,50.05,Kano
199072.0,11.9631549411,8.3184032795,2.2,19.9,0.288,775.0,294.0,484.0,3.0,2.0,2657.2890625,111754.64312362672,11.624061060817384,6586,0.22089418154703236,8.3166504,11.9640971,-0.288,50.05,Kano
199073.0,12.3086748422,7.99591328581,0.6,14.3,0.258,714.0,908.0,568.0,3.0,2.0,3781.281494140625,77669.70167614163,11.26022052049144,96402,0.9874228064081343,7.9870605,12.3078021,0.331,50.05,Kano
199074.0,12.3086748422,7.99591328581,0.6,14.3,0.258,714.0,908.0,568.0,3.0,2.0,3781.281494140625,140195.9489402771,11.85079635830266,96402,0.9874228064081343,7.9870605,12.3078021,0.331,50.05,Kano
199075.0,12.3086748422,7.99591328581,0.6,14.3,0.258,714.0,908.0,568.0,3.0,2.0,3781.281494140625,360459.81382115686,12.795135756043186,96402,0.9874228064081343,7.9870605,12.3078021,0.331,50.05,Kano
199077.0,12.3086748422,7.99591328581,0.6,14.3,0.258,714.0,908.0,568.0,3.0,2.0,3781.281494140625,117289.7376675076,11.67240254289874,96402,0.9874228064081343,7.9870605,12.3078021,0.331,50.05,Kano
199078.0,12.3086748422,7.99591328581,0.6,14.3,0.258,714.0,908.0,568.0,3.0,2.0,3781.281494140625,85540.30982462566,11.356743003759677,96402,0.9874228064081343,7.9870605,12.3078021,0.331,50.05,Kano
199079.0,12.3086748422,7.99591328581,0.6,14.3,0.258,714.0,908.0,568.0,3.0,2.0,3781.281494140625,154633.0270767212,11.948810021535518,96402,0.9874228064081343,7.9870605,12.3078021,0.331,50.05,Kano
199080.0,12.3086748422,7.99591328581,0.6,14.3,0.258,714.0,908.0,568.0,3.0,2.0,3781.281494140625,159061.23168182373,11.977044511985632,96402,0.9874228064081343,7.9870605,12.3078021,0.331,50.05,Kano
199081.0,12.3086748422,7.99591328581,0.6,14.3,0.258,714.0,908.0,568.0,3.0,2.0,3781.281494140625,469454.1306457519,13.059325874552556,96402,0.9874228064081343,7.9870605,12.3078021,0.331,50.05,Kano
199082.0,12.3086748422,7.99591328581,0.6,14.3,0.258,714.0,908.0,568.0,3.0,2.0,3781.281494140625,171964.23817138674,12.055041816569512,96402,0.9874228064081343,7.9870605,12.3078021,0.331,50.05,Kano
199083.0,12.3086748422,7.99591328581,0.6,14.3,0.258,714.0,908.0,568.0,3.0,2.0,3781.281494140625,271547.3900527954,12.511891952121628,96402,0.9874228064081343,7.9870605,12.3078021,0.331,50.05,Kano
199085.0,11.3076517923,8.5303763865,0.7,16.3,0.291,1084.0,267.0,560.0,3.0,2.0,8730.2412109375,185535.31586914064,12.13100052495315,69294,1.3634222993038025,8.536377,11.2969342,-0.206,50.05,Kano
199086.0,11.3076517923,8.5303763865,0.7,16.3,0.291,1084.0,267.0,560.0,3.0,2.0,8730.2412109375,73434.7197178432,11.204152123442656,69294,1.3634222993038025,8.536377,11.2969342,-0.206,50.05,Kano
199087.0,11.3076517923,8.5303763865,0.7,16.3,0.291,1084.0,267.0,560.0,3.0,2.0,8730.2412109375,78900.69026392156,11.27594525538786,69294,1.3634222993038025,8.536377,11.2969342,-0.206,50.05,Kano
199088.0,11.3076517923,8.5303763865,0.7,16.3,0.291,1084.0,267.0,560.0,3.0,2.0,8730.2412109375,74024.27284240723,11.212148329786215,69294,1.3634222993038025,8.536377,11.2969342,-0.206,50.05,Kano
199090.0,11.3076517923,8.5303763865,0.7,16.3,0.291,1084.0,267.0,560.0,3.0,2.0,8730.2412109375,166113.50259399414,12.020426584253991,69294,1.3634222993038025,8.536377,11.2969342,-0.206,50.05,Kano
199091.0,11.3076517923,8.5303763865,0.7,16.3,0.291,1084.0,267.0,560.0,3.0,2.0,8730.2412109375,196740.00791931152,12.189638379319424,69294,1.3634222993038025,8.536377,11.2969342,-0.206,50.05,Kano
199092.0,11.3076517923,8.5303763865,0.7,16.3,0.291,1084.0,267.0,560.0,3.0,2.0,8730.2412109375,111813.12514648438,11.62458423126046,69294,1.3634222993038025,8.536377,11.2969342,-0.206,50.05,Kano
199093.0,11.3076517923,8.5303763865,0.7,16.3,0.291,1084.0,267.0,560.0,3.0,2.0,8730.2412109375,75768.96621554713,11.235444071115134,69294,1.3634222993038025,8.536377,11.2969342,-0.206,50.05,Kano
199094.0,11.3076517923,8.5303763865,0.7,16.3,0.291,1084.0,267.0,560.0,3.0,2.0,8730.2412109375,97677.69915390016,11.489428553571662,69294,1.3634222993038025,8.536377,11.2969342,-0.206,50.05,Kano
199095.0,11.3076517923,8.5303763865,0.7,16.3,0.291,1084.0,267.0,560.0,3.0,2.0,8730.2412109375,58250.4085667928,10.972506385425543,69294,1.3634222993038025,8.536377,11.2969342,-0.206,50.05,Kano
199097.0,11.8965650688,8.70171792552,2.0,5.7,0.292,763.0,1020.0,460.0,3.0,2.0,28184.94921875,101457.33711381392,11.527393665101252,59973,1.2069440949365071,8.7121582,11.8996033,-0.245,50.05,Kano
200011.0,13.202805402600005,7.721468164550002,2.2,51.9,0.255,515.0,194.0,443.0,3.0,2.0,2428.50244140625,59517.84993547712,10.994031545458624,83648,0.6002158412471053,7.7233887,13.2078602,-0.541,60.96,Katsina
200013.0,13.202805402600005,7.721468164550002,2.2,51.9,0.255,515.0,194.0,443.0,3.0,2.0,2428.50244140625,199638.17492675784,12.204261881720267,83648,0.6002158412471053,7.7233887,13.2078602,-0.541,60.96,Katsina
200014.0,13.202805402600005,7.721468164550002,2.2,51.9,0.255,515.0,194.0,443.0,3.0,2.0,2428.50244140625,64037.78195277623,11.06722853117005,83648,0.6002158412471053,7.7233887,13.2078602,-0.541,60.96,Katsina
200015.0,13.202805402600005,7.721468164550002,2.2,51.9,0.255,515.0,194.0,443.0,3.0,2.0,2428.50244140625,208155.4948527018,12.246040650798356,83648,0.6002158412471053,7.7233887,13.2078602,-0.541,60.96,Katsina
200016.0,13.202805402600005,7.721468164550002,2.2,51.9,0.255,515.0,194.0,443.0,3.0,2.0,2428.50244140625,98857.89004952568,11.50143864382038,83648,0.6002158412471053,7.7233887,13.2078602,-0.541,60.96,Katsina
200020.0,13.202805402600005,7.721468164550002,2.2,51.9,0.255,515.0,194.0,443.0,3.0,2.0,2428.50244140625,119064.05682373044,11.687416919902546,83648,0.6002158412471053,7.7233887,13.2078602,-0.541,60.96,Katsina
200071.0,12.4810927555,8.160652477370002,5.3,109.0,0.254,632.0,128.0,506.0,3.0,2.0,1993.013916015625,41702.23400733585,10.6383099796693,1558,0.3013789097392194,8.1628418,12.4794869,-0.595,50.05,Kano
200072.0,12.4810927555,8.160652477370002,5.3,109.0,0.254,632.0,128.0,506.0,3.0,2.0,1993.013916015625,86633.71130278616,11.369444294815974,1558,0.3013789097392194,8.1628418,12.4794869,-0.595,50.05,Kano
200074.0,12.4810927555,8.160652477370002,5.3,109.0,0.254,632.0,128.0,506.0,3.0,2.0,1993.013916015625,234362.47515869144,12.364624234955963,1558,0.3013789097392194,8.1628418,12.4794869,-0.595,50.05,Kano
200075.0,12.4810927555,8.160652477370002,5.3,109.0,0.254,632.0,128.0,506.0,3.0,2.0,1993.013916015625,151242.91781616214,11.92664255044084,1558,0.3013789097392194,8.1628418,12.4794869,-0.595,50.05,Kano
200076.0,12.4810927555,8.160652477370002,5.3,109.0,0.254,632.0,128.0,506.0,3.0,2.0,1993.013916015625,94261.16103363036,11.45382451775419,1558,0.3013789097392194,8.1628418,12.4794869,-0.595,50.05,Kano
200077.0,12.4810927555,8.160652477370002,5.3,109.0,0.254,632.0,128.0,506.0,3.0,2.0,1993.013916015625,85048.01709594727,11.350971282983698,1558,0.3013789097392194,8.1628418,12.4794869,-0.595,50.05,Kano
200078.0,12.4810927555,8.160652477370002,5.3,109.0,0.254,632.0,128.0,506.0,3.0,2.0,1993.013916015625,116595.97766621909,11.666470055444314,1558,0.3013789097392194,8.1628418,12.4794869,-0.595,50.05,Kano
200079.0,12.4810927555,8.160652477370002,5.3,109.0,0.254,632.0,128.0,506.0,3.0,2.0,1993.013916015625,95532.11680603027,11.467217771565927,1558,0.3013789097392194,8.1628418,12.4794869,-0.595,50.05,Kano
200101.0,11.8059382542,7.616815915329999,1.5,127.2,0.3,941.0,1696.0,614.0,3.0,2.0,4085.935791015625,105605.50814819334,11.567465809388242,13368,0.9243346102151437,7.6135254,11.8135879,-0.064,60.96,Katsina
200102.0,11.8059382542,7.616815915329999,1.5,127.2,0.3,941.0,1696.0,614.0,3.0,2.0,4085.935791015625,120447.94548697423,11.698972950919332,13368,0.9243346102151437,7.6135254,11.8135879,-0.064,60.96,Katsina
200103.0,11.8059382542,7.616815915329999,1.5,127.2,0.3,941.0,1696.0,614.0,3.0,2.0,4085.935791015625,319893.6470998128,12.675743866721389,13368,0.9243346102151437,7.6135254,11.8135879,-0.064,60.96,Katsina
200104.0,11.8059382542,7.616815915329999,1.5,127.2,0.3,941.0,1696.0,614.0,3.0,2.0,4085.935791015625,165411.41500473022,12.01619107372921,13368,0.9243346102151437,7.6135254,11.8135879,-0.064,60.96,Katsina
200105.0,11.8059382542,7.616815915329999,1.5,127.2,0.3,941.0,1696.0,614.0,3.0,2.0,4085.935791015625,186434.83975277856,12.135837072313352,13368,0.9243346102151437,7.6135254,11.8135879,-0.064,60.96,Katsina
200106.0,11.8059382542,7.616815915329999,1.5,127.2,0.3,941.0,1696.0,614.0,3.0,2.0,4085.935791015625,40110.03532825816,10.599381839548007,13368,0.9243346102151437,7.6135254,11.8135879,-0.064,60.96,Katsina
200107.0,11.8059382542,7.616815915329999,1.5,127.2,0.3,941.0,1696.0,614.0,3.0,2.0,4085.935791015625,135976.77164916994,11.820239353433491,13368,0.9243346102151437,7.6135254,11.8135879,-0.064,60.96,Katsina
200108.0,11.8059382542,7.616815915329999,1.5,127.2,0.3,941.0,1696.0,614.0,3.0,2.0,4085.935791015625,52130.68126886542,10.86150894632946,13368,0.9243346102151437,7.6135254,11.8135879,-0.064,60.96,Katsina
200109.0,11.8059382542,7.616815915329999,1.5,127.2,0.3,941.0,1696.0,614.0,3.0,2.0,4085.935791015625,89844.24195692275,11.405832805093317,13368,0.9243346102151437,7.6135254,11.8135879,-0.064,60.96,Katsina
200110.0,11.8059382542,7.616815915329999,1.5,127.2,0.3,941.0,1696.0,614.0,3.0,2.0,4085.935791015625,344450.15775756835,12.749704679019692,13368,0.9243346102151437,7.6135254,11.8135879,-0.064,60.96,Katsina
200161.0,12.2528006094,7.61914102769,2.0,133.3,0.27,800.0,165.0,547.0,3.0,2.0,6181.2021484375,175382.5079574585,12.07472462736486,16109,1.2163005895356849,7.6135254,12.2433913,-0.465,60.96,Katsina
200162.0,12.2528006094,7.61914102769,2.0,133.3,0.27,800.0,165.0,547.0,3.0,2.0,6181.2021484375,140056.2241087414,11.849799221748158,16109,1.2163005895356849,7.6135254,12.2433913,-0.465,60.96,Katsina
200164.0,9.64021830414,6.53358832155,0.0,7.5,0.317,1206.0,6080.0,271.0,1.0,1.0,6181.2021484375,70438.07676323784,11.162489259046572,2217,0.8551794388687292,6.5368652,9.6332456,1.41,52.42,Niger
200165.0,12.2528006094,7.61914102769,2.0,133.3,0.27,800.0,165.0,547.0,3.0,2.0,6181.2021484375,72431.48119099936,11.190396306945749,16109,1.2163005895356849,7.6135254,12.2433913,-0.465,60.96,Katsina
200166.0,12.2528006094,7.61914102769,2.0,133.3,0.27,800.0,165.0,547.0,3.0,2.0,6181.2021484375,50037.097274277236,10.820519954790344,16109,1.2163005895356849,7.6135254,12.2433913,-0.465,60.96,Katsina
200167.0,12.2528006094,7.61914102769,2.0,133.3,0.27,800.0,165.0,547.0,3.0,2.0,6181.2021484375,232911.86363220215,12.358415393313622,16109,1.2163005895356849,7.6135254,12.2433913,-0.465,60.96,Katsina
200168.0,12.2528006094,7.61914102769,2.0,133.3,0.27,800.0,165.0,547.0,3.0,2.0,6181.2021484375,337673.964263916,12.729836106167037,16109,1.2163005895356849,7.6135254,12.2433913,-0.465,60.96,Katsina
200169.0,12.9788641173,7.63805532319,2.7,127.0,0.247,578.0,5871.0,526.0,3.0,1.0,6181.2021484375,188155.15889631,12.145022214706596,41469,0.7673148392343881,7.635498,12.9724418,1.113,60.96,Katsina
200170.0,12.2528006094,7.61914102769,2.0,133.3,0.27,800.0,165.0,547.0,3.0,2.0,6181.2021484375,122143.0632888794,11.712948286607372,16109,1.2163005895356849,7.6135254,12.2433913,-0.465,60.96,Katsina
200181.0,12.4454665016,7.491147889190001,4.8,15.4,0.248,760.0,4443.0,531.0,3.0,1.0,3543.18115234375,394678.8768280029,12.885827743188202,87651,1.4408501667027391,7.4816895,12.4365763,0.374,60.96,Katsina
200182.0,12.4454665016,7.491147889190001,4.8,15.4,0.248,760.0,4443.0,531.0,3.0,1.0,3543.18115234375,109006.4463534885,11.599162300320222,87651,1.4408501667027391,7.4816895,12.4365763,0.374,60.96,Katsina
200183.0,12.4454665016,7.491147889190001,4.8,15.4,0.248,760.0,4443.0,531.0,3.0,1.0,3543.18115234375,493693.8629433768,13.109670893429117,87651,1.4408501667027391,7.4816895,12.4365763,0.374,60.96,Katsina
200184.0,12.4454665016,7.491147889190001,4.8,15.4,0.248,760.0,4443.0,531.0,3.0,1.0,3543.18115234375,245446.91011810303,12.41083595076611,87651,1.4408501667027391,7.4816895,12.4365763,0.374,60.96,Katsina
200185.0,12.4454665016,7.491147889190001,4.8,15.4,0.248,760.0,4443.0,531.0,3.0,1.0,3543.18115234375,253091.83365700464,12.4415076807302,87651,1.4408501667027391,7.4816895,12.4365763,0.374,60.96,Katsina
200186.0,12.4454665016,7.491147889190001,4.8,15.4,0.248,760.0,4443.0,531.0,3.0,1.0,3543.18115234375,192718.3679063585,12.168985168522914,87651,1.4408501667027391,7.4816895,12.4365763,0.374,60.96,Katsina
200187.0,12.4454665016,7.491147889190001,4.8,15.4,0.248,760.0,4443.0,531.0,3.0,1.0,3543.18115234375,1187456.9038238523,13.987324522715625,87651,1.4408501667027391,7.4816895,12.4365763,0.374,60.96,Katsina
200188.0,12.9684190822,7.58739993537,0.9,51.3,0.249,587.0,5677.0,520.0,3.0,1.0,3543.18115234375,288568.30327061244,12.572687090013074,12603,0.6417654139813109,7.5915527,12.9724418,0.746,60.96,Katsina
200189.0,12.4454665016,7.491147889190001,4.8,15.4,0.248,760.0,4443.0,531.0,3.0,1.0,3543.18115234375,264635.762588501,12.48610967870507,87651,1.4408501667027391,7.4816895,12.4365763,0.374,60.96,Katsina
200190.0,12.4454665016,7.491147889190001,4.8,15.4,0.248,760.0,4443.0,531.0,3.0,1.0,3543.18115234375,213690.7560992431,12.272285183933857,87651,1.4408501667027391,7.4816895,12.4365763,0.374,60.96,Katsina
209001.0,12.8128120472,7.30898691166,4.8,15.4,0.246,674.0,297.0,459.0,3.0,2.0,9311.673828125,90437.2337036133,11.412411338834476,98860,1.1298062494917145,7.3059082,12.8225137,-0.47,60.96,Katsina
209002.0,12.8128120472,7.30898691166,4.8,15.4,0.246,674.0,297.0,459.0,3.0,2.0,9311.673828125,240880.01724243164,12.392054234736614,98860,1.1298062494917145,7.3059082,12.8225137,-0.47,60.96,Katsina
209003.0,12.8128120472,7.30898691166,4.8,15.4,0.246,674.0,297.0,459.0,3.0,2.0,9311.673828125,188514.25241088867,12.146928892618776,98860,1.1298062494917145,7.3059082,12.8225137,-0.47,60.96,Katsina
209005.0,12.8128120472,7.30898691166,4.8,15.4,0.246,674.0,297.0,459.0,3.0,2.0,9311.673828125,131476.08359127445,11.786580240228291,98860,1.1298062494917145,7.3059082,12.8225137,-0.47,60.96,Katsina
209006.0,12.8128120472,7.30898691166,4.8,15.4,0.246,674.0,297.0,459.0,3.0,2.0,9311.673828125,138949.18600124784,11.841863576940089,98860,1.1298062494917145,7.3059082,12.8225137,-0.47,60.96,Katsina
209007.0,12.8128120472,7.30898691166,4.8,15.4,0.246,674.0,297.0,459.0,3.0,2.0,9311.673828125,43808.45089721679,10.68758202061229,98860,1.1298062494917145,7.3059082,12.8225137,-0.47,60.96,Katsina
209009.0,12.8128120472,7.30898691166,4.8,15.4,0.246,674.0,297.0,459.0,3.0,2.0,9311.673828125,58176.49782180786,10.971236734668578,98860,1.1298062494917145,7.3059082,12.8225137,-0.47,60.96,Katsina
209010.0,12.8128120472,7.30898691166,4.8,15.4,0.246,674.0,297.0,459.0,3.0,2.0,9311.673828125,33648.3881669478,10.42372043398352,98860,1.1298062494917145,7.3059082,12.8225137,-0.47,60.96,Katsina
209011.0,12.8128120472,7.30898691166,4.8,15.4,0.246,674.0,297.0,459.0,3.0,2.0,9311.673828125,35740.84484863281,10.484049427175853,98860,1.1298062494917145,7.3059082,12.8225137,-0.47,60.96,Katsina
209012.0,12.8128120472,7.30898691166,4.8,15.4,0.246,674.0,297.0,459.0,3.0,2.0,9311.673828125,55974.682972547744,10.93265477771796,98860,1.1298062494917145,7.3059082,12.8225137,-0.47,60.96,Katsina
209014.0,11.4731720022,7.40437433692,0.6,11.5,0.298,1126.0,287.0,682.0,3.0,2.0,5489.44580078125,151550.5198441939,11.928674312662803,55658,1.2517126170844382,7.3937988,11.4692577,-0.435,60.96,Katsina
209015.0,11.4731720022,7.40437433692,0.6,11.5,0.298,1126.0,287.0,682.0,3.0,2.0,5489.44580078125,162862.12108154295,12.000659238892734,55658,1.2517126170844382,7.3937988,11.4692577,-0.435,60.96,Katsina
209016.0,11.4731720022,7.40437433692,0.6,11.5,0.298,1126.0,287.0,682.0,3.0,2.0,5489.44580078125,149493.66850450303,11.915009319775596,55658,1.2517126170844382,7.3937988,11.4692577,-0.435,60.96,Katsina
209017.0,11.4731720022,7.40437433692,0.6,11.5,0.298,1126.0,287.0,682.0,3.0,2.0,5489.44580078125,50200.37556152344,10.823777786957084,55658,1.2517126170844382,7.3937988,11.4692577,-0.435,60.96,Katsina
209018.0,11.4731720022,7.40437433692,0.6,11.5,0.298,1126.0,287.0,682.0,3.0,2.0,5489.44580078125,37195.57810058594,10.523945164932028,55658,1.2517126170844382,7.3937988,11.4692577,-0.435,60.96,Katsina
209019.0,11.4731720022,7.40437433692,0.6,11.5,0.298,1126.0,287.0,682.0,3.0,2.0,5489.44580078125,222109.47483123295,12.31092566917626,55658,1.2517126170844382,7.3937988,11.4692577,-0.435,60.96,Katsina
209020.0,11.4731720022,7.40437433692,0.6,11.5,0.298,1126.0,287.0,682.0,3.0,2.0,5489.44580078125,40687.446380615234,10.613674881115717,55658,1.2517126170844382,7.3937988,11.4692577,-0.435,60.96,Katsina
209021.0,11.4731720022,7.40437433692,0.6,11.5,0.298,1126.0,287.0,682.0,3.0,2.0,5489.44580078125,188423.14080810547,12.146445461650153,55658,1.2517126170844382,7.3937988,11.4692577,-0.435,60.96,Katsina
209022.0,11.4731720022,7.40437433692,0.6,11.5,0.298,1126.0,287.0,682.0,3.0,2.0,5489.44580078125,87998.50741322835,11.385075132103186,55658,1.2517126170844382,7.3937988,11.4692577,-0.435,60.96,Katsina
209023.0,11.4731720022,7.40437433692,0.6,11.5,0.298,1126.0,287.0,682.0,3.0,2.0,5489.44580078125,147784.87320963544,11.903512935909612,55658,1.2517126170844382,7.3937988,11.4692577,-0.435,60.96,Katsina
209025.0,13.0574611363,8.30509280688,0.9,18.5,0.224,502.0,1583.0,474.0,3.0,2.0,8543.1826171875,239061.2072519575,12.38447489541486,77198,1.158079902296062,8.2946777,13.0580745,-0.335,60.96,Katsina
209026.0,13.0574611363,8.30509280688,0.9,18.5,0.224,502.0,1583.0,474.0,3.0,2.0,8543.1826171875,110995.29650878903,11.617243105601982,77198,1.158079902296062,8.2946777,13.0580745,-0.335,60.96,Katsina
209027.0,13.0574611363,8.30509280688,0.9,18.5,0.224,502.0,1583.0,474.0,3.0,2.0,8543.1826171875,1080164.786529541,13.892624167581186,77198,1.158079902296062,8.2946777,13.0580745,-0.335,60.96,Katsina
209028.0,13.0574611363,8.30509280688,0.9,18.5,0.224,502.0,1583.0,474.0,3.0,2.0,8543.1826171875,366009.6649881999,12.810415019106427,77198,1.158079902296062,8.2946777,13.0580745,-0.335,60.96,Katsina
209029.0,13.0574611363,8.30509280688,0.9,18.5,0.224,502.0,1583.0,474.0,3.0,2.0,8543.1826171875,66349.40103149416,11.102690012311832,77198,1.158079902296062,8.2946777,13.0580745,-0.335,60.96,Katsina
209030.0,13.0574611363,8.30509280688,0.9,18.5,0.224,502.0,1583.0,474.0,3.0,2.0,8543.1826171875,173906.3935432434,12.066272465297606,77198,1.158079902296062,8.2946777,13.0580745,-0.335,60.96,Katsina
209031.0,13.0574611363,8.30509280688,0.9,18.5,0.224,502.0,1583.0,474.0,3.0,2.0,8543.1826171875,43477.844744001115,10.680006771101349,77198,1.158079902296062,8.2946777,13.0580745,-0.335,60.96,Katsina
209033.0,13.0574611363,8.30509280688,0.9,18.5,0.224,502.0,1583.0,474.0,3.0,2.0,8543.1826171875,239830.83882359095,12.38768911557384,77198,1.158079902296062,8.2946777,13.0580745,-0.335,60.96,Katsina
209035.0,13.0574611363,8.30509280688,0.9,18.5,0.224,502.0,1583.0,474.0,3.0,2.0,8543.1826171875,229149.9464896066,12.34213185642036,77198,1.158079902296062,8.2946777,13.0580745,-0.335,60.96,Katsina
209036.0,13.0574611363,8.30509280688,0.9,18.5,0.224,502.0,1583.0,474.0,3.0,2.0,8543.1826171875,881201.4333190918,13.68904152046267,77198,1.158079902296062,8.2946777,13.0580745,-0.335,60.96,Katsina
209037.0,13.0926758516,7.23852585052,0.6,54.5,0.219,583.0,1415.0,401.0,3.0,1.0,7162.32080078125,934539.3281555176,13.74780898969582,1260,0.9250200032624024,7.2399902,13.1008797,0.837,60.96,Katsina
209038.0,13.0926758516,7.23852585052,0.6,54.5,0.219,583.0,1415.0,401.0,3.0,1.0,7162.32080078125,228385.15184020996,12.338788745194613,1260,0.9250200032624024,7.2399902,13.1008797,0.837,60.96,Katsina
209041.0,13.0926758516,7.23852585052,0.6,54.5,0.219,583.0,1415.0,401.0,3.0,1.0,7162.32080078125,120048.01833089192,11.695647094481853,1260,0.9250200032624024,7.2399902,13.1008797,0.837,60.96,Katsina
209042.0,13.0926758516,7.23852585052,0.6,54.5,0.219,583.0,1415.0,401.0,3.0,1.0,7162.32080078125,280345.88122558594,12.543779409899706,1260,0.9250200032624024,7.2399902,13.1008797,0.837,60.96,Katsina
209043.0,13.0926758516,7.23852585052,0.6,54.5,0.219,583.0,1415.0,401.0,3.0,1.0,7162.32080078125,55587.47050984699,10.925713104301105,1260,0.9250200032624024,7.2399902,13.1008797,0.837,60.96,Katsina
209044.0,13.0926758516,7.23852585052,0.6,54.5,0.219,583.0,1415.0,401.0,3.0,1.0,7162.32080078125,36333.43144008091,10.500493572725238,1260,0.9250200032624024,7.2399902,13.1008797,0.837,60.96,Katsina
209045.0,13.0926758516,7.23852585052,0.6,54.5,0.219,583.0,1415.0,401.0,3.0,1.0,7162.32080078125,62595.285135904945,11.044445236933884,1260,0.9250200032624024,7.2399902,13.1008797,0.837,60.96,Katsina
209046.0,13.0926758516,7.23852585052,0.6,54.5,0.219,583.0,1415.0,401.0,3.0,1.0,7162.32080078125,51058.495964898,10.840727234131666,1260,0.9250200032624024,7.2399902,13.1008797,0.837,60.96,Katsina
209047.0,13.0926758516,7.23852585052,0.6,54.5,0.219,583.0,1415.0,401.0,3.0,1.0,7162.32080078125,229000.24097696945,12.341478334837,1260,0.9250200032624024,7.2399902,13.1008797,0.837,60.96,Katsina
209048.0,13.0926758516,7.23852585052,0.6,54.5,0.219,583.0,1415.0,401.0,3.0,1.0,7162.32080078125,167216.1774727957,12.027042730172324,1260,0.9250200032624024,7.2399902,13.1008797,0.837,60.96,Katsina
209049.0,12.9792461517,7.4402656734,0.6,11.5,0.25,587.0,61.0,460.0,3.0,2.0,5041.1845703125,58489.04774876645,10.976594797722672,53138,0.8054771767039821,7.4377441,12.9724418,-0.745,60.96,Katsina
209050.0,12.9792461517,7.4402656734,0.6,11.5,0.25,587.0,61.0,460.0,3.0,2.0,5041.1845703125,117625.267868042,11.67525915419044,53138,0.8054771767039821,7.4377441,12.9724418,-0.745,60.96,Katsina
209051.0,12.9792461517,7.4402656734,0.6,11.5,0.25,587.0,61.0,460.0,3.0,2.0,5041.1845703125,109876.5767211914,11.6071129850205,53138,0.8054771767039821,7.4377441,12.9724418,-0.745,60.96,Katsina
209052.0,12.9792461517,7.4402656734,0.6,11.5,0.25,587.0,61.0,460.0,3.0,2.0,5041.1845703125,34545.76310221354,10.45004019077049,53138,0.8054771767039821,7.4377441,12.9724418,-0.745,60.96,Katsina
209053.0,12.9792461517,7.4402656734,0.6,11.5,0.25,587.0,61.0,460.0,3.0,2.0,5041.1845703125,76361.2243100121,11.243230311105757,53138,0.8054771767039821,7.4377441,12.9724418,-0.745,60.96,Katsina
209055.0,12.9792461517,7.4402656734,0.6,11.5,0.25,587.0,61.0,460.0,3.0,2.0,5041.1845703125,34582.43165588379,10.451101076483988,53138,0.8054771767039821,7.4377441,12.9724418,-0.745,60.96,Katsina
209056.0,12.9792461517,7.4402656734,0.6,11.5,0.25,587.0,61.0,460.0,3.0,2.0,5041.1845703125,51045.189308166504,10.840466584248732,53138,0.8054771767039821,7.4377441,12.9724418,-0.745,60.96,Katsina
209058.0,12.9792461517,7.4402656734,0.6,11.5,0.25,587.0,61.0,460.0,3.0,2.0,5041.1845703125,51787.327560424805,10.854900756627272,53138,0.8054771767039821,7.4377441,12.9724418,-0.745,60.96,Katsina
209059.0,12.9792461517,7.4402656734,0.6,11.5,0.25,587.0,61.0,460.0,3.0,2.0,5041.1845703125,78391.57378133138,11.269471723283466,53138,0.8054771767039821,7.4377441,12.9724418,-0.745,60.96,Katsina
209060.0,12.9792461517,7.4402656734,0.6,11.5,0.25,587.0,61.0,460.0,3.0,2.0,5041.1845703125,48492.592597961426,10.78916633532223,53138,0.8054771767039821,7.4377441,12.9724418,-0.745,60.96,Katsina
209062.0,12.9849769662,7.57600405435,1.0,10.3,0.245,581.0,3749.0,523.0,3.0,1.0,21511.578125,94690.93872288294,11.458373590571696,76930,1.2161763007005368,7.5695801,12.9938527,-0.403,60.96,Katsina
209063.0,12.9849769662,7.57600405435,1.0,10.3,0.245,581.0,3749.0,523.0,3.0,1.0,21511.578125,96127.74967227512,11.473433311572036,76930,1.2161763007005368,7.5695801,12.9938527,-0.403,60.96,Katsina
209064.0,12.9849769662,7.57600405435,1.0,10.3,0.245,581.0,3749.0,523.0,3.0,1.0,21511.578125,151326.04417266845,11.927192020935443,76930,1.2161763007005368,7.5695801,12.9938527,-0.403,60.96,Katsina
209066.0,12.9849769662,7.57600405435,1.0,10.3,0.245,581.0,3749.0,523.0,3.0,1.0,21511.578125,152982.74104054767,11.93808039035521,76930,1.2161763007005368,7.5695801,12.9938527,-0.403,60.96,Katsina
209067.0,12.9849769662,7.57600405435,1.0,10.3,0.245,581.0,3749.0,523.0,3.0,1.0,21511.578125,228481.1362748579,12.33920893131277,76930,1.2161763007005368,7.5695801,12.9938527,-0.403,60.96,Katsina
209068.0,12.9849769662,7.57600405435,1.0,10.3,0.245,581.0,3749.0,523.0,3.0,1.0,21511.578125,79552.03319634331,11.284166592161418,76930,1.2161763007005368,7.5695801,12.9938527,-0.403,60.96,Katsina
209069.0,12.9849769662,7.57600405435,1.0,10.3,0.245,581.0,3749.0,523.0,3.0,1.0,21511.578125,114838.99454345704,11.651286378915035,76930,1.2161763007005368,7.5695801,12.9938527,-0.403,60.96,Katsina
209070.0,12.9849769662,7.57600405435,1.0,10.3,0.245,581.0,3749.0,523.0,3.0,1.0,21511.578125,100372.79620361328,11.51664649537778,76930,1.2161763007005368,7.5695801,12.9938527,-0.403,60.96,Katsina
209071.0,12.9849769662,7.57600405435,1.0,10.3,0.245,581.0,3749.0,523.0,3.0,1.0,21511.578125,106730.0515467326,11.578058042871753,76930,1.2161763007005368,7.5695801,12.9938527,-0.403,60.96,Katsina
209072.0,12.9849769662,7.57600405435,1.0,10.3,0.245,581.0,3749.0,523.0,3.0,1.0,21511.578125,254036.2562866211,12.445232277100017,76930,1.2161763007005368,7.5695801,12.9938527,-0.403,60.96,Katsina
209073.0,12.9921609304,7.59222390435,1.4,8.5,0.245,578.0,8250.0,518.0,3.0,1.0,14565.3623046875,598056.698638916,13.301440842215678,1257,0.20202608840886999,7.5915527,12.9938527,1.555,60.96,Katsina
209075.0,12.9921609304,7.59222390435,1.4,8.5,0.245,578.0,8250.0,518.0,3.0,1.0,14565.3623046875,693985.5508117676,13.450206419116244,1257,0.20202608840886999,7.5915527,12.9938527,1.555,60.96,Katsina
209077.0,12.9921609304,7.59222390435,1.4,8.5,0.245,578.0,8250.0,518.0,3.0,1.0,14565.3623046875,76320.26294163296,11.242693751368238,1257,0.20202608840886999,7.5915527,12.9938527,1.555,60.96,Katsina
209078.0,12.9921609304,7.59222390435,1.4,8.5,0.245,578.0,8250.0,518.0,3.0,1.0,14565.3623046875,250728.77018737796,12.432127036985152,1257,0.20202608840886999,7.5915527,12.9938527,1.555,60.96,Katsina
209079.0,12.9921609304,7.59222390435,1.4,8.5,0.245,578.0,8250.0,518.0,3.0,1.0,14565.3623046875,119182.4194191524,11.688410534641587,1257,0.20202608840886999,7.5915527,12.9938527,1.555,60.96,Katsina
209080.0,12.9921609304,7.59222390435,1.4,8.5,0.245,578.0,8250.0,518.0,3.0,1.0,14565.3623046875,199300.60356212792,12.202569534606376,1257,0.20202608840886999,7.5915527,12.9938527,1.555,60.96,Katsina
209081.0,12.9921609304,7.59222390435,1.4,8.5,0.245,578.0,8250.0,518.0,3.0,1.0,14565.3623046875,108675.14989556208,11.59611843515728,1257,0.20202608840886999,7.5915527,12.9938527,1.555,60.96,Katsina
209082.0,12.9921609304,7.59222390435,1.4,8.5,0.245,578.0,8250.0,518.0,3.0,1.0,14565.3623046875,605134.1575012207,13.313205460366442,1257,0.20202608840886999,7.5915527,12.9938527,1.555,60.96,Katsina
209083.0,12.9921609304,7.59222390435,1.4,8.5,0.245,578.0,8250.0,518.0,3.0,1.0,14565.3623046875,132814.88519490557,11.796711597054191,1257,0.20202608840886999,7.5915527,12.9938527,1.555,60.96,Katsina
209084.0,12.9921609304,7.59222390435,1.4,8.5,0.245,578.0,8250.0,518.0,3.0,1.0,14565.3623046875,92828.01683183153,11.438503778725416,1257,0.20202608840886999,7.5915527,12.9938527,1.555,60.96,Katsina
209085.0,11.9174058011,7.7098315816,3.8,14.7,0.292,880.0,236.0,616.0,3.0,2.0,16958.9609375,488309.6206054687,13.0987049520991,38986,1.0202980521039795,7.701416,11.9211029,-0.372,60.96,Katsina
209086.0,11.9174058011,7.7098315816,3.8,14.7,0.292,880.0,236.0,616.0,3.0,2.0,16958.9609375,52329.258427937835,10.865310928196434,38986,1.0202980521039795,7.701416,11.9211029,-0.372,60.96,Katsina
209087.0,11.9174058011,7.7098315816,3.8,14.7,0.292,880.0,236.0,616.0,3.0,2.0,16958.9609375,70626.04381931531,11.16515424808204,38986,1.0202980521039795,7.701416,11.9211029,-0.372,60.96,Katsina
209088.0,11.9174058011,7.7098315816,3.8,14.7,0.292,880.0,236.0,616.0,3.0,2.0,16958.9609375,203837.22951107932,12.225077059785535,38986,1.0202980521039795,7.701416,11.9211029,-0.372,60.96,Katsina
209089.0,11.9174058011,7.7098315816,3.8,14.7,0.292,880.0,236.0,616.0,3.0,2.0,16958.9609375,111872.94520568848,11.625119088531957,38986,1.0202980521039795,7.701416,11.9211029,-0.372,60.96,Katsina
209090.0,11.9174058011,7.7098315816,3.8,14.7,0.292,880.0,236.0,616.0,3.0,2.0,16958.9609375,145794.97612304686,11.889956640645105,38986,1.0202980521039795,7.701416,11.9211029,-0.372,60.96,Katsina
209091.0,11.9174058011,7.7098315816,3.8,14.7,0.292,880.0,236.0,616.0,3.0,2.0,16958.9609375,69664.66913791232,11.151448569206224,38986,1.0202980521039795,7.701416,11.9211029,-0.372,60.96,Katsina
209094.0,11.9174058011,7.7098315816,3.8,14.7,0.292,880.0,236.0,616.0,3.0,2.0,16958.9609375,260920.8795490265,12.471972496857235,38986,1.0202980521039795,7.701416,11.9211029,-0.372,60.96,Katsina
209095.0,11.9174058011,7.7098315816,3.8,14.7,0.292,880.0,236.0,616.0,3.0,2.0,16958.9609375,93833.24072774252,11.449274450977574,38986,1.0202980521039795,7.701416,11.9211029,-0.372,60.96,Katsina
209096.0,11.9174058011,7.7098315816,3.8,14.7,0.292,880.0,236.0,616.0,3.0,2.0,16958.9609375,83655.24104003905,11.334459358846038,38986,1.0202980521039795,7.701416,11.9211029,-0.372,60.96,Katsina
209098.0,12.8038530951,8.10584112912,0.3,13.4,0.244,579.0,763.0,501.0,3.0,2.0,3915.667236328125,111417.53736937672,11.621040021099144,92406,1.0363141939090592,8.0969238,12.8010881,-0.474,60.96,Katsina
209099.0,12.8038530951,8.10584112912,0.3,13.4,0.244,579.0,763.0,501.0,3.0,2.0,3915.667236328125,51752.6109890408,10.854230163749367,92406,1.0363141939090592,8.0969238,12.8010881,-0.474,60.96,Katsina
209100.0,12.8038530951,8.10584112912,0.3,13.4,0.244,579.0,763.0,501.0,3.0,2.0,3915.667236328125,78343.47143512302,11.268857918659846,92406,1.0363141939090592,8.0969238,12.8010881,-0.474,60.96,Katsina
209101.0,12.8038530951,8.10584112912,0.3,13.4,0.244,579.0,763.0,501.0,3.0,2.0,3915.667236328125,43537.047943115234,10.68136753145906,92406,1.0363141939090592,8.0969238,12.8010881,-0.474,60.96,Katsina
209102.0,12.8038530951,8.10584112912,0.3,13.4,0.244,579.0,763.0,501.0,3.0,2.0,3915.667236328125,150399.95267740887,11.92105337585294,92406,1.0363141939090592,8.0969238,12.8010881,-0.474,60.96,Katsina
209103.0,12.8038530951,8.10584112912,0.3,13.4,0.244,579.0,763.0,501.0,3.0,2.0,3915.667236328125,203234.16659545904,12.222114123246254,92406,1.0363141939090592,8.0969238,12.8010881,-0.474,60.96,Katsina
209105.0,12.8038530951,8.10584112912,0.3,13.4,0.244,579.0,763.0,501.0,3.0,2.0,3915.667236328125,57857.53031412761,10.96573889379833,92406,1.0363141939090592,8.0969238,12.8010881,-0.474,60.96,Katsina
209106.0,12.8038530951,8.10584112912,0.3,13.4,0.244,579.0,763.0,501.0,3.0,2.0,3915.667236328125,69161.98425292969,11.144206630145192,92406,1.0363141939090592,8.0969238,12.8010881,-0.474,60.96,Katsina
209107.0,12.8038530951,8.10584112912,0.3,13.4,0.244,579.0,763.0,501.0,3.0,2.0,3915.667236328125,137186.25867207843,11.829094833806709,92406,1.0363141939090592,8.0969238,12.8010881,-0.474,60.96,Katsina
209108.0,12.8038530951,8.10584112912,0.3,13.4,0.244,579.0,763.0,501.0,3.0,2.0,3915.667236328125,68745.67694091797,11.138169132692358,92406,1.0363141939090592,8.0969238,12.8010881,-0.474,60.96,Katsina
209111.0,12.3242009585,7.28648290017,1.1,165.6,0.274,815.0,309.0,460.0,3.0,2.0,7198.05908203125,109392.61766560876,11.602698686488454,13587,0.6296085820068579,7.2839355,12.3292689,-0.347,60.96,Katsina
209112.0,12.3242009585,7.28648290017,1.1,165.6,0.274,815.0,309.0,460.0,3.0,2.0,7198.05908203125,162613.0170510032,11.99912852855579,13587,0.6296085820068579,7.2839355,12.3292689,-0.347,60.96,Katsina
209113.0,12.3242009585,7.28648290017,1.1,165.6,0.274,815.0,309.0,460.0,3.0,2.0,7198.05908203125,364127.37704467773,12.805259022341156,13587,0.6296085820068579,7.2839355,12.3292689,-0.347,60.96,Katsina
209114.0,12.3242009585,7.28648290017,1.1,165.6,0.274,815.0,309.0,460.0,3.0,2.0,7198.05908203125,34700.70651245117,10.454515326317049,13587,0.6296085820068579,7.2839355,12.3292689,-0.347,60.96,Katsina
209115.0,12.3242009585,7.28648290017,1.1,165.6,0.274,815.0,309.0,460.0,3.0,2.0,7198.05908203125,44048.940667791685,10.693056582670884,13587,0.6296085820068579,7.2839355,12.3292689,-0.347,60.96,Katsina
209116.0,12.3242009585,7.28648290017,1.1,165.6,0.274,815.0,309.0,460.0,3.0,2.0,7198.05908203125,51268.39950997489,10.84482984739903,13587,0.6296085820068579,7.2839355,12.3292689,-0.347,60.96,Katsina
209117.0,12.3242009585,7.28648290017,1.1,165.6,0.274,815.0,309.0,460.0,3.0,2.0,7198.05908203125,98372.3118693034,11.496514660002555,13587,0.6296085820068579,7.2839355,12.3292689,-0.347,60.96,Katsina
209118.0,12.3242009585,7.28648290017,1.1,165.6,0.274,815.0,309.0,460.0,3.0,2.0,7198.05908203125,42734.276916503906,10.66275661528624,13587,0.6296085820068579,7.2839355,12.3292689,-0.347,60.96,Katsina
209119.0,12.3242009585,7.28648290017,1.1,165.6,0.274,815.0,309.0,460.0,3.0,2.0,7198.05908203125,218659.88806152344,12.295272779058973,13587,0.6296085820068579,7.2839355,12.3292689,-0.347,60.96,Katsina
209120.0,12.3242009585,7.28648290017,1.1,165.6,0.274,815.0,309.0,460.0,3.0,2.0,7198.05908203125,113586.7247680664,11.640321919004556,13587,0.6296085820068579,7.2839355,12.3292689,-0.347,60.96,Katsina
209121.0,12.9202267331,8.4932982313,2.2,12.2,0.248,512.0,549.0,473.0,3.0,2.0,7152.2353515625,105706.05256347657,11.568417431935842,53430,1.0464618214005916,8.4924316,12.9296144,-0.243,60.96,Katsina
209122.0,12.9202267331,8.4932982313,2.2,12.2,0.248,512.0,549.0,473.0,3.0,2.0,7152.2353515625,137805.88896687824,11.83360137225725,53430,1.0464618214005916,8.4924316,12.9296144,-0.243,60.96,Katsina
209123.0,12.9202267331,8.4932982313,2.2,12.2,0.248,512.0,549.0,473.0,3.0,2.0,7152.2353515625,99605.8874231974,11.508976552500394,53430,1.0464618214005916,8.4924316,12.9296144,-0.243,60.96,Katsina
209124.0,12.9202267331,8.4932982313,2.2,12.2,0.248,512.0,549.0,473.0,3.0,2.0,7152.2353515625,71570.27897949218,11.178435168719906,53430,1.0464618214005916,8.4924316,12.9296144,-0.243,60.96,Katsina
209125.0,12.9202267331,8.4932982313,2.2,12.2,0.248,512.0,549.0,473.0,3.0,2.0,7152.2353515625,142600.77786254883,11.867804241804038,53430,1.0464618214005916,8.4924316,12.9296144,-0.243,60.96,Katsina
209126.0,12.9202267331,8.4932982313,2.2,12.2,0.248,512.0,549.0,473.0,3.0,2.0,7152.2353515625,100263.87037353516,11.515560693439005,53430,1.0464618214005916,8.4924316,12.9296144,-0.243,60.96,Katsina
209127.0,12.9202267331,8.4932982313,2.2,12.2,0.248,512.0,549.0,473.0,3.0,2.0,7152.2353515625,68314.71787608752,11.131880511013458,53430,1.0464618214005916,8.4924316,12.9296144,-0.243,60.96,Katsina
209128.0,12.9202267331,8.4932982313,2.2,12.2,0.248,512.0,549.0,473.0,3.0,2.0,7152.2353515625,121728.22371826172,11.709546164317072,53430,1.0464618214005916,8.4924316,12.9296144,-0.243,60.96,Katsina
209130.0,12.9202267331,8.4932982313,2.2,12.2,0.248,512.0,549.0,473.0,3.0,2.0,7152.2353515625,101384.09671020508,11.52667152066152,53430,1.0464618214005916,8.4924316,12.9296144,-0.243,60.96,Katsina
209131.0,12.9202267331,8.4932982313,2.2,12.2,0.248,512.0,549.0,473.0,3.0,2.0,7152.2353515625,132411.76304931642,11.793671763321935,53430,1.0464618214005916,8.4924316,12.9296144,-0.243,60.96,Katsina
210001.0,12.449796574200002,4.190278198960001,3.4,105.3,0.265,602.0,2391.0,239.0,3.0,2.0,5144.1875,94641.63065883092,11.457852728626728,82236,1.0410677412912865,4.185791,12.4580325,1.463,70.08,Kebbi
210002.0,12.449796574200002,4.190278198960001,3.4,105.3,0.265,602.0,2391.0,239.0,3.0,2.0,5144.1875,158643.52553337946,11.974414986429968,82236,1.0410677412912865,4.185791,12.4580325,1.463,70.08,Kebbi
210003.0,12.449796574200002,4.190278198960001,3.4,105.3,0.265,602.0,2391.0,239.0,3.0,2.0,5144.1875,181476.4967880249,12.10888143002108,82236,1.0410677412912865,4.185791,12.4580325,1.463,70.08,Kebbi
210004.0,12.449796574200002,4.190278198960001,3.4,105.3,0.265,602.0,2391.0,239.0,3.0,2.0,5144.1875,87027.48195422946,11.37397923228708,82236,1.0410677412912865,4.185791,12.4580325,1.463,70.08,Kebbi
210005.0,12.449796574200002,4.190278198960001,3.4,105.3,0.265,602.0,2391.0,239.0,3.0,2.0,5144.1875,104882.3889002538,11.560594895640554,82236,1.0410677412912865,4.185791,12.4580325,1.463,70.08,Kebbi
210006.0,12.449796574200002,4.190278198960001,3.4,105.3,0.265,602.0,2391.0,239.0,3.0,2.0,5144.1875,474516.3367453681,13.070051325829048,82236,1.0410677412912865,4.185791,12.4580325,1.463,70.08,Kebbi
210007.0,12.449796574200002,4.190278198960001,3.4,105.3,0.265,602.0,2391.0,239.0,3.0,2.0,5144.1875,280149.02786000574,12.543076982917825,82236,1.0410677412912865,4.185791,12.4580325,1.463,70.08,Kebbi
210008.0,12.449796574200002,4.190278198960001,3.4,105.3,0.265,602.0,2391.0,239.0,3.0,2.0,5144.1875,92590.13186798096,11.43593784765515,82236,1.0410677412912865,4.185791,12.4580325,1.463,70.08,Kebbi
210009.0,12.449796574200002,4.190278198960001,3.4,105.3,0.265,602.0,2391.0,239.0,3.0,2.0,5144.1875,407138.18212890625,12.91690792063319,82236,1.0410677412912865,4.185791,12.4580325,1.463,70.08,Kebbi
210010.0,12.449796574200002,4.190278198960001,3.4,105.3,0.265,602.0,2391.0,239.0,3.0,2.0,5144.1875,153462.2775788741,11.941210067136408,82236,1.0410677412912865,4.185791,12.4580325,1.463,70.08,Kebbi
210031.0,11.2880018929,5.9197808717,14.7,29.8,0.311,1099.0,596.0,507.0,3.0,2.0,3906.29736328125,59480.97366841634,10.993411770117588,35114,1.012528802325004,5.9216309,11.2969342,-0.13,70.08,Kebbi
210032.0,11.2880018929,5.9197808717,14.7,29.8,0.311,1099.0,596.0,507.0,3.0,2.0,3906.29736328125,106842.51878738403,11.579111242267832,35114,1.012528802325004,5.9216309,11.2969342,-0.13,70.08,Kebbi
210033.0,11.2880018929,5.9197808717,14.7,29.8,0.311,1099.0,596.0,507.0,3.0,2.0,3906.29736328125,56691.53644670759,10.945380209556612,35114,1.012528802325004,5.9216309,11.2969342,-0.13,70.08,Kebbi
210034.0,11.2880018929,5.9197808717,14.7,29.8,0.311,1099.0,596.0,507.0,3.0,2.0,3906.29736328125,28187.72400919596,10.24664184332462,35114,1.012528802325004,5.9216309,11.2969342,-0.13,70.08,Kebbi
210035.0,11.2880018929,5.9197808717,14.7,29.8,0.311,1099.0,596.0,507.0,3.0,2.0,3906.29736328125,69608.17500813802,11.150637296438454,35114,1.012528802325004,5.9216309,11.2969342,-0.13,70.08,Kebbi
210036.0,11.2880018929,5.9197808717,14.7,29.8,0.311,1099.0,596.0,507.0,3.0,2.0,3906.29736328125,110485.95505523682,11.612643688289085,35114,1.012528802325004,5.9216309,11.2969342,-0.13,70.08,Kebbi
210037.0,11.2880018929,5.9197808717,14.7,29.8,0.311,1099.0,596.0,507.0,3.0,2.0,3906.29736328125,56984.795822143555,10.950539771272862,35114,1.012528802325004,5.9216309,11.2969342,-0.13,70.08,Kebbi
210038.0,11.2880018929,5.9197808717,14.7,29.8,0.311,1099.0,596.0,507.0,3.0,2.0,3906.29736328125,98690.03359452506,11.499739243570543,35114,1.012528802325004,5.9216309,11.2969342,-0.13,70.08,Kebbi
210039.0,11.2880018929,5.9197808717,14.7,29.8,0.311,1099.0,596.0,507.0,3.0,2.0,3906.29736328125,117445.22233072916,11.673727310934677,35114,1.012528802325004,5.9216309,11.2969342,-0.13,70.08,Kebbi
210040.0,11.2880018929,5.9197808717,14.7,29.8,0.311,1099.0,596.0,507.0,3.0,2.0,3906.29736328125,115990.03723144533,11.661259580464275,35114,1.012528802325004,5.9216309,11.2969342,-0.13,70.08,Kebbi
210051.0,9.66934792727,4.9099865069,7.4,11.3,0.344,887.0,177.0,182.0,1.0,2.0,1846.5989990234375,171795.76599884033,12.05406164328588,102118,1.6059905489206694,4.9108887,9.6549077,0.411,52.42,Niger
210052.0,10.2669058861,4.67390470965,0.4,83.6,0.318,882.0,92.0,184.0,3.0,2.0,1846.5989990234375,50878.222300211586,10.837190258335452,31971,0.8501316038242237,4.6691895,10.2608706,-0.706,70.08,Kebbi
210053.0,10.2669058861,4.67390470965,0.4,83.6,0.318,882.0,92.0,184.0,3.0,2.0,1846.5989990234375,283100.4407052993,12.553557027811246,31971,0.8501316038242237,4.6691895,10.2608706,-0.706,70.08,Kebbi
210054.0,10.2669058861,4.67390470965,0.4,83.6,0.318,882.0,92.0,184.0,3.0,2.0,1846.5989990234375,109474.55824061802,11.603447456407912,31971,0.8501316038242237,4.6691895,10.2608706,-0.706,70.08,Kebbi
210055.0,10.2669058861,4.67390470965,0.4,83.6,0.318,882.0,92.0,184.0,3.0,2.0,1846.5989990234375,102690.17135416668,11.5394716888458,31971,0.8501316038242237,4.6691895,10.2608706,-0.706,70.08,Kebbi
210056.0,10.2669058861,4.67390470965,0.4,83.6,0.318,882.0,92.0,184.0,3.0,2.0,1846.5989990234375,81544.27303150723,11.30890137911483,31971,0.8501316038242237,4.6691895,10.2608706,-0.706,70.08,Kebbi
210057.0,10.2669058861,4.67390470965,0.4,83.6,0.318,882.0,92.0,184.0,3.0,2.0,1846.5989990234375,150065.10430501302,11.918824507615268,31971,0.8501316038242237,4.6691895,10.2608706,-0.706,70.08,Kebbi
210058.0,10.2669058861,4.67390470965,0.4,83.6,0.318,882.0,92.0,184.0,3.0,2.0,1846.5989990234375,62620.68178710938,11.044850882510511,31971,0.8501316038242237,4.6691895,10.2608706,-0.706,70.08,Kebbi
210060.0,10.2669058861,4.67390470965,0.4,83.6,0.318,882.0,92.0,184.0,3.0,2.0,1846.5989990234375,42295.72924586705,10.652441396482535,31971,0.8501316038242237,4.6691895,10.2608706,-0.706,70.08,Kebbi
219001.0,12.2969789236,4.46923672916,6.0,82.7,0.258,673.0,1309.0,254.0,3.0,1.0,2767.059814453125,167033.03239302203,12.025946870599908,79594,1.2065731030715727,4.4714355,12.2863336,1.074,70.08,Kebbi
219002.0,12.2969789236,4.46923672916,6.0,82.7,0.258,673.0,1309.0,254.0,3.0,1.0,2767.059814453125,290702.6723175049,12.58005627920339,79594,1.2065731030715727,4.4714355,12.2863336,1.074,70.08,Kebbi
219003.0,12.2969789236,4.46923672916,6.0,82.7,0.258,673.0,1309.0,254.0,3.0,1.0,2767.059814453125,225135.72265625,12.324458711133,79594,1.2065731030715727,4.4714355,12.2863336,1.074,70.08,Kebbi
219004.0,12.2969789236,4.46923672916,6.0,82.7,0.258,673.0,1309.0,254.0,3.0,1.0,2767.059814453125,207317.66743977863,12.242007521226355,79594,1.2065731030715727,4.4714355,12.2863336,1.074,70.08,Kebbi
219005.0,12.2969789236,4.46923672916,6.0,82.7,0.258,673.0,1309.0,254.0,3.0,1.0,2767.059814453125,92033.37358680138,11.429906546629264,79594,1.2065731030715727,4.4714355,12.2863336,1.074,70.08,Kebbi
219006.0,12.2969789236,4.46923672916,6.0,82.7,0.258,673.0,1309.0,254.0,3.0,1.0,2767.059814453125,98872.0686767578,11.501582057872026,79594,1.2065731030715727,4.4714355,12.2863336,1.074,70.08,Kebbi
219007.0,12.2969789236,4.46923672916,6.0,82.7,0.258,673.0,1309.0,254.0,3.0,1.0,2767.059814453125,101062.64258684432,11.523495827196331,79594,1.2065731030715727,4.4714355,12.2863336,1.074,70.08,Kebbi
219008.0,12.2969789236,4.46923672916,6.0,82.7,0.258,673.0,1309.0,254.0,3.0,1.0,2767.059814453125,157875.79734516144,11.969563910124036,79594,1.2065731030715727,4.4714355,12.2863336,1.074,70.08,Kebbi
219009.0,12.2969789236,4.46923672916,6.0,82.7,0.258,673.0,1309.0,254.0,3.0,1.0,2767.059814453125,94259.31848754882,11.453804970317368,79594,1.2065731030715727,4.4714355,12.2863336,1.074,70.08,Kebbi
219010.0,12.2969789236,4.46923672916,6.0,82.7,0.258,673.0,1309.0,254.0,3.0,1.0,2767.059814453125,393914.2518005371,12.883888529570116,79594,1.2065731030715727,4.4714355,12.2863336,1.074,70.08,Kebbi
219014.0,11.0252692184,3.78589882749,0.2,10.4,0.336,818.0,19.0,248.0,3.0,2.0,10438.3369140625,60873.01759338379,11.016545294653543,64267,1.5213927318802738,3.7902832,11.0382553,-0.317,52.42,Niger
219015.0,11.0252692184,3.78589882749,0.2,10.4,0.336,818.0,19.0,248.0,3.0,2.0,10438.3369140625,156900.87174987793,11.963369494791593,64267,1.5213927318802738,3.7902832,11.0382553,-0.317,52.42,Niger
219017.0,11.0252692184,3.78589882749,0.2,10.4,0.336,818.0,19.0,248.0,3.0,2.0,10438.3369140625,65295.58883327908,11.086679760659315,64267,1.5213927318802738,3.7902832,11.0382553,-0.317,52.42,Niger
219018.0,11.0252692184,3.78589882749,0.2,10.4,0.336,818.0,19.0,248.0,3.0,2.0,10438.3369140625,71619.51625569661,11.17912288921094,64267,1.5213927318802738,3.7902832,11.0382553,-0.317,52.42,Niger
219020.0,11.0252692184,3.78589882749,0.2,10.4,0.336,818.0,19.0,248.0,3.0,2.0,10438.3369140625,110730.8181152344,11.614857473044111,64267,1.5213927318802738,3.7902832,11.0382553,-0.317,52.42,Niger
219021.0,11.0252692184,3.78589882749,0.2,10.4,0.336,818.0,19.0,248.0,3.0,2.0,10438.3369140625,223680.43118031815,12.317973665691667,64267,1.5213927318802738,3.7902832,11.0382553,-0.317,52.42,Niger
219022.0,11.0252692184,3.78589882749,0.2,10.4,0.336,818.0,19.0,248.0,3.0,2.0,10438.3369140625,73089.8177864211,11.199444344468471,64267,1.5213927318802738,3.7902832,11.0382553,-0.317,52.42,Niger
219023.0,11.0252692184,3.78589882749,0.2,10.4,0.336,818.0,19.0,248.0,3.0,2.0,10438.3369140625,173380.15731811523,12.06324190378244,64267,1.5213927318802738,3.7902832,11.0382553,-0.317,52.42,Niger
219024.0,11.0252692184,3.78589882749,0.2,10.4,0.336,818.0,19.0,248.0,3.0,2.0,10438.3369140625,33330.00812322443,10.41421341502286,64267,1.5213927318802738,3.7902832,11.0382553,-0.317,52.42,Niger
219025.0,12.2287401086,4.32334559285,4.8,165.1,0.278,668.0,698.0,197.0,3.0,2.0,8509.8486328125,67483.65384216308,11.119640682232582,99293,0.9881512289829179,4.317627,12.2219175,0.118,70.08,Kebbi
219026.0,12.2287401086,4.32334559285,4.8,165.1,0.278,668.0,698.0,197.0,3.0,2.0,8509.8486328125,277475.4529876709,12.533487750553926,99293,0.9881512289829179,4.317627,12.2219175,0.118,70.08,Kebbi
219027.0,12.2287401086,4.32334559285,4.8,165.1,0.278,668.0,698.0,197.0,3.0,2.0,8509.8486328125,81533.62982177736,11.308770849968225,99293,0.9881512289829179,4.317627,12.2219175,0.118,70.08,Kebbi
219028.0,12.2287401086,4.32334559285,4.8,165.1,0.278,668.0,698.0,197.0,3.0,2.0,8509.8486328125,70827.49081443337,11.168002492656855,99293,0.9881512289829179,4.317627,12.2219175,0.118,70.08,Kebbi
219031.0,12.2287401086,4.32334559285,4.8,165.1,0.278,668.0,698.0,197.0,3.0,2.0,8509.8486328125,58922.651709420345,10.983980874815394,99293,0.9881512289829179,4.317627,12.2219175,0.118,70.08,Kebbi
219032.0,12.2287401086,4.32334559285,4.8,165.1,0.278,668.0,698.0,197.0,3.0,2.0,8509.8486328125,164815.26108398434,12.012580495835008,99293,0.9881512289829179,4.317627,12.2219175,0.118,70.08,Kebbi
219033.0,12.2287401086,4.32334559285,4.8,165.1,0.278,668.0,698.0,197.0,3.0,2.0,8509.8486328125,69551.73463134763,11.149826137821991,99293,0.9881512289829179,4.317627,12.2219175,0.118,70.08,Kebbi
219034.0,12.2287401086,4.32334559285,4.8,165.1,0.278,668.0,698.0,197.0,3.0,2.0,8509.8486328125,178382.69832464852,12.091686511939786,99293,0.9881512289829179,4.317627,12.2219175,0.118,70.08,Kebbi
219035.0,12.2287401086,4.32334559285,4.8,165.1,0.278,668.0,698.0,197.0,3.0,2.0,8509.8486328125,145416.31660461426,11.887356056524254,99293,0.9881512289829179,4.317627,12.2219175,0.118,70.08,Kebbi
219036.0,12.2287401086,4.32334559285,4.8,165.1,0.278,668.0,698.0,197.0,3.0,2.0,8509.8486328125,94726.9463256836,11.458753782792984,99293,0.9881512289829179,4.317627,12.2219175,0.118,70.08,Kebbi
219038.0,12.3290699698,4.11733385377,4.2,23.0,0.244,601.0,267.0,222.0,3.0,2.0,6988.9169921875,46625.420166015625,10.749901168509064,74143,0.2827088895576678,4.119873,12.3292689,-0.338,70.08,Kebbi
219039.0,12.3290699698,4.11733385377,4.2,23.0,0.244,601.0,267.0,222.0,3.0,2.0,6988.9169921875,113831.85995483398,11.642477725945358,74143,0.2827088895576678,4.119873,12.3292689,-0.338,70.08,Kebbi
219040.0,12.3290699698,4.11733385377,4.2,23.0,0.244,601.0,267.0,222.0,3.0,2.0,6988.9169921875,137607.24642181396,11.832158866043963,74143,0.2827088895576678,4.119873,12.3292689,-0.338,70.08,Kebbi
219041.0,12.3290699698,4.11733385377,4.2,23.0,0.244,601.0,267.0,222.0,3.0,2.0,6988.9169921875,165297.74480438232,12.01550364066936,74143,0.2827088895576678,4.119873,12.3292689,-0.338,70.08,Kebbi
219042.0,12.3290699698,4.11733385377,4.2,23.0,0.244,601.0,267.0,222.0,3.0,2.0,6988.9169921875,77549.18088045987,11.25866760607901,74143,0.2827088895576678,4.119873,12.3292689,-0.338,70.08,Kebbi
219043.0,12.5015652319,4.21664437244,1.5,63.9,0.26,595.0,234.0,200.0,3.0,2.0,6988.9169921875,121192.50715942384,11.70513552858932,65366,1.4548628513774657,4.2297363,12.5009395,-0.048,70.08,Kebbi
219044.0,12.3290699698,4.11733385377,4.2,23.0,0.244,601.0,267.0,222.0,3.0,2.0,6988.9169921875,533577.934967041,13.187360421467396,74143,0.2827088895576678,4.119873,12.3292689,-0.338,70.08,Kebbi
219045.0,12.3290699698,4.11733385377,4.2,23.0,0.244,601.0,267.0,222.0,3.0,2.0,6988.9169921875,240578.1170959473,12.390800126997972,74143,0.2827088895576678,4.119873,12.3292689,-0.338,70.08,Kebbi
219047.0,12.3290699698,4.11733385377,4.2,23.0,0.244,601.0,267.0,222.0,3.0,2.0,6988.9169921875,259649.73885091147,12.467088843498464,74143,0.2827088895576678,4.119873,12.3292689,-0.338,70.08,Kebbi
219048.0,12.3290699698,4.11733385377,4.2,23.0,0.244,601.0,267.0,222.0,3.0,2.0,6988.9169921875,341687.07385253906,12.741650608451764,74143,0.2827088895576678,4.119873,12.3292689,-0.338,70.08,Kebbi
219049.0,10.513724601,4.61095821245,3.5,52.1,0.264,865.0,,139.0,3.0,2.0,6379.3271484375,60916.46307373048,11.017258746783426,35247,1.116943387763009,4.6032715,10.5202184,-0.082,70.08,Kebbi
219051.0,10.513724601,4.61095821245,3.5,52.1,0.264,865.0,,139.0,3.0,2.0,6379.3271484375,78529.57156982421,11.271230540729745,35247,1.116943387763009,4.6032715,10.5202184,-0.082,70.08,Kebbi
219052.0,10.513724601,4.61095821245,3.5,52.1,0.264,865.0,,139.0,3.0,2.0,6379.3271484375,146219.84300595237,11.892866542162912,35247,1.116943387763009,4.6032715,10.5202184,-0.082,70.08,Kebbi
219054.0,10.513724601,4.61095821245,3.5,52.1,0.264,865.0,,139.0,3.0,2.0,6379.3271484375,39999.59175415039,10.59662452689775,35247,1.116943387763009,4.6032715,10.5202184,-0.082,70.08,Kebbi
219055.0,10.513724601,4.61095821245,3.5,52.1,0.264,865.0,,139.0,3.0,2.0,6379.3271484375,213111.60675048828,12.269571282818816,35247,1.116943387763009,4.6032715,10.5202184,-0.082,70.08,Kebbi
219056.0,10.513724601,4.61095821245,3.5,52.1,0.264,865.0,,139.0,3.0,2.0,6379.3271484375,103379.40056355797,11.546161000354015,35247,1.116943387763009,4.6032715,10.5202184,-0.082,70.08,Kebbi
219057.0,10.513724601,4.61095821245,3.5,52.1,0.264,865.0,,139.0,3.0,2.0,6379.3271484375,59664.375549316406,10.996490396802727,35247,1.116943387763009,4.6032715,10.5202184,-0.082,70.08,Kebbi
219058.0,10.513724601,4.61095821245,3.5,52.1,0.264,865.0,,139.0,3.0,2.0,6379.3271484375,87999.97077287946,11.385091761333918,35247,1.116943387763009,4.6032715,10.5202184,-0.082,70.08,Kebbi
219059.0,10.513724601,4.61095821245,3.5,52.1,0.264,865.0,,139.0,3.0,2.0,6379.3271484375,226802.6780029297,12.33183565853908,35247,1.116943387763009,4.6032715,10.5202184,-0.082,70.08,Kebbi
219060.0,10.513724601,4.61095821245,3.5,52.1,0.264,865.0,,139.0,3.0,2.0,6379.3271484375,84269.72142846244,11.34177790305858,35247,1.116943387763009,4.6032715,10.5202184,-0.082,70.08,Kebbi
219061.0,11.1757259363,6.01629700636,1.1,49.5,0.31,1128.0,38.0,480.0,3.0,2.0,3677.4375,63370.285679408495,11.056750350424942,83070,1.1723793513863021,6.0095215,11.1676236,0.278,70.08,Kebbi
219062.0,11.1757259363,6.01629700636,1.1,49.5,0.31,1128.0,38.0,480.0,3.0,2.0,3677.4375,40760.2754225958,10.615463244492334,83070,1.1723793513863021,6.0095215,11.1676236,0.278,70.08,Kebbi
219063.0,11.1757259363,6.01629700636,1.1,49.5,0.31,1128.0,38.0,480.0,3.0,2.0,3677.4375,34694.29784478081,10.454330625192004,83070,1.1723793513863021,6.0095215,11.1676236,0.278,70.08,Kebbi
219064.0,11.1757259363,6.01629700636,1.1,49.5,0.31,1128.0,38.0,480.0,3.0,2.0,3677.4375,68368.3367852105,11.132665083936653,83070,1.1723793513863021,6.0095215,11.1676236,0.278,70.08,Kebbi
219065.0,11.1757259363,6.01629700636,1.1,49.5,0.31,1128.0,38.0,480.0,3.0,2.0,3677.4375,34877.70983123779,10.459603217359213,83070,1.1723793513863021,6.0095215,11.1676236,0.278,70.08,Kebbi
219066.0,11.1757259363,6.01629700636,1.1,49.5,0.31,1128.0,38.0,480.0,3.0,2.0,3677.4375,51629.475476074214,10.851848018536293,83070,1.1723793513863021,6.0095215,11.1676236,0.278,70.08,Kebbi
219067.0,11.1757259363,6.01629700636,1.1,49.5,0.31,1128.0,38.0,480.0,3.0,2.0,3677.4375,71659.34713309152,11.179678880199129,83070,1.1723793513863021,6.0095215,11.1676236,0.278,70.08,Kebbi
219069.0,11.1757259363,6.01629700636,1.1,49.5,0.31,1128.0,38.0,480.0,3.0,2.0,3677.4375,43432.70102945963,10.678967916306462,83070,1.1723793513863021,6.0095215,11.1676236,0.278,70.08,Kebbi
219070.0,11.1757259363,6.01629700636,1.1,49.5,0.31,1128.0,38.0,480.0,3.0,2.0,3677.4375,118560.39286295572,11.683177754145843,83070,1.1723793513863021,6.0095215,11.1676236,0.278,70.08,Kebbi
219071.0,11.1757259363,6.01629700636,1.1,49.5,0.31,1128.0,38.0,480.0,3.0,2.0,3677.4375,50281.79977722168,10.825398457155474,83070,1.1723793513863021,6.0095215,11.1676236,0.278,70.08,Kebbi
219076.0,11.0252692184,3.78589882749,0.2,10.4,0.336,818.0,19.0,248.0,3.0,2.0,10438.3369140625,73969.75465393066,11.211411567744328,64267,1.5213927318802738,3.7902832,11.0382553,-0.317,52.42,Niger
220011.0,8.171908749400002,6.9180044512,3.5,13.8,0.333,1003.0,59.0,227.0,1.0,2.0,2703.564453125,226788.48747253415,12.331773088844256,9370,1.1441617029145899,6.9104004,8.1788678,-0.352,37.23,Kogi
220012.0,8.171908749400002,6.9180044512,3.5,13.8,0.333,1003.0,59.0,227.0,1.0,2.0,2703.564453125,108348.14936065674,11.593104926621653,9370,1.1441617029145899,6.9104004,8.1788678,-0.352,37.23,Kogi
220013.0,8.171908749400002,6.9180044512,3.5,13.8,0.333,1003.0,59.0,227.0,1.0,2.0,2703.564453125,111498.3817936824,11.62176535671585,9370,1.1441617029145899,6.9104004,8.1788678,-0.352,37.23,Kogi
220014.0,8.171908749400002,6.9180044512,3.5,13.8,0.333,1003.0,59.0,227.0,1.0,2.0,2703.564453125,188845.62689208984,12.14868517135721,9370,1.1441617029145899,6.9104004,8.1788678,-0.352,37.23,Kogi
220015.0,8.171908749400002,6.9180044512,3.5,13.8,0.333,1003.0,59.0,227.0,1.0,2.0,2703.564453125,93936.80404493544,11.450377537764604,9370,1.1441617029145899,6.9104004,8.1788678,-0.352,37.23,Kogi
220016.0,8.171908749400002,6.9180044512,3.5,13.8,0.333,1003.0,59.0,227.0,1.0,2.0,2703.564453125,65230.58633761935,11.085683753522076,9370,1.1441617029145899,6.9104004,8.1788678,-0.352,37.23,Kogi
220017.0,8.171908749400002,6.9180044512,3.5,13.8,0.333,1003.0,59.0,227.0,1.0,2.0,2703.564453125,237309.19875335693,12.37711920590919,9370,1.1441617029145899,6.9104004,8.1788678,-0.352,37.23,Kogi
220018.0,8.171908749400002,6.9180044512,3.5,13.8,0.333,1003.0,59.0,227.0,1.0,2.0,2703.564453125,128958.12655666895,11.767243030313818,9370,1.1441617029145899,6.9104004,8.1788678,-0.352,37.23,Kogi
220019.0,8.171908749400002,6.9180044512,3.5,13.8,0.333,1003.0,59.0,227.0,1.0,2.0,2703.564453125,156738.59926350912,11.962334723878836,9370,1.1441617029145899,6.9104004,8.1788678,-0.352,37.23,Kogi
220020.0,8.171908749400002,6.9180044512,3.5,13.8,0.333,1003.0,59.0,227.0,1.0,2.0,2703.564453125,135435.14164595172,11.816248145268425,9370,1.1441617029145899,6.9104004,8.1788678,-0.352,37.23,Kogi
220021.0,7.58372905586,6.181607268809999,9.1,61.6,0.276,1041.0,1134.0,424.0,1.0,1.0,2293.783203125,83260.0721777053,11.329724387643925,98677,0.9269496983899882,6.1853027,7.5912178,-0.086,37.23,Kogi
220022.0,7.58372905586,6.181607268809999,9.1,61.6,0.276,1041.0,1134.0,424.0,1.0,1.0,2293.783203125,91050.21840413412,11.419166483880325,98677,0.9269496983899882,6.1853027,7.5912178,-0.086,37.23,Kogi
220024.0,7.58372905586,6.181607268809999,9.1,61.6,0.276,1041.0,1134.0,424.0,1.0,1.0,2293.783203125,382663.0639953613,12.854910152502953,98677,0.9269496983899882,6.1853027,7.5912178,-0.086,37.23,Kogi
220025.0,7.58372905586,6.181607268809999,9.1,61.6,0.276,1041.0,1134.0,424.0,1.0,1.0,2293.783203125,392929.786239624,12.881386213921749,98677,0.9269496983899882,6.1853027,7.5912178,-0.086,37.23,Kogi
220026.0,7.58372905586,6.181607268809999,9.1,61.6,0.276,1041.0,1134.0,424.0,1.0,1.0,2293.783203125,85197.12234104701,11.352722936907185,98677,0.9269496983899882,6.1853027,7.5912178,-0.086,37.23,Kogi
220027.0,7.58372905586,6.181607268809999,9.1,61.6,0.276,1041.0,1134.0,424.0,1.0,1.0,2293.783203125,77390.84770711264,11.256623805907996,98677,0.9269496983899882,6.1853027,7.5912178,-0.086,37.23,Kogi
220028.0,7.58372905586,6.181607268809999,9.1,61.6,0.276,1041.0,1134.0,424.0,1.0,1.0,2293.783203125,76132.12134878976,11.240225548732608,98677,0.9269496983899882,6.1853027,7.5912178,-0.086,37.23,Kogi
220029.0,7.58372905586,6.181607268809999,9.1,61.6,0.276,1041.0,1134.0,424.0,1.0,1.0,2293.783203125,81285.17483956473,11.305718927611016,98677,0.9269496983899882,6.1853027,7.5912178,-0.086,37.23,Kogi
220051.0,7.917244658139998,5.772112518710001,1.3,8.3,0.333,1333.0,731.0,503.0,1.0,1.0,2486.503662109375,183209.3460845947,12.118384745666512,96180,0.4800910370098372,5.7678223,7.9177932,0.583,37.23,Kogi
220052.0,7.917244658139998,5.772112518710001,1.3,8.3,0.333,1333.0,731.0,503.0,1.0,1.0,2486.503662109375,244419.60171508783,12.406641706480343,96180,0.4800910370098372,5.7678223,7.9177932,0.583,37.23,Kogi
220053.0,7.917244658139998,5.772112518710001,1.3,8.3,0.333,1333.0,731.0,503.0,1.0,1.0,2486.503662109375,129191.98001098631,11.769054794185582,96180,0.4800910370098372,5.7678223,7.9177932,0.583,37.23,Kogi
220054.0,7.917244658139998,5.772112518710001,1.3,8.3,0.333,1333.0,731.0,503.0,1.0,1.0,2486.503662109375,162270.87836129323,11.997022306480622,96180,0.4800910370098372,5.7678223,7.9177932,0.583,37.23,Kogi
220055.0,7.917244658139998,5.772112518710001,1.3,8.3,0.333,1333.0,731.0,503.0,1.0,1.0,2486.503662109375,97768.82759704588,11.490361068989197,96180,0.4800910370098372,5.7678223,7.9177932,0.583,37.23,Kogi
220056.0,7.917244658139998,5.772112518710001,1.3,8.3,0.333,1333.0,731.0,503.0,1.0,1.0,2486.503662109375,171042.7322611491,12.049668700529956,96180,0.4800910370098372,5.7678223,7.9177932,0.583,37.23,Kogi
220057.0,7.917244658139998,5.772112518710001,1.3,8.3,0.333,1333.0,731.0,503.0,1.0,1.0,2486.503662109375,151329.96813092913,11.927217951087837,96180,0.4800910370098372,5.7678223,7.9177932,0.583,37.23,Kogi
220058.0,7.917244658139998,5.772112518710001,1.3,8.3,0.333,1333.0,731.0,503.0,1.0,1.0,2486.503662109375,476936.3880538941,13.075138402599878,96180,0.4800910370098372,5.7678223,7.9177932,0.583,37.23,Kogi
220059.0,7.917244658139998,5.772112518710001,1.3,8.3,0.333,1333.0,731.0,503.0,1.0,1.0,2486.503662109375,177743.76930745444,12.088098293928493,96180,0.4800910370098372,5.7678223,7.9177932,0.583,37.23,Kogi
220060.0,7.917244658139998,5.772112518710001,1.3,8.3,0.333,1333.0,731.0,503.0,1.0,1.0,2486.503662109375,130026.96774902345,11.775497152147398,96180,0.4800910370098372,5.7678223,7.9177932,0.583,37.23,Kogi
220111.0,7.54357282967,7.61435948,0.5,8.2,0.281,1124.0,186.0,404.0,1.0,2.0,5305.54248046875,176419.55672302246,12.080620282186445,60519,0.46253696630124075,7.6135254,7.5476555,-0.525,37.23,Kogi
220112.0,7.54357282967,7.61435948,0.5,8.2,0.281,1124.0,186.0,404.0,1.0,2.0,5305.54248046875,140890.4847198486,11.855738163454838,60519,0.46253696630124075,7.6135254,7.5476555,-0.525,37.23,Kogi
220113.0,7.54357282967,7.61435948,0.5,8.2,0.281,1124.0,186.0,404.0,1.0,2.0,5305.54248046875,98371.80834899284,11.496509541472866,60519,0.46253696630124075,7.6135254,7.5476555,-0.525,37.23,Kogi
220114.0,7.54357282967,7.61435948,0.5,8.2,0.281,1124.0,186.0,404.0,1.0,2.0,5305.54248046875,146290.78901515863,11.893351625457884,60519,0.46253696630124075,7.6135254,7.5476555,-0.525,37.23,Kogi
220115.0,7.54357282967,7.61435948,0.5,8.2,0.281,1124.0,186.0,404.0,1.0,2.0,5305.54248046875,316411.50241699215,12.66479886825085,60519,0.46253696630124075,7.6135254,7.5476555,-0.525,37.23,Kogi
220116.0,7.54357282967,7.61435948,0.5,8.2,0.281,1124.0,186.0,404.0,1.0,2.0,5305.54248046875,147823.8927429199,11.903776930337418,60519,0.46253696630124075,7.6135254,7.5476555,-0.525,37.23,Kogi
220117.0,7.54357282967,7.61435948,0.5,8.2,0.281,1124.0,186.0,404.0,1.0,2.0,5305.54248046875,145284.90750558037,11.88645197290103,60519,0.46253696630124075,7.6135254,7.5476555,-0.525,37.23,Kogi
220118.0,7.54357282967,7.61435948,0.5,8.2,0.281,1124.0,186.0,404.0,1.0,2.0,5305.54248046875,245898.08699035645,12.412672448549609,60519,0.46253696630124075,7.6135254,7.5476555,-0.525,37.23,Kogi
220119.0,7.54357282967,7.61435948,0.5,8.2,0.281,1124.0,186.0,404.0,1.0,2.0,5305.54248046875,248119.0968017578,12.421664138913403,60519,0.46253696630124075,7.6135254,7.5476555,-0.525,37.23,Kogi
220120.0,7.54357282967,7.61435948,0.5,8.2,0.281,1124.0,186.0,404.0,1.0,2.0,5305.54248046875,140465.05185327772,11.85271399555689,60519,0.46253696630124075,7.6135254,7.5476555,-0.525,37.23,Kogi
229002.0,7.35102791858,7.75479896107,1.5,73.9,0.303,1132.0,172.0,228.0,1.0,2.0,1805.6512451171875,136696.16795654298,11.825515989813953,46104,1.049312107055778,7.7453613,7.3515708,-0.558,37.23,Kogi
229003.0,7.35102791858,7.75479896107,1.5,73.9,0.303,1132.0,172.0,228.0,1.0,2.0,1805.6512451171875,127102.714688619,11.752750815632528,46104,1.049312107055778,7.7453613,7.3515708,-0.558,37.23,Kogi
229004.0,7.35102791858,7.75479896107,1.5,73.9,0.303,1132.0,172.0,228.0,1.0,2.0,1805.6512451171875,95260.326373509,11.464368700482815,46104,1.049312107055778,7.7453613,7.3515708,-0.558,37.23,Kogi
229005.0,7.35102791858,7.75479896107,1.5,73.9,0.303,1132.0,172.0,228.0,1.0,2.0,1805.6512451171875,180242.05983479816,12.10205600332976,46104,1.049312107055778,7.7453613,7.3515708,-0.558,37.23,Kogi
229006.0,7.35102791858,7.75479896107,1.5,73.9,0.303,1132.0,172.0,228.0,1.0,2.0,1805.6512451171875,166799.06214904785,12.02454514628335,46104,1.049312107055778,7.7453613,7.3515708,-0.558,37.23,Kogi
229007.0,7.35102791858,7.75479896107,1.5,73.9,0.303,1132.0,172.0,228.0,1.0,2.0,1805.6512451171875,169827.87005004886,12.042540673961147,46104,1.049312107055778,7.7453613,7.3515708,-0.558,37.23,Kogi
229009.0,7.35102791858,7.75479896107,1.5,73.9,0.303,1132.0,172.0,228.0,1.0,2.0,1805.6512451171875,144820.38412475586,11.883249523368212,46104,1.049312107055778,7.7453613,7.3515708,-0.558,37.23,Kogi
229010.0,7.35102791858,7.75479896107,1.5,73.9,0.303,1132.0,172.0,228.0,1.0,2.0,1805.6512451171875,263635.2548740932,12.482321816499496,46104,1.049312107055778,7.7453613,7.3515708,-0.558,37.23,Kogi
229011.0,7.35102791858,7.75479896107,1.5,73.9,0.303,1132.0,172.0,228.0,1.0,2.0,1805.6512451171875,170714.21675872803,12.047746190368583,46104,1.049312107055778,7.7453613,7.3515708,-0.558,37.23,Kogi
229012.0,7.35102791858,7.75479896107,1.5,73.9,0.303,1132.0,172.0,228.0,1.0,2.0,1805.6512451171875,175763.1784286499,12.076892790808554,46104,1.049312107055778,7.7453613,7.3515708,-0.558,37.23,Kogi
229014.0,7.14440236498,6.90979499509,1.3,42.6,0.368,1071.0,82.0,108.0,1.0,2.0,2071.36572265625,183837.98552703857,12.121810135271453,76468,1.201210087220189,6.9104004,7.1335976,-0.566,37.23,Kogi
229015.0,7.14440236498,6.90979499509,1.3,42.6,0.368,1071.0,82.0,108.0,1.0,2.0,2071.36572265625,274492.6190867106,12.522679650997215,76468,1.201210087220189,6.9104004,7.1335976,-0.566,37.23,Kogi
229016.0,7.14440236498,6.90979499509,1.3,42.6,0.368,1071.0,82.0,108.0,1.0,2.0,2071.36572265625,275762.04681396484,12.527293623610127,76468,1.201210087220189,6.9104004,7.1335976,-0.566,37.23,Kogi
229017.0,7.14440236498,6.90979499509,1.3,42.6,0.368,1071.0,82.0,108.0,1.0,2.0,2071.36572265625,126343.32489013672,11.746758281109228,76468,1.201210087220189,6.9104004,7.1335976,-0.566,37.23,Kogi
229018.0,7.14440236498,6.90979499509,1.3,42.6,0.368,1071.0,82.0,108.0,1.0,2.0,2071.36572265625,181710.31885637555,12.110169043395707,76468,1.201210087220189,6.9104004,7.1335976,-0.566,37.23,Kogi
229020.0,7.14440236498,6.90979499509,1.3,42.6,0.368,1071.0,82.0,108.0,1.0,2.0,2071.36572265625,310142.6680196126,12.644787690010958,76468,1.201210087220189,6.9104004,7.1335976,-0.566,37.23,Kogi
229021.0,7.14440236498,6.90979499509,1.3,42.6,0.368,1071.0,82.0,108.0,1.0,2.0,2071.36572265625,130330.63081359862,11.777829814638876,76468,1.201210087220189,6.9104004,7.1335976,-0.566,37.23,Kogi
229023.0,7.14440236498,6.90979499509,1.3,42.6,0.368,1071.0,82.0,108.0,1.0,2.0,2071.36572265625,138403.38094889326,11.837927750688811,76468,1.201210087220189,6.9104004,7.1335976,-0.566,37.23,Kogi
229024.0,7.14440236498,6.90979499509,1.3,42.6,0.368,1071.0,82.0,108.0,1.0,2.0,2071.36572265625,236807.04483032227,12.375000931677512,76468,1.201210087220189,6.9104004,7.1335976,-0.566,37.23,Kogi
229025.0,7.10183137966,6.92680099265,2.5,41.3,0.358,1080.0,75.0,69.0,1.0,2.0,1629.576904296875,242226.37867228192,12.397628016938038,73304,1.2671078230947506,6.932373,7.1117945,-0.546,37.23,Kogi
229026.0,7.10183137966,6.92680099265,2.5,41.3,0.358,1080.0,75.0,69.0,1.0,2.0,1629.576904296875,75494.25876871745,11.231811889547272,73304,1.2671078230947506,6.932373,7.1117945,-0.546,37.23,Kogi
229028.0,7.10183137966,6.92680099265,2.5,41.3,0.358,1080.0,75.0,69.0,1.0,2.0,1629.576904296875,545868.3297729492,13.21013307138268,73304,1.2671078230947506,6.932373,7.1117945,-0.546,37.23,Kogi
229029.0,7.10183137966,6.92680099265,2.5,41.3,0.358,1080.0,75.0,69.0,1.0,2.0,1629.576904296875,120373.92210388184,11.69835819457545,73304,1.2671078230947506,6.932373,7.1117945,-0.546,37.23,Kogi
229031.0,7.10183137966,6.92680099265,2.5,41.3,0.358,1080.0,75.0,69.0,1.0,2.0,1629.576904296875,125913.52362823486,11.743350629897112,73304,1.2671078230947506,6.932373,7.1117945,-0.546,37.23,Kogi
229032.0,7.10183137966,6.92680099265,2.5,41.3,0.358,1080.0,75.0,69.0,1.0,2.0,1629.576904296875,179025.63857014975,12.095284306801608,73304,1.2671078230947506,6.932373,7.1117945,-0.546,37.23,Kogi
229033.0,7.10183137966,6.92680099265,2.5,41.3,0.358,1080.0,75.0,69.0,1.0,2.0,1629.576904296875,273658.6665649414,12.519636866324332,73304,1.2671078230947506,6.932373,7.1117945,-0.546,37.23,Kogi
229035.0,7.10183137966,6.92680099265,2.5,41.3,0.358,1080.0,75.0,69.0,1.0,2.0,1629.576904296875,122698.78437325612,11.7174877233415,73304,1.2671078230947506,6.932373,7.1117945,-0.546,37.23,Kogi
229036.0,7.10183137966,6.92680099265,2.5,41.3,0.358,1080.0,75.0,69.0,1.0,2.0,1629.576904296875,111689.5274597168,11.623478224705943,73304,1.2671078230947506,6.932373,7.1117945,-0.546,37.23,Kogi
229037.0,8.16522741856,5.88892434654,0.7,48.9,0.311,1321.0,544.0,286.0,1.0,1.0,585.1318359375,234053.70371500647,12.363305871063623,26648,1.4932626632639756,5.8996582,8.157118,0.788,37.23,Kogi
229038.0,8.16522741856,5.88892434654,0.7,48.9,0.311,1321.0,544.0,286.0,1.0,1.0,585.1318359375,148242.15008544922,11.906602364938308,26648,1.4932626632639756,5.8996582,8.157118,0.788,37.23,Kogi
229039.0,8.16522741856,5.88892434654,0.7,48.9,0.311,1321.0,544.0,286.0,1.0,1.0,585.1318359375,173169.16619262693,12.062024234970274,26648,1.4932626632639756,5.8996582,8.157118,0.788,37.23,Kogi
229040.0,8.16522741856,5.88892434654,0.7,48.9,0.311,1321.0,544.0,286.0,1.0,1.0,585.1318359375,161226.7149658203,11.990566820918117,26648,1.4932626632639756,5.8996582,8.157118,0.788,37.23,Kogi
229041.0,8.16522741856,5.88892434654,0.7,48.9,0.311,1321.0,544.0,286.0,1.0,1.0,585.1318359375,98793.16409301758,11.500783692000338,26648,1.4932626632639756,5.8996582,8.157118,0.788,37.23,Kogi
229042.0,8.16522741856,5.88892434654,0.7,48.9,0.311,1321.0,544.0,286.0,1.0,1.0,585.1318359375,181179.36486206052,12.10724278565394,26648,1.4932626632639756,5.8996582,8.157118,0.788,37.23,Kogi
229044.0,8.16522741856,5.88892434654,0.7,48.9,0.311,1321.0,544.0,286.0,1.0,1.0,585.1318359375,158516.37890625,11.973613203908528,26648,1.4932626632639756,5.8996582,8.157118,0.788,37.23,Kogi
229046.0,8.16522741856,5.88892434654,0.7,48.9,0.311,1321.0,544.0,286.0,1.0,1.0,585.1318359375,202470.6405639648,12.2183501701481,26648,1.4932626632639756,5.8996582,8.157118,0.788,37.23,Kogi
229047.0,8.16522741856,5.88892434654,0.7,48.9,0.311,1321.0,544.0,286.0,1.0,1.0,585.1318359375,168827.7601776123,12.036634303651091,26648,1.4932626632639756,5.8996582,8.157118,0.788,37.23,Kogi
229048.0,8.16522741856,5.88892434654,0.7,48.9,0.311,1321.0,544.0,286.0,1.0,1.0,585.1318359375,519546.60235595703,13.160711791669296,26648,1.4932626632639756,5.8996582,8.157118,0.788,37.23,Kogi
229049.0,7.58036599917,6.15893221576,0.4,61.9,0.271,1049.0,1920.0,394.0,1.0,1.0,4203.1220703125,154066.93212890625,11.945142411187698,60622,1.2997098356670904,6.1633301,7.5912178,1.394,37.23,Kogi
229050.0,7.58036599917,6.15893221576,0.4,61.9,0.271,1049.0,1920.0,394.0,1.0,1.0,4203.1220703125,287548.3103942871,12.569146161257091,60622,1.2997098356670904,6.1633301,7.5912178,1.394,37.23,Kogi
229051.0,7.58036599917,6.15893221576,0.4,61.9,0.271,1049.0,1920.0,394.0,1.0,1.0,4203.1220703125,109192.13129970004,11.600864282001607,60622,1.2997098356670904,6.1633301,7.5912178,1.394,37.23,Kogi
229052.0,7.58036599917,6.15893221576,0.4,61.9,0.271,1049.0,1920.0,394.0,1.0,1.0,4203.1220703125,163401.85916748046,12.003967839357268,60622,1.2997098356670904,6.1633301,7.5912178,1.394,37.23,Kogi
229053.0,7.58036599917,6.15893221576,0.4,61.9,0.271,1049.0,1920.0,394.0,1.0,1.0,4203.1220703125,104018.74821166992,11.552326433142657,60622,1.2997098356670904,6.1633301,7.5912178,1.394,37.23,Kogi
229056.0,7.58036599917,6.15893221576,0.4,61.9,0.271,1049.0,1920.0,394.0,1.0,1.0,4203.1220703125,100775.00554809572,11.520645643039652,60622,1.2997098356670904,6.1633301,7.5912178,1.394,37.23,Kogi
229057.0,7.58036599917,6.15893221576,0.4,61.9,0.271,1049.0,1920.0,394.0,1.0,1.0,4203.1220703125,156142.69104003906,11.958525554315306,60622,1.2997098356670904,6.1633301,7.5912178,1.394,37.23,Kogi
229058.0,7.58036599917,6.15893221576,0.4,61.9,0.271,1049.0,1920.0,394.0,1.0,1.0,4203.1220703125,129447.56665039062,11.771031187400771,60622,1.2997098356670904,6.1633301,7.5912178,1.394,37.23,Kogi
229059.0,7.58036599917,6.15893221576,0.4,61.9,0.271,1049.0,1920.0,394.0,1.0,1.0,4203.1220703125,155625.88175964355,11.955210212110478,60622,1.2997098356670904,6.1633301,7.5912178,1.394,37.23,Kogi
229060.0,7.58036599917,6.15893221576,0.4,61.9,0.271,1049.0,1920.0,394.0,1.0,1.0,4203.1220703125,147606.69397408623,11.902306542248088,60622,1.2997098356670904,6.1633301,7.5912178,1.394,37.23,Kogi
229061.0,7.58633622176,6.17634408848,1.5,45.0,0.274,1043.0,1670.0,441.0,1.0,1.0,4586.41064453125,119594.08283996582,11.691858644692536,98677,1.1324531304889802,6.1853027,7.5912178,-0.086,37.23,Kogi
229063.0,7.58633622176,6.17634408848,1.5,45.0,0.274,1043.0,1670.0,441.0,1.0,1.0,4586.41064453125,132672.2579752604,11.79563714025253,98677,1.1324531304889802,6.1853027,7.5912178,-0.086,37.23,Kogi
229064.0,7.58633622176,6.17634408848,1.5,45.0,0.274,1043.0,1670.0,441.0,1.0,1.0,4586.41064453125,241406.7472991943,12.394238537955845,98677,1.1324531304889802,6.1853027,7.5912178,-0.086,37.23,Kogi
229065.0,7.58633622176,6.17634408848,1.5,45.0,0.274,1043.0,1670.0,441.0,1.0,1.0,4586.41064453125,128586.34418741862,11.764355896869043,98677,1.1324531304889802,6.1853027,7.5912178,-0.086,37.23,Kogi
229066.0,7.58633622176,6.17634408848,1.5,45.0,0.274,1043.0,1670.0,441.0,1.0,1.0,4586.41064453125,93779.58298746744,11.448702445922958,98677,1.1324531304889802,6.1853027,7.5912178,-0.086,37.23,Kogi
229068.0,7.58633622176,6.17634408848,1.5,45.0,0.274,1043.0,1670.0,441.0,1.0,1.0,4586.41064453125,105861.31167907716,11.569885136031202,98677,1.1324531304889802,6.1853027,7.5912178,-0.086,37.23,Kogi
229070.0,7.58633622176,6.17634408848,1.5,45.0,0.274,1043.0,1670.0,441.0,1.0,1.0,4586.41064453125,137033.14972534182,11.82797814433865,98677,1.1324531304889802,6.1853027,7.5912178,-0.086,37.23,Kogi
229071.0,7.58633622176,6.17634408848,1.5,45.0,0.274,1043.0,1670.0,441.0,1.0,1.0,4586.41064453125,254136.09632619223,12.445625214812358,98677,1.1324531304889802,6.1853027,7.5912178,-0.086,37.23,Kogi
229072.0,7.58633622176,6.17634408848,1.5,45.0,0.274,1043.0,1670.0,441.0,1.0,1.0,4586.41064453125,341319.766998291,12.740575050001429,98677,1.1324531304889802,6.1853027,7.5912178,-0.086,37.23,Kogi
229087.0,7.14440236498,6.90979499509,1.3,42.6,0.368,1071.0,82.0,108.0,1.0,2.0,2071.36572265625,65601.57407789966,11.091354969734237,76468,1.201210087220189,6.9104004,7.1335976,-0.566,37.23,Kogi
229090.0,7.10183137966,6.92680099265,2.5,41.3,0.358,1080.0,75.0,69.0,1.0,2.0,1629.576904296875,108939.34556477865,11.598546543619994,73304,1.2671078230947506,6.932373,7.1117945,-0.546,37.23,Kogi
229094.0,7.58633622176,6.17634408848,1.5,45.0,0.274,1043.0,1670.0,441.0,1.0,1.0,4586.41064453125,128108.8303527832,11.760635418786032,98677,1.1324531304889802,6.1853027,7.5912178,-0.086,37.23,Kogi
230011.0,8.4870992479,4.55536125312,1.9,22.7,0.276,1173.0,11699.0,286.0,1.0,1.0,3308.580810546875,272419.600189209,12.51509880437383,96684,0.6142919942942401,4.5593262,8.4832384,1.372,38.36,Kwara
230013.0,8.41963941931,4.61963377143,7.1,60.1,0.272,1232.0,2592.0,378.0,1.0,1.0,3308.580810546875,288335.51962661743,12.57188007973722,68550,0.6476773381313825,4.6252441,8.4180361,0.664,38.36,Kwara
230014.0,8.4870992479,4.55536125312,1.9,22.7,0.276,1173.0,11699.0,286.0,1.0,1.0,3308.580810546875,141243.52194722492,11.858240785636449,96684,0.6142919942942401,4.5593262,8.4832384,1.372,38.36,Kwara
230015.0,8.4870992479,4.55536125312,1.9,22.7,0.276,1173.0,11699.0,286.0,1.0,1.0,3308.580810546875,162394.47151184082,11.997783663715484,96684,0.6142919942942401,4.5593262,8.4832384,1.372,38.36,Kwara
230016.0,8.4870992479,4.55536125312,1.9,22.7,0.276,1173.0,11699.0,286.0,1.0,1.0,3308.580810546875,162820.68495396205,12.000404781936233,96684,0.6142919942942401,4.5593262,8.4832384,1.372,38.36,Kwara
230017.0,8.4870992479,4.55536125312,3.1,20.1,0.276,1173.0,11699.0,286.0,1.0,1.0,3308.580810546875,140064.2713043213,11.849856676991267,96684,0.6142919942942401,4.5593262,8.4832384,1.372,38.36,Kwara
230018.0,8.4870992479,4.55536125312,1.9,22.7,0.276,1173.0,11699.0,286.0,1.0,1.0,3308.580810546875,132638.69822184247,11.79538415595005,96684,0.6142919942942401,4.5593262,8.4832384,1.372,38.36,Kwara
230019.0,8.4870992479,4.55536125312,1.9,22.7,0.276,1173.0,11699.0,286.0,1.0,1.0,3308.580810546875,295505.4369443258,12.596442514793802,96684,0.6142919942942401,4.5593262,8.4832384,1.372,38.36,Kwara
230020.0,8.4870992479,4.55536125312,1.9,22.7,0.276,1173.0,11699.0,286.0,1.0,1.0,3308.580810546875,256628.58721923828,12.455385132671616,96684,0.6142919942942401,4.5593262,8.4832384,1.372,38.36,Kwara
230071.0,8.10138618274,5.24942505029,2.1,136.4,0.288,1467.0,106.0,492.0,1.0,2.0,3854.954833984375,130776.64112200055,11.781246117362905,90667,1.4504877525501627,5.2404785,8.0918616,-0.236,38.36,Kwara
230072.0,8.10138618274,5.24942505029,2.1,136.4,0.288,1467.0,106.0,492.0,1.0,2.0,3854.954833984375,129426.02159627278,11.770864735084691,90667,1.4504877525501627,5.2404785,8.0918616,-0.236,38.36,Kwara
230073.0,8.14533707549,5.12034423826,0.1,9.1,0.28,1467.0,1055.0,520.0,1.0,2.0,3854.954833984375,292072.05450439453,12.584755812811036,9298,1.588863578260456,5.1306152,8.1353671,-0.042,38.36,Kwara
230074.0,8.1267241549,5.10083940349,2.3,144.0,0.298,1475.0,1551.0,539.0,1.0,1.0,3854.954833984375,262368.98875912756,12.477507145985308,91723,1.2925204137371482,5.1086426,8.1353671,1.134,38.36,Kwara
230075.0,8.11333641181,5.11055643978,0.3,186.2,0.311,1481.0,397.0,544.0,1.0,1.0,3854.954833984375,226880.2117919922,12.332177455823317,22772,0.2146734942285651,5.1086426,8.1136149,0.134,38.36,Kwara
230076.0,8.10138618274,5.24942505029,2.1,136.4,0.288,1467.0,106.0,492.0,1.0,2.0,3854.954833984375,145424.44062151224,11.88741192226314,90667,1.4504877525501627,5.2404785,8.0918616,-0.236,38.36,Kwara
230077.0,8.10138618274,5.24942505029,2.1,136.4,0.288,1467.0,106.0,492.0,1.0,2.0,3854.954833984375,174465.2679901123,12.069480963508118,90667,1.4504877525501627,5.2404785,8.0918616,-0.236,38.36,Kwara
230078.0,8.10138618274,5.24942505029,2.1,136.4,0.288,1467.0,106.0,492.0,1.0,2.0,3854.954833984375,206284.4890314738,12.237011509763835,90667,1.4504877525501627,5.2404785,8.0918616,-0.236,38.36,Kwara
230079.0,8.10138618274,5.24942505029,2.1,136.4,0.288,1467.0,106.0,492.0,1.0,2.0,3854.954833984375,142697.90912628174,11.868485151124098,90667,1.4504877525501627,5.2404785,8.0918616,-0.236,38.36,Kwara
230080.0,8.10138618274,5.24942505029,2.1,136.4,0.288,1467.0,106.0,492.0,1.0,2.0,3854.954833984375,617634.4218292236,13.333652010966686,90667,1.4504877525501627,5.2404785,8.0918616,-0.236,38.36,Kwara
230081.0,9.64548319786,3.95106637041,1.4,187.8,0.336,910.0,51.0,308.0,1.0,2.0,2340.40283203125,101378.67193222046,11.52661801204135,66279,1.5634988671858125,3.9440918,9.6332456,-0.275,38.36,Kwara
230083.0,9.64548319786,3.95106637041,1.4,187.8,0.336,910.0,51.0,308.0,1.0,2.0,2340.40283203125,195156.0471435547,12.181554759284984,66279,1.5634988671858125,3.9440918,9.6332456,-0.275,38.36,Kwara
230084.0,9.64548319786,3.95106637041,1.4,187.8,0.336,910.0,51.0,308.0,1.0,2.0,2340.40283203125,165749.09310531616,12.018230436572,66279,1.5634988671858125,3.9440918,9.6332456,-0.275,38.36,Kwara
230085.0,9.64548319786,3.95106637041,1.4,187.8,0.336,910.0,51.0,308.0,1.0,2.0,2340.40283203125,332295.4525909424,12.713779769599464,66279,1.5634988671858125,3.9440918,9.6332456,-0.275,38.36,Kwara
230086.0,9.64548319786,3.95106637041,1.4,187.8,0.336,910.0,51.0,308.0,1.0,2.0,2340.40283203125,167199.46557006837,12.026942783276365,66279,1.5634988671858125,3.9440918,9.6332456,-0.275,38.36,Kwara
230087.0,9.64548319786,3.95106637041,1.4,187.8,0.336,910.0,51.0,308.0,1.0,2.0,2340.40283203125,235246.94021606448,12.368391050842591,66279,1.5634988671858125,3.9440918,9.6332456,-0.275,38.36,Kwara
230088.0,7.91967484177,4.64890348733,6.8,13.1,0.324,1294.0,2520.0,368.0,6.0,1.0,2340.40283203125,165761.6554763794,12.018306225191964,7874,0.2804917486403723,4.6472168,7.9177932,0.504,22.2,Osun
230089.0,9.41647742757,3.82978405106,7.0,93.3,0.313,933.0,12.0,353.0,1.0,2.0,2340.40283203125,106027.274079895,11.571451642638076,12077,1.9456406717838193,3.8122559,9.4165483,-0.679,38.36,Kwara
230090.0,9.64548319786,3.95106637041,1.4,187.8,0.336,910.0,51.0,308.0,1.0,2.0,2340.40283203125,121131.83611424764,11.704634786108196,66279,1.5634988671858125,3.9440918,9.6332456,-0.275,38.36,Kwara
230091.0,9.05858899668,3.55032088937,21.6,160.9,0.316,980.0,19.0,373.0,1.0,2.0,9287.1162109375,67561.75447359953,11.120797339702358,78697,1.2072450304187212,3.548584,9.0478525,-0.436,38.36,Kwara
230092.0,9.05858899668,3.55032088937,21.6,160.9,0.316,980.0,19.0,373.0,1.0,2.0,9287.1162109375,131597.34352238974,11.787502111669536,78697,1.2072450304187212,3.548584,9.0478525,-0.436,38.36,Kwara
230093.0,9.05858899668,3.55032088937,21.6,160.9,0.316,980.0,19.0,373.0,1.0,2.0,9287.1162109375,79817.40734558104,11.28749689681212,78697,1.2072450304187212,3.548584,9.0478525,-0.436,38.36,Kwara
230095.0,9.05858899668,3.55032088937,21.6,160.9,0.316,980.0,19.0,373.0,1.0,2.0,9287.1162109375,91921.6438167071,11.428691795486182,78697,1.2072450304187212,3.548584,9.0478525,-0.436,38.36,Kwara
230097.0,9.05858899668,3.55032088937,21.6,160.9,0.316,980.0,19.0,373.0,1.0,2.0,9287.1162109375,72408.06386331414,11.190072951499134,78697,1.2072450304187212,3.548584,9.0478525,-0.436,38.36,Kwara
230099.0,9.05858899668,3.55032088937,21.6,160.9,0.316,980.0,19.0,373.0,1.0,2.0,9287.1162109375,76273.73603990342,11.242083938354856,78697,1.2072450304187212,3.548584,9.0478525,-0.436,38.36,Kwara
239001.0,8.83588580414,5.06738439864,0.3,52.5,0.307,1087.0,56.0,189.0,1.0,2.0,1843.2503662109375,99250.42705688476,11.505401501380328,51415,0.6389666180535578,5.0646973,8.830795,0.07,38.36,Kwara
239002.0,8.83588580414,5.06738439864,0.3,52.5,0.307,1087.0,56.0,189.0,1.0,2.0,1843.2503662109375,136100.12064615887,11.821146075091471,51415,0.6389666180535578,5.0646973,8.830795,0.07,38.36,Kwara
239003.0,8.83588580414,5.06738439864,0.3,52.5,0.307,1087.0,56.0,189.0,1.0,2.0,1843.2503662109375,155141.68291219074,11.95209406168611,51415,0.6389666180535578,5.0646973,8.830795,0.07,38.36,Kwara
239004.0,8.83588580414,5.06738439864,0.3,52.5,0.307,1087.0,56.0,189.0,1.0,2.0,1843.2503662109375,112866.62736002605,11.633962111755702,51415,0.6389666180535578,5.0646973,8.830795,0.07,38.36,Kwara
239005.0,8.83588580414,5.06738439864,0.3,52.5,0.307,1087.0,56.0,189.0,1.0,2.0,1843.2503662109375,120541.78266906735,11.699751715952628,51415,0.6389666180535578,5.0646973,8.830795,0.07,38.36,Kwara
239006.0,8.83588580414,5.06738439864,0.3,52.5,0.307,1087.0,56.0,189.0,1.0,2.0,1843.2503662109375,149235.66880289715,11.913282005223373,51415,0.6389666180535578,5.0646973,8.830795,0.07,38.36,Kwara
239007.0,8.83588580414,5.06738439864,0.3,52.5,0.307,1087.0,56.0,189.0,1.0,2.0,1843.2503662109375,98503.80436859131,11.497850449445714,51415,0.6389666180535578,5.0646973,8.830795,0.07,38.36,Kwara
239009.0,8.83588580414,5.06738439864,0.3,52.5,0.307,1087.0,56.0,189.0,1.0,2.0,1843.2503662109375,100912.49971880233,11.52200908091672,51415,0.6389666180535578,5.0646973,8.830795,0.07,38.36,Kwara
239010.0,8.83588580414,5.06738439864,0.3,52.5,0.307,1087.0,56.0,189.0,1.0,2.0,1843.2503662109375,94404.17879486084,11.455340618048554,51415,0.6389666180535578,5.0646973,8.830795,0.07,38.36,Kwara
239012.0,8.83588580414,5.06738439864,0.3,52.5,0.307,1087.0,56.0,189.0,1.0,2.0,1843.2503662109375,169039.32796478271,12.03788667668326,51415,0.6389666180535578,5.0646973,8.830795,0.07,38.36,Kwara
239013.0,9.04001521848,4.89491149882,0.8,87.3,0.314,976.0,174.0,100.0,1.0,2.0,3649.027587890625,201534.5896911621,12.213716306635137,59551,1.0953005513335257,4.888916,9.0478525,-0.458,38.36,Kwara
239014.0,9.04001521848,4.89491149882,0.8,87.3,0.314,976.0,174.0,100.0,1.0,2.0,3649.027587890625,143476.38413798012,11.87392573017157,59551,1.0953005513335257,4.888916,9.0478525,-0.458,38.36,Kwara
239015.0,9.04001521848,4.89491149882,0.8,87.3,0.314,976.0,174.0,100.0,1.0,2.0,3649.027587890625,110547.8594462077,11.613203823332032,59551,1.0953005513335257,4.888916,9.0478525,-0.458,38.36,Kwara
239016.0,9.04001521848,4.89491149882,0.8,87.3,0.314,976.0,174.0,100.0,1.0,2.0,3649.027587890625,111914.55439376833,11.625490951916944,59551,1.0953005513335257,4.888916,9.0478525,-0.458,38.36,Kwara
239017.0,9.04001521848,4.89491149882,0.8,87.3,0.314,976.0,174.0,100.0,1.0,2.0,3649.027587890625,125194.22456359863,11.737621606900412,59551,1.0953005513335257,4.888916,9.0478525,-0.458,38.36,Kwara
239018.0,9.04001521848,4.89491149882,0.8,87.3,0.314,976.0,174.0,100.0,1.0,2.0,3649.027587890625,119558.4776204427,11.691560883132151,59551,1.0953005513335257,4.888916,9.0478525,-0.458,38.36,Kwara
239021.0,9.04001521848,4.89491149882,0.8,87.3,0.314,976.0,174.0,100.0,1.0,2.0,3649.027587890625,127678.50387573242,11.757270694849728,59551,1.0953005513335257,4.888916,9.0478525,-0.458,38.36,Kwara
239022.0,9.04001521848,4.89491149882,0.8,87.3,0.314,976.0,174.0,100.0,1.0,2.0,3649.027587890625,112531.53041687013,11.630988731730389,59551,1.0953005513335257,4.888916,9.0478525,-0.458,38.36,Kwara
239023.0,9.04001521848,4.89491149882,0.8,87.3,0.314,976.0,174.0,100.0,1.0,2.0,3649.027587890625,258831.9152679443,12.463934154206283,59551,1.0953005513335257,4.888916,9.0478525,-0.458,38.36,Kwara
239024.0,9.04001521848,4.89491149882,0.8,87.3,0.314,976.0,174.0,100.0,1.0,2.0,3649.027587890625,123166.61721191408,11.721293329175118,59551,1.0953005513335257,4.888916,9.0478525,-0.458,38.36,Kwara
239025.0,8.06736673605,5.24379893629,2.7,87.6,0.293,1470.0,640.0,517.0,1.0,2.0,400.0,156479.89029693606,11.96068278420076,88047,0.4778861307757309,5.2404785,8.0701072,0.943,38.36,Kwara
239026.0,8.06736673605,5.24379893629,2.7,87.6,0.293,1470.0,640.0,517.0,1.0,2.0,400.0,175684.71369934082,12.076446268109912,88047,0.4778861307757309,5.2404785,8.0701072,0.943,38.36,Kwara
239027.0,8.06736673605,5.24379893629,2.7,87.6,0.293,1470.0,640.0,517.0,1.0,2.0,400.0,288072.5295562744,12.570967566149095,88047,0.4778861307757309,5.2404785,8.0701072,0.943,38.36,Kwara
239028.0,8.06736673605,5.24379893629,2.7,87.6,0.293,1470.0,640.0,517.0,1.0,2.0,400.0,138503.58222198486,11.838651468693715,88047,0.4778861307757309,5.2404785,8.0701072,0.943,38.36,Kwara
239029.0,8.06736673605,5.24379893629,2.7,87.6,0.293,1470.0,640.0,517.0,1.0,2.0,400.0,267232.95642471313,12.495876052951736,88047,0.4778861307757309,5.2404785,8.0701072,0.943,38.36,Kwara
239030.0,8.06736673605,5.24379893629,2.7,87.6,0.293,1470.0,640.0,517.0,1.0,2.0,400.0,121042.35284423828,11.703895786841043,88047,0.4778861307757309,5.2404785,8.0701072,0.943,38.36,Kwara
239032.0,8.06736673605,5.24379893629,2.7,87.6,0.293,1470.0,640.0,517.0,1.0,2.0,400.0,148405.7502319336,11.907705357158347,88047,0.4778861307757309,5.2404785,8.0701072,0.943,38.36,Kwara
239033.0,8.06736673605,5.24379893629,2.7,87.6,0.293,1470.0,640.0,517.0,1.0,2.0,400.0,189695.476852417,12.153175311951,88047,0.4778861307757309,5.2404785,8.0701072,0.943,38.36,Kwara
239036.0,8.06736673605,5.24379893629,2.7,87.6,0.293,1470.0,640.0,517.0,1.0,2.0,400.0,409146.58920288086,12.921828779620844,88047,0.4778861307757309,5.2404785,8.0701072,0.943,38.36,Kwara
239037.0,8.8546600404,4.86403632341,0.5,142.8,0.306,1058.0,68.0,249.0,1.0,2.0,2114.52197265625,159095.6035217285,11.977260580516845,47072,2.129740606417302,4.8449707,8.8525066,-0.487,38.36,Kwara
239039.0,8.8546600404,4.86403632341,0.5,142.8,0.306,1058.0,68.0,249.0,1.0,2.0,2114.52197265625,88713.69277572632,11.3931695281505,47072,2.129740606417302,4.8449707,8.8525066,-0.487,38.36,Kwara
239042.0,8.8546600404,4.86403632341,0.5,142.8,0.306,1058.0,68.0,249.0,1.0,2.0,2114.52197265625,231683.33513641357,12.353126783519649,47072,2.129740606417302,4.8449707,8.8525066,-0.487,38.36,Kwara
239043.0,8.8546600404,4.86403632341,0.5,142.8,0.306,1058.0,68.0,249.0,1.0,2.0,2114.52197265625,131702.87312571207,11.788303703178396,47072,2.129740606417302,4.8449707,8.8525066,-0.487,38.36,Kwara
239044.0,8.8546600404,4.86403632341,0.5,142.8,0.306,1058.0,68.0,249.0,1.0,2.0,2114.52197265625,344978.4983520508,12.751237370454056,47072,2.129740606417302,4.8449707,8.8525066,-0.487,38.36,Kwara
239045.0,8.8546600404,4.86403632341,0.5,142.8,0.306,1058.0,68.0,249.0,1.0,2.0,2114.52197265625,115150.90015157063,11.65399872242688,47072,2.129740606417302,4.8449707,8.8525066,-0.487,38.36,Kwara
239046.0,8.8546600404,4.86403632341,0.5,142.8,0.306,1058.0,68.0,249.0,1.0,2.0,2114.52197265625,131888.06634521484,11.78970885959497,47072,2.129740606417302,4.8449707,8.8525066,-0.487,38.36,Kwara
239047.0,8.8546600404,4.86403632341,0.5,142.8,0.306,1058.0,68.0,249.0,1.0,2.0,2114.52197265625,68629.75362650554,11.136481446015798,47072,2.129740606417302,4.8449707,8.8525066,-0.487,38.36,Kwara
239048.0,8.8546600404,4.86403632341,0.5,142.8,0.306,1058.0,68.0,249.0,1.0,2.0,2114.52197265625,182107.62550252283,12.112353140196022,47072,2.129740606417302,4.8449707,8.8525066,-0.487,38.36,Kwara
239049.0,8.60826381663,4.91075728312,3.9,98.9,0.308,1165.0,189.0,246.0,1.0,1.0,5534.43994140625,100564.83176345826,11.518557890672463,5506,0.5935723251398064,4.9108887,8.6136097,-0.768,38.36,Kwara
239050.0,8.60826381663,4.91075728312,3.9,98.9,0.308,1165.0,189.0,246.0,1.0,1.0,5534.43994140625,110344.9851430257,11.611366965641132,5506,0.5935723251398064,4.9108887,8.6136097,-0.768,38.36,Kwara
239051.0,8.60826381663,4.91075728312,3.9,98.9,0.308,1165.0,189.0,246.0,1.0,1.0,5534.43994140625,60735.17004224988,11.014278216871126,5506,0.5935723251398064,4.9108887,8.6136097,-0.768,38.36,Kwara
239052.0,8.60826381663,4.91075728312,3.9,98.9,0.308,1165.0,189.0,246.0,1.0,1.0,5534.43994140625,87449.08953094484,11.3788120690826,5506,0.5935723251398064,4.9108887,8.6136097,-0.768,38.36,Kwara
239053.0,8.60826381663,4.91075728312,3.9,98.9,0.308,1165.0,189.0,246.0,1.0,1.0,5534.43994140625,56955.14009505053,10.9500192210808,5506,0.5935723251398064,4.9108887,8.6136097,-0.768,38.36,Kwara
239054.0,8.60826381663,4.91075728312,3.9,98.9,0.308,1165.0,189.0,246.0,1.0,1.0,5534.43994140625,365281.51860046387,12.80842361911499,5506,0.5935723251398064,4.9108887,8.6136097,-0.768,38.36,Kwara
239055.0,8.60826381663,4.91075728312,3.9,98.9,0.308,1165.0,189.0,246.0,1.0,1.0,5534.43994140625,89936.08916219075,11.406854576637366,5506,0.5935723251398064,4.9108887,8.6136097,-0.768,38.36,Kwara
239057.0,8.60826381663,4.91075728312,3.9,98.9,0.308,1165.0,189.0,246.0,1.0,1.0,5534.43994140625,93310.03928629558,11.443682983257832,5506,0.5935723251398064,4.9108887,8.6136097,-0.768,38.36,Kwara
239058.0,8.60826381663,4.91075728312,3.9,98.9,0.308,1165.0,189.0,246.0,1.0,1.0,5534.43994140625,184731.44171142575,12.126658382947204,5506,0.5935723251398064,4.9108887,8.6136097,-0.768,38.36,Kwara
239059.0,8.60826381663,4.91075728312,3.9,98.9,0.308,1165.0,189.0,246.0,1.0,1.0,5534.43994140625,187396.12767219543,12.14097998513751,5506,0.5935723251398064,4.9108887,8.6136097,-0.768,38.36,Kwara
239061.0,8.5194253856,4.52984330212,10.4,127.1,0.269,1167.0,4697.0,287.0,1.0,1.0,6728.578125,330916.7194671631,12.709622019883662,69419,1.1606288755987206,4.5373535,8.5267005,0.887,38.36,Kwara
239062.0,8.5194253856,4.52984330212,10.4,127.1,0.269,1167.0,4697.0,287.0,1.0,1.0,6728.578125,178673.5640991211,12.09331575567207,69419,1.1606288755987206,4.5373535,8.5267005,0.887,38.36,Kwara
239063.0,8.5194253856,4.52984330212,10.4,127.1,0.269,1167.0,4697.0,287.0,1.0,1.0,6728.578125,221968.95870717368,12.310292825434535,69419,1.1606288755987206,4.5373535,8.5267005,0.887,38.36,Kwara
239064.0,8.5194253856,4.52984330212,10.4,127.1,0.269,1167.0,4697.0,287.0,1.0,1.0,6728.578125,144900.1070115831,11.883799866828744,69419,1.1606288755987206,4.5373535,8.5267005,0.887,38.36,Kwara
239065.0,8.5194253856,4.52984330212,10.4,127.1,0.269,1167.0,4697.0,287.0,1.0,1.0,6728.578125,210049.2729619344,12.25509741532962,69419,1.1606288755987206,4.5373535,8.5267005,0.887,38.36,Kwara
239066.0,8.5194253856,4.52984330212,10.4,127.1,0.269,1167.0,4697.0,287.0,1.0,1.0,6728.578125,205044.4704589844,12.230982163663054,69419,1.1606288755987206,4.5373535,8.5267005,0.887,38.36,Kwara
239068.0,8.5194253856,4.52984330212,10.4,127.1,0.269,1167.0,4697.0,287.0,1.0,1.0,6728.578125,182855.46205749508,12.116451294925168,69419,1.1606288755987206,4.5373535,8.5267005,0.887,38.36,Kwara
239070.0,8.5194253856,4.52984330212,10.4,127.1,0.269,1167.0,4697.0,287.0,1.0,1.0,6728.578125,712983.2124328613,13.477213154144296,69419,1.1606288755987206,4.5373535,8.5267005,0.887,38.36,Kwara
239071.0,8.5194253856,4.52984330212,10.4,127.1,0.269,1167.0,4697.0,287.0,1.0,1.0,6728.578125,128965.18913879394,11.767297795290048,69419,1.1606288755987206,4.5373535,8.5267005,0.887,38.36,Kwara
239072.0,8.5194253856,4.52984330212,10.4,127.1,0.269,1167.0,4697.0,287.0,1.0,1.0,6728.578125,162115.74984741214,11.996065864308122,69419,1.1606288755987206,4.5373535,8.5267005,0.887,38.36,Kwara
239074.0,8.46107117462,4.51255219536,3.6,104.8,0.269,1198.0,871.0,334.0,1.0,1.0,14965.2275390625,159039.01522318524,11.976904829864097,101050,0.3176657970787612,4.5153809,8.4615055,1.014,38.36,Kwara
239075.0,8.3980581525,4.46198139149,4.5,58.6,0.27,1226.0,734.0,350.0,1.0,1.0,14965.2275390625,89728.67128935314,11.404545632307208,71718,1.0674061194880093,4.4714355,8.3962996,0.498,38.36,Kwara
239076.0,8.46107117462,4.51255219536,3.6,104.8,0.269,1198.0,871.0,334.0,1.0,1.0,14965.2275390625,501133.7131042481,13.124628236881204,101050,0.3176657970787612,4.5153809,8.4615055,1.014,38.36,Kwara
239077.0,8.46107117462,4.51255219536,3.6,104.8,0.269,1198.0,871.0,334.0,1.0,1.0,14965.2275390625,345935.2067362467,12.75400677273574,101050,0.3176657970787612,4.5153809,8.4615055,1.014,38.36,Kwara
239078.0,8.46107117462,4.51255219536,3.6,104.8,0.269,1198.0,871.0,334.0,1.0,1.0,14965.2275390625,415695.6337051392,12.937708621709838,101050,0.3176657970787612,4.5153809,8.4615055,1.014,38.36,Kwara
239081.0,8.46107117462,4.51255219536,3.6,104.8,0.269,1198.0,871.0,334.0,1.0,1.0,14965.2275390625,198181.18009440103,12.196936942254569,101050,0.3176657970787612,4.5153809,8.4615055,1.014,38.36,Kwara
239083.0,8.46107117462,4.51255219536,3.6,104.8,0.269,1198.0,871.0,334.0,1.0,1.0,14965.2275390625,143401.25627441407,11.873401967739786,101050,0.3176657970787612,4.5153809,8.4615055,1.014,38.36,Kwara
239084.0,8.46107117462,4.51255219536,3.6,104.8,0.269,1198.0,871.0,334.0,1.0,1.0,14965.2275390625,178949.5853474935,12.094859399049792,101050,0.3176657970787612,4.5153809,8.4615055,1.014,38.36,Kwara
239085.0,8.12226893517,4.87981483613,8.5,99.4,0.324,1443.0,503.0,476.0,1.0,2.0,3800.588623046875,163266.37341003417,12.003138338648576,61520,1.394027025698801,4.888916,8.1136149,-0.544,38.36,Kwara
239086.0,8.12226893517,4.87981483613,8.5,99.4,0.324,1443.0,503.0,476.0,1.0,2.0,3800.588623046875,115339.41857231986,11.65563452616762,61520,1.394027025698801,4.888916,8.1136149,-0.544,38.36,Kwara
239087.0,8.12226893517,4.87981483613,8.5,99.4,0.324,1443.0,503.0,476.0,1.0,2.0,3800.588623046875,274873.6977825165,12.524066990356133,61520,1.394027025698801,4.888916,8.1136149,-0.544,38.36,Kwara
239088.0,8.12226893517,4.87981483613,8.5,99.4,0.324,1443.0,503.0,476.0,1.0,2.0,3800.588623046875,116791.99058810146,11.66814977329297,61520,1.394027025698801,4.888916,8.1136149,-0.544,38.36,Kwara
239089.0,8.12226893517,4.87981483613,8.5,99.4,0.324,1443.0,503.0,476.0,1.0,2.0,3800.588623046875,97972.25803375244,11.492439636289395,61520,1.394027025698801,4.888916,8.1136149,-0.544,38.36,Kwara
239090.0,8.12226893517,4.87981483613,8.5,99.4,0.324,1443.0,503.0,476.0,1.0,2.0,3800.588623046875,216484.96928100585,12.285276398060804,61520,1.394027025698801,4.888916,8.1136149,-0.544,38.36,Kwara
239092.0,8.12226893517,4.87981483613,8.5,99.4,0.324,1443.0,503.0,476.0,1.0,2.0,3800.588623046875,308065.75996398926,12.638068545543057,61520,1.394027025698801,4.888916,8.1136149,-0.544,38.36,Kwara
239093.0,8.12226893517,4.87981483613,8.5,99.4,0.324,1443.0,503.0,476.0,1.0,2.0,3800.588623046875,280990.2935256958,12.546075405106093,61520,1.394027025698801,4.888916,8.1136149,-0.544,38.36,Kwara
239095.0,8.12226893517,4.87981483613,8.5,99.4,0.324,1443.0,503.0,476.0,1.0,2.0,3800.588623046875,168689.90438435876,12.035817423141456,61520,1.394027025698801,4.888916,8.1136149,-0.544,38.36,Kwara
239096.0,8.12226893517,4.87981483613,8.5,99.4,0.324,1443.0,503.0,476.0,1.0,2.0,3800.588623046875,105875.28790283205,11.5700171512218,61520,1.394027025698801,4.888916,8.1136149,-0.544,38.36,Kwara
239097.0,8.14266043965,5.11463243673,0.9,71.8,0.282,1468.0,1500.0,525.0,1.0,1.0,2764.448974609375,209219.75160348075,12.251140421646692,91723,1.047589204656023,5.1086426,8.1353671,1.134,38.36,Kwara
239099.0,8.14266043965,5.11463243673,0.9,71.8,0.282,1468.0,1500.0,525.0,1.0,1.0,2764.448974609375,177804.32272338867,12.08843891404643,91723,1.047589204656023,5.1086426,8.1353671,1.134,38.36,Kwara
239100.0,8.14266043965,5.11463243673,0.9,71.8,0.282,1468.0,1500.0,525.0,1.0,1.0,2764.448974609375,164298.7598063151,12.00944175564821,91723,1.047589204656023,5.1086426,8.1353671,1.134,38.36,Kwara
239101.0,8.14266043965,5.11463243673,0.9,71.8,0.282,1468.0,1500.0,525.0,1.0,1.0,2764.448974609375,262661.90981547034,12.478622970168342,91723,1.047589204656023,5.1086426,8.1353671,1.134,38.36,Kwara
239103.0,8.14266043965,5.11463243673,0.9,71.8,0.282,1468.0,1500.0,525.0,1.0,1.0,2764.448974609375,74385.68696899415,11.21701882286488,91723,1.047589204656023,5.1086426,8.1353671,1.134,38.36,Kwara
239104.0,8.14266043965,5.11463243673,0.9,71.8,0.282,1468.0,1500.0,525.0,1.0,1.0,2764.448974609375,190520.0019620259,12.157512465213063,91723,1.047589204656023,5.1086426,8.1353671,1.134,38.36,Kwara
239106.0,8.14266043965,5.11463243673,0.9,71.8,0.282,1468.0,1500.0,525.0,1.0,1.0,2764.448974609375,155977.591813587,11.957467633693549,91723,1.047589204656023,5.1086426,8.1353671,1.134,38.36,Kwara
239107.0,8.14266043965,5.11463243673,0.9,71.8,0.282,1468.0,1500.0,525.0,1.0,1.0,2764.448974609375,203530.52589925137,12.223571277034177,91723,1.047589204656023,5.1086426,8.1353671,1.134,38.36,Kwara
239108.0,8.14266043965,5.11463243673,0.9,71.8,0.282,1468.0,1500.0,525.0,1.0,1.0,2764.448974609375,238360.5478922526,12.3815397134497,91723,1.047589204656023,5.1086426,8.1353671,1.134,38.36,Kwara
239110.0,8.14276196495,5.06773354232,12.6,55.1,0.284,1466.0,151.0,557.0,1.0,2.0,1383.20703125,249197.86275863647,12.426002489448692,79563,0.8873253844370512,5.0646973,8.1353671,-0.152,38.36,Kwara
239111.0,8.14276196495,5.06773354232,12.6,55.1,0.284,1466.0,151.0,557.0,1.0,2.0,1383.20703125,118657.97725423177,11.68400049309926,79563,0.8873253844370512,5.0646973,8.1353671,-0.152,38.36,Kwara
239112.0,8.14276196495,5.06773354232,12.6,55.1,0.284,1466.0,151.0,557.0,1.0,2.0,1383.20703125,216587.93158721924,12.28575189448622,79563,0.8873253844370512,5.0646973,8.1353671,-0.152,38.36,Kwara
239113.0,8.14276196495,5.06773354232,12.6,55.1,0.284,1466.0,151.0,557.0,1.0,2.0,1383.20703125,190574.79803848267,12.157800037107693,79563,0.8873253844370512,5.0646973,8.1353671,-0.152,38.36,Kwara
239114.0,8.14276196495,5.06773354232,12.6,55.1,0.284,1466.0,151.0,557.0,1.0,2.0,1383.20703125,219848.06576156616,12.300691976578742,79563,0.8873253844370512,5.0646973,8.1353671,-0.152,38.36,Kwara
239116.0,8.14276196495,5.06773354232,12.6,55.1,0.284,1466.0,151.0,557.0,1.0,2.0,1383.20703125,171022.365582784,12.04954961981393,79563,0.8873253844370512,5.0646973,8.1353671,-0.152,38.36,Kwara
239117.0,8.14276196495,5.06773354232,12.6,55.1,0.284,1466.0,151.0,557.0,1.0,2.0,1383.20703125,177512.39997355145,12.086795744463505,79563,0.8873253844370512,5.0646973,8.1353671,-0.152,38.36,Kwara
239118.0,8.14276196495,5.06773354232,12.6,55.1,0.284,1466.0,151.0,557.0,1.0,2.0,1383.20703125,135675.66203002929,11.8180224784482,79563,0.8873253844370512,5.0646973,8.1353671,-0.152,38.36,Kwara
239120.0,8.14276196495,5.06773354232,12.6,55.1,0.284,1466.0,151.0,557.0,1.0,2.0,1383.20703125,235382.18853505453,12.368965806268683,79563,0.8873253844370512,5.0646973,8.1353671,-0.152,38.36,Kwara
239121.0,8.32897660563,5.04686672804,2.1,109.5,0.29,1375.0,114.0,486.0,1.0,2.0,467.0677490234375,255110.21942647296,12.44945096379976,61196,0.5157960893820941,5.0427246,8.3310827,-0.291,38.36,Kwara
239122.0,8.32897660563,5.04686672804,2.1,109.5,0.29,1375.0,114.0,486.0,1.0,2.0,467.0677490234375,213396.5825386047,12.270907603375752,61196,0.5157960893820941,5.0427246,8.3310827,-0.291,38.36,Kwara
239123.0,8.32897660563,5.04686672804,2.1,109.5,0.29,1375.0,114.0,486.0,1.0,2.0,467.0677490234375,251528.50220870972,12.43531159096237,61196,0.5157960893820941,5.0427246,8.3310827,-0.291,38.36,Kwara
239124.0,8.32897660563,5.04686672804,2.1,109.5,0.29,1375.0,114.0,486.0,1.0,2.0,467.0677490234375,134984.9969406128,11.812918917471512,61196,0.5157960893820941,5.0427246,8.3310827,-0.291,38.36,Kwara
239125.0,8.32897660563,5.04686672804,2.1,109.5,0.29,1375.0,114.0,486.0,1.0,2.0,467.0677490234375,195431.2859115601,12.18296411791119,61196,0.5157960893820941,5.0427246,8.3310827,-0.291,38.36,Kwara
239127.0,8.32897660563,5.04686672804,2.1,109.5,0.29,1375.0,114.0,486.0,1.0,2.0,467.0677490234375,169917.7463531494,12.043069753960172,61196,0.5157960893820941,5.0427246,8.3310827,-0.291,38.36,Kwara
239128.0,8.32897660563,5.04686672804,2.1,109.5,0.29,1375.0,114.0,486.0,1.0,2.0,467.0677490234375,108374.07355244955,11.59334416551066,61196,0.5157960893820941,5.0427246,8.3310827,-0.291,38.36,Kwara
239129.0,8.32897660563,5.04686672804,2.1,109.5,0.29,1375.0,114.0,486.0,1.0,2.0,467.0677490234375,136639.43708133698,11.825100889293015,61196,0.5157960893820941,5.0427246,8.3310827,-0.291,38.36,Kwara
239130.0,8.32897660563,5.04686672804,2.1,109.5,0.29,1375.0,114.0,486.0,1.0,2.0,467.0677490234375,297313.74058532715,12.602543225830477,61196,0.5157960893820941,5.0427246,8.3310827,-0.291,38.36,Kwara
239131.0,8.32897660563,5.04686672804,2.1,109.5,0.29,1375.0,114.0,486.0,1.0,2.0,467.0677490234375,158865.98308817548,11.975816252125362,61196,0.5157960893820941,5.0427246,8.3310827,-0.291,38.36,Kwara
239132.0,8.22284797935,4.98048917267,1.1,158.7,0.317,1421.0,155.0,453.0,1.0,2.0,1452.3953857421875,207352.58428001404,12.24217592896804,10801,0.4122849610629962,4.9768066,8.2223637,-0.299,38.36,Kwara
239133.0,8.22284797935,4.98048917267,1.1,158.7,0.317,1421.0,155.0,453.0,1.0,2.0,1452.3953857421875,394427.7062721253,12.885191148411934,10801,0.4122849610629962,4.9768066,8.2223637,-0.299,38.36,Kwara
239135.0,8.22284797935,4.98048917267,1.1,158.7,0.317,1421.0,155.0,453.0,1.0,2.0,1452.3953857421875,228078.78748321536,12.33744640738168,10801,0.4122849610629962,4.9768066,8.2223637,-0.299,38.36,Kwara
239136.0,8.22284797935,4.98048917267,1.1,158.7,0.317,1421.0,155.0,453.0,1.0,2.0,1452.3953857421875,103740.61066109792,11.549648934345536,10801,0.4122849610629962,4.9768066,8.2223637,-0.299,38.36,Kwara
239137.0,8.22284797935,4.98048917267,1.1,158.7,0.317,1421.0,155.0,453.0,1.0,2.0,1452.3953857421875,104267.70072428387,11.554716916368395,10801,0.4122849610629962,4.9768066,8.2223637,-0.299,38.36,Kwara
239138.0,8.22284797935,4.98048917267,1.1,158.7,0.317,1421.0,155.0,453.0,1.0,2.0,1452.3953857421875,147285.24032211304,11.900126395951013,10801,0.4122849610629962,4.9768066,8.2223637,-0.299,38.36,Kwara
239140.0,8.22284797935,4.98048917267,1.1,158.7,0.317,1421.0,155.0,453.0,1.0,2.0,1452.3953857421875,298928.1412938436,12.607958493367988,10801,0.4122849610629962,4.9768066,8.2223637,-0.299,38.36,Kwara
239141.0,8.22284797935,4.98048917267,1.1,158.7,0.317,1421.0,155.0,453.0,1.0,2.0,1452.3953857421875,86373.68069390192,11.366438286787206,10801,0.4122849610629962,4.9768066,8.2223637,-0.299,38.36,Kwara
239142.0,8.22284797935,4.98048917267,1.1,158.7,0.317,1421.0,155.0,453.0,1.0,2.0,1452.3953857421875,140062.95018513998,11.84984724471136,10801,0.4122849610629962,4.9768066,8.2223637,-0.299,38.36,Kwara
239143.0,8.22284797935,4.98048917267,1.1,158.7,0.317,1421.0,155.0,453.0,1.0,2.0,1452.3953857421875,163488.35617792042,12.00449705074628,10801,0.4122849610629962,4.9768066,8.2223637,-0.299,38.36,Kwara
239144.0,8.14703635945,4.7070938807,0.9,92.0,0.331,1361.0,3417.0,437.0,1.0,1.0,2235.142578125,115131.69512503488,11.653831927132972,58734,1.30457909553172,4.7131348,8.157118,1.215,38.36,Kwara
239145.0,8.14703635945,4.7070938807,0.9,92.0,0.331,1361.0,3417.0,437.0,1.0,1.0,2235.142578125,152931.5527496338,11.937745732626356,58734,1.30457909553172,4.7131348,8.157118,1.215,38.36,Kwara
239146.0,8.14703635945,4.7070938807,0.9,92.0,0.331,1361.0,3417.0,437.0,1.0,1.0,2235.142578125,186558.2972564697,12.136499055046812,58734,1.30457909553172,4.7131348,8.157118,1.215,38.36,Kwara
239147.0,8.14703635945,4.7070938807,0.9,92.0,0.331,1361.0,3417.0,437.0,1.0,1.0,2235.142578125,302559.97385406494,12.620034797476578,58734,1.30457909553172,4.7131348,8.157118,1.215,38.36,Kwara
239148.0,8.14703635945,4.7070938807,0.9,92.0,0.331,1361.0,3417.0,437.0,1.0,1.0,2235.142578125,437790.66871337895,12.98949614980396,58734,1.30457909553172,4.7131348,8.157118,1.215,38.36,Kwara
239149.0,8.14703635945,4.7070938807,0.9,92.0,0.331,1361.0,3417.0,437.0,1.0,1.0,2235.142578125,132074.01538085938,11.791117767004607,58734,1.30457909553172,4.7131348,8.157118,1.215,38.36,Kwara
239150.0,8.14703635945,4.7070938807,0.9,92.0,0.331,1361.0,3417.0,437.0,1.0,1.0,2235.142578125,92669.04556655884,11.436789775256726,58734,1.30457909553172,4.7131348,8.157118,1.215,38.36,Kwara
239151.0,8.14703635945,4.7070938807,0.9,92.0,0.331,1361.0,3417.0,437.0,1.0,1.0,2235.142578125,107881.5273890904,11.588788935376376,58734,1.30457909553172,4.7131348,8.157118,1.215,38.36,Kwara
239152.0,8.14703635945,4.7070938807,0.9,92.0,0.331,1361.0,3417.0,437.0,1.0,1.0,2235.142578125,129460.48841349284,11.77113100479046,58734,1.30457909553172,4.7131348,8.157118,1.215,38.36,Kwara
239155.0,8.14703635945,4.7070938807,0.9,92.0,0.331,1361.0,3417.0,437.0,1.0,1.0,2235.142578125,342818.91610717773,12.744957645359468,58734,1.30457909553172,4.7131348,8.157118,1.215,38.36,Kwara
239156.0,8.06560363241,5.14091571019,0.6,82.9,0.316,1481.0,327.0,541.0,1.0,2.0,1013.5242309570312,282599.38192749023,12.551785562137074,92312,1.2478623318150908,5.1306152,8.0701072,0.117,38.36,Kwara
239158.0,8.06560363241,5.14091571019,0.6,82.9,0.316,1481.0,327.0,541.0,1.0,2.0,1013.5242309570312,117856.2421308245,11.677220873705965,92312,1.2478623318150908,5.1306152,8.0701072,0.117,38.36,Kwara
239159.0,8.06560363241,5.14091571019,0.6,82.9,0.316,1481.0,327.0,541.0,1.0,2.0,1013.5242309570312,171028.4921875,12.049585442584595,92312,1.2478623318150908,5.1306152,8.0701072,0.117,38.36,Kwara
239160.0,8.06560363241,5.14091571019,0.6,82.9,0.316,1481.0,327.0,541.0,1.0,2.0,1013.5242309570312,215407.42086791992,12.280286494679784,92312,1.2478623318150908,5.1306152,8.0701072,0.117,38.36,Kwara
239161.0,8.06560363241,5.14091571019,0.6,82.9,0.316,1481.0,327.0,541.0,1.0,2.0,1013.5242309570312,191875.2198059082,12.164600542891192,92312,1.2478623318150908,5.1306152,8.0701072,0.117,38.36,Kwara
239162.0,8.06560363241,5.14091571019,0.6,82.9,0.316,1481.0,327.0,541.0,1.0,2.0,1013.5242309570312,86930.53111572265,11.372864585748712,92312,1.2478623318150908,5.1306152,8.0701072,0.117,38.36,Kwara
239163.0,8.06560363241,5.14091571019,0.6,82.9,0.316,1481.0,327.0,541.0,1.0,2.0,1013.5242309570312,556741.5381164551,13.229856386290963,92312,1.2478623318150908,5.1306152,8.0701072,0.117,38.36,Kwara
239164.0,8.06560363241,5.14091571019,0.6,82.9,0.316,1481.0,327.0,541.0,1.0,2.0,1013.5242309570312,249037.69158935547,12.425359535836083,92312,1.2478623318150908,5.1306152,8.0701072,0.117,38.36,Kwara
239165.0,8.06560363241,5.14091571019,0.6,82.9,0.316,1481.0,327.0,541.0,1.0,2.0,1013.5242309570312,190671.51472473145,12.158307408248527,92312,1.2478623318150908,5.1306152,8.0701072,0.117,38.36,Kwara
239167.0,8.06560363241,5.14091571019,0.6,82.9,0.316,1481.0,327.0,541.0,1.0,2.0,1013.5242309570312,234121.8865792411,12.363597141544744,92312,1.2478623318150908,5.1306152,8.0701072,0.117,38.36,Kwara
239168.0,8.74523113755,5.74388366192,0.9,83.2,0.28,1061.0,403.0,69.0,1.0,2.0,4132.40673828125,103388.00037384036,11.546244183778953,11668,0.2613109462906234,5.7458496,8.7439361,-0.522,38.36,Kwara
239169.0,8.74523113755,5.74388366192,0.9,83.2,0.28,1061.0,403.0,69.0,1.0,2.0,4132.40673828125,192109.19233322144,12.165819199424496,11668,0.2613109462906234,5.7458496,8.7439361,-0.522,38.36,Kwara
239170.0,8.74523113755,5.74388366192,0.9,83.2,0.28,1061.0,403.0,69.0,1.0,2.0,4132.40673828125,368257.6344985962,12.816538065945943,11668,0.2613109462906234,5.7458496,8.7439361,-0.522,38.36,Kwara
239171.0,8.74523113755,5.74388366192,0.9,83.2,0.28,1061.0,403.0,69.0,1.0,2.0,4132.40673828125,400034.6098632813,12.89930634700528,11668,0.2613109462906234,5.7458496,8.7439361,-0.522,38.36,Kwara
239172.0,8.74523113755,5.74388366192,0.9,83.2,0.28,1061.0,403.0,69.0,1.0,2.0,4132.40673828125,498930.6721343994,13.120222431483093,11668,0.2613109462906234,5.7458496,8.7439361,-0.522,38.36,Kwara
239173.0,8.74523113755,5.74388366192,0.9,83.2,0.28,1061.0,403.0,69.0,1.0,2.0,4132.40673828125,167325.12741088867,12.027694069426127,11668,0.2613109462906234,5.7458496,8.7439361,-0.522,38.36,Kwara
239175.0,8.74523113755,5.74388366192,0.9,83.2,0.28,1061.0,403.0,69.0,1.0,2.0,4132.40673828125,152668.29468536377,11.936022838249285,11668,0.2613109462906234,5.7458496,8.7439361,-0.522,38.36,Kwara
239176.0,8.74523113755,5.74388366192,0.9,83.2,0.28,1061.0,403.0,69.0,1.0,2.0,4132.40673828125,77898.92396981374,11.263167418795708,11668,0.2613109462906234,5.7458496,8.7439361,-0.522,38.36,Kwara
239177.0,8.74523113755,5.74388366192,0.9,83.2,0.28,1061.0,403.0,69.0,1.0,2.0,4132.40673828125,134839.53562927246,11.811840725477282,11668,0.2613109462906234,5.7458496,8.7439361,-0.522,38.36,Kwara
239178.0,8.74523113755,5.74388366192,0.9,83.2,0.28,1061.0,403.0,69.0,1.0,2.0,4132.40673828125,98669.45922851562,11.499530747229278,11668,0.2613109462906234,5.7458496,8.7439361,-0.522,38.36,Kwara
239180.0,8.59732928934,6.09065015153,1.9,85.9,0.31,1072.0,53.0,86.0,1.0,2.0,1954.962890625,74946.04915509906,11.224523789067298,55076,0.9636683236815237,6.0974121,8.5918843,-0.178,38.36,Kwara
239181.0,8.59732928934,6.09065015153,1.9,85.9,0.31,1072.0,53.0,86.0,1.0,2.0,1954.962890625,454956.70129776,13.027957531421954,55076,0.9636683236815237,6.0974121,8.5918843,-0.178,38.36,Kwara
239182.0,8.59732928934,6.09065015153,1.9,85.9,0.31,1072.0,53.0,86.0,1.0,2.0,1954.962890625,163446.973487854,12.004243895540752,55076,0.9636683236815237,6.0974121,8.5918843,-0.178,38.36,Kwara
239183.0,8.59732928934,6.09065015153,1.9,85.9,0.31,1072.0,53.0,86.0,1.0,2.0,1954.962890625,76844.3386940696,11.249537079292493,55076,0.9636683236815237,6.0974121,8.5918843,-0.178,38.36,Kwara
239184.0,8.59732928934,6.09065015153,1.9,85.9,0.31,1072.0,53.0,86.0,1.0,2.0,1954.962890625,108879.2016204834,11.597994304643096,55076,0.9636683236815237,6.0974121,8.5918843,-0.178,38.36,Kwara
239186.0,8.59732928934,6.09065015153,1.9,85.9,0.31,1072.0,53.0,86.0,1.0,2.0,1954.962890625,227132.16909917197,12.333287369753638,55076,0.9636683236815237,6.0974121,8.5918843,-0.178,38.36,Kwara
239187.0,8.59732928934,6.09065015153,1.9,85.9,0.31,1072.0,53.0,86.0,1.0,2.0,1954.962890625,129009.31571524484,11.767639895583304,55076,0.9636683236815237,6.0974121,8.5918843,-0.178,38.36,Kwara
239188.0,8.59732928934,6.09065015153,1.9,85.9,0.31,1072.0,53.0,86.0,1.0,2.0,1954.962890625,114642.18353852772,11.64957110923734,55076,0.9636683236815237,6.0974121,8.5918843,-0.178,38.36,Kwara
239189.0,8.59732928934,6.09065015153,1.9,85.9,0.31,1072.0,53.0,86.0,1.0,2.0,1954.962890625,57786.7522844587,10.964514829159492,55076,0.9636683236815237,6.0974121,8.5918843,-0.178,38.36,Kwara
239190.0,8.59732928934,6.09065015153,1.9,85.9,0.31,1072.0,53.0,86.0,1.0,2.0,1954.962890625,140804.80720265707,11.855129864187578,55076,0.9636683236815237,6.0974121,8.5918843,-0.178,38.36,Kwara
239197.0,8.06736673605,5.24379893629,2.7,87.6,0.293,1470.0,640.0,517.0,1.0,2.0,400.0,89682.11545054117,11.404026646345406,88047,0.4778861307757309,5.2404785,8.0701072,0.943,38.36,Kwara
239199.0,8.8546600404,4.86403632341,0.5,142.8,0.306,1058.0,68.0,249.0,1.0,2.0,2114.52197265625,150071.11868286133,11.91886458526927,47072,2.129740606417302,4.8449707,8.8525066,-0.487,38.36,Kwara
239204.0,8.46107117462,4.51255219536,3.6,104.8,0.269,1198.0,871.0,334.0,1.0,1.0,14965.2275390625,571724.5990447998,13.256412684216542,101050,0.3176657970787612,4.5153809,8.4615055,1.014,38.36,Kwara
239205.0,8.46107117462,4.51255219536,3.6,104.8,0.269,1198.0,871.0,334.0,1.0,1.0,14965.2275390625,475521.1500854492,13.072166639653362,101050,0.3176657970787612,4.5153809,8.4615055,1.014,38.36,Kwara
239209.0,8.14266043965,5.11463243673,0.9,71.8,0.282,1468.0,1500.0,525.0,1.0,1.0,2764.448974609375,119783.97317123412,11.693445175841324,91723,1.047589204656023,5.1086426,8.1353671,1.134,38.36,Kwara
239210.0,8.14276196495,5.06773354232,12.6,55.1,0.284,1466.0,151.0,557.0,1.0,2.0,1383.20703125,258146.4809173584,12.46128245828522,79563,0.8873253844370512,5.0646973,8.1353671,-0.152,38.36,Kwara
239211.0,9.28828164206,3.83620649064,1.3,104.1,0.324,964.0,14.0,334.0,1.0,2.0,4388.72021484375,137356.37517929077,11.83033410602172,71441,0.2981430294778555,3.8342285,9.2864645,-0.823,38.36,Kwara
239212.0,9.28828164206,3.83620649064,1.3,104.1,0.324,964.0,14.0,334.0,1.0,2.0,4388.72021484375,100011.84692382814,11.513043927191584,71441,0.2981430294778555,3.8342285,9.2864645,-0.823,38.36,Kwara
239213.0,9.28828164206,3.83620649064,1.3,104.1,0.324,964.0,14.0,334.0,1.0,2.0,4388.72021484375,207995.10073682995,12.245269804256196,71441,0.2981430294778555,3.8342285,9.2864645,-0.823,38.36,Kwara
239214.0,9.28828164206,3.83620649064,1.3,104.1,0.324,964.0,14.0,334.0,1.0,2.0,4388.72021484375,96066.2458114624,11.472793293003743,71441,0.2981430294778555,3.8342285,9.2864645,-0.823,38.36,Kwara
239216.0,9.28828164206,3.83620649064,1.3,104.1,0.324,964.0,14.0,334.0,1.0,2.0,4388.72021484375,147705.09319496155,11.902972951303145,71441,0.2981430294778555,3.8342285,9.2864645,-0.823,38.36,Kwara
239217.0,9.28828164206,3.83620649064,1.3,104.1,0.324,964.0,14.0,334.0,1.0,2.0,4388.72021484375,452527.7498855591,13.022604365955717,71441,0.2981430294778555,3.8342285,9.2864645,-0.823,38.36,Kwara
239218.0,9.28828164206,3.83620649064,1.3,104.1,0.324,964.0,14.0,334.0,1.0,2.0,4388.72021484375,177811.58251953125,12.088479743469616,71441,0.2981430294778555,3.8342285,9.2864645,-0.823,38.36,Kwara
239219.0,9.28828164206,3.83620649064,1.3,104.1,0.324,964.0,14.0,334.0,1.0,2.0,4388.72021484375,222537.4314994812,12.31285059789745,71441,0.2981430294778555,3.8342285,9.2864645,-0.823,38.36,Kwara
239221.0,9.28828164206,3.83620649064,1.3,104.1,0.324,964.0,14.0,334.0,1.0,2.0,4388.72021484375,87768.65783691406,11.382459743648734,71441,0.2981430294778555,3.8342285,9.2864645,-0.823,38.36,Kwara
239222.0,9.28828164206,3.83620649064,1.3,104.1,0.324,964.0,14.0,334.0,1.0,2.0,4388.72021484375,118875.76604938509,11.685834243985791,71441,0.2981430294778555,3.8342285,9.2864645,-0.823,38.36,Kwara
240051.0,6.90327318764,2.99696240978,2.7,4.3,0.275,1087.0,1469.0,98.0,6.0,1.0,2806.048095703125,193318.176197052,12.172092691800366,45688,1.0922306071855126,2.9992676,6.8937071,1.242,42.06,Ogun
240052.0,6.501894249910001,3.24117564542,15.9,134.6,0.177,1005.0,1311.0,9.0,6.0,1.0,2806.048095703125,283393.9370361328,12.55459321234767,89737,0.11287880255491166,3.2409668,6.500899,0.926,21.75,Lagos
240053.0,6.501894249910001,3.24117564542,15.9,134.6,0.177,1005.0,1311.0,9.0,6.0,1.0,2806.048095703125,243731.1060028076,12.403820872021106,89737,0.11287880255491166,3.2409668,6.500899,0.926,21.75,Lagos
240055.0,6.50189424991,3.24117564542,6.7,144.0,0.177,1005.0,1311.0,9.0,6.0,1.0,2806.048095703125,263594.1274353027,12.48216580304405,89737,0.11287880255481517,3.2409668,6.500899,0.926,21.75,Lagos
240056.0,6.501894249910001,3.24117564542,15.9,134.6,0.177,1005.0,1311.0,9.0,6.0,1.0,2806.048095703125,381347.28786468506,12.851465755634973,89737,0.11287880255491166,3.2409668,6.500899,0.926,21.75,Lagos
240057.0,6.501894249910001,3.24117564542,15.9,134.6,0.177,1005.0,1311.0,9.0,6.0,1.0,2806.048095703125,481157.3231404623,13.083949570746585,89737,0.11287880255491166,3.2409668,6.500899,0.926,21.75,Lagos
240059.0,6.501894249910001,3.24117564542,15.9,134.6,0.177,1005.0,1311.0,9.0,6.0,1.0,2806.048095703125,82464.57325914172,11.320124065057025,89737,0.11287880255491166,3.2409668,6.500899,0.926,21.75,Lagos
240060.0,6.501894249910001,3.24117564542,15.9,134.6,0.177,1005.0,1311.0,9.0,6.0,1.0,2806.048095703125,216955.75984191897,12.287448740041713,89737,0.11287880255491166,3.2409668,6.500899,0.926,21.75,Lagos
240071.0,6.496780357009998,3.31637263591,17.7,172.0,0.117,997.0,17341.0,5.0,6.0,1.0,2860.35986328125,225372.8197733561,12.325511286685588,102205,1.1480976902543845,3.3068848,6.500899,1.333,21.75,Lagos
240072.0,6.496780357009998,3.31637263591,17.7,172.0,0.117,997.0,17341.0,5.0,6.0,1.0,2860.35986328125,191967.16239493233,12.165079607189698,102205,1.1480976902543845,3.3068848,6.500899,1.333,21.75,Lagos
240073.0,6.49678035701,3.31637263591,2.2,149.0,0.117,997.0,17341.0,5.0,6.0,1.0,2860.35986328125,529800.1984802246,13.180255230452396,102205,1.1480976902543059,3.3068848,6.500899,1.333,21.75,Lagos
240074.0,6.73914576643,3.4293777099,26.3,83.7,0.256,1041.0,1255.0,12.0,6.0,1.0,2860.35986328125,398498.4844563802,12.895458974084422,66396,1.0569991634400466,3.4387207,6.7409861,0.537,42.06,Ogun
240075.0,6.496780357009998,3.31637263591,17.7,172.0,0.117,997.0,17341.0,5.0,6.0,1.0,2860.35986328125,299291.1244934082,12.609172039185951,102205,1.1480976902543845,3.3068848,6.500899,1.333,21.75,Lagos
240077.0,6.496780357009998,3.31637263591,17.7,172.0,0.117,997.0,17341.0,5.0,6.0,1.0,2860.35986328125,322730.4104492187,12.68457261112467,102205,1.1480976902543845,3.3068848,6.500899,1.333,21.75,Lagos
240078.0,6.43132692896,2.8794767414,0.3,147.8,0.185,1041.0,1369.0,7.0,6.0,1.0,2860.35986328125,128116.43102536882,11.760694746836256,35833,1.1911247315700686,2.8894043,6.4354006,1.645,21.75,Lagos
240079.0,6.496780357009998,3.31637263591,17.7,172.0,0.117,997.0,17341.0,5.0,6.0,1.0,2860.35986328125,164991.87426147462,12.013651504769896,102205,1.1480976902543845,3.3068848,6.500899,1.333,21.75,Lagos
240080.0,6.496780357009998,3.31637263591,17.7,172.0,0.117,997.0,17341.0,5.0,6.0,1.0,2860.35986328125,88051.26361465454,11.385674464924778,102205,1.1480976902543845,3.3068848,6.500899,1.333,21.75,Lagos
240081.0,6.50434709907,3.33319780712,17.2,172.9,0.112,994.0,18918.0,7.0,6.0,1.0,3324.111328125,619585.1212692261,13.336805373791115,22261,0.615309766914331,3.3288574,6.500899,1.27,21.75,Lagos
240083.0,6.53433439066,3.387570296980001,7.6,184.9,0.105,986.0,21828.0,13.0,6.0,1.0,3324.111328125,251925.4043833415,12.436888308320844,10555,1.3884966475648588,3.3947754,6.5445599,1.495,21.75,Lagos
240084.0,6.53433439066,3.387570296980001,7.6,184.9,0.105,986.0,21828.0,13.0,6.0,1.0,3324.111328125,167510.41875566755,12.028800829839197,10555,1.3884966475648588,3.3947754,6.5445599,1.495,21.75,Lagos
240085.0,6.53433439066,3.387570296980001,7.6,184.9,0.105,986.0,21828.0,13.0,6.0,1.0,3324.111328125,221478.5347290039,12.30808095509871,10555,1.3884966475648588,3.3947754,6.5445599,1.495,21.75,Lagos
240086.0,6.53433439066,3.387570296980001,7.6,184.9,0.105,986.0,21828.0,13.0,6.0,1.0,3324.111328125,417812.37959543866,12.942787758099902,10555,1.3884966475648588,3.3947754,6.5445599,1.495,21.75,Lagos
240087.0,6.53433439066,3.387570296980001,7.6,184.9,0.105,986.0,21828.0,13.0,6.0,1.0,3324.111328125,315714.94941711426,12.662595026662569,10555,1.3884966475648588,3.3947754,6.5445599,1.495,21.75,Lagos
240088.0,6.53433439066,3.387570296980001,7.6,184.9,0.105,986.0,21828.0,13.0,6.0,1.0,3324.111328125,253131.5245147705,12.44166449237157,10555,1.3884966475648588,3.3947754,6.5445599,1.495,21.75,Lagos
240089.0,6.53433439066,3.387570296980001,7.6,184.9,0.105,986.0,21828.0,13.0,6.0,1.0,3324.111328125,186830.1762008667,12.137955334561433,10555,1.3884966475648588,3.3947754,6.5445599,1.495,21.75,Lagos
240090.0,6.6788492382,3.44688037513,4.0,123.9,0.269,1016.0,1771.0,12.0,6.0,1.0,3324.111328125,306287.6427968343,12.632279948542582,9024,0.9782376575850014,3.4387207,6.6755194,0.946,21.75,Lagos
240112.0,6.47669421647,3.35082050227,1.5,185.6,0.095,979.0,21181.0,4.0,6.0,1.0,3266.799072265625,366422.3445521763,12.811541893962444,59866,0.2634033262657061,3.3508301,6.4790672,1.377,21.75,Lagos
240113.0,6.47669421647,3.35082050227,1.5,185.6,0.095,979.0,21181.0,4.0,6.0,1.0,3266.799072265625,193878.92596435547,12.174989150251143,59866,0.2634033262657061,3.3508301,6.4790672,1.377,21.75,Lagos
240114.0,6.47669421647,3.35082050227,1.5,185.6,0.095,979.0,21181.0,4.0,6.0,1.0,3266.799072265625,270255.4684753418,12.507122970173112,59866,0.2634033262657061,3.3508301,6.4790672,1.377,21.75,Lagos
240115.0,6.47669421647,3.35082050227,1.5,185.6,0.095,979.0,21181.0,4.0,6.0,1.0,3266.799072265625,459279.1935729981,13.03741356898951,59866,0.2634033262657061,3.3508301,6.4790672,1.377,21.75,Lagos
240116.0,6.47669421647,3.35082050227,1.5,185.6,0.095,979.0,21181.0,4.0,6.0,1.0,3266.799072265625,525819.0057067871,13.172712336890894,59866,0.2634033262657061,3.3508301,6.4790672,1.377,21.75,Lagos
240117.0,6.47669421647,3.35082050227,1.5,185.6,0.095,979.0,21181.0,4.0,6.0,1.0,3266.799072265625,284520.23897705076,12.558559668777686,59866,0.2634033262657061,3.3508301,6.4790672,1.377,21.75,Lagos
240118.0,6.47669421647,3.35082050227,1.5,185.6,0.095,979.0,21181.0,4.0,6.0,1.0,3266.799072265625,214211.5756802029,12.274719476993129,59866,0.2634033262657061,3.3508301,6.4790672,1.377,21.75,Lagos
240119.0,6.47669421647,3.35082050227,1.5,185.6,0.095,979.0,21181.0,4.0,6.0,1.0,3266.799072265625,282424.98652267456,12.551168259875112,59866,0.2634033262657061,3.3508301,6.4790672,1.377,21.75,Lagos
240120.0,7.55501328952,6.24531067599,5.7,49.3,0.275,1022.0,3391.0,352.0,1.0,1.0,3266.799072265625,157482.2071533203,11.967067760411071,38559,1.047556878941352,6.2512207,7.5476555,0.467,37.23,Kogi
240122.0,6.58890953692,3.37870207828,0.5,156.7,0.134,1004.0,26168.0,28.0,6.0,1.0,2292.548095703125,381355.0434748332,12.851486092822444,90625,0.6593288811584994,3.3728027,6.5882169,1.377,21.75,Lagos
240123.0,6.69085265503,3.28648016627,0.7,90.2,0.183,1067.0,16365.0,62.0,6.0,1.0,2292.548095703125,216441.3354431152,12.285074821776057,60780,0.7411128242848657,3.2849121,6.6973426,1.661,21.75,Lagos
240124.0,6.58890953692,3.37870207828,0.5,156.7,0.134,1004.0,26168.0,28.0,6.0,1.0,2292.548095703125,250012.7697736952,12.429267274634672,90625,0.6593288811584994,3.3728027,6.5882169,1.377,21.75,Lagos
240125.0,6.58890953692,3.37870207828,0.5,156.7,0.134,1004.0,26168.0,28.0,6.0,1.0,2292.548095703125,325345.6796890259,12.692643525870851,90625,0.6593288811584994,3.3728027,6.5882169,1.377,21.75,Lagos
240127.0,6.58890953692,3.37870207828,0.5,156.7,0.134,1004.0,26168.0,28.0,6.0,1.0,2292.548095703125,670867.9180603027,13.41632755315034,90625,0.6593288811584994,3.3728027,6.5882169,1.377,21.75,Lagos
240128.0,6.58890953692,3.37870207828,0.5,156.7,0.134,1004.0,26168.0,28.0,6.0,1.0,2292.548095703125,317853.59101931256,12.669346150143468,90625,0.6593288811584994,3.3728027,6.5882169,1.377,21.75,Lagos
240129.0,6.58890953692,3.37870207828,0.5,156.7,0.134,1004.0,26168.0,28.0,6.0,1.0,2292.548095703125,435792.67809906,12.98492190029383,90625,0.6593288811584994,3.3728027,6.5882169,1.377,21.75,Lagos
249001.0,6.63460235807,3.30577802139,3.1,56.0,0.168,1030.0,40472.0,34.0,6.0,1.0,832.9465942382812,131935.19870910642,11.79006616215798,40318,0.32721838059849423,3.3068848,6.6318701,1.027,21.75,Lagos
249002.0,6.63460235807,3.30577802139,3.1,56.0,0.168,1030.0,40472.0,34.0,6.0,1.0,832.9465942382812,296134.030708313,12.598567437267295,40318,0.32721838059849423,3.3068848,6.6318701,1.027,21.75,Lagos
249006.0,6.63460235807,3.30577802139,3.1,56.0,0.168,1030.0,40472.0,34.0,6.0,1.0,832.9465942382812,159887.5147972107,11.982225814455283,40318,0.32721838059849423,3.3068848,6.6318701,1.027,21.75,Lagos
249008.0,6.63460235807,3.30577802139,3.1,56.0,0.168,1030.0,40472.0,34.0,6.0,1.0,832.9465942382812,173716.4986943563,12.06517993156628,40318,0.32721838059849423,3.3068848,6.6318701,1.027,21.75,Lagos
249009.0,6.63460235807,3.30577802139,3.1,56.0,0.168,1030.0,40472.0,34.0,6.0,1.0,832.9465942382812,650596.2496395111,13.38564452854045,40318,0.32721838059849423,3.3068848,6.6318701,1.027,21.75,Lagos
249010.0,6.63460235807,3.30577802139,3.1,56.0,0.168,1030.0,40472.0,34.0,6.0,1.0,832.9465942382812,985039.632659912,13.800437155547728,40318,0.32721838059849423,3.3068848,6.6318701,1.027,21.75,Lagos
249011.0,6.63460235807,3.30577802139,3.1,56.0,0.168,1030.0,40472.0,34.0,6.0,1.0,832.9465942382812,356946.7881622315,12.78534199688545,40318,0.32721838059849423,3.3068848,6.6318701,1.027,21.75,Lagos
249012.0,6.63460235807,3.30577802139,3.1,56.0,0.168,1030.0,40472.0,34.0,6.0,1.0,832.9465942382812,364715.8418986003,12.806873814017882,40318,0.32721838059849423,3.3068848,6.6318701,1.027,21.75,Lagos
249013.0,6.61099488747,3.31715827515,5.1,57.5,0.157,1015.0,10793.0,39.0,6.0,1.0,1775.416015625,227114.95486595517,12.333211577382848,31308,1.145229979219079,3.3068848,6.610044,1.439,21.75,Lagos
249015.0,6.61099488747,3.31715827515,5.1,57.5,0.157,1015.0,10793.0,39.0,6.0,1.0,1775.416015625,132495.07591756183,11.794300760831533,31308,1.145229979219079,3.3068848,6.610044,1.439,21.75,Lagos
249016.0,6.61099488747,3.31715827515,5.1,57.5,0.157,1015.0,10793.0,39.0,6.0,1.0,1775.416015625,291662.87522379553,12.58335387735445,31308,1.145229979219079,3.3068848,6.610044,1.439,21.75,Lagos
249019.0,6.61099488747,3.31715827515,5.1,57.5,0.157,1015.0,10793.0,39.0,6.0,1.0,1775.416015625,142723.5092218573,11.868664535669184,31308,1.145229979219079,3.3068848,6.610044,1.439,21.75,Lagos
249021.0,6.71180162414,3.26462843211,4.0,105.6,0.187,1081.0,4709.0,59.0,6.0,1.0,1775.416015625,203033.14705149332,12.22112453066217,24429,0.8385375996302978,3.2629395,6.7191648,1.353,42.06,Ogun
249022.0,6.61099488747,3.31715827515,5.1,57.5,0.157,1015.0,10793.0,39.0,6.0,1.0,1775.416015625,217974.83736038205,12.292134910156877,31308,1.145229979219079,3.3068848,6.610044,1.439,21.75,Lagos
249023.0,6.61099488747,3.31715827515,5.1,57.5,0.157,1015.0,10793.0,39.0,6.0,1.0,1775.416015625,434350.4665934245,12.981607013921227,31308,1.145229979219079,3.3068848,6.610044,1.439,21.75,Lagos
249024.0,6.61099488747,3.31715827515,5.1,57.5,0.157,1015.0,10793.0,39.0,6.0,1.0,1775.416015625,128471.33748372395,11.763461103835663,31308,1.145229979219079,3.3068848,6.610044,1.439,21.75,Lagos
249025.0,6.60959872953,3.31558974474,1.6,174.2,0.157,1014.0,10616.0,39.0,6.0,1.0,2219.862548828125,411253.8481435776,12.92696593820597,31308,0.9675121209231989,3.3068848,6.610044,1.439,21.75,Lagos
249026.0,6.60959872953,3.31558974474,1.6,174.2,0.157,1014.0,10616.0,39.0,6.0,1.0,2219.862548828125,227181.24150390623,12.333503398617326,31308,0.9675121209231989,3.3068848,6.610044,1.439,21.75,Lagos
249027.0,6.60959872953,3.31558974474,1.6,174.2,0.157,1014.0,10616.0,39.0,6.0,1.0,2219.862548828125,779942.2733573914,13.566975187410844,31308,0.9675121209231989,3.3068848,6.610044,1.439,21.75,Lagos
249029.0,6.60959872953,3.31558974474,1.6,174.2,0.157,1014.0,10616.0,39.0,6.0,1.0,2219.862548828125,286806.81638844806,12.566564154469969,31308,0.9675121209231989,3.3068848,6.610044,1.439,21.75,Lagos
249031.0,6.60959872953,3.31558974474,1.6,174.2,0.157,1014.0,10616.0,39.0,6.0,1.0,2219.862548828125,209252.15892537436,12.251295305743536,31308,0.9675121209231989,3.3068848,6.610044,1.439,21.75,Lagos
249032.0,6.60959872953,3.31558974474,1.6,174.2,0.157,1014.0,10616.0,39.0,6.0,1.0,2219.862548828125,303160.3900657654,12.62201728459147,31308,0.9675121209231989,3.3068848,6.610044,1.439,21.75,Lagos
249033.0,6.60959872953,3.31558974474,1.6,174.2,0.157,1014.0,10616.0,39.0,6.0,1.0,2219.862548828125,618942.8818664551,13.335768272556894,31308,0.9675121209231989,3.3068848,6.610044,1.439,21.75,Lagos
249034.0,6.60959872953,3.31558974474,1.6,174.2,0.157,1014.0,10616.0,39.0,6.0,1.0,2219.862548828125,222885.9677581787,12.314415564311034,31308,0.9675121209231989,3.3068848,6.610044,1.439,21.75,Lagos
249035.0,6.60959872953,3.31558974474,1.6,174.2,0.157,1014.0,10616.0,39.0,6.0,1.0,2219.862548828125,258837.96680641177,12.463957534119537,31308,0.9675121209231989,3.3068848,6.610044,1.439,21.75,Lagos
249037.0,6.64363221207,3.2848288382,11.5,29.6,0.172,1039.0,21409.0,36.0,6.0,1.0,7768.29443359375,300889.1598739624,12.614497236292769,96453,1.117029894269898,3.2849121,6.6536952,1.661,21.75,Lagos
249038.0,6.64363221207,3.2848288382,11.5,29.6,0.172,1039.0,21409.0,36.0,6.0,1.0,7768.29443359375,722139.3168436686,13.48997335887792,96453,1.117029894269898,3.2849121,6.6536952,1.661,21.75,Lagos
249040.0,6.64363221207,3.2848288382,11.5,29.6,0.172,1039.0,21409.0,36.0,6.0,1.0,7768.29443359375,131052.01653544109,11.783349596160376,96453,1.117029894269898,3.2849121,6.6536952,1.661,21.75,Lagos
249041.0,6.64363221207,3.2848288382,11.5,29.6,0.172,1039.0,21409.0,36.0,6.0,1.0,7768.29443359375,436546.85895284015,12.986651000052928,96453,1.117029894269898,3.2849121,6.6536952,1.661,21.75,Lagos
249042.0,6.64363221207,3.2848288382,11.5,29.6,0.172,1039.0,21409.0,36.0,6.0,1.0,7768.29443359375,641396.7219187419,13.371403455406089,96453,1.117029894269898,3.2849121,6.6536952,1.661,21.75,Lagos
249046.0,6.64363221207,3.2848288382,11.5,29.6,0.172,1039.0,21409.0,36.0,6.0,1.0,7768.29443359375,405301.79385375977,12.912387238596637,96453,1.117029894269898,3.2849121,6.6536952,1.661,21.75,Lagos
249047.0,6.64363221207,3.2848288382,11.5,29.6,0.172,1039.0,21409.0,36.0,6.0,1.0,7768.29443359375,400976.2403137207,12.901657453445312,96453,1.117029894269898,3.2849121,6.6536952,1.661,21.75,Lagos
249048.0,6.64363221207,3.2848288382,11.5,29.6,0.172,1039.0,21409.0,36.0,6.0,1.0,7768.29443359375,354964.2552661896,12.77977237399702,96453,1.117029894269898,3.2849121,6.6536952,1.661,21.75,Lagos
249049.0,6.43664197518,3.26295848526,4.4,55.3,0.126,976.0,2340.0,1.0,6.0,1.0,4806.33740234375,287763.0315437317,12.56989261328667,35423,0.1378087587673677,3.2629395,6.4354006,0.957,21.75,Lagos
249051.0,6.43664197518,3.26295848526,4.4,55.3,0.126,976.0,2340.0,1.0,6.0,1.0,4806.33740234375,311524.48140335083,12.649233206106532,35423,0.1378087587673677,3.2629395,6.4354006,0.957,21.75,Lagos
249053.0,6.43664197518,3.26295848526,4.4,55.3,0.126,976.0,2340.0,1.0,6.0,1.0,4806.33740234375,120788.23306274414,11.701794151317351,35423,0.1378087587673677,3.2629395,6.4354006,0.957,21.75,Lagos
249054.0,6.43664197518,3.26295848526,4.4,55.3,0.126,976.0,2340.0,1.0,6.0,1.0,4806.33740234375,75203.408396403,11.227951833331064,35423,0.1378087587673677,3.2629395,6.4354006,0.957,21.75,Lagos
249056.0,6.43664197518,3.26295848526,4.4,55.3,0.126,976.0,2340.0,1.0,6.0,1.0,4806.33740234375,119917.8832484654,11.694562481256996,35423,0.1378087587673677,3.2629395,6.4354006,0.957,21.75,Lagos
249057.0,6.43664197518,3.26295848526,4.4,55.3,0.126,976.0,2340.0,1.0,6.0,1.0,4806.33740234375,162295.83010973252,11.99717606068792,35423,0.1378087587673677,3.2629395,6.4354006,0.957,21.75,Lagos
249058.0,6.43664197518,3.26295848526,4.4,55.3,0.126,976.0,2340.0,1.0,6.0,1.0,4806.33740234375,523931.7105191549,13.169116631373615,35423,0.1378087587673677,3.2629395,6.4354006,0.957,21.75,Lagos
249059.0,6.43664197518,3.26295848526,4.4,55.3,0.126,976.0,2340.0,1.0,6.0,1.0,4806.33740234375,240083.79544939313,12.388743289092057,35423,0.1378087587673677,3.2629395,6.4354006,0.957,21.75,Lagos
249060.0,6.43664197518,3.26295848526,4.4,55.3,0.126,976.0,2340.0,1.0,6.0,1.0,4806.33740234375,183855.6391296387,12.12190615870743,35423,0.1378087587673677,3.2629395,6.4354006,0.957,21.75,Lagos
249061.0,6.47316969562,3.33867238672,0.1,145.7,0.098,981.0,48658.0,6.0,6.0,1.0,1478.8787841796875,206534.45351736885,12.238222522586556,51155,1.2710082723354887,3.3288574,6.4790672,0.937,21.75,Lagos
249063.0,6.47316969562,3.33867238672,0.1,145.7,0.098,981.0,48658.0,6.0,6.0,1.0,1478.8787841796875,158091.25399475096,11.970927702216096,51155,1.2710082723354887,3.3288574,6.4790672,0.937,21.75,Lagos
249065.0,6.47316969562,3.33867238672,0.1,145.7,0.098,981.0,48658.0,6.0,6.0,1.0,1478.8787841796875,201370.476852417,12.212901658910653,51155,1.2710082723354887,3.3288574,6.4790672,0.937,21.75,Lagos
249066.0,6.47316969562,3.33867238672,0.1,145.7,0.098,981.0,48658.0,6.0,6.0,1.0,1478.8787841796875,592446.6189489365,13.292016053331707,51155,1.2710082723354887,3.3288574,6.4790672,0.937,21.75,Lagos
249067.0,6.47316969562,3.33867238672,0.1,145.7,0.098,981.0,48658.0,6.0,6.0,1.0,1478.8787841796875,278482.13896312716,12.537109203305892,51155,1.2710082723354887,3.3288574,6.4790672,0.937,21.75,Lagos
249068.0,6.47316969562,3.33867238672,0.1,145.7,0.098,981.0,48658.0,6.0,6.0,1.0,1478.8787841796875,141293.08111063638,11.8585916015193,51155,1.2710082723354887,3.3288574,6.4790672,0.937,21.75,Lagos
249069.0,6.47316969562,3.33867238672,0.1,145.7,0.098,981.0,48658.0,6.0,6.0,1.0,1478.8787841796875,209374.45352172852,12.251879571512584,51155,1.2710082723354887,3.3288574,6.4790672,0.937,21.75,Lagos
249070.0,6.47316969562,3.33867238672,0.1,145.7,0.098,981.0,48658.0,6.0,6.0,1.0,1478.8787841796875,252020.191986084,12.437264490212474,51155,1.2710082723354887,3.3288574,6.4790672,0.937,21.75,Lagos
249071.0,6.47316969562,3.33867238672,0.1,145.7,0.098,981.0,48658.0,6.0,6.0,1.0,1478.8787841796875,465893.5596720378,13.051712474296677,51155,1.2710082723354887,3.3288574,6.4790672,0.937,21.75,Lagos
249072.0,6.47316969562,3.33867238672,0.1,145.7,0.098,981.0,48658.0,6.0,6.0,1.0,1478.8787841796875,411594.052347819,12.927792832759444,51155,1.2710082723354887,3.3288574,6.4790672,0.937,21.75,Lagos
249073.0,6.46923855108,3.3582520943,7.4,41.5,0.09,975.0,15308.0,3.0,6.0,1.0,2939.739501953125,55599.351460774735,10.925926815796087,59866,1.3670962016608057,3.3508301,6.4790672,1.377,21.75,Lagos
249074.0,6.46923855108,3.3582520943,7.4,41.5,0.09,975.0,15308.0,3.0,6.0,1.0,2939.739501953125,315442.74322509766,12.661732465017302,59866,1.3670962016608057,3.3508301,6.4790672,1.377,21.75,Lagos
249075.0,6.46923855108,3.3582520943,7.4,41.5,0.09,975.0,15308.0,3.0,6.0,1.0,2939.739501953125,243867.3501464844,12.404379709505122,59866,1.3670962016608057,3.3508301,6.4790672,1.377,21.75,Lagos
249077.0,6.46923855108,3.3582520943,7.4,41.5,0.09,975.0,15308.0,3.0,6.0,1.0,2939.739501953125,161493.60039062498,11.992220794795474,59866,1.3670962016608057,3.3508301,6.4790672,1.377,21.75,Lagos
249078.0,6.46923855108,3.3582520943,7.4,41.5,0.09,975.0,15308.0,3.0,6.0,1.0,2939.739501953125,311394.81481933594,12.648816887053089,59866,1.3670962016608057,3.3508301,6.4790672,1.377,21.75,Lagos
249079.0,6.46923855108,3.3582520943,7.4,41.5,0.09,975.0,15308.0,3.0,6.0,1.0,2939.739501953125,337099.8820800781,12.728134551415144,59866,1.3670962016608057,3.3508301,6.4790672,1.377,21.75,Lagos
249081.0,6.46923855108,3.3582520943,7.4,41.5,0.09,975.0,15308.0,3.0,6.0,1.0,2939.739501953125,261897.58721923828,12.47570881785023,59866,1.3670962016608057,3.3508301,6.4790672,1.377,21.75,Lagos
249083.0,6.46923855108,3.3582520943,7.4,41.5,0.09,975.0,15308.0,3.0,6.0,1.0,2939.739501953125,248986.29416809083,12.425153130430251,59866,1.3670962016608057,3.3508301,6.4790672,1.377,21.75,Lagos
249084.0,8.42271398979,4.60301345654,1.6,95.2,0.271,1223.0,5842.0,385.0,1.0,1.0,2939.739501953125,439732.6069030762,12.993922109578996,20394,0.5200351695755849,4.6032715,8.4180361,0.919,38.36,Kwara
249085.0,6.45153694891,3.35940868024,0.6,24.8,0.084,969.0,11314.0,7.0,6.0,1.0,1301.5582275390625,181485.49325125557,12.108931002502382,51956,1.1431005482400916,3.3508301,6.4572344,1.245,21.75,Lagos
249088.0,6.45153694891,3.35940868024,0.6,24.8,0.084,969.0,11314.0,7.0,6.0,1.0,1301.5582275390625,250509.93292236328,12.431253851105604,51956,1.1431005482400916,3.3508301,6.4572344,1.245,21.75,Lagos
249089.0,6.45153694891,3.35940868024,0.6,24.8,0.084,969.0,11314.0,7.0,6.0,1.0,1301.5582275390625,312738.59894714353,12.653122973458911,51956,1.1431005482400916,3.3508301,6.4572344,1.245,21.75,Lagos
249090.0,6.45153694891,3.35940868024,0.6,24.8,0.084,969.0,11314.0,7.0,6.0,1.0,1301.5582275390625,225367.1943766276,12.325486325969644,51956,1.1431005482400916,3.3508301,6.4572344,1.245,21.75,Lagos
249091.0,6.45153694891,3.35940868024,0.6,24.8,0.084,969.0,11314.0,7.0,6.0,1.0,1301.5582275390625,433352.9091491699,12.97930770770292,51956,1.1431005482400916,3.3508301,6.4572344,1.245,21.75,Lagos
249093.0,6.45153694891,3.35940868024,0.6,24.8,0.084,969.0,11314.0,7.0,6.0,1.0,1301.5582275390625,399725.92810058594,12.89853441149866,51956,1.1431005482400916,3.3508301,6.4572344,1.245,21.75,Lagos
249094.0,6.45153694891,3.35940868024,0.6,24.8,0.084,969.0,11314.0,7.0,6.0,1.0,1301.5582275390625,197580.31597028457,12.19390044379895,51956,1.1431005482400916,3.3508301,6.4572344,1.245,21.75,Lagos
249095.0,6.45153694891,3.35940868024,0.6,24.8,0.084,969.0,11314.0,7.0,6.0,1.0,1301.5582275390625,542634.4147745769,13.204191102876766,51956,1.1431005482400916,3.3508301,6.4572344,1.245,21.75,Lagos
249096.0,6.45153694891,3.35940868024,0.6,24.8,0.084,969.0,11314.0,7.0,6.0,1.0,1301.5582275390625,330550.64301077527,12.708515158035206,51956,1.1431005482400916,3.3508301,6.4572344,1.245,21.75,Lagos
249098.0,6.64445153608,3.3241270774,0.2,39.4,0.18,1031.0,27388.0,48.0,6.0,1.0,1546.6546630859375,774528.2410087585,13.560009401710444,17214,1.152590961237912,3.3288574,6.6536952,1.275,21.75,Lagos
249102.0,6.64445153608,3.3241270774,0.2,39.4,0.18,1031.0,27388.0,48.0,6.0,1.0,1546.6546630859375,463587.0615158081,13.046749481334826,17214,1.152590961237912,3.3288574,6.6536952,1.275,21.75,Lagos
249103.0,6.64445153608,3.3241270774,0.2,39.4,0.18,1031.0,27388.0,48.0,6.0,1.0,1546.6546630859375,438206.0056457519,12.990444411311458,17214,1.152590961237912,3.3288574,6.6536952,1.275,21.75,Lagos
249104.0,6.64445153608,3.3241270774,0.2,39.4,0.18,1031.0,27388.0,48.0,6.0,1.0,1546.6546630859375,588759.3498657226,13.285772805062626,17214,1.152590961237912,3.3288574,6.6536952,1.275,21.75,Lagos
249105.0,6.64445153608,3.3241270774,0.2,39.4,0.18,1031.0,27388.0,48.0,6.0,1.0,1546.6546630859375,1204290.1755371094,14.001400885395077,17214,1.152590961237912,3.3288574,6.6536952,1.275,21.75,Lagos
249106.0,6.64445153608,3.3241270774,0.2,39.4,0.18,1031.0,27388.0,48.0,6.0,1.0,1546.6546630859375,324292.5711040497,12.689401384552454,17214,1.152590961237912,3.3288574,6.6536952,1.275,21.75,Lagos
249107.0,6.64445153608,3.3241270774,0.2,39.4,0.18,1031.0,27388.0,48.0,6.0,1.0,1546.6546630859375,981371.9613952636,13.796706832222943,17214,1.152590961237912,3.3288574,6.6536952,1.275,21.75,Lagos
249108.0,6.64445153608,3.3241270774,0.2,39.4,0.18,1031.0,27388.0,48.0,6.0,1.0,1546.6546630859375,862188.7804489136,13.667229528509177,17214,1.152590961237912,3.3288574,6.6536952,1.275,21.75,Lagos
249109.0,6.51958705283,3.38914520615,7.7,140.1,0.108,980.0,14357.0,4.0,6.0,1.0,1368.23828125,132309.09622802734,11.79289610229759,37231,0.7157268562803599,3.3947754,6.5227299,1.126,21.75,Lagos
249111.0,6.51958705283,3.38914520615,7.7,140.1,0.108,980.0,14357.0,4.0,6.0,1.0,1368.23828125,319106.6588285446,12.673280679577738,37231,0.7157268562803599,3.3947754,6.5227299,1.126,21.75,Lagos
249112.0,6.51958705283,3.38914520615,7.7,140.1,0.108,980.0,14357.0,4.0,6.0,1.0,1368.23828125,323052.38300577796,12.685569765544086,37231,0.7157268562803599,3.3947754,6.5227299,1.126,21.75,Lagos
249113.0,6.51958705283,3.38914520615,7.7,140.1,0.108,980.0,14357.0,4.0,6.0,1.0,1368.23828125,240593.0002593994,12.390861989245808,37231,0.7157268562803599,3.3947754,6.5227299,1.126,21.75,Lagos
249114.0,6.51958705283,3.38914520615,7.7,140.1,0.108,980.0,14357.0,4.0,6.0,1.0,1368.23828125,450091.41497802734,13.01720598551109,37231,0.7157268562803599,3.3947754,6.5227299,1.126,21.75,Lagos
249115.0,6.51958705283,3.38914520615,7.7,140.1,0.108,980.0,14357.0,4.0,6.0,1.0,1368.23828125,284587.09812418616,12.558794630244828,37231,0.7157268562803599,3.3947754,6.5227299,1.126,21.75,Lagos
249116.0,6.51958705283,3.38914520615,7.7,140.1,0.108,980.0,14357.0,4.0,6.0,1.0,1368.23828125,333335.7002807617,12.716905370113238,37231,0.7157268562803599,3.3947754,6.5227299,1.126,21.75,Lagos
249117.0,6.51958705283,3.38914520615,7.7,140.1,0.108,980.0,14357.0,4.0,6.0,1.0,1368.23828125,189048.16130937845,12.149757083322976,37231,0.7157268562803599,3.3947754,6.5227299,1.126,21.75,Lagos
249119.0,6.51958705283,3.38914520615,7.7,140.1,0.108,980.0,14357.0,4.0,6.0,1.0,1368.23828125,548779.4100036621,13.215451836475085,37231,0.7157268562803599,3.3947754,6.5227299,1.126,21.75,Lagos
249120.0,6.51958705283,3.38914520615,7.7,140.1,0.108,980.0,14357.0,4.0,6.0,1.0,1368.23828125,584140.4407755533,13.277896713679551,37231,0.7157268562803599,3.3947754,6.5227299,1.126,21.75,Lagos
249121.0,6.5379977238,3.35214915363,6.5,170.1,0.094,995.0,49722.0,26.0,6.0,1.0,2030.83544921875,256014.2437744141,12.452988361657672,822,0.7429711760423152,3.3508301,6.5445599,1.289,21.75,Lagos
249122.0,6.5379977238,3.35214915363,6.5,170.1,0.094,995.0,49722.0,26.0,6.0,1.0,2030.83544921875,192689.8553815569,12.168837208395804,822,0.7429711760423152,3.3508301,6.5445599,1.289,21.75,Lagos
249123.0,6.5379977238,3.35214915363,6.5,170.1,0.094,995.0,49722.0,26.0,6.0,1.0,2030.83544921875,362152.8072357178,12.799821521176248,822,0.7429711760423152,3.3508301,6.5445599,1.289,21.75,Lagos
249124.0,6.5379977238,3.35214915363,6.5,170.1,0.094,995.0,49722.0,26.0,6.0,1.0,2030.83544921875,615038.0288855234,13.32943938046313,822,0.7429711760423152,3.3508301,6.5445599,1.289,21.75,Lagos
249125.0,6.5379977238,3.35214915363,6.5,170.1,0.094,995.0,49722.0,26.0,6.0,1.0,2030.83544921875,291726.1449279785,12.583570781349025,822,0.7429711760423152,3.3508301,6.5445599,1.289,21.75,Lagos
249126.0,6.5379977238,3.35214915363,6.5,170.1,0.094,995.0,49722.0,26.0,6.0,1.0,2030.83544921875,351330.43927001953,12.769482482009549,822,0.7429711760423152,3.3508301,6.5445599,1.289,21.75,Lagos
249127.0,6.5379977238,3.35214915363,6.5,170.1,0.094,995.0,49722.0,26.0,6.0,1.0,2030.83544921875,329110.94242858887,12.704150183933791,822,0.7429711760423152,3.3508301,6.5445599,1.289,21.75,Lagos
249130.0,6.5379977238,3.35214915363,6.5,170.1,0.094,995.0,49722.0,26.0,6.0,1.0,2030.83544921875,444799.85092163086,13.00537968676025,822,0.7429711760423152,3.3508301,6.5445599,1.289,21.75,Lagos
249131.0,6.5379977238,3.35214915363,6.5,170.1,0.094,995.0,49722.0,26.0,6.0,1.0,2030.83544921875,487883.02655029297,13.097830956410698,822,0.7429711760423152,3.3508301,6.5445599,1.289,21.75,Lagos
249132.0,6.5379977238,3.35214915363,6.5,170.1,0.094,995.0,49722.0,26.0,6.0,1.0,2030.83544921875,601613.1701800029,13.30736994329969,822,0.7429711760423152,3.3508301,6.5445599,1.289,21.75,Lagos
249133.0,6.52980012862,3.35323405813,1.1,33.8,0.095,993.0,26719.0,23.0,6.0,1.0,734.5535888671875,410636.0980682373,12.925462695114808,37846,0.8289191899596098,3.3508301,6.5227299,1.897,21.75,Lagos
249134.0,6.52980012862,3.35323405813,1.1,33.8,0.095,993.0,26719.0,23.0,6.0,1.0,734.5535888671875,443597.4895172119,13.002672875103318,37846,0.8289191899596098,3.3508301,6.5227299,1.897,21.75,Lagos
249135.0,6.52980012862,3.35323405813,1.1,33.8,0.095,993.0,26719.0,23.0,6.0,1.0,734.5535888671875,344304.1114705404,12.749280590790432,37846,0.8289191899596098,3.3508301,6.5227299,1.897,21.75,Lagos
249136.0,6.52980012862,3.35323405813,1.1,33.8,0.095,993.0,26719.0,23.0,6.0,1.0,734.5535888671875,238292.7088187082,12.38125506597044,37846,0.8289191899596098,3.3508301,6.5227299,1.897,21.75,Lagos
249139.0,6.52980012862,3.35323405813,1.1,33.8,0.095,993.0,26719.0,23.0,6.0,1.0,734.5535888671875,1305729.7036132812,14.08227260232423,37846,0.8289191899596098,3.3508301,6.5227299,1.897,21.75,Lagos
249141.0,6.52980012862,3.35323405813,1.1,33.8,0.095,993.0,26719.0,23.0,6.0,1.0,734.5535888671875,287078.3437133789,12.567510432102043,37846,0.8289191899596098,3.3508301,6.5227299,1.897,21.75,Lagos
249142.0,6.52980012862,3.35323405813,1.1,33.8,0.095,993.0,26719.0,23.0,6.0,1.0,734.5535888671875,217048.26726277667,12.28787503757114,37846,0.8289191899596098,3.3508301,6.5227299,1.897,21.75,Lagos
249143.0,6.52980012862,3.35323405813,1.1,33.8,0.095,993.0,26719.0,23.0,6.0,1.0,734.5535888671875,782815.4032694498,13.570652191455904,37846,0.8289191899596098,3.3508301,6.5227299,1.897,21.75,Lagos
249144.0,6.52980012862,3.35323405813,1.1,33.8,0.095,993.0,26719.0,23.0,6.0,1.0,734.5535888671875,317110.38317871094,12.66700520416794,37846,0.8289191899596098,3.3508301,6.5227299,1.897,21.75,Lagos
249145.0,6.55638758401,3.35005375293,0.4,184.4,0.099,999.0,56965.0,25.0,6.0,1.0,1765.7373046875,308191.7530677796,12.638477443131748,18042,1.1134856785396328,3.3508301,6.5663889,0.969,21.75,Lagos
249147.0,6.55638758401,3.35005375293,0.4,184.4,0.099,999.0,56965.0,25.0,6.0,1.0,1765.7373046875,294296.1229457855,12.592341760318224,18042,1.1134856785396328,3.3508301,6.5663889,0.969,21.75,Lagos
249148.0,6.55638758401,3.35005375293,0.4,184.4,0.099,999.0,56965.0,25.0,6.0,1.0,1765.7373046875,331253.88821919763,12.7106403942339,18042,1.1134856785396328,3.3508301,6.5663889,0.969,21.75,Lagos
249149.0,6.55638758401,3.35005375293,0.4,184.4,0.099,999.0,56965.0,25.0,6.0,1.0,1765.7373046875,256317.85012207032,12.45417355535064,18042,1.1134856785396328,3.3508301,6.5663889,0.969,21.75,Lagos
249150.0,6.55638758401,3.35005375293,0.4,184.4,0.099,999.0,56965.0,25.0,6.0,1.0,1765.7373046875,250902.6152547201,12.43282015579449,18042,1.1134856785396328,3.3508301,6.5663889,0.969,21.75,Lagos
249151.0,6.55638758401,3.35005375293,0.4,184.4,0.099,999.0,56965.0,25.0,6.0,1.0,1765.7373046875,373912.3228759765,12.831776618100571,18042,1.1134856785396328,3.3508301,6.5663889,0.969,21.75,Lagos
249152.0,6.55638758401,3.35005375293,0.4,184.4,0.099,999.0,56965.0,25.0,6.0,1.0,1765.7373046875,216132.89262008667,12.283648741093057,18042,1.1134856785396328,3.3508301,6.5663889,0.969,21.75,Lagos
249154.0,6.55638758401,3.35005375293,0.4,184.4,0.099,999.0,56965.0,25.0,6.0,1.0,1765.7373046875,350330.8038406372,12.766633140919348,18042,1.1134856785396328,3.3508301,6.5663889,0.969,21.75,Lagos
249155.0,6.55638758401,3.35005375293,0.4,184.4,0.099,999.0,56965.0,25.0,6.0,1.0,1765.7373046875,462482.9812217713,13.044365037899246,18042,1.1134856785396328,3.3508301,6.5663889,0.969,21.75,Lagos
249156.0,6.55638758401,3.35005375293,0.4,184.4,0.099,999.0,56965.0,25.0,6.0,1.0,1765.7373046875,353237.6138839722,12.77489623661703,18042,1.1134856785396328,3.3508301,6.5663889,0.969,21.75,Lagos
249159.0,6.55106716848,3.32608083086,0.9,6.9,0.116,1002.0,30884.0,19.0,6.0,1.0,1159.973876953125,521905.49609375,13.165241808508704,33237,0.7853113053830847,3.3288574,6.5445599,0.981,21.75,Lagos
249161.0,6.55106716848,3.32608083086,0.9,6.9,0.116,1002.0,30884.0,19.0,6.0,1.0,1159.973876953125,907042.402994156,13.717944478824949,33237,0.7853113053830847,3.3288574,6.5445599,0.981,21.75,Lagos
249162.0,6.55106716848,3.32608083086,0.9,6.9,0.116,1002.0,30884.0,19.0,6.0,1.0,1159.973876953125,396568.2664260864,12.890603477812292,33237,0.7853113053830847,3.3288574,6.5445599,0.981,21.75,Lagos
249163.0,6.55106716848,3.32608083086,0.9,6.9,0.116,1002.0,30884.0,19.0,6.0,1.0,1159.973876953125,585119.8928146362,13.279572050197924,33237,0.7853113053830847,3.3288574,6.5445599,0.981,21.75,Lagos
249164.0,6.55106716848,3.32608083086,0.9,6.9,0.116,1002.0,30884.0,19.0,6.0,1.0,1159.973876953125,759569.2627614338,13.540506792069197,33237,0.7853113053830847,3.3288574,6.5445599,0.981,21.75,Lagos
249167.0,6.55106716848,3.32608083086,0.9,6.9,0.116,1002.0,30884.0,19.0,6.0,1.0,1159.973876953125,585586.3272399902,13.280368893064296,33237,0.7853113053830847,3.3288574,6.5445599,0.981,21.75,Lagos
249182.0,6.53401161695,3.29446083659,0.4,146.8,0.139,1006.0,17812.0,16.0,6.0,1.0,3287.25390625,213874.08579581123,12.273142736706394,65449,1.5793417871091315,3.2849121,6.5445599,1.136,21.75,Lagos
249183.0,6.53401161695,3.29446083659,0.4,146.8,0.139,1006.0,17812.0,16.0,6.0,1.0,3287.25390625,322920.9528801327,12.685162844328742,65449,1.5793417871091315,3.2849121,6.5445599,1.136,21.75,Lagos
249185.0,6.68281796342,3.2709441785,11.4,149.1,0.178,1065.0,22587.0,62.0,6.0,1.0,3287.25390625,505873.94954299927,13.13404280566106,48666,1.2024118530679742,3.2629395,6.6755194,1.179,21.75,Lagos
249186.0,6.53401161695,3.29446083659,0.4,146.8,0.139,1006.0,17812.0,16.0,6.0,1.0,3287.25390625,623574.5017471313,13.343223526534295,65449,1.5793417871091315,3.2849121,6.5445599,1.136,21.75,Lagos
249187.0,6.53401161695,3.29446083659,0.4,146.8,0.139,1006.0,17812.0,16.0,6.0,1.0,3287.25390625,367486.8317756653,12.8144427650901,65449,1.5793417871091315,3.2849121,6.5445599,1.136,21.75,Lagos
249188.0,6.53401161695,3.29446083659,0.4,146.8,0.139,1006.0,17812.0,16.0,6.0,1.0,3287.25390625,314749.9838180542,12.659533900494532,65449,1.5793417871091315,3.2849121,6.5445599,1.136,21.75,Lagos
249189.0,6.53401161695,3.29446083659,0.4,146.8,0.139,1006.0,17812.0,16.0,6.0,1.0,3287.25390625,554346.4003067017,13.225545041640498,65449,1.5793417871091315,3.2849121,6.5445599,1.136,21.75,Lagos
249190.0,6.53401161695,3.29446083659,0.4,146.8,0.139,1006.0,17812.0,16.0,6.0,1.0,3287.25390625,296898.49058532715,12.601145576822883,65449,1.5793417871091315,3.2849121,6.5445599,1.136,21.75,Lagos
249191.0,6.53401161695,3.29446083659,0.4,146.8,0.139,1006.0,17812.0,16.0,6.0,1.0,3287.25390625,459680.4095058441,13.038286765062535,65449,1.5793417871091315,3.2849121,6.5445599,1.136,21.75,Lagos
249192.0,6.53401161695,3.29446083659,0.4,146.8,0.139,1006.0,17812.0,16.0,6.0,1.0,3287.25390625,665744.9645568848,13.408661940083,65449,1.5793417871091315,3.2849121,6.5445599,1.136,21.75,Lagos
249194.0,6.54801271648,3.38809241358,7.0,120.2,0.104,990.0,29507.0,10.0,6.0,1.0,14733.5859375,233250.0319010417,12.359866255477176,10555,0.8349697800433719,3.3947754,6.5445599,1.495,21.75,Lagos
249195.0,6.54801271648,3.38809241358,7.0,120.2,0.104,990.0,29507.0,10.0,6.0,1.0,14733.5859375,282111.11712646484,12.550056304673236,10555,0.8349697800433719,3.3947754,6.5445599,1.495,21.75,Lagos
249196.0,6.54801271648,3.38809241358,7.0,120.2,0.104,990.0,29507.0,10.0,6.0,1.0,14733.5859375,1200020.824645996,13.997849468479316,10555,0.8349697800433719,3.3947754,6.5445599,1.495,21.75,Lagos
249197.0,6.54801271648,3.38809241358,7.0,120.2,0.104,990.0,29507.0,10.0,6.0,1.0,14733.5859375,1294710.1108398438,14.073797375423707,10555,0.8349697800433719,3.3947754,6.5445599,1.495,21.75,Lagos
249198.0,6.54801271648,3.38809241358,7.0,120.2,0.104,990.0,29507.0,10.0,6.0,1.0,14733.5859375,429817.5003566742,12.971115979803852,10555,0.8349697800433719,3.3947754,6.5445599,1.495,21.75,Lagos
249199.0,6.54801271648,3.38809241358,7.0,120.2,0.104,990.0,29507.0,10.0,6.0,1.0,14733.5859375,227487.11988525392,12.334848899881408,10555,0.8349697800433719,3.3947754,6.5445599,1.495,21.75,Lagos
249201.0,6.54801271648,3.38809241358,7.0,120.2,0.104,990.0,29507.0,10.0,6.0,1.0,14733.5859375,557857.9334964752,13.23185960947882,10555,0.8349697800433719,3.3947754,6.5445599,1.495,21.75,Lagos
249202.0,6.54801271648,3.38809241358,7.0,120.2,0.104,990.0,29507.0,10.0,6.0,1.0,14733.5859375,584660.259396553,13.278786204343268,10555,0.8349697800433719,3.3947754,6.5445599,1.495,21.75,Lagos
249204.0,6.54801271648,3.38809241358,7.0,120.2,0.104,990.0,29507.0,10.0,6.0,1.0,14733.5859375,299485.66270751954,12.609821824632265,10555,0.8349697800433719,3.3947754,6.5445599,1.495,21.75,Lagos
249205.0,6.50483076459,3.32554521347,5.1,42.5,0.115,996.0,23921.0,8.0,6.0,1.0,2882.86767578125,205767.80810546875,12.23450366694684,22261,0.5706452934432337,3.3288574,6.500899,1.27,21.75,Lagos
249208.0,6.50483076459,3.32554521347,5.1,42.5,0.115,996.0,23921.0,8.0,6.0,1.0,2882.86767578125,273938.8483093262,12.520660179108718,22261,0.5706452934432337,3.3288574,6.500899,1.27,21.75,Lagos
249210.0,6.50483076459,3.32554521347,5.1,42.5,0.115,996.0,23921.0,8.0,6.0,1.0,2882.86767578125,476707.0031738281,13.074657332030734,22261,0.5706452934432337,3.3288574,6.500899,1.27,21.75,Lagos
249211.0,6.50483076459,3.32554521347,5.1,42.5,0.115,996.0,23921.0,8.0,6.0,1.0,2882.86767578125,269770.36949157715,12.505326392749817,22261,0.5706452934432337,3.3288574,6.500899,1.27,21.75,Lagos
249213.0,6.50483076459,3.32554521347,5.1,42.5,0.115,996.0,23921.0,8.0,6.0,1.0,2882.86767578125,278742.13227653503,12.538042376341217,22261,0.5706452934432337,3.3288574,6.500899,1.27,21.75,Lagos
249214.0,6.50483076459,3.32554521347,5.1,42.5,0.115,996.0,23921.0,8.0,6.0,1.0,2882.86767578125,164416.600730896,12.010158734188163,22261,0.5706452934432337,3.3288574,6.500899,1.27,21.75,Lagos
249215.0,6.50483076459,3.32554521347,5.1,42.5,0.115,996.0,23921.0,8.0,6.0,1.0,2882.86767578125,474628.8329406738,13.070288373225852,22261,0.5706452934432337,3.3288574,6.500899,1.27,21.75,Lagos
249216.0,6.50483076459,3.32554521347,5.1,42.5,0.115,996.0,23921.0,8.0,6.0,1.0,2882.86767578125,219792.21601104745,12.300437906362092,22261,0.5706452934432337,3.3288574,6.500899,1.27,21.75,Lagos
249218.0,6.5123575738,3.33977383817,2.5,8.0,0.107,993.0,22601.0,8.0,6.0,1.0,3011.42138671875,236342.63177490231,12.37303786067684,6787,1.6714763649524758,3.3288574,6.5227299,1.299,21.75,Lagos
249219.0,6.5123575738,3.33977383817,2.5,8.0,0.107,993.0,22601.0,8.0,6.0,1.0,3011.42138671875,199415.94501749676,12.203148098295276,6787,1.6714763649524758,3.3288574,6.5227299,1.299,21.75,Lagos
249221.0,6.5123575738,3.33977383817,2.5,8.0,0.107,993.0,22601.0,8.0,6.0,1.0,3011.42138671875,257676.9831339518,12.459462076135985,6787,1.6714763649524758,3.3288574,6.5227299,1.299,21.75,Lagos
249222.0,6.5123575738,3.33977383817,2.5,8.0,0.107,993.0,22601.0,8.0,6.0,1.0,3011.42138671875,241244.92073567703,12.393567965034215,6787,1.6714763649524758,3.3288574,6.5227299,1.299,21.75,Lagos
249223.0,6.5123575738,3.33977383817,2.5,8.0,0.107,993.0,22601.0,8.0,6.0,1.0,3011.42138671875,158411.9444173177,11.972954162194508,6787,1.6714763649524758,3.3288574,6.5227299,1.299,21.75,Lagos
249224.0,6.5123575738,3.33977383817,2.5,8.0,0.107,993.0,22601.0,8.0,6.0,1.0,3011.42138671875,220246.44031524655,12.302502381648509,6787,1.6714763649524758,3.3288574,6.5227299,1.299,21.75,Lagos
249225.0,6.5123575738,3.33977383817,2.5,8.0,0.107,993.0,22601.0,8.0,6.0,1.0,3011.42138671875,391181.6462504069,12.87692729950437,6787,1.6714763649524758,3.3288574,6.5227299,1.299,21.75,Lagos
249226.0,6.5123575738,3.33977383817,2.5,8.0,0.107,993.0,22601.0,8.0,6.0,1.0,3011.42138671875,199751.6885986328,12.204830317152904,6787,1.6714763649524758,3.3288574,6.5227299,1.299,21.75,Lagos
249228.0,6.5123575738,3.33977383817,2.5,8.0,0.107,993.0,22601.0,8.0,6.0,1.0,3011.42138671875,203961.44402422223,12.225686255082362,6787,1.6714763649524758,3.3288574,6.5227299,1.299,21.75,Lagos
249232.0,6.4852531642,3.3238853068,16.0,24.2,0.109,990.0,38389.0,3.0,6.0,1.0,1643.233642578125,625287.344833374,13.34596657479849,51155,0.8809503225388731,3.3288574,6.4790672,0.937,21.75,Lagos
249233.0,6.4852531642,3.3238853068,16.0,24.2,0.109,990.0,38389.0,3.0,6.0,1.0,1643.233642578125,472308.2279052735,13.06538707666254,51155,0.8809503225388731,3.3288574,6.4790672,0.937,21.75,Lagos
249234.0,6.4852531642,3.3238853068,16.0,24.2,0.109,990.0,38389.0,3.0,6.0,1.0,1643.233642578125,654322.7351318359,13.391355987513574,51155,0.8809503225388731,3.3288574,6.4790672,0.937,21.75,Lagos
249235.0,6.4852531642,3.3238853068,16.0,24.2,0.109,990.0,38389.0,3.0,6.0,1.0,1643.233642578125,409361.5699564616,12.922354078620296,51155,0.8809503225388731,3.3288574,6.4790672,0.937,21.75,Lagos
249236.0,6.4852531642,3.3238853068,16.0,24.2,0.109,990.0,38389.0,3.0,6.0,1.0,1643.233642578125,357585.1099243164,12.787128682500468,51155,0.8809503225388731,3.3288574,6.4790672,0.937,21.75,Lagos
249237.0,6.4852531642,3.3238853068,16.0,24.2,0.109,990.0,38389.0,3.0,6.0,1.0,1643.233642578125,1443866.3028259275,14.18283500607768,51155,0.8809503225388731,3.3288574,6.4790672,0.937,21.75,Lagos
249238.0,6.4852531642,3.3238853068,16.0,24.2,0.109,990.0,38389.0,3.0,6.0,1.0,1643.233642578125,726736.1790898641,13.49631880082008,51155,0.8809503225388731,3.3288574,6.4790672,0.937,21.75,Lagos
249239.0,6.4852531642,3.3238853068,16.0,24.2,0.109,990.0,38389.0,3.0,6.0,1.0,1643.233642578125,299941.1178466797,12.611341460529705,51155,0.8809503225388731,3.3288574,6.4790672,0.937,21.75,Lagos
249240.0,6.4852531642,3.3238853068,16.0,24.2,0.109,990.0,38389.0,3.0,6.0,1.0,1643.233642578125,443462.8367797852,13.00236928191023,51155,0.8809503225388731,3.3288574,6.4790672,0.937,21.75,Lagos
249241.0,6.63460235807,3.30577802139,3.1,56.0,0.168,1030.0,40472.0,34.0,6.0,1.0,832.9465942382812,197281.51431274417,12.192386994325444,40318,0.32721838059849423,3.3068848,6.6318701,1.027,21.75,Lagos
249242.0,6.63460235807,3.30577802139,3.1,56.0,0.168,1030.0,40472.0,34.0,6.0,1.0,832.9465942382812,175637.97740681967,12.076180209048086,40318,0.32721838059849423,3.3068848,6.6318701,1.027,21.75,Lagos
249243.0,6.61099488747,3.31715827515,5.1,57.5,0.157,1015.0,10793.0,39.0,6.0,1.0,1775.416015625,307767.32366523746,12.637099333819792,31308,1.145229979219079,3.3068848,6.610044,1.439,21.75,Lagos
249244.0,6.61099488747,3.31715827515,5.1,57.5,0.157,1015.0,10793.0,39.0,6.0,1.0,1775.416015625,273588.47216796875,12.519380329953872,31308,1.145229979219079,3.3068848,6.610044,1.439,21.75,Lagos
249247.0,6.64363221207,3.2848288382,11.5,29.6,0.172,1039.0,21409.0,36.0,6.0,1.0,7768.29443359375,340084.61510849,12.736949733595996,96453,1.117029894269898,3.2849121,6.6536952,1.661,21.75,Lagos
249248.0,6.64363221207,3.2848288382,11.5,29.6,0.172,1039.0,21409.0,36.0,6.0,1.0,7768.29443359375,535357.2354329427,13.190689532827005,96453,1.117029894269898,3.2849121,6.6536952,1.661,21.75,Lagos
249250.0,6.43664197518,3.26295848526,4.4,55.3,0.126,976.0,2340.0,1.0,6.0,1.0,4806.33740234375,297341.4064890544,12.602636274394447,35423,0.1378087587673677,3.2629395,6.4354006,0.957,21.75,Lagos
249253.0,6.46923855108,3.3582520943,7.4,41.5,0.09,975.0,15308.0,3.0,6.0,1.0,2939.739501953125,665454.6053873699,13.408225703202108,59866,1.3670962016608057,3.3508301,6.4790672,1.377,21.75,Lagos
249256.0,6.45153694891,3.35940868024,0.6,24.8,0.084,969.0,11314.0,7.0,6.0,1.0,1301.5582275390625,334595.23653411865,12.72067683113382,51956,1.1431005482400916,3.3508301,6.4572344,1.245,21.75,Lagos
249257.0,6.64445153608,3.3241270774,0.2,39.4,0.18,1031.0,27388.0,48.0,6.0,1.0,1546.6546630859375,287111.3552716573,12.567625416952428,17214,1.152590961237912,3.3288574,6.6536952,1.275,21.75,Lagos
249258.0,6.64445153608,3.3241270774,0.2,39.4,0.18,1031.0,27388.0,48.0,6.0,1.0,1546.6546630859375,680184.1733894348,13.430118883700644,17214,1.152590961237912,3.3288574,6.6536952,1.275,21.75,Lagos
249264.0,6.52980012862,3.35323405813,1.1,33.8,0.095,993.0,26719.0,23.0,6.0,1.0,734.5535888671875,507499.96529134107,13.13725192150663,37846,0.8289191899596098,3.3508301,6.5227299,1.897,21.75,Lagos
249267.0,6.55106716848,3.32608083086,0.9,6.9,0.116,1002.0,30884.0,19.0,6.0,1.0,1159.973876953125,496568.69054985046,13.115477102444476,33237,0.7853113053830847,3.3288574,6.5445599,0.981,21.75,Lagos
249275.0,6.54009655343,3.25773510379,0.5,41.6,0.175,1010.0,21139.0,27.0,6.0,1.0,2882.86767578125,541694.9766235352,13.20245834824788,5842,0.7610359664183776,3.2629395,6.5445599,1.596,21.75,Lagos
249276.0,6.50483076459,3.32554521347,5.1,42.5,0.115,996.0,23921.0,8.0,6.0,1.0,2882.86767578125,458549.8186238607,13.035824220444235,22261,0.5706452934432337,3.3288574,6.500899,1.27,21.75,Lagos
249278.0,6.5123575738,3.33977383817,2.5,8.0,0.107,993.0,22601.0,8.0,6.0,1.0,3011.42138671875,144965.00373840332,11.884247638744007,6787,1.6714763649524758,3.3288574,6.5227299,1.299,21.75,Lagos
249279.0,6.4852531642,3.3238853068,16.0,24.2,0.109,990.0,38389.0,3.0,6.0,1.0,1643.233642578125,382292.568649292,12.85394148096377,51155,0.8809503225388731,3.3288574,6.4790672,0.937,21.75,Lagos
250011.0,9.29200984861,7.842891104209999,8.3,54.6,0.322,1517.0,95.0,410.0,1.0,2.0,9605.255859375,110938.6471470424,11.61673259907879,11747,1.2343640257759898,7.833252,9.2864645,0.179,25.76,Kaduna
250012.0,9.29200984861,7.842891104209999,8.3,54.6,0.322,1517.0,95.0,410.0,1.0,2.0,9605.255859375,116058.11164093018,11.661846307070531,11747,1.2343640257759898,7.833252,9.2864645,0.179,25.76,Kaduna
250013.0,9.29200984861,7.842891104209999,8.3,54.6,0.322,1517.0,95.0,410.0,1.0,2.0,9605.255859375,237760.5856262207,12.379019503606669,11747,1.2343640257759898,7.833252,9.2864645,0.179,25.76,Kaduna
250014.0,9.29200984861,7.842891104209999,8.3,54.6,0.322,1517.0,95.0,410.0,1.0,2.0,9605.255859375,195719.3811187744,12.18443718332354,11747,1.2343640257759898,7.833252,9.2864645,0.179,25.76,Kaduna
250015.0,9.29200984861,7.842891104209999,8.3,54.6,0.322,1517.0,95.0,410.0,1.0,2.0,9605.255859375,187344.7007664272,12.14070551861458,11747,1.2343640257759898,7.833252,9.2864645,0.179,25.76,Kaduna
250016.0,9.29200984861,7.842891104209999,8.3,54.6,0.322,1517.0,95.0,410.0,1.0,2.0,9605.255859375,154590.2977701823,11.948533656181564,11747,1.2343640257759898,7.833252,9.2864645,0.179,25.76,Kaduna
250017.0,9.29200984861,7.842891104209999,8.3,54.6,0.322,1517.0,95.0,410.0,1.0,2.0,9605.255859375,180955.560933431,12.106006760398264,11747,1.2343640257759898,7.833252,9.2864645,0.179,25.76,Kaduna
250018.0,9.29200984861,7.842891104209999,8.3,54.6,0.322,1517.0,95.0,410.0,1.0,2.0,9605.255859375,115010.7528555734,11.652780906066187,11747,1.2343640257759898,7.833252,9.2864645,0.179,25.76,Kaduna
250019.0,9.29200984861,7.842891104209999,8.3,54.6,0.322,1517.0,95.0,410.0,1.0,2.0,9605.255859375,132389.81649017334,11.793506004800168,11747,1.2343640257759898,7.833252,9.2864645,0.179,25.76,Kaduna
250020.0,9.29200984861,7.842891104209999,8.3,54.6,0.322,1517.0,95.0,410.0,1.0,2.0,9605.255859375,150186.13247535346,11.919630686988205,11747,1.2343640257759898,7.833252,9.2864645,0.179,25.76,Kaduna
259001.0,7.91926671352,8.30331629766,7.2,62.5,0.34,977.0,83.0,68.0,1.0,2.0,18538.5546875,53676.06735038757,10.890722507978008,8692,0.9727338031710304,8.2946777,7.9177932,-0.282,47.82,Nasarawa
259002.0,7.91926671352,8.30331629766,7.2,62.5,0.34,977.0,83.0,68.0,1.0,2.0,18538.5546875,155672.45482635498,11.955509430330336,8692,0.9727338031710304,8.2946777,7.9177932,-0.282,47.82,Nasarawa
259003.0,7.91926671352,8.30331629766,7.2,62.5,0.34,977.0,83.0,68.0,1.0,2.0,18538.5546875,157441.0606918335,11.966806449381233,8692,0.9727338031710304,8.2946777,7.9177932,-0.282,47.82,Nasarawa
259004.0,7.91926671352,8.30331629766,7.2,62.5,0.34,977.0,83.0,68.0,1.0,2.0,18538.5546875,168755.56011439732,12.036206557018032,8692,0.9727338031710304,8.2946777,7.9177932,-0.282,47.82,Nasarawa
259007.0,7.91926671352,8.30331629766,7.2,62.5,0.34,977.0,83.0,68.0,1.0,2.0,18538.5546875,195032.0128898621,12.180918992737642,8692,0.9727338031710304,8.2946777,7.9177932,-0.282,47.82,Nasarawa
259008.0,7.91926671352,8.30331629766,7.2,62.5,0.34,977.0,83.0,68.0,1.0,2.0,18538.5546875,93205.5557128906,11.442562609550372,8692,0.9727338031710304,8.2946777,7.9177932,-0.282,47.82,Nasarawa
259009.0,7.91926671352,8.30331629766,7.2,62.5,0.34,977.0,83.0,68.0,1.0,2.0,18538.5546875,189933.4358283149,12.154428952014309,8692,0.9727338031710304,8.2946777,7.9177932,-0.282,47.82,Nasarawa
259010.0,7.91926671352,8.30331629766,7.2,62.5,0.34,977.0,83.0,68.0,1.0,2.0,18538.5546875,281053.4154764811,12.546300020914575,8692,0.9727338031710304,8.2946777,7.9177932,-0.282,47.82,Nasarawa
259011.0,7.91926671352,8.30331629766,7.2,62.5,0.34,977.0,83.0,68.0,1.0,2.0,18538.5546875,568187.0109176636,13.25020588808754,8692,0.9727338031710304,8.2946777,7.9177932,-0.282,47.82,Nasarawa
259012.0,7.91926671352,8.30331629766,7.2,62.5,0.34,977.0,83.0,68.0,1.0,2.0,18538.5546875,200899.90124766028,12.21056205925318,8692,0.9727338031710304,8.2946777,7.9177932,-0.282,47.82,Nasarawa
260051.0,10.9169051641,5.842868409510001,0.7,9.4,0.314,1078.0,105.0,420.0,1.0,2.0,3146.21435546875,132136.0156326294,11.791587092508038,4131,1.352800331387035,5.8337402,10.90883,-0.267,52.42,Niger
260052.0,10.9169051641,5.842868409510001,0.7,9.4,0.314,1078.0,105.0,420.0,1.0,2.0,3146.21435546875,50267.479164123535,10.825113609499764,4131,1.352800331387035,5.8337402,10.90883,-0.267,52.42,Niger
260053.0,10.9169051641,5.842868409510001,0.7,9.4,0.314,1078.0,105.0,420.0,1.0,2.0,3146.21435546875,75919.1602706909,11.237424372509928,4131,1.352800331387035,5.8337402,10.90883,-0.267,52.42,Niger
260054.0,10.9169051641,5.842868409510001,0.7,9.4,0.314,1078.0,105.0,420.0,1.0,2.0,3146.21435546875,71471.63768465558,11.177055974246382,4131,1.352800331387035,5.8337402,10.90883,-0.267,52.42,Niger
260055.0,10.9169051641,5.842868409510001,0.7,9.4,0.314,1078.0,105.0,420.0,1.0,2.0,3146.21435546875,86150.45235595704,11.363850492736915,4131,1.352800331387035,5.8337402,10.90883,-0.267,52.42,Niger
260056.0,10.9169051641,5.842868409510001,0.7,9.4,0.314,1078.0,105.0,420.0,1.0,2.0,3146.21435546875,76468.90294189454,11.244639439680553,4131,1.352800331387035,5.8337402,10.90883,-0.267,52.42,Niger
260057.0,10.9169051641,5.842868409510001,0.7,9.4,0.314,1078.0,105.0,420.0,1.0,2.0,3146.21435546875,59358.72291148793,10.991354363315486,4131,1.352800331387035,5.8337402,10.90883,-0.267,52.42,Niger
260058.0,10.9169051641,5.842868409510001,0.7,9.4,0.314,1078.0,105.0,420.0,1.0,2.0,3146.21435546875,41859.713439941406,10.642079150299097,4131,1.352800331387035,5.8337402,10.90883,-0.267,52.42,Niger
260059.0,10.9169051641,5.842868409510001,0.7,9.4,0.314,1078.0,105.0,420.0,1.0,2.0,3146.21435546875,100857.27012634276,11.521461629295189,4131,1.352800331387035,5.8337402,10.90883,-0.267,52.42,Niger
260060.0,10.9169051641,5.842868409510001,0.7,9.4,0.314,1078.0,105.0,420.0,1.0,2.0,3146.21435546875,80373.12672424318,11.294435154571495,4131,1.352800331387035,5.8337402,10.90883,-0.267,52.42,Niger
260081.0,10.430776595499998,5.55735774683,0.3,12.6,0.321,1005.0,56.0,354.0,1.0,2.0,4315.88037109375,53082.28356933593,10.879598508796866,80144,2.305775684259007,5.5480957,10.412183,-0.491,52.42,Niger
260082.0,10.430776595499998,5.55735774683,0.3,12.6,0.321,1005.0,56.0,354.0,1.0,2.0,4315.88037109375,84208.69955444336,11.341053515017292,80144,2.305775684259007,5.5480957,10.412183,-0.491,52.42,Niger
260083.0,10.430776595499998,5.55735774683,0.3,12.6,0.321,1005.0,56.0,354.0,1.0,2.0,4315.88037109375,88790.84197271436,11.394038792724,80144,2.305775684259007,5.5480957,10.412183,-0.491,52.42,Niger
260084.0,10.430776595499998,5.55735774683,0.3,12.6,0.321,1005.0,56.0,354.0,1.0,2.0,4315.88037109375,99354.42402343752,11.506448776665824,80144,2.305775684259007,5.5480957,10.412183,-0.491,52.42,Niger
260085.0,10.430776595499998,5.55735774683,0.3,12.6,0.321,1005.0,56.0,354.0,1.0,2.0,4315.88037109375,142512.57020060223,11.86718548673445,80144,2.305775684259007,5.5480957,10.412183,-0.491,52.42,Niger
260086.0,10.430776595499998,5.55735774683,0.3,12.6,0.321,1005.0,56.0,354.0,1.0,2.0,4315.88037109375,154847.9576136271,11.950198995864106,80144,2.305775684259007,5.5480957,10.412183,-0.491,52.42,Niger
260087.0,10.430776595499998,5.55735774683,0.3,12.6,0.321,1005.0,56.0,354.0,1.0,2.0,4315.88037109375,85424.0740094866,11.355383237117737,80144,2.305775684259007,5.5480957,10.412183,-0.491,52.42,Niger
260088.0,10.430776595499998,5.55735774683,0.3,12.6,0.321,1005.0,56.0,354.0,1.0,2.0,4315.88037109375,352354.2202758789,12.772392256194092,80144,2.305775684259007,5.5480957,10.412183,-0.491,52.42,Niger
260089.0,10.430776595499998,5.55735774683,0.3,12.6,0.321,1005.0,56.0,354.0,1.0,2.0,4315.88037109375,134332.4776550293,11.808073182426746,80144,2.305775684259007,5.5480957,10.412183,-0.491,52.42,Niger
260090.0,10.430776595499998,5.55735774683,0.3,12.6,0.321,1005.0,56.0,354.0,1.0,2.0,4315.88037109375,82327.92562866211,11.3184656441614,80144,2.305775684259007,5.5480957,10.412183,-0.491,52.42,Niger
260111.0,9.092377696780002,6.015588173010001,0.3,5.4,0.292,1037.0,10667.0,125.0,1.0,1.0,3132.15087890625,170250.6951160431,12.04502730691704,24714,0.6849683334320344,6.0095215,9.0912484,1.011,52.42,Niger
260112.0,9.092377696780002,6.015588173010001,0.3,5.4,0.292,1037.0,10667.0,125.0,1.0,1.0,3132.15087890625,243505.5059175037,12.40289483282,24714,0.6849683334320344,6.0095215,9.0912484,1.011,52.42,Niger
260113.0,9.092377696780002,6.015588173010001,0.3,5.4,0.292,1037.0,10667.0,125.0,1.0,1.0,3132.15087890625,164808.56731987,12.012539881270534,24714,0.6849683334320344,6.0095215,9.0912484,1.011,52.42,Niger
260114.0,9.092377696780002,6.015588173010001,0.3,5.4,0.292,1037.0,10667.0,125.0,1.0,1.0,3132.15087890625,342631.5101028443,12.744410834089573,24714,0.6849683334320344,6.0095215,9.0912484,1.011,52.42,Niger
260115.0,9.092377696780002,6.015588173010001,0.3,5.4,0.292,1037.0,10667.0,125.0,1.0,1.0,3132.15087890625,81661.36704508464,11.310336305427596,24714,0.6849683334320344,6.0095215,9.0912484,1.011,52.42,Niger
260116.0,9.092377696780002,6.015588173010001,0.3,5.4,0.292,1037.0,10667.0,125.0,1.0,1.0,3132.15087890625,111236.72807312012,11.619415894692745,24714,0.6849683334320344,6.0095215,9.0912484,1.011,52.42,Niger
260117.0,9.092377696780002,6.015588173010001,0.3,5.4,0.292,1037.0,10667.0,125.0,1.0,1.0,3132.15087890625,107736.873046875,11.587447172673146,24714,0.6849683334320344,6.0095215,9.0912484,1.011,52.42,Niger
260118.0,9.092377696780002,6.015588173010001,0.3,5.4,0.292,1037.0,10667.0,125.0,1.0,1.0,3132.15087890625,154913.72532145184,11.950623630106726,24714,0.6849683334320344,6.0095215,9.0912484,1.011,52.42,Niger
260119.0,9.092377696780002,6.015588173010001,0.3,5.4,0.292,1037.0,10667.0,125.0,1.0,1.0,3132.15087890625,126202.82540893556,11.745645617182022,24714,0.6849683334320344,6.0095215,9.0912484,1.011,52.42,Niger
260120.0,9.092377696780002,6.015588173010001,0.3,5.4,0.292,1037.0,10667.0,125.0,1.0,1.0,3132.15087890625,161707.2155456543,11.993542667610154,24714,0.6849683334320344,6.0095215,9.0912484,1.011,52.42,Niger
260151.0,9.22770474161,5.69804736716,18.6,116.6,0.319,977.0,103.0,137.0,1.0,2.0,8737.9453125,86210.88401963977,11.364551713410064,100929,0.8199660629461385,5.7019043,9.2214045,-0.21,52.42,Niger
260152.0,9.22770474161,5.69804736716,18.6,116.6,0.319,977.0,103.0,137.0,1.0,2.0,8737.9453125,81373.85202026367,11.306809272133496,100929,0.8199660629461385,5.7019043,9.2214045,-0.21,52.42,Niger
260153.0,9.22770474161,5.69804736716,18.6,116.6,0.319,977.0,103.0,137.0,1.0,2.0,8737.9453125,53488.51896158855,10.887222311005658,100929,0.8199660629461385,5.7019043,9.2214045,-0.21,52.42,Niger
260154.0,9.22770474161,5.69804736716,18.6,116.6,0.319,977.0,103.0,137.0,1.0,2.0,8737.9453125,57463.90696207681,10.958912324688814,100929,0.8199660629461385,5.7019043,9.2214045,-0.21,52.42,Niger
260155.0,9.22770474161,5.69804736716,18.6,116.6,0.319,977.0,103.0,137.0,1.0,2.0,8737.9453125,120110.13949973366,11.696164429980994,100929,0.8199660629461385,5.7019043,9.2214045,-0.21,52.42,Niger
260156.0,9.22770474161,5.69804736716,18.6,116.6,0.319,977.0,103.0,137.0,1.0,2.0,8737.9453125,112425.41921488444,11.630045340472378,100929,0.8199660629461385,5.7019043,9.2214045,-0.21,52.42,Niger
260157.0,9.22770474161,5.69804736716,18.6,116.6,0.319,977.0,103.0,137.0,1.0,2.0,8737.9453125,146723.3290608724,11.896303977124322,100929,0.8199660629461385,5.7019043,9.2214045,-0.21,52.42,Niger
260158.0,9.22770474161,5.69804736716,18.6,116.6,0.319,977.0,103.0,137.0,1.0,2.0,8737.9453125,89217.79569244385,11.398835801948486,100929,0.8199660629461385,5.7019043,9.2214045,-0.21,52.42,Niger
260159.0,9.22770474161,5.69804736716,18.6,116.6,0.319,977.0,103.0,137.0,1.0,2.0,8737.9453125,145670.41008794875,11.889101883623686,100929,0.8199660629461385,5.7019043,9.2214045,-0.21,52.42,Niger
260160.0,9.22770474161,5.69804736716,18.6,116.6,0.319,977.0,103.0,137.0,1.0,2.0,8737.9453125,217305.7070905413,12.28906042954686,100929,0.8199660629461385,5.7019043,9.2214045,-0.21,52.42,Niger
260161.0,9.73166283937,5.797165013380001,29.3,67.0,0.366,1016.0,55.0,140.0,1.0,2.0,4823.8369140625,104328.14917755128,11.555296491225594,9890,1.3681412502731374,5.7897949,9.7415422,-0.496,52.42,Niger
260162.0,9.73166283937,5.797165013380001,29.3,67.0,0.366,1016.0,55.0,140.0,1.0,2.0,4823.8369140625,48175.60274396624,10.782608004755232,9890,1.3681412502731374,5.7897949,9.7415422,-0.496,52.42,Niger
260163.0,9.73166283937,5.797165013380001,29.3,67.0,0.366,1016.0,55.0,140.0,1.0,2.0,4823.8369140625,61978.95517578126,11.03455017375824,9890,1.3681412502731374,5.7897949,9.7415422,-0.496,52.42,Niger
260164.0,9.73166283937,5.797165013380001,29.3,67.0,0.366,1016.0,55.0,140.0,1.0,2.0,4823.8369140625,129220.50751546225,11.76927558463472,9890,1.3681412502731374,5.7897949,9.7415422,-0.496,52.42,Niger
260165.0,9.73166283937,5.797165013380001,29.3,67.0,0.366,1016.0,55.0,140.0,1.0,2.0,4823.8369140625,69879.33771972657,11.154525286809358,9890,1.3681412502731374,5.7897949,9.7415422,-0.496,52.42,Niger
260166.0,9.73166283937,5.797165013380001,29.3,67.0,0.366,1016.0,55.0,140.0,1.0,2.0,4823.8369140625,75977.49870300293,11.238192505733853,9890,1.3681412502731374,5.7897949,9.7415422,-0.496,52.42,Niger
260167.0,9.73166283937,5.797165013380001,29.3,67.0,0.366,1016.0,55.0,140.0,1.0,2.0,4823.8369140625,91875.22837999131,11.428186722280662,9890,1.3681412502731374,5.7897949,9.7415422,-0.496,52.42,Niger
260168.0,9.73166283937,5.797165013380001,29.3,67.0,0.366,1016.0,55.0,140.0,1.0,2.0,4823.8369140625,123606.9942138672,11.72486240989555,9890,1.3681412502731374,5.7897949,9.7415422,-0.496,52.42,Niger
260169.0,9.73166283937,5.797165013380001,29.3,67.0,0.366,1016.0,55.0,140.0,1.0,2.0,4823.8369140625,84119.44700431824,11.339993055904374,9890,1.3681412502731374,5.7897949,9.7415422,-0.496,52.42,Niger
260170.0,9.73166283937,5.797165013380001,29.3,67.0,0.366,1016.0,55.0,140.0,1.0,2.0,4823.8369140625,50442.52860107422,10.828589919692176,9890,1.3681412502731374,5.7897949,9.7415422,-0.496,52.42,Niger
269001.0,9.09358682475,5.99533265113,4.6,152.9,0.289,1032.0,8475.0,163.0,1.0,1.0,13573.0732421875,238964.7996826172,12.38407153840395,93996,0.9021546337884029,5.9875488,9.0912484,1.056,52.42,Niger
269002.0,9.09358682475,5.99533265113,4.6,152.9,0.289,1032.0,8475.0,163.0,1.0,1.0,13573.0732421875,102144.01118164064,11.534138970838802,93996,0.9021546337884029,5.9875488,9.0912484,1.056,52.42,Niger
269004.0,9.09358682475,5.99533265113,4.6,152.9,0.289,1032.0,8475.0,163.0,1.0,1.0,13573.0732421875,253568.3893025716,12.443388845915496,93996,0.9021546337884029,5.9875488,9.0912484,1.056,52.42,Niger
269005.0,9.09358682475,5.99533265113,4.6,152.9,0.289,1032.0,8475.0,163.0,1.0,1.0,13573.0732421875,281240.0965270996,12.546964019532709,93996,0.9021546337884029,5.9875488,9.0912484,1.056,52.42,Niger
269006.0,9.09358682475,5.99533265113,4.6,152.9,0.289,1032.0,8475.0,163.0,1.0,1.0,13573.0732421875,92241.5883682251,11.432166374745082,93996,0.9021546337884029,5.9875488,9.0912484,1.056,52.42,Niger
269007.0,9.09358682475,5.99533265113,4.6,152.9,0.289,1032.0,8475.0,163.0,1.0,1.0,13573.0732421875,66516.30497741699,11.105202384220702,93996,0.9021546337884029,5.9875488,9.0912484,1.056,52.42,Niger
269009.0,9.09358682475,5.99533265113,4.6,152.9,0.289,1032.0,8475.0,163.0,1.0,1.0,13573.0732421875,159640.4313092913,11.980679260921056,93996,0.9021546337884029,5.9875488,9.0912484,1.056,52.42,Niger
269010.0,9.09358682475,5.99533265113,4.6,152.9,0.289,1032.0,8475.0,163.0,1.0,1.0,13573.0732421875,215948.68868408204,12.282796106057756,93996,0.9021546337884029,5.9875488,9.0912484,1.056,52.42,Niger
269011.0,9.09358682475,5.99533265113,4.6,152.9,0.289,1032.0,8475.0,163.0,1.0,1.0,13573.0732421875,102795.88426208496,11.540500594840683,93996,0.9021546337884029,5.9875488,9.0912484,1.056,52.42,Niger
269012.0,9.09358682475,5.99533265113,4.6,152.9,0.289,1032.0,8475.0,163.0,1.0,1.0,13573.0732421875,68926.42565917969,11.140794919888162,93996,0.9021546337884029,5.9875488,9.0912484,1.056,52.42,Niger
269013.0,10.2928655124,4.27314266999,3.8,139.3,0.324,859.0,48.0,246.0,1.0,2.0,12513.087890625,79028.99188959031,11.27757005007047,987,1.1531125263018183,4.2736816,10.2824911,0.187,52.42,Niger
269014.0,10.2928655124,4.27314266999,3.8,139.3,0.324,859.0,48.0,246.0,1.0,2.0,12513.087890625,76484.1260172526,11.244838495240442,987,1.1531125263018183,4.2736816,10.2824911,0.187,52.42,Niger
269015.0,10.2928655124,4.27314266999,3.8,139.3,0.324,859.0,48.0,246.0,1.0,2.0,12513.087890625,73998.10952758789,11.21179482493549,987,1.1531125263018183,4.2736816,10.2824911,0.187,52.42,Niger
269017.0,10.2928655124,4.27314266999,3.8,139.3,0.324,859.0,48.0,246.0,1.0,2.0,12513.087890625,114245.32128651936,11.6461033563776,987,1.1531125263018183,4.2736816,10.2824911,0.187,52.42,Niger
269018.0,10.2928655124,4.27314266999,3.8,139.3,0.324,859.0,48.0,246.0,1.0,2.0,12513.087890625,78745.77143859863,11.2739798592284,987,1.1531125263018183,4.2736816,10.2824911,0.187,52.42,Niger
269019.0,10.2928655124,4.27314266999,3.8,139.3,0.324,859.0,48.0,246.0,1.0,2.0,12513.087890625,61414.259286499015,11.02539732310911,987,1.1531125263018183,4.2736816,10.2824911,0.187,52.42,Niger
269020.0,10.2928655124,4.27314266999,3.8,139.3,0.324,859.0,48.0,246.0,1.0,2.0,12513.087890625,106788.89931106567,11.57860926107123,987,1.1531125263018183,4.2736816,10.2824911,0.187,52.42,Niger
269021.0,10.2928655124,4.27314266999,3.8,139.3,0.324,859.0,48.0,246.0,1.0,2.0,12513.087890625,73855.15497779846,11.209861088878814,987,1.1531125263018183,4.2736816,10.2824911,0.187,52.42,Niger
269023.0,10.2928655124,4.27314266999,3.8,139.3,0.324,859.0,48.0,246.0,1.0,2.0,12513.087890625,88218.19703504773,11.387568536304858,987,1.1531125263018183,4.2736816,10.2824911,0.187,52.42,Niger
269024.0,10.2928655124,4.27314266999,3.8,139.3,0.324,859.0,48.0,246.0,1.0,2.0,12513.087890625,67905.96723651886,11.125879192402836,987,1.1531125263018183,4.2736816,10.2824911,0.187,52.42,Niger
269025.0,9.18562560808,5.83677174602,0.5,82.8,0.303,1005.0,144.0,68.0,1.0,2.0,9122.34375,100589.57732645673,11.518803926175591,34019,2.265449029042836,5.8557129,9.1780244,-0.064,52.42,Niger
269026.0,9.18562560808,5.83677174602,0.5,82.8,0.303,1005.0,144.0,68.0,1.0,2.0,9122.34375,56405.09236363003,10.940314723545525,34019,2.265449029042836,5.8557129,9.1780244,-0.064,52.42,Niger
269027.0,9.18562560808,5.83677174602,0.5,82.8,0.303,1005.0,144.0,68.0,1.0,2.0,9122.34375,131187.64489746094,11.78438398106899,34019,2.265449029042836,5.8557129,9.1780244,-0.064,52.42,Niger
269028.0,9.18562560808,5.83677174602,0.5,82.8,0.303,1005.0,144.0,68.0,1.0,2.0,9122.34375,155338.1497395833,11.953359630866158,34019,2.265449029042836,5.8557129,9.1780244,-0.064,52.42,Niger
269030.0,9.18562560808,5.83677174602,0.5,82.8,0.303,1005.0,144.0,68.0,1.0,2.0,9122.34375,163455.2385787964,12.004294461677286,34019,2.265449029042836,5.8557129,9.1780244,-0.064,52.42,Niger
269031.0,9.18562560808,5.83677174602,0.5,82.8,0.303,1005.0,144.0,68.0,1.0,2.0,9122.34375,62438.893833705355,11.041943658804689,34019,2.265449029042836,5.8557129,9.1780244,-0.064,52.42,Niger
269033.0,9.18562560808,5.83677174602,0.5,82.8,0.303,1005.0,144.0,68.0,1.0,2.0,9122.34375,141748.31465657553,11.86180833197135,34019,2.265449029042836,5.8557129,9.1780244,-0.064,52.42,Niger
269034.0,9.18562560808,5.83677174602,0.5,82.8,0.303,1005.0,144.0,68.0,1.0,2.0,9122.34375,120882.6987915039,11.7025759229011,34019,2.265449029042836,5.8557129,9.1780244,-0.064,52.42,Niger
269035.0,9.18562560808,5.83677174602,0.5,82.8,0.303,1005.0,144.0,68.0,1.0,2.0,9122.34375,142289.27224779883,11.865617392956404,34019,2.265449029042836,5.8557129,9.1780244,-0.064,52.42,Niger
269036.0,9.18562560808,5.83677174602,0.5,82.8,0.303,1005.0,144.0,68.0,1.0,2.0,9122.34375,110551.06276550292,11.61323279967677,34019,2.265449029042836,5.8557129,9.1780244,-0.064,52.42,Niger
269037.0,9.23933255429,6.89628627118,1.9,66.0,0.357,1310.0,142.0,257.0,1.0,2.0,2953.36669921875,243498.82579040527,12.40286739927716,51329,0.9670026233711156,6.8884277,9.2430925,-0.292,52.42,Niger
269038.0,9.23933255429,6.89628627118,1.9,66.0,0.357,1310.0,142.0,257.0,1.0,2.0,2953.36669921875,117121.53878173829,11.670967467614108,51329,0.9670026233711156,6.8884277,9.2430925,-0.292,52.42,Niger
269039.0,9.23933255429,6.89628627118,1.9,66.0,0.357,1310.0,142.0,257.0,1.0,2.0,2953.36669921875,201884.5641072591,12.21545134821954,51329,0.9670026233711156,6.8884277,9.2430925,-0.292,52.42,Niger
269040.0,9.23933255429,6.89628627118,1.9,66.0,0.357,1310.0,142.0,257.0,1.0,2.0,2953.36669921875,107896.38165283202,11.588926616419176,51329,0.9670026233711156,6.8884277,9.2430925,-0.292,52.42,Niger
269041.0,9.23933255429,6.89628627118,1.9,66.0,0.357,1310.0,142.0,257.0,1.0,2.0,2953.36669921875,164928.61536661783,12.013268025127855,51329,0.9670026233711156,6.8884277,9.2430925,-0.292,52.42,Niger
269042.0,9.23933255429,6.89628627118,1.9,66.0,0.357,1310.0,142.0,257.0,1.0,2.0,2953.36669921875,96391.35779571532,11.476171827157849,51329,0.9670026233711156,6.8884277,9.2430925,-0.292,52.42,Niger
269043.0,9.23933255429,6.89628627118,1.9,66.0,0.357,1310.0,142.0,257.0,1.0,2.0,2953.36669921875,148016.81679861888,11.905081173308886,51329,0.9670026233711156,6.8884277,9.2430925,-0.292,52.42,Niger
269044.0,9.23933255429,6.89628627118,1.9,66.0,0.357,1310.0,142.0,257.0,1.0,2.0,2953.36669921875,104019.83386230467,11.552336870155097,51329,0.9670026233711156,6.8884277,9.2430925,-0.292,52.42,Niger
269046.0,9.23933255429,6.89628627118,1.9,66.0,0.357,1310.0,142.0,257.0,1.0,2.0,2953.36669921875,246163.2227783203,12.413750102119842,51329,0.9670026233711156,6.8884277,9.2430925,-0.292,52.42,Niger
269047.0,9.23933255429,6.89628627118,1.9,66.0,0.357,1310.0,142.0,257.0,1.0,2.0,2953.36669921875,120243.7313232422,11.697276056241124,51329,0.9670026233711156,6.8884277,9.2430925,-0.292,52.42,Niger
269049.0,10.2286841901,5.81761055749,0.6,71.5,0.332,1021.0,55.0,248.0,1.0,2.0,5202.4619140625,88909.97177559989,11.395379583666028,75606,1.3400550969627472,5.8117676,10.2392486,-0.129,52.42,Niger
269050.0,10.2286841901,5.81761055749,0.6,71.5,0.332,1021.0,55.0,248.0,1.0,2.0,5202.4619140625,75589.50974382673,11.233072792537271,75606,1.3400550969627472,5.8117676,10.2392486,-0.129,52.42,Niger
269051.0,10.2286841901,5.81761055749,0.6,71.5,0.332,1021.0,55.0,248.0,1.0,2.0,5202.4619140625,145235.502726237,11.88611186061921,75606,1.3400550969627472,5.8117676,10.2392486,-0.129,52.42,Niger
269052.0,10.2286841901,5.81761055749,0.6,71.5,0.332,1021.0,55.0,248.0,1.0,2.0,5202.4619140625,181782.6425984701,12.110566980911525,75606,1.3400550969627472,5.8117676,10.2392486,-0.129,52.42,Niger
269053.0,10.2286841901,5.81761055749,0.6,71.5,0.332,1021.0,55.0,248.0,1.0,2.0,5202.4619140625,93790.3537343343,11.448817291052906,75606,1.3400550969627472,5.8117676,10.2392486,-0.129,52.42,Niger
269054.0,10.2286841901,5.81761055749,0.6,71.5,0.332,1021.0,55.0,248.0,1.0,2.0,5202.4619140625,198613.14564990997,12.199114219993326,75606,1.3400550969627472,5.8117676,10.2392486,-0.129,52.42,Niger
269055.0,10.2286841901,5.81761055749,0.6,71.5,0.332,1021.0,55.0,248.0,1.0,2.0,5202.4619140625,89669.48530651275,11.403885804066933,75606,1.3400550969627472,5.8117676,10.2392486,-0.129,52.42,Niger
269056.0,10.2286841901,5.81761055749,0.6,71.5,0.332,1021.0,55.0,248.0,1.0,2.0,5202.4619140625,131608.42199401857,11.787586292740674,75606,1.3400550969627472,5.8117676,10.2392486,-0.129,52.42,Niger
269059.0,10.2286841901,5.81761055749,0.6,71.5,0.332,1021.0,55.0,248.0,1.0,2.0,5202.4619140625,64626.88593292236,11.076385794099387,75606,1.3400550969627472,5.8117676,10.2392486,-0.129,52.42,Niger
269060.0,10.2286841901,5.81761055749,0.6,71.5,0.332,1021.0,55.0,248.0,1.0,2.0,5202.4619140625,187772.43922424316,12.14298607899214,75606,1.3400550969627472,5.8117676,10.2392486,-0.129,52.42,Niger
269061.0,9.54085146623,5.12575062644,18.2,83.6,0.354,923.0,22.0,142.0,1.0,2.0,9179.5048828125,115593.89180374146,11.657838394756402,68378,0.834472338280622,5.1306152,9.5465832,-0.672,52.42,Niger
269062.0,9.54085146623,5.12575062644,18.2,83.6,0.354,923.0,22.0,142.0,1.0,2.0,9179.5048828125,51043.137732611765,10.840426392081527,68378,0.834472338280622,5.1306152,9.5465832,-0.672,52.42,Niger
269063.0,9.54085146623,5.12575062644,18.2,83.6,0.354,923.0,22.0,142.0,1.0,2.0,9179.5048828125,71722.45625305176,11.18055917494428,68378,0.834472338280622,5.1306152,9.5465832,-0.672,52.42,Niger
269064.0,9.54085146623,5.12575062644,18.2,83.6,0.354,923.0,22.0,142.0,1.0,2.0,9179.5048828125,71073.87762756347,11.171475145013066,68378,0.834472338280622,5.1306152,9.5465832,-0.672,52.42,Niger
269066.0,9.54085146623,5.12575062644,18.2,83.6,0.354,923.0,22.0,142.0,1.0,2.0,9179.5048828125,84501.11421712239,11.34451999925978,68378,0.834472338280622,5.1306152,9.5465832,-0.672,52.42,Niger
269067.0,9.54085146623,5.12575062644,18.2,83.6,0.354,923.0,22.0,142.0,1.0,2.0,9179.5048828125,78623.22399030412,11.272422405389008,68378,0.834472338280622,5.1306152,9.5465832,-0.672,52.42,Niger
269068.0,9.54085146623,5.12575062644,18.2,83.6,0.354,923.0,22.0,142.0,1.0,2.0,9179.5048828125,68578.46852620444,11.135733894566114,68378,0.834472338280622,5.1306152,9.5465832,-0.672,52.42,Niger
269069.0,9.54085146623,5.12575062644,18.2,83.6,0.354,923.0,22.0,142.0,1.0,2.0,9179.5048828125,78258.90964355468,11.267777963180183,68378,0.834472338280622,5.1306152,9.5465832,-0.672,52.42,Niger
269070.0,9.54085146623,5.12575062644,18.2,83.6,0.354,923.0,22.0,142.0,1.0,2.0,9179.5048828125,63684.41499023438,11.061695148991786,68378,0.834472338280622,5.1306152,9.5465832,-0.672,52.42,Niger
269071.0,9.54085146623,5.12575062644,18.2,83.6,0.354,923.0,22.0,142.0,1.0,2.0,9179.5048828125,60952.88071289062,11.017856397334626,68378,0.834472338280622,5.1306152,9.5465832,-0.672,52.42,Niger
269073.0,9.33329835683,7.2551300304,0.3,84.3,0.301,1470.0,1679.0,520.0,1.0,2.0,2394.438720703125,120447.41360473631,11.698968535041502,22163,0.850504016123354,7.2619629,9.3298312,0.355,52.42,Niger
269074.0,9.33329835683,7.2551300304,0.3,84.3,0.301,1470.0,1679.0,520.0,1.0,2.0,2394.438720703125,163295.54766464233,12.003317013826562,22163,0.850504016123354,7.2619629,9.3298312,0.355,52.42,Niger
269075.0,9.33329835683,7.2551300304,0.3,84.3,0.301,1470.0,1679.0,520.0,1.0,2.0,2394.438720703125,145007.46610412595,11.88454051045041,22163,0.850504016123354,7.2619629,9.3298312,0.355,52.42,Niger
269076.0,9.33329835683,7.2551300304,0.3,84.3,0.301,1470.0,1679.0,520.0,1.0,2.0,2394.438720703125,87864.05083356585,11.383546022016292,22163,0.850504016123354,7.2619629,9.3298312,0.355,52.42,Niger
269077.0,9.33329835683,7.2551300304,0.3,84.3,0.301,1470.0,1679.0,520.0,1.0,2.0,2394.438720703125,209527.40731811523,12.252609832308648,22163,0.850504016123354,7.2619629,9.3298312,0.355,52.42,Niger
269079.0,9.33329835683,7.2551300304,0.3,84.3,0.301,1470.0,1679.0,520.0,1.0,2.0,2394.438720703125,211667.5946706136,12.262772373467724,22163,0.850504016123354,7.2619629,9.3298312,0.355,52.42,Niger
269081.0,9.33329835683,7.2551300304,0.3,84.3,0.301,1470.0,1679.0,520.0,1.0,2.0,2394.438720703125,124404.1131693522,11.73129052280293,22163,0.850504016123354,7.2619629,9.3298312,0.355,52.42,Niger
269082.0,9.33329835683,7.2551300304,0.3,84.3,0.301,1470.0,1679.0,520.0,1.0,2.0,2394.438720703125,532241.110168457,13.184851880255426,22163,0.850504016123354,7.2619629,9.3298312,0.355,52.42,Niger
269083.0,9.33329835683,7.2551300304,0.3,84.3,0.301,1470.0,1679.0,520.0,1.0,2.0,2394.438720703125,194861.45227661132,12.180044083874742,22163,0.850504016123354,7.2619629,9.3298312,0.355,52.42,Niger
269084.0,9.33329835683,7.2551300304,0.3,84.3,0.301,1470.0,1679.0,520.0,1.0,2.0,2394.438720703125,192683.63044230145,12.168804902388851,22163,0.850504016123354,7.2619629,9.3298312,0.355,52.42,Niger
269085.0,10.2938002169,6.23995021089,0.2,141.0,0.332,1164.0,164.0,290.0,1.0,2.0,1212.42041015625,118993.24799601236,11.68682203095461,3463,1.6495026047371137,6.229248,10.3041101,-0.371,52.42,Niger
269086.0,10.2938002169,6.23995021089,0.2,141.0,0.332,1164.0,164.0,290.0,1.0,2.0,1212.42041015625,153814.6482381185,11.943503573638845,3463,1.6495026047371137,6.229248,10.3041101,-0.371,52.42,Niger
269087.0,10.2938002169,6.23995021089,0.2,141.0,0.332,1164.0,164.0,290.0,1.0,2.0,1212.42041015625,131079.710647583,11.7835608953613,3463,1.6495026047371137,6.229248,10.3041101,-0.371,52.42,Niger
269088.0,10.2938002169,6.23995021089,0.2,141.0,0.332,1164.0,164.0,290.0,1.0,2.0,1212.42041015625,122024.06467437744,11.711973555693213,3463,1.6495026047371137,6.229248,10.3041101,-0.371,52.42,Niger
269089.0,10.2938002169,6.23995021089,0.2,141.0,0.332,1164.0,164.0,290.0,1.0,2.0,1212.42041015625,82838.82725219727,11.324652158627533,3463,1.6495026047371137,6.229248,10.3041101,-0.371,52.42,Niger
269090.0,10.2938002169,6.23995021089,0.2,141.0,0.332,1164.0,164.0,290.0,1.0,2.0,1212.42041015625,116280.33471107484,11.663759233160883,3463,1.6495026047371137,6.229248,10.3041101,-0.371,52.42,Niger
269092.0,10.2938002169,6.23995021089,0.2,141.0,0.332,1164.0,164.0,290.0,1.0,2.0,1212.42041015625,95396.08174641928,11.465792784752438,3463,1.6495026047371137,6.229248,10.3041101,-0.371,52.42,Niger
269093.0,10.2938002169,6.23995021089,0.2,141.0,0.332,1164.0,164.0,290.0,1.0,2.0,1212.42041015625,138340.8501586914,11.837475847565008,3463,1.6495026047371137,6.229248,10.3041101,-0.371,52.42,Niger
269094.0,10.2938002169,6.23995021089,0.2,141.0,0.332,1164.0,164.0,290.0,1.0,2.0,1212.42041015625,190975.75976562503,12.15990178675287,3463,1.6495026047371137,6.229248,10.3041101,-0.371,52.42,Niger
269095.0,10.2938002169,6.23995021089,0.2,141.0,0.332,1164.0,164.0,290.0,1.0,2.0,1212.42041015625,120062.12838134763,11.695764624296109,3463,1.6495026047371137,6.229248,10.3041101,-0.371,52.42,Niger
269096.0,10.8183356905,4.69965271023,4.6,87.1,0.323,874.0,80.0,149.0,1.0,2.0,3578.923583984375,90108.71859550476,11.408772204680794,87497,1.566768866456057,4.7131348,10.8225151,-0.393,52.42,Niger
269097.0,10.8183356905,4.69965271023,4.6,87.1,0.323,874.0,80.0,149.0,1.0,2.0,3578.923583984375,159973.34768676758,11.982762503382778,87497,1.566768866456057,4.7131348,10.8225151,-0.393,52.42,Niger
269098.0,10.8183356905,4.69965271023,4.6,87.1,0.323,874.0,80.0,149.0,1.0,2.0,3578.923583984375,92507.7597819737,11.435047809516837,87497,1.566768866456057,4.7131348,10.8225151,-0.393,52.42,Niger
269099.0,10.8183356905,4.69965271023,4.6,87.1,0.323,874.0,80.0,149.0,1.0,2.0,3578.923583984375,85628.9772348404,11.357779023943774,87497,1.566768866456057,4.7131348,10.8225151,-0.393,52.42,Niger
269100.0,10.8183356905,4.69965271023,4.6,87.1,0.323,874.0,80.0,149.0,1.0,2.0,3578.923583984375,158978.14663441977,11.976522029205457,87497,1.566768866456057,4.7131348,10.8225151,-0.393,52.42,Niger
269101.0,10.8183356905,4.69965271023,4.6,87.1,0.323,874.0,80.0,149.0,1.0,2.0,3578.923583984375,106008.342130661,11.571273069343432,87497,1.566768866456057,4.7131348,10.8225151,-0.393,52.42,Niger
269102.0,10.8183356905,4.69965271023,4.6,87.1,0.323,874.0,80.0,149.0,1.0,2.0,3578.923583984375,71582.458203125,11.17860532576897,87497,1.566768866456057,4.7131348,10.8225151,-0.393,52.42,Niger
269104.0,10.8183356905,4.69965271023,4.6,87.1,0.323,874.0,80.0,149.0,1.0,2.0,3578.923583984375,132547.85250282288,11.794699010173805,87497,1.566768866456057,4.7131348,10.8225151,-0.393,52.42,Niger
269105.0,10.8183356905,4.69965271023,4.6,87.1,0.323,874.0,80.0,149.0,1.0,2.0,3578.923583984375,207364.3832244873,12.242232830158011,87497,1.566768866456057,4.7131348,10.8225151,-0.393,52.42,Niger
269106.0,10.8183356905,4.69965271023,4.6,87.1,0.323,874.0,80.0,149.0,1.0,2.0,3578.923583984375,98494.19470214844,11.497752888389298,87497,1.566768866456057,4.7131348,10.8225151,-0.393,52.42,Niger
270001.0,7.170490543870001,3.3352562445099996,0.3,94.2,0.3,1060.0,4358.0,37.0,6.0,1.0,1887.4522705078125,223167.55616455077,12.315678141238136,49035,1.029192480841625,3.3288574,7.1772006,0.465,42.06,Ogun
270002.0,7.170490543870001,3.3352562445099996,0.3,94.2,0.3,1060.0,4358.0,37.0,6.0,1.0,1887.4522705078125,272068.1819458008,12.513807982784316,49035,1.029192480841625,3.3288574,7.1772006,0.465,42.06,Ogun
270003.0,7.170490543870001,3.3352562445099996,0.3,94.2,0.3,1060.0,4358.0,37.0,6.0,1.0,1887.4522705078125,172505.8992823283,12.058186713606924,49035,1.029192480841625,3.3288574,7.1772006,0.465,42.06,Ogun
270004.0,7.170490543870001,3.3352562445099996,0.3,94.2,0.3,1060.0,4358.0,37.0,6.0,1.0,1887.4522705078125,189492.9348983765,12.152107019951425,49035,1.029192480841625,3.3288574,7.1772006,0.465,42.06,Ogun
270005.0,7.170490543870001,3.3352562445099996,0.3,94.2,0.3,1060.0,4358.0,37.0,6.0,1.0,1887.4522705078125,98267.86615992954,11.495452357066885,49035,1.029192480841625,3.3288574,7.1772006,0.465,42.06,Ogun
270006.0,7.170490543870001,3.3352562445099996,0.3,94.2,0.3,1060.0,4358.0,37.0,6.0,1.0,1887.4522705078125,261962.43918050133,12.47595641055945,49035,1.029192480841625,3.3288574,7.1772006,0.465,42.06,Ogun
270007.0,7.170490543870001,3.3352562445099996,0.3,94.2,0.3,1060.0,4358.0,37.0,6.0,1.0,1887.4522705078125,199121.02466430663,12.201668082992008,49035,1.029192480841625,3.3288574,7.1772006,0.465,42.06,Ogun
270009.0,7.170490543870001,3.3352562445099996,0.3,94.2,0.3,1060.0,4358.0,37.0,6.0,1.0,1887.4522705078125,245602.71487172449,12.411470529231996,49035,1.029192480841625,3.3288574,7.1772006,0.465,42.06,Ogun
270010.0,7.170490543870001,3.3352562445099996,0.3,94.2,0.3,1060.0,4358.0,37.0,6.0,1.0,1887.4522705078125,150225.55524902343,11.91989314531128,49035,1.029192480841625,3.3288574,7.1772006,0.465,42.06,Ogun
270021.0,7.0132875203900005,3.5581495363,14.1,129.7,0.29,1086.0,70.0,129.0,6.0,2.0,14314.5380859375,275284.9903488159,12.525562168572144,80785,1.5785916623977094,3.548584,7.0027636,-0.529,42.06,Ogun
270023.0,7.0132875203900005,3.5581495363,14.1,129.7,0.29,1086.0,70.0,129.0,6.0,2.0,14314.5380859375,121640.03168487547,11.708821402271992,80785,1.5785916623977094,3.548584,7.0027636,-0.529,42.06,Ogun
270024.0,7.0132875203900005,3.5581495363,14.1,129.7,0.29,1086.0,70.0,129.0,6.0,2.0,14314.5380859375,144096.64374923706,11.878239490593796,80785,1.5785916623977094,3.548584,7.0027636,-0.529,42.06,Ogun
270025.0,7.0132875203900005,3.5581495363,14.1,129.7,0.29,1086.0,70.0,129.0,6.0,2.0,14314.5380859375,160941.37886047363,11.988795471207064,80785,1.5785916623977094,3.548584,7.0027636,-0.529,42.06,Ogun
270028.0,7.0132875203900005,3.5581495363,14.1,129.7,0.29,1086.0,70.0,129.0,6.0,2.0,14314.5380859375,234210.10955429077,12.363973895543282,80785,1.5785916623977094,3.548584,7.0027636,-0.529,42.06,Ogun
270029.0,6.78025293422,3.24846940679,3.9,107.6,0.23,1108.0,1624.0,68.0,6.0,1.0,14314.5380859375,327430.78564453125,12.699031970178256,71281,0.9639077580536467,3.2409668,6.7846256,0.406,42.06,Ogun
270030.0,7.0132875203900005,3.5581495363,14.1,129.7,0.29,1086.0,70.0,129.0,6.0,2.0,14314.5380859375,169623.12165641785,12.04133432356911,80785,1.5785916623977094,3.548584,7.0027636,-0.529,42.06,Ogun
270041.0,6.91656547726,3.65430889426,2.3,13.4,0.278,1085.0,2311.0,102.0,6.0,2.0,2115.855712890625,246444.6693827311,12.41489278229007,62389,0.47378394812697666,3.6584473,6.9155204,0.817,42.06,Ogun
270042.0,6.962234834699999,3.65447486882,2.7,6.8,0.272,1078.0,1064.0,141.0,6.0,2.0,2115.855712890625,159782.77933756512,11.981570542662348,20444,0.5586892400060377,3.6584473,6.959144,0.765,42.06,Ogun
270044.0,6.962234834699999,3.65447486882,2.7,6.8,0.272,1078.0,1064.0,141.0,6.0,2.0,2115.855712890625,199623.6107196808,12.20418892604253,20444,0.5586892400060377,3.6584473,6.959144,0.765,42.06,Ogun
270045.0,6.962234834699999,3.65447486882,2.7,6.8,0.272,1078.0,1064.0,141.0,6.0,2.0,2115.855712890625,173970.74943097433,12.06664245734661,20444,0.5586892400060377,3.6584473,6.959144,0.765,42.06,Ogun
270046.0,6.82865215782,3.64992034589,3.9,69.2,0.272,1076.0,2751.0,28.0,6.0,1.0,2115.855712890625,206219.0826778412,12.236694390792431,26719,0.9474862368070371,3.6584473,6.8282612,0.603,42.06,Ogun
270047.0,6.962234834699999,3.65447486882,2.7,6.8,0.272,1078.0,1064.0,141.0,6.0,2.0,2115.855712890625,82465.32516174315,11.32013318290174,20444,0.5586892400060377,3.6584473,6.959144,0.765,42.06,Ogun
270049.0,5.45969782286,6.19903370008,2.9,58.9,0.225,1505.0,1897.0,21.0,5.0,1.0,2115.855712890625,185232.06225204468,12.129364708521534,90371,1.25492137047318,6.2072754,5.4519589,0.802,31.23,Delta
270051.0,6.813850920270001,3.9216782682,0.3,141.7,0.27,1037.0,5841.0,70.0,6.0,1.0,1259.8582763671875,127618.39332962036,11.756799787855709,93240,0.8236340765055468,3.9221191,6.8064439,1.411,42.06,Ogun
270052.0,6.813850920270001,3.9216782682,0.3,141.7,0.27,1037.0,5841.0,70.0,6.0,1.0,1259.8582763671875,596048.2802810669,13.29807694994958,93240,0.8236340765055468,3.9221191,6.8064439,1.411,42.06,Ogun
270053.0,6.813850920270001,3.9216782682,0.3,141.7,0.27,1037.0,5841.0,70.0,6.0,1.0,1259.8582763671875,338039.8947725296,12.730919199371332,93240,0.8236340765055468,3.9221191,6.8064439,1.411,42.06,Ogun
270054.0,6.813850920270001,3.9216782682,0.3,141.7,0.27,1037.0,5841.0,70.0,6.0,1.0,1259.8582763671875,148785.6948076884,11.910262259714562,93240,0.8236340765055468,3.9221191,6.8064439,1.411,42.06,Ogun
270055.0,6.813850920270001,3.9216782682,0.3,141.7,0.27,1037.0,5841.0,70.0,6.0,1.0,1259.8582763671875,217592.4499282837,12.290379096341214,93240,0.8236340765055468,3.9221191,6.8064439,1.411,42.06,Ogun
270056.0,6.813850920270001,3.9216782682,0.3,141.7,0.27,1037.0,5841.0,70.0,6.0,1.0,1259.8582763671875,278902.24389801035,12.538616619112116,93240,0.8236340765055468,3.9221191,6.8064439,1.411,42.06,Ogun
270057.0,6.813850920270001,3.9216782682,0.3,141.7,0.27,1037.0,5841.0,70.0,6.0,1.0,1259.8582763671875,162649.24799019948,11.999351308406023,93240,0.8236340765055468,3.9221191,6.8064439,1.411,42.06,Ogun
270059.0,6.813850920270001,3.9216782682,0.3,141.7,0.27,1037.0,5841.0,70.0,6.0,1.0,1259.8582763671875,257672.2292098999,12.459443626805168,93240,0.8236340765055468,3.9221191,6.8064439,1.411,42.06,Ogun
270061.0,6.707730001949999,3.2422024812699997,5.0,18.7,0.187,1084.0,7161.0,72.0,6.0,1.0,1030.7672119140625,208785.62195986797,12.249063272274178,30018,1.1611312430044167,3.2409668,6.6973426,1.63,42.06,Ogun
270062.0,6.18109053013,6.75295738696,1.1,56.9,0.251,1340.0,1509.0,28.0,5.0,1.0,1030.7672119140625,257846.4943847656,12.460119703826342,56712,0.9518579446546619,6.7565918,6.1733235,1.102,23.56,Anambra
270063.0,6.707730001949999,3.2422024812699997,5.0,18.7,0.187,1084.0,7161.0,72.0,6.0,1.0,1030.7672119140625,253780.718170166,12.444225858839587,30018,1.1611312430044167,3.2409668,6.6973426,1.63,42.06,Ogun
270064.0,6.73946599198,3.07006385412,1.8,124.9,0.249,1072.0,151.0,75.0,6.0,2.0,1030.7672119140625,133641.31256103513,11.802914718040505,58032,0.5671770608534457,3.0651855,6.7409861,-0.134,42.06,Ogun
270065.0,6.707730001949999,3.2422024812699997,5.0,18.7,0.187,1084.0,7161.0,72.0,6.0,1.0,1030.7672119140625,238349.7692504883,12.381494492520432,30018,1.1611312430044167,3.2409668,6.6973426,1.63,42.06,Ogun
270066.0,6.707730001949999,3.2422024812699997,5.0,18.7,0.187,1084.0,7161.0,72.0,6.0,1.0,1030.7672119140625,183537.87035878497,12.120176303160786,30018,1.1611312430044167,3.2409668,6.6973426,1.63,42.06,Ogun
270067.0,6.707730001949999,3.2422024812699997,5.0,18.7,0.187,1084.0,7161.0,72.0,6.0,1.0,1030.7672119140625,170292.8200454712,12.04527470513646,30018,1.1611312430044167,3.2409668,6.6973426,1.63,42.06,Ogun
270068.0,6.69294016514,3.17785835818,8.2,123.6,0.215,1079.0,1558.0,32.0,6.0,1.0,1030.7672119140625,488944.77167892456,13.10000482072676,10370,0.5797032770015567,3.1750488,6.6973426,0.739,42.06,Ogun
270069.0,6.707730001949999,3.2422024812699997,5.0,18.7,0.187,1084.0,7161.0,72.0,6.0,1.0,1030.7672119140625,226909.9558149065,12.332308547350104,30018,1.1611312430044167,3.2409668,6.6973426,1.63,42.06,Ogun
270070.0,6.707730001949999,3.2422024812699997,5.0,18.7,0.187,1084.0,7161.0,72.0,6.0,1.0,1030.7672119140625,166077.9267211914,12.020212395266563,30018,1.1611312430044167,3.2409668,6.6973426,1.63,42.06,Ogun
270091.0,6.707449635979999,3.28768108533,20.8,137.3,0.191,1076.0,6940.0,66.0,6.0,1.0,3038.168701171875,202675.71608479816,12.219362523017535,60780,1.1632220416153851,3.2849121,6.6973426,1.661,21.75,Lagos
270092.0,6.707449635979999,3.28768108533,20.8,137.3,0.191,1076.0,6940.0,66.0,6.0,1.0,3038.168701171875,174083.09235229497,12.06728800646422,60780,1.1632220416153851,3.2849121,6.6973426,1.661,21.75,Lagos
270093.0,6.707449635979999,3.28768108533,20.8,137.3,0.191,1076.0,6940.0,66.0,6.0,1.0,3038.168701171875,281426.4048095703,12.547626252983026,60780,1.1632220416153851,3.2849121,6.6973426,1.661,21.75,Lagos
270094.0,6.707449635979999,3.28768108533,20.8,137.3,0.191,1076.0,6940.0,66.0,6.0,1.0,3038.168701171875,167095.45666885373,12.026320524919138,60780,1.1632220416153851,3.2849121,6.6973426,1.661,21.75,Lagos
270095.0,6.707449635979999,3.28768108533,20.8,137.3,0.191,1076.0,6940.0,66.0,6.0,1.0,3038.168701171875,334260.0321818033,12.719674508520669,60780,1.1632220416153851,3.2849121,6.6973426,1.661,21.75,Lagos
270096.0,6.707449635979999,3.28768108533,20.8,137.3,0.191,1076.0,6940.0,66.0,6.0,1.0,3038.168701171875,252934.57427215576,12.440886134552184,60780,1.1632220416153851,3.2849121,6.6973426,1.661,21.75,Lagos
270097.0,6.707449635979999,3.28768108533,20.8,137.3,0.191,1076.0,6940.0,66.0,6.0,1.0,3038.168701171875,583058.0956907272,13.27604210992322,60780,1.1632220416153851,3.2849121,6.6973426,1.661,21.75,Lagos
270099.0,6.21286365773,6.71083357929,1.3,56.5,0.243,1327.0,1574.0,38.0,5.0,1.0,3038.168701171875,170368.88779296874,12.045721293332385,94224,0.5025381355822939,6.7126465,6.2170122,1.025,31.23,Delta
270100.0,6.707449635979999,3.28768108533,20.8,137.3,0.191,1076.0,6940.0,66.0,6.0,1.0,3038.168701171875,139609.82375953312,11.846606837604796,60780,1.1632220416153851,3.2849121,6.6973426,1.661,21.75,Lagos
279001.0,6.77218909051,2.814713074,8.7,96.9,0.263,1076.0,606.0,80.0,6.0,2.0,4211.20166015625,68304.47794342041,11.131730606270937,66147,1.4258397218576622,2.8234863,6.7628064,-0.161,42.06,Ogun
279002.0,6.77218909051,2.814713074,8.7,96.9,0.263,1076.0,606.0,80.0,6.0,2.0,4211.20166015625,217419.78192138672,12.289585242728268,66147,1.4258397218576622,2.8234863,6.7628064,-0.161,42.06,Ogun
279004.0,6.77218909051,2.814713074,8.7,96.9,0.263,1076.0,606.0,80.0,6.0,2.0,4211.20166015625,229234.9888563156,12.34250290861308,66147,1.4258397218576622,2.8234863,6.7628064,-0.161,42.06,Ogun
279005.0,6.77218909051,2.814713074,8.7,96.9,0.263,1076.0,606.0,80.0,6.0,2.0,4211.20166015625,120394.92155456542,11.69853263118791,66147,1.4258397218576622,2.8234863,6.7628064,-0.161,42.06,Ogun
279006.0,6.77218909051,2.814713074,8.7,96.9,0.263,1076.0,606.0,80.0,6.0,2.0,4211.20166015625,216487.140625,12.28528642800936,66147,1.4258397218576622,2.8234863,6.7628064,-0.161,42.06,Ogun
279007.0,6.77218909051,2.814713074,8.7,96.9,0.263,1076.0,606.0,80.0,6.0,2.0,4211.20166015625,294137.7793273926,12.59180357371272,66147,1.4258397218576622,2.8234863,6.7628064,-0.161,42.06,Ogun
279008.0,6.77218909051,2.814713074,8.7,96.9,0.263,1076.0,606.0,80.0,6.0,2.0,4211.20166015625,121098.46693992616,11.704359270005446,66147,1.4258397218576622,2.8234863,6.7628064,-0.161,42.06,Ogun
279009.0,6.77218909051,2.814713074,8.7,96.9,0.263,1076.0,606.0,80.0,6.0,2.0,4211.20166015625,172610.90647888184,12.058795244968138,66147,1.4258397218576622,2.8234863,6.7628064,-0.161,42.06,Ogun
279010.0,6.77218909051,2.814713074,8.7,96.9,0.263,1076.0,606.0,80.0,6.0,2.0,4211.20166015625,154922.60158284506,11.950680926560532,66147,1.4258397218576622,2.8234863,6.7628064,-0.161,42.06,Ogun
279011.0,6.77218909051,2.814713074,8.7,96.9,0.263,1076.0,606.0,80.0,6.0,2.0,4211.20166015625,100490.74017715454,11.517820864695592,66147,1.4258397218576622,2.8234863,6.7628064,-0.161,42.06,Ogun
279013.0,6.86160865074,3.08215353245,2.9,12.2,0.265,1078.0,262.0,104.0,6.0,2.0,7771.49365234375,638947.142288208,13.367577010514458,87308,1.269533467590092,3.0871582,6.8718928,-0.551,42.06,Ogun
279015.0,6.86160865074,3.08215353245,2.9,12.2,0.265,1078.0,262.0,104.0,6.0,2.0,7771.49365234375,199388.0827738444,12.203008369296793,87308,1.269533467590092,3.0871582,6.8718928,-0.551,42.06,Ogun
279016.0,6.86160865074,3.08215353245,2.9,12.2,0.265,1078.0,262.0,104.0,6.0,2.0,7771.49365234375,223791.5276107788,12.31847021717634,87308,1.269533467590092,3.0871582,6.8718928,-0.551,42.06,Ogun
279017.0,6.86160865074,3.08215353245,2.9,12.2,0.265,1078.0,262.0,104.0,6.0,2.0,7771.49365234375,151162.06225967407,11.926107800263152,87308,1.269533467590092,3.0871582,6.8718928,-0.551,42.06,Ogun
279018.0,6.86160865074,3.08215353245,2.9,12.2,0.265,1078.0,262.0,104.0,6.0,2.0,7771.49365234375,144931.9557547433,11.884019640603835,87308,1.269533467590092,3.0871582,6.8718928,-0.551,42.06,Ogun
279019.0,6.86160865074,3.08215353245,2.9,12.2,0.265,1078.0,262.0,104.0,6.0,2.0,7771.49365234375,129365.02471923828,11.77039333640972,87308,1.269533467590092,3.0871582,6.8718928,-0.551,42.06,Ogun
279022.0,6.86160865074,3.08215353245,2.9,12.2,0.265,1078.0,262.0,104.0,6.0,2.0,7771.49365234375,225555.77952512103,12.326322766649774,87308,1.269533467590092,3.0871582,6.8718928,-0.551,42.06,Ogun
279023.0,6.86160865074,3.08215353245,2.9,12.2,0.265,1078.0,262.0,104.0,6.0,2.0,7771.49365234375,205861.5247889927,12.234959011975263,87308,1.269533467590092,3.0871582,6.8718928,-0.551,42.06,Ogun
279024.0,6.86160865074,3.08215353245,2.9,12.2,0.265,1078.0,262.0,104.0,6.0,2.0,7771.49365234375,214460.33886909485,12.275880099876847,87308,1.269533467590092,3.0871582,6.8718928,-0.551,42.06,Ogun
279025.0,6.74606966815,4.06633133529,0.6,54.9,0.29,978.0,79.0,28.0,6.0,2.0,6077.16650390625,360572.38904953,12.795448017350903,58016,1.2054256609711376,4.0759277,6.7409861,-0.209,42.06,Ogun
279027.0,6.74606966815,4.06633133529,0.6,54.9,0.29,978.0,79.0,28.0,6.0,2.0,6077.16650390625,145371.11100006104,11.887045137958827,58016,1.2054256609711376,4.0759277,6.7409861,-0.209,42.06,Ogun
279028.0,6.53109766659,3.37875305481,9.7,28.7,0.101,987.0,19029.0,14.0,6.0,1.0,6077.16650390625,454481.8037261963,13.026913155992268,17885,1.13971781766267,3.3728027,6.5227299,1.531,21.75,Lagos
279029.0,6.74606966815,4.06633133529,0.6,54.9,0.29,978.0,79.0,28.0,6.0,2.0,6077.16650390625,152234.60242886015,11.933178046985626,58016,1.2054256609711376,4.0759277,6.7409861,-0.209,42.06,Ogun
279031.0,6.52385142825,3.353758818,6.3,29.6,0.096,991.0,23740.0,20.0,6.0,2.0,6077.16650390625,371285.0496902466,12.824725374582767,37846,0.34810871979905084,3.3508301,6.5227299,1.897,21.75,Lagos
279032.0,6.74606966815,4.06633133529,0.6,54.9,0.29,978.0,79.0,28.0,6.0,2.0,6077.16650390625,428410.4748565674,12.967837068369242,58016,1.2054256609711376,4.0759277,6.7409861,-0.209,42.06,Ogun
279034.0,6.74606966815,4.06633133529,0.6,54.9,0.29,978.0,79.0,28.0,6.0,2.0,6077.16650390625,257820.7965920766,12.46002003571413,58016,1.2054256609711376,4.0759277,6.7409861,-0.209,42.06,Ogun
279036.0,6.74606966815,4.06633133529,0.6,54.9,0.29,978.0,79.0,28.0,6.0,2.0,6077.16650390625,169773.00079243977,12.042217534282797,58016,1.2054256609711376,4.0759277,6.7409861,-0.209,42.06,Ogun
279037.0,6.9152628783,3.59357328967,0.9,78.5,0.258,1098.0,226.0,85.0,6.0,2.0,546.5343017578125,232239.4915466309,12.355524409351604,42894,0.11935632664659315,3.5925293,6.9155204,-0.304,42.06,Ogun
279038.0,6.9152628783,3.59357328967,0.9,78.5,0.258,1098.0,226.0,85.0,6.0,2.0,546.5343017578125,101059.22289360892,11.523461989261705,42894,0.11935632664659315,3.5925293,6.9155204,-0.304,42.06,Ogun
279040.0,6.9152628783,3.59357328967,0.9,78.5,0.258,1098.0,226.0,85.0,6.0,2.0,546.5343017578125,119616.5650024414,11.692046614272858,42894,0.11935632664659315,3.5925293,6.9155204,-0.304,42.06,Ogun
279042.0,6.9152628783,3.59357328967,0.9,78.5,0.258,1098.0,226.0,85.0,6.0,2.0,546.5343017578125,92899.03846871512,11.439268574573072,42894,0.11935632664659315,3.5925293,6.9155204,-0.304,42.06,Ogun
279043.0,6.9152628783,3.59357328967,0.9,78.5,0.258,1098.0,226.0,85.0,6.0,2.0,546.5343017578125,150011.5396118164,11.918467500864818,42894,0.11935632664659315,3.5925293,6.9155204,-0.304,42.06,Ogun
279044.0,6.9152628783,3.59357328967,0.9,78.5,0.258,1098.0,226.0,85.0,6.0,2.0,546.5343017578125,128952.44038391112,11.76719893617044,42894,0.11935632664659315,3.5925293,6.9155204,-0.304,42.06,Ogun
279045.0,6.9152628783,3.59357328967,0.9,78.5,0.258,1098.0,226.0,85.0,6.0,2.0,546.5343017578125,217264.8750902812,12.288872510704422,42894,0.11935632664659315,3.5925293,6.9155204,-0.304,42.06,Ogun
279047.0,6.9152628783,3.59357328967,0.9,78.5,0.258,1098.0,226.0,85.0,6.0,2.0,546.5343017578125,335234.4335250854,12.722585367627682,42894,0.11935632664659315,3.5925293,6.9155204,-0.304,42.06,Ogun
279048.0,6.9152628783,3.59357328967,0.9,78.5,0.258,1098.0,226.0,85.0,6.0,2.0,546.5343017578125,255588.02536010745,12.4513221512492,42894,0.11935632664659315,3.5925293,6.9155204,-0.304,42.06,Ogun
279049.0,6.90528981187,3.65839761619,22.9,152.7,0.28,1085.0,2184.0,98.0,6.0,2.0,1548.513427734375,314215.4041010539,12.657834030021553,62389,1.135608673633361,3.6584473,6.9155204,0.817,42.06,Ogun
279051.0,6.90528981187,3.65839761619,22.9,152.7,0.28,1085.0,2184.0,98.0,6.0,2.0,1548.513427734375,211115.77196757,12.26016194429786,62389,1.135608673633361,3.6584473,6.9155204,0.817,42.06,Ogun
279052.0,6.90528981187,3.65839761619,22.9,152.7,0.28,1085.0,2184.0,98.0,6.0,2.0,1548.513427734375,492903.8110427856,13.10806932454182,62389,1.135608673633361,3.6584473,6.9155204,0.817,42.06,Ogun
279053.0,6.90528981187,3.65839761619,22.9,152.7,0.28,1085.0,2184.0,98.0,6.0,2.0,1548.513427734375,207344.39573516848,12.242136437265708,62389,1.135608673633361,3.6584473,6.9155204,0.817,42.06,Ogun
279054.0,6.90528981187,3.65839761619,22.9,152.7,0.28,1085.0,2184.0,98.0,6.0,2.0,1548.513427734375,180416.43659973145,12.10302299443212,62389,1.135608673633361,3.6584473,6.9155204,0.817,42.06,Ogun
279056.0,6.90528981187,3.65839761619,22.9,152.7,0.28,1085.0,2184.0,98.0,6.0,2.0,1548.513427734375,111198.1487072536,11.619069012343967,62389,1.135608673633361,3.6584473,6.9155204,0.817,42.06,Ogun
279057.0,6.90528981187,3.65839761619,22.9,152.7,0.28,1085.0,2184.0,98.0,6.0,2.0,1548.513427734375,87022.51889190674,11.373922201981996,62389,1.135608673633361,3.6584473,6.9155204,0.817,42.06,Ogun
279058.0,6.90528981187,3.65839761619,22.9,152.7,0.28,1085.0,2184.0,98.0,6.0,2.0,1548.513427734375,277276.84510421753,12.532771726870484,62389,1.135608673633361,3.6584473,6.9155204,0.817,42.06,Ogun
279059.0,6.90528981187,3.65839761619,22.9,152.7,0.28,1085.0,2184.0,98.0,6.0,2.0,1548.513427734375,141329.17322387698,11.858847010376056,62389,1.135608673633361,3.6584473,6.9155204,0.817,42.06,Ogun
279060.0,6.90528981187,3.65839761619,22.9,152.7,0.28,1085.0,2184.0,98.0,6.0,2.0,1548.513427734375,132165.6107241313,11.791811041880075,62389,1.135608673633361,3.6584473,6.9155204,0.817,42.06,Ogun
279061.0,7.15261150129,3.33145648157,0.1,10.3,0.305,1061.0,7856.0,40.0,6.0,2.0,31691.1171875,453981.69607543945,13.02581215919628,96670,0.4230937863237725,3.3288574,7.1553996,0.808,42.06,Ogun
279065.0,6.96612874365,3.58959080609,0.8,53.5,0.262,1093.0,145.0,81.0,6.0,2.0,31691.1171875,187101.29608917236,12.139405439491917,81567,0.8411236235387678,3.5925293,6.959144,-0.121,42.06,Ogun
279066.0,6.96612874365,3.58959080609,0.8,53.5,0.262,1093.0,145.0,81.0,6.0,2.0,31691.1171875,119438.82232666016,11.690559572206828,81567,0.8411236235387678,3.5925293,6.959144,-0.121,42.06,Ogun
279068.0,6.96612874365,3.58959080609,0.8,53.5,0.262,1093.0,145.0,81.0,6.0,2.0,31691.1171875,134270.0682227725,11.807608485168004,81567,0.8411236235387678,3.5925293,6.959144,-0.121,42.06,Ogun
279069.0,6.96612874365,3.58959080609,0.8,53.5,0.262,1093.0,145.0,81.0,6.0,2.0,31691.1171875,397643.3610839844,12.893310804870543,81567,0.8411236235387678,3.5925293,6.959144,-0.121,42.06,Ogun
279070.0,6.96612874365,3.58959080609,0.8,53.5,0.262,1093.0,145.0,81.0,6.0,2.0,31691.1171875,109797.6309490204,11.60639423176852,81567,0.8411236235387678,3.5925293,6.959144,-0.121,42.06,Ogun
279072.0,6.96612874365,3.58959080609,0.8,53.5,0.262,1093.0,145.0,81.0,6.0,2.0,31691.1171875,442920.879486084,13.001146431464557,81567,0.8411236235387678,3.5925293,6.959144,-0.121,42.06,Ogun
279073.0,7.27472327144,3.36413175089,3.8,4.4,0.325,1030.0,79.0,109.0,6.0,2.0,783.3583984375,112243.95409138998,11.628429943052735,21,1.8693653427850376,3.3508301,7.2643942,0.148,42.06,Ogun
279074.0,7.27472327144,3.36413175089,3.8,4.4,0.325,1030.0,79.0,109.0,6.0,2.0,783.3583984375,267401.3237876892,12.496505894227438,21,1.8693653427850376,3.3508301,7.2643942,0.148,42.06,Ogun
279076.0,7.27472327144,3.36413175089,3.8,4.4,0.325,1030.0,79.0,109.0,6.0,2.0,783.3583984375,270153.69345092773,12.50674631103116,21,1.8693653427850376,3.3508301,7.2643942,0.148,42.06,Ogun
279078.0,7.27472327144,3.36413175089,3.8,4.4,0.325,1030.0,79.0,109.0,6.0,2.0,783.3583984375,135869.42994117737,11.81944962959006,21,1.8693653427850376,3.3508301,7.2643942,0.148,42.06,Ogun
279080.0,7.27472327144,3.36413175089,3.8,4.4,0.325,1030.0,79.0,109.0,6.0,2.0,783.3583984375,486090.5025711059,13.094150104828085,21,1.8693653427850376,3.3508301,7.2643942,0.148,42.06,Ogun
279081.0,7.27472327144,3.36413175089,3.8,4.4,0.325,1030.0,79.0,109.0,6.0,2.0,783.3583984375,133248.1594034831,11.79996852882562,21,1.8693653427850376,3.3508301,7.2643942,0.148,42.06,Ogun
279082.0,7.27472327144,3.36413175089,3.8,4.4,0.325,1030.0,79.0,109.0,6.0,2.0,783.3583984375,159062.30806884766,11.977051279086393,21,1.8693653427850376,3.3508301,7.2643942,0.148,42.06,Ogun
279083.0,7.27472327144,3.36413175089,3.8,4.4,0.325,1030.0,79.0,109.0,6.0,2.0,783.3583984375,112551.5693359375,11.631166789693356,21,1.8693653427850376,3.3508301,7.2643942,0.148,42.06,Ogun
279084.0,7.27472327144,3.36413175089,3.8,4.4,0.325,1030.0,79.0,109.0,6.0,2.0,783.3583984375,162401.68025716147,11.997828053067284,21,1.8693653427850376,3.3508301,7.2643942,0.148,42.06,Ogun
279087.0,6.82460994428,3.65205589394,0.8,0.8,0.272,1075.0,2018.0,24.0,6.0,1.0,23427.009765625,199588.4618301392,12.204012834726417,26719,0.8170515378735778,3.6584473,6.8282612,0.603,42.06,Ogun
279088.0,6.82460994428,3.65205589394,0.8,0.8,0.272,1075.0,2018.0,24.0,6.0,1.0,23427.009765625,255197.9974517822,12.449794983446209,26719,0.8170515378735778,3.6584473,6.8282612,0.603,42.06,Ogun
279089.0,6.82460994428,3.65205589394,0.8,0.8,0.272,1075.0,2018.0,24.0,6.0,1.0,23427.009765625,162603.2587295532,11.999068517282188,26719,0.8170515378735778,3.6584473,6.8282612,0.603,42.06,Ogun
279090.0,6.82460994428,3.65205589394,0.8,0.8,0.272,1075.0,2018.0,24.0,6.0,1.0,23427.009765625,742338.9717102051,13.517561253021048,26719,0.8170515378735778,3.6584473,6.8282612,0.603,42.06,Ogun
279091.0,6.82460994428,3.65205589394,0.8,0.8,0.272,1075.0,2018.0,24.0,6.0,1.0,23427.009765625,168310.16170247394,12.033563756861678,26719,0.8170515378735778,3.6584473,6.8282612,0.603,42.06,Ogun
279092.0,6.82460994428,3.65205589394,0.8,0.8,0.272,1075.0,2018.0,24.0,6.0,1.0,23427.009765625,193723.7954864502,12.174188688966415,26719,0.8170515378735778,3.6584473,6.8282612,0.603,42.06,Ogun
279093.0,6.82460994428,3.65205589394,0.8,0.8,0.272,1075.0,2018.0,24.0,6.0,1.0,23427.009765625,189915.8763224284,12.154336496899411,26719,0.8170515378735778,3.6584473,6.8282612,0.603,42.06,Ogun
279094.0,6.82460994428,3.65205589394,0.8,0.8,0.272,1075.0,2018.0,24.0,6.0,1.0,23427.009765625,203004.0555419922,12.220981235863736,26719,0.8170515378735778,3.6584473,6.8282612,0.603,42.06,Ogun
279095.0,6.82460994428,3.65205589394,0.8,0.8,0.272,1075.0,2018.0,24.0,6.0,1.0,23427.009765625,586439.4340400696,13.281824674974438,26719,0.8170515378735778,3.6584473,6.8282612,0.603,42.06,Ogun
279096.0,6.82460994428,3.65205589394,0.8,0.8,0.272,1075.0,2018.0,24.0,6.0,1.0,23427.009765625,660378.3845405579,13.400568259633204,26719,0.8170515378735778,3.6584473,6.8282612,0.603,42.06,Ogun
279097.0,6.70919804275,3.48464798907,6.8,3.5,0.274,1027.0,808.0,21.0,6.0,1.0,11281.39453125,441256.2565460205,12.997381066270243,99586,1.127972643028346,3.482666,6.7191648,0.456,42.06,Ogun
279098.0,6.70919804275,3.48464798907,6.8,3.5,0.274,1027.0,808.0,21.0,6.0,1.0,11281.39453125,237609.4292755127,12.378383551186175,99586,1.127972643028346,3.482666,6.7191648,0.456,42.06,Ogun
279099.0,6.70919804275,3.48464798907,6.8,3.5,0.274,1027.0,808.0,21.0,6.0,1.0,11281.39453125,528488.2080078125,13.17777577185394,99586,1.127972643028346,3.482666,6.7191648,0.456,42.06,Ogun
279100.0,6.70919804275,3.48464798907,6.8,3.5,0.274,1027.0,808.0,21.0,6.0,1.0,11281.39453125,206163.13316726685,12.236423042956527,99586,1.127972643028346,3.482666,6.7191648,0.456,42.06,Ogun
279101.0,6.70919804275,3.48464798907,6.8,3.5,0.274,1027.0,808.0,21.0,6.0,1.0,11281.39453125,149645.9993387858,11.91602777947068,99586,1.127972643028346,3.482666,6.7191648,0.456,42.06,Ogun
279103.0,6.70919804275,3.48464798907,6.8,3.5,0.274,1027.0,808.0,21.0,6.0,1.0,11281.39453125,235453.41467285153,12.369268358318084,99586,1.127972643028346,3.482666,6.7191648,0.456,42.06,Ogun
279104.0,6.70919804275,3.48464798907,6.8,3.5,0.274,1027.0,808.0,21.0,6.0,1.0,11281.39453125,159703.38244628906,11.98107351398062,99586,1.127972643028346,3.482666,6.7191648,0.456,42.06,Ogun
279105.0,6.70919804275,3.48464798907,6.8,3.5,0.274,1027.0,808.0,21.0,6.0,1.0,11281.39453125,693333.5438938141,13.449266466702346,99586,1.127972643028346,3.482666,6.7191648,0.456,42.06,Ogun
279107.0,6.70919804275,3.48464798907,6.8,3.5,0.274,1027.0,808.0,21.0,6.0,1.0,11281.39453125,324000.23694610596,12.68849952608934,99586,1.127972643028346,3.482666,6.7191648,0.456,42.06,Ogun
279112.0,6.86160865074,3.08215353245,2.9,12.2,0.265,1078.0,262.0,104.0,6.0,2.0,7771.49365234375,302128.1368255615,12.618606500494083,87308,1.269533467590092,3.0871582,6.8718928,-0.551,42.06,Ogun
279114.0,6.9152628783,3.59357328967,0.9,78.5,0.258,1098.0,226.0,85.0,6.0,2.0,546.5343017578125,243568.41640345255,12.40315315289593,42894,0.11935632664659315,3.5925293,6.9155204,-0.304,42.06,Ogun
279118.0,6.96612874365,3.58959080609,0.8,53.5,0.262,1093.0,145.0,81.0,6.0,2.0,31691.1171875,155905.56704711914,11.957005763498238,81567,0.8411236235387678,3.5925293,6.959144,-0.121,42.06,Ogun
279119.0,6.96612874365,3.58959080609,0.8,53.5,0.262,1093.0,145.0,81.0,6.0,2.0,31691.1171875,273453.0577774048,12.518885250930008,81567,0.8411236235387678,3.5925293,6.959144,-0.121,42.06,Ogun
279121.0,7.27472327144,3.36413175089,3.8,4.4,0.325,1030.0,79.0,109.0,6.0,2.0,783.3583984375,102870.30291366576,11.541224278746634,21,1.8693653427850376,3.3508301,7.2643942,0.148,42.06,Ogun
279125.0,6.70919804275,3.48464798907,6.8,3.5,0.274,1027.0,808.0,21.0,6.0,1.0,11281.39453125,166969.80516924176,12.02556826768146,99586,1.127972643028346,3.482666,6.7191648,0.456,42.06,Ogun
280031.0,6.66481207453,3.14934944235,0.0,75.6,0.233,1055.0,724.0,40.0,6.0,1.0,630.5870971679688,212421.13955688477,12.266326090501405,12910,1.2584460276015126,3.1530762,6.6755194,0.754,42.06,Ogun
280033.0,6.51546744123,3.33299537698,4.1,35.8,0.11,995.0,24440.0,10.0,6.0,1.0,630.5870971679688,272109.8911621094,12.513961275312814,6787,0.9278043803063671,3.3288574,6.5227299,1.299,21.75,Lagos
280036.0,7.4784735717,5.7386355919,6.4,2.3,0.355,1122.0,3444.0,360.0,6.0,1.0,630.5870971679688,400436.9981842041,12.900311725211756,64372,0.9066179097851472,5.7458496,7.4823037,0.851,39.0,Ondo
280037.0,7.23238808737,5.19081515041,0.3,27.2,0.341,1064.0,4936.0,362.0,6.0,1.0,630.5870971679688,278345.52079264325,12.536618501485206,12412,1.298871495492095,5.1965332,7.2425974,1.399,39.0,Ondo
280038.0,7.4784735717,5.7386355919,6.4,2.3,0.355,1122.0,3444.0,360.0,6.0,1.0,630.5870971679688,144744.40692138672,11.882724755112802,64372,0.9066179097851472,5.7458496,7.4823037,0.851,39.0,Ondo
280039.0,7.4784735717,5.7386355919,6.4,2.3,0.355,1122.0,3444.0,360.0,6.0,1.0,630.5870971679688,471417.091003418,13.063498524667878,64372,0.9066179097851472,5.7458496,7.4823037,0.851,39.0,Ondo
280081.0,6.494053515970001,4.74113115164,4.4,5.9,0.276,903.0,431.0,29.0,6.0,1.0,973.8992919921876,175231.004737854,12.07386040950931,35656,1.0121485892279296,4.7351074,6.500899,-0.05,39.0,Ondo
280082.0,6.494053515970001,4.74113115164,4.4,5.9,0.276,903.0,431.0,29.0,6.0,1.0,973.8992919921876,83603.14961678642,11.333836473205055,35656,1.0121485892279296,4.7351074,6.500899,-0.05,39.0,Ondo
280083.0,6.494053515970001,4.74113115164,4.4,5.9,0.276,903.0,431.0,29.0,6.0,1.0,973.8992919921876,323128.3254547119,12.6858048157345,35656,1.0121485892279296,4.7351074,6.500899,-0.05,39.0,Ondo
280084.0,6.494053515970001,4.74113115164,4.4,5.9,0.276,903.0,431.0,29.0,6.0,1.0,973.8992919921876,159609.34913635254,11.980484540830764,35656,1.0121485892279296,4.7351074,6.500899,-0.05,39.0,Ondo
280085.0,6.494053515970001,4.74113115164,4.4,5.9,0.276,903.0,431.0,29.0,6.0,1.0,973.8992919921876,226240.0520172119,12.32935189161081,35656,1.0121485892279296,4.7351074,6.500899,-0.05,39.0,Ondo
280086.0,6.494053515970001,4.74113115164,4.4,5.9,0.276,903.0,431.0,29.0,6.0,1.0,973.8992919921876,146412.91470118932,11.894186091790678,35656,1.0121485892279296,4.7351074,6.500899,-0.05,39.0,Ondo
280087.0,6.494053515970001,4.74113115164,4.4,5.9,0.276,903.0,431.0,29.0,6.0,1.0,973.8992919921876,180327.60264282228,12.102530490334804,35656,1.0121485892279296,4.7351074,6.500899,-0.05,39.0,Ondo
280088.0,6.494053515970001,4.74113115164,4.4,5.9,0.276,903.0,431.0,29.0,6.0,1.0,973.8992919921876,113780.22202301024,11.642023989638735,35656,1.0121485892279296,4.7351074,6.500899,-0.05,39.0,Ondo
280089.0,6.494053515970001,4.74113115164,4.4,5.9,0.276,903.0,431.0,29.0,6.0,1.0,973.8992919921876,144058.9384021759,11.877977789279564,35656,1.0121485892279296,4.7351074,6.500899,-0.05,39.0,Ondo
280090.0,6.494053515970001,4.74113115164,4.4,5.9,0.276,903.0,431.0,29.0,6.0,1.0,973.8992919921876,81225.03405380249,11.304978779789938,35656,1.0121485892279296,4.7351074,6.500899,-0.05,39.0,Ondo
280111.0,6.79027591066,4.488175466500001,0.9,17.7,0.283,1028.0,112.0,82.0,6.0,2.0,7006.6630859375,241367.09314727783,12.394074261648042,53166,1.9611299846438712,4.4714355,6.7846256,-0.637,39.0,Ondo
280112.0,6.79027591066,4.488175466500001,0.9,17.7,0.283,1028.0,112.0,82.0,6.0,2.0,7006.6630859375,177297.07530975342,12.085581996211372,53166,1.9611299846438712,4.4714355,6.7846256,-0.637,39.0,Ondo
280113.0,6.79027591066,4.488175466500001,0.9,17.7,0.283,1028.0,112.0,82.0,6.0,2.0,7006.6630859375,207498.57360076904,12.2428797444161,53166,1.9611299846438712,4.4714355,6.7846256,-0.637,39.0,Ondo
280114.0,6.79027591066,4.488175466500001,0.9,17.7,0.283,1028.0,112.0,82.0,6.0,2.0,7006.6630859375,473812.66678619385,13.068567304807448,53166,1.9611299846438712,4.4714355,6.7846256,-0.637,39.0,Ondo
280115.0,6.79027591066,4.488175466500001,0.9,17.7,0.283,1028.0,112.0,82.0,6.0,2.0,7006.6630859375,143450.21907552084,11.873743348599149,53166,1.9611299846438712,4.4714355,6.7846256,-0.637,39.0,Ondo
280116.0,6.79027591066,4.488175466500001,0.9,17.7,0.283,1028.0,112.0,82.0,6.0,2.0,7006.6630859375,141486.67413330078,11.859960815894226,53166,1.9611299846438712,4.4714355,6.7846256,-0.637,39.0,Ondo
280117.0,6.79027591066,4.488175466500001,0.9,17.7,0.283,1028.0,112.0,82.0,6.0,2.0,7006.6630859375,246667.7960205078,12.41579775496328,53166,1.9611299846438712,4.4714355,6.7846256,-0.637,39.0,Ondo
280118.0,6.79027591066,4.488175466500001,0.9,17.7,0.283,1028.0,112.0,82.0,6.0,2.0,7006.6630859375,110727.12862650554,11.614824153050105,53166,1.9611299846438712,4.4714355,6.7846256,-0.637,39.0,Ondo
280119.0,6.79027591066,4.488175466500001,0.9,17.7,0.283,1028.0,112.0,82.0,6.0,2.0,7006.6630859375,249754.52449035645,12.428233812424208,53166,1.9611299846438712,4.4714355,6.7846256,-0.637,39.0,Ondo
280120.0,6.79027591066,4.488175466500001,0.9,17.7,0.283,1028.0,112.0,82.0,6.0,2.0,7006.6630859375,152261.18055725098,11.933352618391494,53166,1.9611299846438712,4.4714355,6.7846256,-0.637,39.0,Ondo
289001.0,7.51810895406,5.76556837118,1.1,16.6,0.337,1130.0,2109.0,423.0,6.0,1.0,2252.5771484375,121239.71753082276,11.705525001334175,68016,0.8973469123875063,5.7678223,7.5258726,0.915,39.0,Ondo
289002.0,7.51810895406,5.76556837118,1.1,16.6,0.337,1130.0,2109.0,423.0,6.0,1.0,2252.5771484375,204696.59052505495,12.229284115550996,68016,0.8973469123875063,5.7678223,7.5258726,0.915,39.0,Ondo
289003.0,7.51810895406,5.76556837118,1.1,16.6,0.337,1130.0,2109.0,423.0,6.0,1.0,2252.5771484375,262095.7667312622,12.476465237831434,68016,0.8973469123875063,5.7678223,7.5258726,0.915,39.0,Ondo
289005.0,7.51810895406,5.76556837118,1.1,16.6,0.337,1130.0,2109.0,423.0,6.0,1.0,2252.5771484375,136629.00691986084,11.82502455291602,68016,0.8973469123875063,5.7678223,7.5258726,0.915,39.0,Ondo
289006.0,7.51810895406,5.76556837118,1.1,16.6,0.337,1130.0,2109.0,423.0,6.0,1.0,2252.5771484375,118055.9107208252,11.678913610898718,68016,0.8973469123875063,5.7678223,7.5258726,0.915,39.0,Ondo
289007.0,7.51810895406,5.76556837118,1.1,16.6,0.337,1130.0,2109.0,423.0,6.0,1.0,2252.5771484375,256871.74044799805,12.456332174898591,68016,0.8973469123875063,5.7678223,7.5258726,0.915,39.0,Ondo
289008.0,7.51810895406,5.76556837118,1.1,16.6,0.337,1130.0,2109.0,423.0,6.0,1.0,2252.5771484375,89143.71196492514,11.398005087600396,68016,0.8973469123875063,5.7678223,7.5258726,0.915,39.0,Ondo
289009.0,7.51810895406,5.76556837118,1.1,16.6,0.337,1130.0,2109.0,423.0,6.0,1.0,2252.5771484375,271469.86640930176,12.51160642291202,68016,0.8973469123875063,5.7678223,7.5258726,0.915,39.0,Ondo
289010.0,7.51810895406,5.76556837118,1.1,16.6,0.337,1130.0,2109.0,423.0,6.0,1.0,2252.5771484375,137166.75380342922,11.828952645692889,68016,0.8973469123875063,5.7678223,7.5258726,0.915,39.0,Ondo
289011.0,7.51810895406,5.76556837118,1.1,16.6,0.337,1130.0,2109.0,423.0,6.0,1.0,2252.5771484375,191750.82376098633,12.163952015235848,68016,0.8973469123875063,5.7678223,7.5258726,0.915,39.0,Ondo
289014.0,7.28404238813,5.32969245609,0.4,16.1,0.383,1083.0,207.0,336.0,6.0,2.0,23366.357421875,58071.7830571955,10.969435163202007,13948,2.18589008002787,5.3283691,7.2643942,0.223,39.0,Ondo
289015.0,7.28404238813,5.32969245609,0.4,16.1,0.383,1083.0,207.0,336.0,6.0,2.0,23366.357421875,312964.2409057617,12.653844216688212,13948,2.18589008002787,5.3283691,7.2643942,0.223,39.0,Ondo
289016.0,7.28404238813,5.32969245609,0.4,16.1,0.383,1083.0,207.0,336.0,6.0,2.0,23366.357421875,493337.6038208008,13.108949013428235,13948,2.18589008002787,5.3283691,7.2643942,0.223,39.0,Ondo
289017.0,7.28404238813,5.32969245609,0.4,16.1,0.383,1083.0,207.0,336.0,6.0,2.0,23366.357421875,215563.27583312985,12.28100976878263,13948,2.18589008002787,5.3283691,7.2643942,0.223,39.0,Ondo
289019.0,7.28404238813,5.32969245609,0.4,16.1,0.383,1083.0,207.0,336.0,6.0,2.0,23366.357421875,137719.7281850179,11.832975943772164,13948,2.18589008002787,5.3283691,7.2643942,0.223,39.0,Ondo
289020.0,7.28404238813,5.32969245609,0.4,16.1,0.383,1083.0,207.0,336.0,6.0,2.0,23366.357421875,377542.4085083008,12.841438181780845,13948,2.18589008002787,5.3283691,7.2643942,0.223,39.0,Ondo
289021.0,7.28404238813,5.32969245609,0.4,16.1,0.383,1083.0,207.0,336.0,6.0,2.0,23366.357421875,246262.61117045084,12.414153770597927,13948,2.18589008002787,5.3283691,7.2643942,0.223,39.0,Ondo
289022.0,7.28404238813,5.32969245609,0.4,16.1,0.383,1083.0,207.0,336.0,6.0,2.0,23366.357421875,370970.00201416016,12.823876481215772,13948,2.18589008002787,5.3283691,7.2643942,0.223,39.0,Ondo
289025.0,7.07021029734,5.31736561133,2.2,6.7,0.295,1025.0,125.0,262.0,6.0,2.0,2431.387451171875,369014.6289672851,12.818591567134618,66231,1.2381472727157583,5.3063965,7.0681852,-0.52,39.0,Ondo
289026.0,7.07021029734,5.31736561133,2.2,6.7,0.295,1025.0,125.0,262.0,6.0,2.0,2431.387451171875,77635.04760742188,11.259774248636203,66231,1.2381472727157583,5.3063965,7.0681852,-0.52,39.0,Ondo
289027.0,7.07021029734,5.31736561133,2.2,6.7,0.295,1025.0,125.0,262.0,6.0,2.0,2431.387451171875,98698.91150665285,11.499829197059372,66231,1.2381472727157583,5.3063965,7.0681852,-0.52,39.0,Ondo
289028.0,7.07021029734,5.31736561133,2.2,6.7,0.295,1025.0,125.0,262.0,6.0,2.0,2431.387451171875,134697.2290598551,11.81078479099054,66231,1.2381472727157583,5.3063965,7.0681852,-0.52,39.0,Ondo
289030.0,7.07021029734,5.31736561133,2.2,6.7,0.295,1025.0,125.0,262.0,6.0,2.0,2431.387451171875,105304.31163635256,11.564609643497969,66231,1.2381472727157583,5.3063965,7.0681852,-0.52,39.0,Ondo
289031.0,7.07021029734,5.31736561133,2.2,6.7,0.295,1025.0,125.0,262.0,6.0,2.0,2431.387451171875,143086.22617085776,11.871202707738307,66231,1.2381472727157583,5.3063965,7.0681852,-0.52,39.0,Ondo
289032.0,7.07021029734,5.31736561133,2.2,6.7,0.295,1025.0,125.0,262.0,6.0,2.0,2431.387451171875,319296.6558000837,12.673875905112428,66231,1.2381472727157583,5.3063965,7.0681852,-0.52,39.0,Ondo
289034.0,7.07021029734,5.31736561133,2.2,6.7,0.295,1025.0,125.0,262.0,6.0,2.0,2431.387451171875,302764.8995869954,12.620711874364543,66231,1.2381472727157583,5.3063965,7.0681852,-0.52,39.0,Ondo
289035.0,7.07021029734,5.31736561133,2.2,6.7,0.295,1025.0,125.0,262.0,6.0,2.0,2431.387451171875,368193.8757095337,12.816364914588828,66231,1.2381472727157583,5.3063965,7.0681852,-0.52,39.0,Ondo
289036.0,7.07021029734,5.31736561133,2.2,6.7,0.295,1025.0,125.0,262.0,6.0,2.0,2431.387451171875,68607.58107884724,11.136158318961504,66231,1.2381472727157583,5.3063965,7.0681852,-0.52,39.0,Ondo
289037.0,7.18271364108,4.76776957508,0.6,38.2,0.34,1070.0,132.0,241.0,6.0,2.0,5554.2099609375,319357.5517349243,12.674066605915169,25961,1.3939343137402065,4.7790527,7.1772006,-0.139,22.2,Osun
289038.0,7.18271364108,4.76776957508,0.6,38.2,0.34,1070.0,132.0,241.0,6.0,2.0,5554.2099609375,173723.50870513916,12.06522028391854,25961,1.3939343137402065,4.7790527,7.1772006,-0.139,22.2,Osun
289040.0,7.48965466398,4.36044450314,0.3,2.8,0.372,1108.0,895.0,229.0,6.0,1.0,5554.2099609375,210070.02559661865,12.255196209337765,58675,0.8255042253138157,4.3615723,7.4823037,1.473,22.2,Osun
289041.0,7.78695607245,4.57726801761,0.7,94.2,0.361,1225.0,4963.0,331.0,6.0,1.0,5554.2099609375,281705.23135375977,12.548616524347906,101794,0.448192359270409,4.5812988,7.7871935,1.141,22.2,Osun
289042.0,7.18271364108,4.76776957508,0.6,38.2,0.34,1070.0,132.0,241.0,6.0,2.0,5554.2099609375,293177.9503479004,12.588535042714804,25961,1.3939343137402065,4.7790527,7.1772006,-0.139,22.2,Osun
289043.0,7.18271364108,4.76776957508,0.6,38.2,0.34,1070.0,132.0,241.0,6.0,2.0,5554.2099609375,153030.68340148925,11.938393725375864,25961,1.3939343137402065,4.7790527,7.1772006,-0.139,22.2,Osun
289044.0,7.18271364108,4.76776957508,0.6,38.2,0.34,1070.0,132.0,241.0,6.0,2.0,5554.2099609375,86805.84666660853,11.371429256290236,25961,1.3939343137402065,4.7790527,7.1772006,-0.139,22.2,Osun
289046.0,7.18271364108,4.76776957508,0.6,38.2,0.34,1070.0,132.0,241.0,6.0,2.0,5554.2099609375,169436.26850128174,12.040232138055444,25961,1.3939343137402065,4.7790527,7.1772006,-0.139,22.2,Osun
289047.0,7.18271364108,4.76776957508,0.6,38.2,0.34,1070.0,132.0,241.0,6.0,2.0,5554.2099609375,431574.1280670166,12.975194566331709,25961,1.3939343137402065,4.7790527,7.1772006,-0.139,22.2,Osun
289048.0,7.18271364108,4.76776957508,0.6,38.2,0.34,1070.0,132.0,241.0,6.0,2.0,5554.2099609375,175680.66830444336,12.076423241396952,25961,1.3939343137402065,4.7790527,7.1772006,-0.139,22.2,Osun
289049.0,6.52693105475,4.65185697748,7.4,68.3,0.282,901.0,1455.0,41.0,6.0,1.0,5429.732421875,250383.2548828125,12.430748042500754,98472,0.6948010245745592,4.6472168,6.5227299,0.25,39.0,Ondo
289050.0,6.52693105475,4.65185697748,7.4,68.3,0.282,901.0,1455.0,41.0,6.0,1.0,5429.732421875,164246.7094230652,12.009124902192234,98472,0.6948010245745592,4.6472168,6.5227299,0.25,39.0,Ondo
289051.0,6.52693105475,4.65185697748,7.4,68.3,0.282,901.0,1455.0,41.0,6.0,1.0,5429.732421875,109716.04250144958,11.605650875329305,98472,0.6948010245745592,4.6472168,6.5227299,0.25,39.0,Ondo
289052.0,6.52693105475,4.65185697748,7.4,68.3,0.282,901.0,1455.0,41.0,6.0,1.0,5429.732421875,162838.3659866333,12.0005133680949,98472,0.6948010245745592,4.6472168,6.5227299,0.25,39.0,Ondo
289053.0,6.52693105475,4.65185697748,7.4,68.3,0.282,901.0,1455.0,41.0,6.0,1.0,5429.732421875,263472.9050216675,12.48170581443422,98472,0.6948010245745592,4.6472168,6.5227299,0.25,39.0,Ondo
289054.0,6.52693105475,4.65185697748,7.4,68.3,0.282,901.0,1455.0,41.0,6.0,1.0,5429.732421875,100931.2818664551,11.522195186701696,98472,0.6948010245745592,4.6472168,6.5227299,0.25,39.0,Ondo
289055.0,6.52693105475,4.65185697748,7.4,68.3,0.282,901.0,1455.0,41.0,6.0,1.0,5429.732421875,151840.87961251393,11.930588406849328,98472,0.6948010245745592,4.6472168,6.5227299,0.25,39.0,Ondo
289056.0,6.52693105475,4.65185697748,7.4,68.3,0.282,901.0,1455.0,41.0,6.0,1.0,5429.732421875,170714.26525878906,12.047746474469434,98472,0.6948010245745592,4.6472168,6.5227299,0.25,39.0,Ondo
289058.0,6.52693105475,4.65185697748,7.4,68.3,0.282,901.0,1455.0,41.0,6.0,1.0,5429.732421875,170018.17841593424,12.043660642174032,98472,0.6948010245745592,4.6472168,6.5227299,0.25,39.0,Ondo
289059.0,6.52693105475,4.65185697748,7.4,68.3,0.282,901.0,1455.0,41.0,6.0,1.0,5429.732421875,119151.17490059989,11.68814834316312,98472,0.6948010245745592,4.6472168,6.5227299,0.25,39.0,Ondo
289061.0,7.22317132832,4.78158126485,1.7,19.4,0.332,1072.0,111.0,237.0,6.0,2.0,13080.6123046875,155053.91037495932,11.951528144300603,59805,0.3848229251252425,4.7790527,7.2207995,-0.263,22.2,Osun
289062.0,7.22317132832,4.78158126485,1.7,19.4,0.332,1072.0,111.0,237.0,6.0,2.0,13080.6123046875,165161.9240260533,12.01468162939968,59805,0.3848229251252425,4.7790527,7.2207995,-0.263,22.2,Osun
289063.0,7.22317132832,4.78158126485,1.7,19.4,0.332,1072.0,111.0,237.0,6.0,2.0,13080.6123046875,200520.42244466147,12.20867137812099,59805,0.3848229251252425,4.7790527,7.2207995,-0.263,22.2,Osun
289064.0,7.22317132832,4.78158126485,1.7,19.4,0.332,1072.0,111.0,237.0,6.0,2.0,13080.6123046875,67965.07797241211,11.126749293012304,59805,0.3848229251252425,4.7790527,7.2207995,-0.263,22.2,Osun
289065.0,7.22317132832,4.78158126485,1.7,19.4,0.332,1072.0,111.0,237.0,6.0,2.0,13080.6123046875,369138.5480041504,12.818927321397812,59805,0.3848229251252425,4.7790527,7.2207995,-0.263,22.2,Osun
289066.0,7.22317132832,4.78158126485,1.7,19.4,0.332,1072.0,111.0,237.0,6.0,2.0,13080.6123046875,189557.27795410156,12.15244651616676,59805,0.3848229251252425,4.7790527,7.2207995,-0.263,22.2,Osun
289067.0,7.22317132832,4.78158126485,1.7,19.4,0.332,1072.0,111.0,237.0,6.0,2.0,13080.6123046875,187450.1799519857,12.14126838216352,59805,0.3848229251252425,4.7790527,7.2207995,-0.263,22.2,Osun
289068.0,7.22317132832,4.78158126485,1.7,19.4,0.332,1072.0,111.0,237.0,6.0,2.0,13080.6123046875,220712.8833847046,12.304617965641675,59805,0.3848229251252425,4.7790527,7.2207995,-0.263,22.2,Osun
289071.0,6.34369378844,8.00561712082,6.3,41.8,0.25,1506.0,373.0,82.0,4.0,2.0,13080.6123046875,115137.1159998576,11.653879010146929,5916,0.6150439443927166,8.0090332,6.3480564,0.167,23.2,Ebonyi
289072.0,7.22317132832,4.78158126485,1.7,19.4,0.332,1072.0,111.0,237.0,6.0,2.0,13080.6123046875,78175.54813130698,11.26671219389477,59805,0.3848229251252425,4.7790527,7.2207995,-0.263,22.2,Osun
289073.0,7.09052439027,4.84147905835,23.1,58.4,0.343,1057.0,4080.0,262.0,6.0,1.0,42005.0859375,145465.87865702313,11.887696827143396,63520,0.39208012342025655,4.8449707,7.0899903,0.948,22.2,Osun
289074.0,7.09052439027,4.84147905835,23.1,58.4,0.343,1057.0,4080.0,262.0,6.0,1.0,42005.0859375,147294.6231689453,11.900190099197555,63520,0.39208012342025655,4.8449707,7.0899903,0.948,22.2,Osun
289077.0,7.09052439027,4.84147905835,23.1,58.4,0.343,1057.0,4080.0,262.0,6.0,1.0,42005.0859375,147627.21858978271,11.90244558193734,63520,0.39208012342025655,4.8449707,7.0899903,0.948,22.2,Osun
289080.0,7.09052439027,4.84147905835,23.1,58.4,0.343,1057.0,4080.0,262.0,6.0,1.0,42005.0859375,114030.96810913086,11.644225340566525,63520,0.39208012342025655,4.8449707,7.0899903,0.948,22.2,Osun
289081.0,7.09052439027,4.84147905835,23.1,58.4,0.343,1057.0,4080.0,262.0,6.0,1.0,42005.0859375,142546.67776997885,11.867424788351794,63520,0.39208012342025655,4.8449707,7.0899903,0.948,22.2,Osun
289082.0,7.09052439027,4.84147905835,23.1,58.4,0.343,1057.0,4080.0,262.0,6.0,1.0,42005.0859375,189596.07064819336,12.152651144158945,63520,0.39208012342025655,4.8449707,7.0899903,0.948,22.2,Osun
289083.0,7.09052439027,4.84147905835,23.1,58.4,0.343,1057.0,4080.0,262.0,6.0,1.0,42005.0859375,156842.25164794922,11.962995812640562,63520,0.39208012342025655,4.8449707,7.0899903,0.948,22.2,Osun
289084.0,7.09052439027,4.84147905835,23.1,58.4,0.343,1057.0,4080.0,262.0,6.0,1.0,42005.0859375,139122.16587320963,11.8431077172883,63520,0.39208012342025655,4.8449707,7.0899903,0.948,22.2,Osun
289088.0,7.28404238813,5.32969245609,0.4,16.1,0.383,1083.0,207.0,336.0,6.0,2.0,23366.357421875,223880.86674499512,12.318869344469103,13948,2.18589008002787,5.3283691,7.2643942,0.223,39.0,Ondo
289097.0,7.09052439027,4.84147905835,23.1,58.4,0.343,1057.0,4080.0,262.0,6.0,1.0,42005.0859375,163911.82273864746,12.00708389598426,63520,0.39208012342025655,4.8449707,7.0899903,0.948,22.2,Osun
289098.0,7.09052439027,4.84147905835,23.1,58.4,0.343,1057.0,4080.0,262.0,6.0,1.0,42005.0859375,112848.16793823242,11.633798547627702,63520,0.39208012342025655,4.8449707,7.0899903,0.948,22.2,Osun
289102.0,7.28404238813,5.32969245609,0.4,16.1,0.383,1083.0,207.0,336.0,6.0,2.0,23366.357421875,391400.0731201172,12.87748552076095,13948,2.18589008002787,5.3283691,7.2643942,0.223,39.0,Ondo
290001.0,7.75634569439,4.54948169538,10.6,43.2,0.356,1210.0,6278.0,308.0,6.0,1.0,3098.01416015625,203961.19459915164,12.225685032178571,44389,1.4863639134659095,4.5593262,7.7654229,1.062,22.2,Osun
290002.0,7.75634569439,4.54948169538,10.6,43.2,0.356,1210.0,6278.0,308.0,6.0,1.0,3098.01416015625,160271.79964773994,11.98462640077427,44389,1.4863639134659095,4.5593262,7.7654229,1.062,22.2,Osun
290003.0,7.75634569439,4.54948169538,10.6,43.2,0.356,1210.0,6278.0,308.0,6.0,1.0,3098.01416015625,134969.50164693198,11.812804118171789,44389,1.4863639134659095,4.5593262,7.7654229,1.062,22.2,Osun
290005.0,7.75634569439,4.54948169538,10.6,43.2,0.356,1210.0,6278.0,308.0,6.0,1.0,3098.01416015625,144348.94753011072,11.879988893967242,44389,1.4863639134659095,4.5593262,7.7654229,1.062,22.2,Osun
290006.0,7.75634569439,4.54948169538,10.6,43.2,0.356,1210.0,6278.0,308.0,6.0,1.0,3098.01416015625,297820.5720214844,12.604246476837686,44389,1.4863639134659095,4.5593262,7.7654229,1.062,22.2,Osun
290007.0,7.75634569439,4.54948169538,10.6,43.2,0.356,1210.0,6278.0,308.0,6.0,1.0,3098.01416015625,180257.6500592913,12.102142495629616,44389,1.4863639134659095,4.5593262,7.7654229,1.062,22.2,Osun
290008.0,7.75634569439,4.54948169538,10.6,43.2,0.356,1210.0,6278.0,308.0,6.0,1.0,3098.01416015625,391612.7569351196,12.878028765550996,44389,1.4863639134659095,4.5593262,7.7654229,1.062,22.2,Osun
290009.0,7.82647350542,4.60320123847,1.5,53.6,0.359,1242.0,1657.0,366.0,6.0,1.0,3098.01416015625,112262.76301829022,11.628597500862911,21177,0.4726795432489689,4.6032715,7.8307313,0.698,22.2,Osun
290010.0,7.75634569439,4.54948169538,10.6,43.2,0.356,1210.0,6278.0,308.0,6.0,1.0,3098.01416015625,299322.86153411865,12.609278074265257,44389,1.4863639134659095,4.5593262,7.7654229,1.062,22.2,Osun
290031.0,7.752683349389999,4.554025176159999,3.3,50.8,0.357,1209.0,6110.0,312.0,6.0,1.0,916.7979125976562,80585.81639099121,11.297077937711377,66393,1.1624862929412434,4.5593262,7.7436512,1.082,22.2,Osun
290032.0,7.752683349389999,4.554025176159999,3.3,50.8,0.357,1209.0,6110.0,312.0,6.0,1.0,916.7979125976562,139841.83306884766,11.84826729913331,66393,1.1624862929412434,4.5593262,7.7436512,1.082,22.2,Osun
290033.0,7.752683349389999,4.554025176159999,3.3,50.8,0.357,1209.0,6110.0,312.0,6.0,1.0,916.7979125976562,211547.62811660767,12.262205444157246,66393,1.1624862929412434,4.5593262,7.7436512,1.082,22.2,Osun
290034.0,7.752683349389999,4.554025176159999,3.3,50.8,0.357,1209.0,6110.0,312.0,6.0,1.0,916.7979125976562,183885.90415445963,12.122070758141149,66393,1.1624862929412434,4.5593262,7.7436512,1.082,22.2,Osun
290035.0,7.752683349389999,4.554025176159999,3.3,50.8,0.357,1209.0,6110.0,312.0,6.0,1.0,916.7979125976562,346877.50576782227,12.756726987291907,66393,1.1624862929412434,4.5593262,7.7436512,1.082,22.2,Osun
290036.0,7.752683349389999,4.554025176159999,3.3,50.8,0.357,1209.0,6110.0,312.0,6.0,1.0,916.7979125976562,281552.79638163245,12.548075262729457,66393,1.1624862929412434,4.5593262,7.7436512,1.082,22.2,Osun
290037.0,7.752683349389999,4.554025176159999,3.3,50.8,0.357,1209.0,6110.0,312.0,6.0,1.0,916.7979125976562,160575.22626604355,11.986517811223823,66393,1.1624862929412434,4.5593262,7.7436512,1.082,22.2,Osun
290038.0,7.752683349389999,4.554025176159999,3.3,50.8,0.357,1209.0,6110.0,312.0,6.0,1.0,916.7979125976562,165745.82576315742,12.018210723798305,66393,1.1624862929412434,4.5593262,7.7436512,1.082,22.2,Osun
290039.0,7.752683349389999,4.554025176159999,3.3,50.8,0.357,1209.0,6110.0,312.0,6.0,1.0,916.7979125976562,185064.81312561035,12.128461383924822,66393,1.1624862929412434,4.5593262,7.7436512,1.082,22.2,Osun
290040.0,7.752683349389999,4.554025176159999,3.3,50.8,0.357,1209.0,6110.0,312.0,6.0,1.0,916.7979125976562,178543.43849283853,12.092587203497374,66393,1.1624862929412434,4.5593262,7.7436512,1.082,22.2,Osun
290042.0,7.846303008529999,4.52226616826,4.5,118.9,0.329,1239.0,2602.0,315.0,6.0,2.0,3796.9150390625,199289.77796936035,12.202515215218494,13162,1.0281202870186184,4.5153809,7.8524985,-0.17,22.2,Osun
290043.0,7.846303008529999,4.52226616826,4.5,118.9,0.329,1239.0,2602.0,315.0,6.0,2.0,3796.9150390625,117689.48302078249,11.675804935142054,13162,1.0281202870186184,4.5153809,7.8524985,-0.17,22.2,Osun
290045.0,7.846303008529999,4.52226616826,4.5,118.9,0.329,1239.0,2602.0,315.0,6.0,2.0,3796.9150390625,213074.27100626627,12.269396074083536,13162,1.0281202870186184,4.5153809,7.8524985,-0.17,22.2,Osun
290046.0,7.846303008529999,4.52226616826,4.5,118.9,0.329,1239.0,2602.0,315.0,6.0,2.0,3796.9150390625,141807.62958399454,11.8622266968795,13162,1.0281202870186184,4.5153809,7.8524985,-0.17,22.2,Osun
290047.0,7.846303008529999,4.52226616826,4.5,118.9,0.329,1239.0,2602.0,315.0,6.0,2.0,3796.9150390625,159188.9005393982,11.97784682973194,13162,1.0281202870186184,4.5153809,7.8524985,-0.17,22.2,Osun
290048.0,7.846303008529999,4.52226616826,4.5,118.9,0.329,1239.0,2602.0,315.0,6.0,2.0,3796.9150390625,179051.49897766113,12.09542874722991,13162,1.0281202870186184,4.5153809,7.8524985,-0.17,22.2,Osun
290049.0,7.846303008529999,4.52226616826,4.5,118.9,0.329,1239.0,2602.0,315.0,6.0,2.0,3796.9150390625,133333.40403565904,11.800608067689312,13162,1.0281202870186184,4.5153809,7.8524985,-0.17,22.2,Osun
290050.0,7.846303008529999,4.52226616826,4.5,118.9,0.329,1239.0,2602.0,315.0,6.0,2.0,3796.9150390625,226856.2000579834,12.332071615809578,13162,1.0281202870186184,4.5153809,7.8524985,-0.17,22.2,Osun
290071.0,7.908579255699999,4.68735434357,2.6,19.6,0.334,1310.0,2047.0,408.0,6.0,1.0,3504.132080078125,242041.06252034503,12.396862670580964,52233,1.1066414902999206,4.6911621,7.9177932,-0.109,22.2,Osun
290072.0,7.908579255699999,4.68735434357,2.6,19.6,0.334,1310.0,2047.0,408.0,6.0,1.0,3504.132080078125,89112.04217529297,11.397649757809017,52233,1.1066414902999206,4.6911621,7.9177932,-0.109,22.2,Osun
290073.0,7.81889462484,4.56016534963,1.1,10.3,0.352,1234.0,656.0,344.0,6.0,1.0,3504.132080078125,209010.2245941162,12.250138451253278,64542,1.1063384202914532,4.5593262,7.808963,1.222,22.2,Osun
290074.0,7.908579255699999,4.68735434357,2.6,19.6,0.334,1310.0,2047.0,408.0,6.0,1.0,3504.132080078125,138421.2889213562,11.838057132022463,52233,1.1066414902999206,4.6911621,7.9177932,-0.109,22.2,Osun
290075.0,7.2567247032,5.18272368079,1.4,15.2,0.342,1070.0,7024.0,348.0,6.0,1.0,3504.132080078125,117873.01640537806,11.677363191844034,78491,1.2432926705225453,5.1745605,7.2643942,1.247,39.0,Ondo
290077.0,7.908579255699999,4.68735434357,2.6,19.6,0.334,1310.0,2047.0,408.0,6.0,1.0,3504.132080078125,476796.5693359375,13.074845199522697,52233,1.1066414902999206,4.6911621,7.9177932,-0.109,22.2,Osun
290078.0,7.908579255699999,4.68735434357,2.6,19.6,0.334,1310.0,2047.0,408.0,6.0,1.0,3504.132080078125,560781.1972351074,13.237086085672358,52233,1.1066414902999206,4.6911621,7.9177932,-0.109,22.2,Osun
290080.0,7.908579255699999,4.68735434357,2.6,19.6,0.334,1310.0,2047.0,408.0,6.0,1.0,3504.132080078125,151956.2150482178,11.931347699438176,52233,1.1066414902999206,4.6911621,7.9177932,-0.109,22.2,Osun
290081.0,7.497393727179999,4.53769734933,1.9,15.1,0.319,1104.0,1039.0,258.0,6.0,1.0,1262.1380615234375,208605.87630208337,12.24820199134419,211,0.7441214604189805,4.5373535,7.5040887,0.867,22.2,Osun
290082.0,7.497393727179999,4.53769734933,1.9,15.1,0.319,1104.0,1039.0,258.0,6.0,1.0,1262.1380615234375,165162.6450322469,12.014685994840589,211,0.7441214604189805,4.5373535,7.5040887,0.867,22.2,Osun
290083.0,7.497393727179999,4.53769734933,1.9,15.1,0.319,1104.0,1039.0,258.0,6.0,1.0,1262.1380615234375,153363.1467704773,11.94056389635668,211,0.7441214604189805,4.5373535,7.5040887,0.867,22.2,Osun
290084.0,7.497393727179999,4.53769734933,1.9,15.1,0.319,1104.0,1039.0,258.0,6.0,1.0,1262.1380615234375,268488.1931640625,12.500562218646,211,0.7441214604189805,4.5373535,7.5040887,0.867,22.2,Osun
290085.0,7.497393727179999,4.53769734933,1.9,15.1,0.319,1104.0,1039.0,258.0,6.0,1.0,1262.1380615234375,89254.02178192139,11.399241760608938,211,0.7441214604189805,4.5373535,7.5040887,0.867,22.2,Osun
290086.0,7.497393727179999,4.53769734933,1.9,15.1,0.319,1104.0,1039.0,258.0,6.0,1.0,1262.1380615234375,110387.23601430256,11.611749790328632,211,0.7441214604189805,4.5373535,7.5040887,0.867,22.2,Osun
290087.0,7.497393727179999,4.53769734933,1.9,15.1,0.319,1104.0,1039.0,258.0,6.0,1.0,1262.1380615234375,310913.4622001648,12.647269895849712,211,0.7441214604189805,4.5373535,7.5040887,0.867,22.2,Osun
290088.0,7.497393727179999,4.53769734933,1.9,15.1,0.319,1104.0,1039.0,258.0,6.0,1.0,1262.1380615234375,458651.21032918297,13.0360453098293,211,0.7441214604189805,4.5373535,7.5040887,0.867,22.2,Osun
290089.0,7.497393727179999,4.53769734933,1.9,15.1,0.319,1104.0,1039.0,258.0,6.0,1.0,1262.1380615234375,98339.02217102052,11.4961761975671,211,0.7441214604189805,4.5373535,7.5040887,0.867,22.2,Osun
290090.0,7.497393727179999,4.53769734933,1.9,15.1,0.319,1104.0,1039.0,258.0,6.0,1.0,1262.1380615234375,260038.212697347,12.468583871111225,211,0.7441214604189805,4.5373535,7.5040887,0.867,22.2,Osun
290171.0,7.35893181932,4.39502249912,1.6,91.6,0.359,1091.0,76.0,179.0,6.0,2.0,973.1422119140624,325404.07190704346,12.692822987232246,20408,1.4229305907206673,4.4055176,7.3515708,-0.524,22.2,Osun
290173.0,7.35893181932,4.39502249912,1.6,91.6,0.359,1091.0,76.0,179.0,6.0,2.0,973.1422119140624,174622.65104021344,12.0703826450169,20408,1.4229305907206673,4.4055176,7.3515708,-0.524,22.2,Osun
290176.0,7.35893181932,4.39502249912,1.6,91.6,0.359,1091.0,76.0,179.0,6.0,2.0,973.1422119140624,187704.3904622396,12.14262361314941,20408,1.4229305907206673,4.4055176,7.3515708,-0.524,22.2,Osun
290177.0,7.35893181932,4.39502249912,1.6,91.6,0.359,1091.0,76.0,179.0,6.0,2.0,973.1422119140624,180208.09800720215,12.10186756214333,20408,1.4229305907206673,4.4055176,7.3515708,-0.524,22.2,Osun
290178.0,7.35893181932,4.39502249912,1.6,91.6,0.359,1091.0,76.0,179.0,6.0,2.0,973.1422119140624,197909.87738545737,12.195567041337856,20408,1.4229305907206673,4.4055176,7.3515708,-0.524,22.2,Osun
290179.0,7.35893181932,4.39502249912,1.6,91.6,0.359,1091.0,76.0,179.0,6.0,2.0,973.1422119140624,140963.2815424601,11.856254720854055,20408,1.4229305907206673,4.4055176,7.3515708,-0.524,22.2,Osun
290180.0,7.35893181932,4.39502249912,1.6,91.6,0.359,1091.0,76.0,179.0,6.0,2.0,973.1422119140624,184189.75047762436,12.12372175781124,20408,1.4229305907206673,4.4055176,7.3515708,-0.524,22.2,Osun
299001.0,7.9247366706,4.66889603368,1.7,16.7,0.321,1307.0,3105.0,399.0,6.0,1.0,2852.765869140625,145423.6596636091,11.887406552051662,81200,0.7714133168542868,4.6691895,7.9177932,1.228,22.2,Osun
299004.0,7.9247366706,4.66889603368,1.7,16.7,0.321,1307.0,3105.0,399.0,6.0,1.0,2852.765869140625,176324.85593159994,12.08008334501437,81200,0.7714133168542868,4.6691895,7.9177932,1.228,22.2,Osun
299005.0,7.9247366706,4.66889603368,1.7,16.7,0.321,1307.0,3105.0,399.0,6.0,1.0,2852.765869140625,527087.9831390381,13.17512276451671,81200,0.7714133168542868,4.6691895,7.9177932,1.228,22.2,Osun
299006.0,7.9247366706,4.66889603368,1.7,16.7,0.321,1307.0,3105.0,399.0,6.0,1.0,2852.765869140625,82070.49096934,11.315333802929976,81200,0.7714133168542868,4.6691895,7.9177932,1.228,22.2,Osun
299007.0,7.9247366706,4.66889603368,1.7,16.7,0.321,1307.0,3105.0,399.0,6.0,1.0,2852.765869140625,169192.62115478516,12.038793115007005,81200,0.7714133168542868,4.6691895,7.9177932,1.228,22.2,Osun
299008.0,7.9247366706,4.66889603368,1.7,16.7,0.321,1307.0,3105.0,399.0,6.0,1.0,2852.765869140625,227167.7436726888,12.33344398247836,81200,0.7714133168542868,4.6691895,7.9177932,1.228,22.2,Osun
299009.0,7.9247366706,4.66889603368,1.7,16.7,0.321,1307.0,3105.0,399.0,6.0,1.0,2852.765869140625,337735.67038218176,12.730018828222724,81200,0.7714133168542868,4.6691895,7.9177932,1.228,22.2,Osun
299010.0,7.9247366706,4.66889603368,1.7,16.7,0.321,1307.0,3105.0,399.0,6.0,1.0,2852.765869140625,212245.61765289307,12.265499456859818,81200,0.7714133168542868,4.6691895,7.9177932,1.228,22.2,Osun
299011.0,7.9247366706,4.66889603368,1.7,16.7,0.321,1307.0,3105.0,399.0,6.0,1.0,2852.765869140625,379254.2004776001,12.845961972897896,81200,0.7714133168542868,4.6691895,7.9177932,1.228,22.2,Osun
299012.0,7.9247366706,4.66889603368,1.7,16.7,0.321,1307.0,3105.0,399.0,6.0,1.0,2852.765869140625,432452.325419108,12.977227369033434,81200,0.7714133168542868,4.6691895,7.9177932,1.228,22.2,Osun
299013.0,7.64331058867,4.71967899438,1.3,51.4,0.306,1199.0,2283.0,373.0,6.0,1.0,13865.599609375,584641.104888916,13.278753442031986,4886,1.1938002148882183,4.7131348,7.6347758,1.077,22.2,Osun
299014.0,7.64331058867,4.71967899438,1.3,51.4,0.306,1199.0,2283.0,373.0,6.0,1.0,13865.599609375,222433.67580159503,12.312384249866918,4886,1.1938002148882183,4.7131348,7.6347758,1.077,22.2,Osun
299015.0,7.64331058867,4.71967899438,1.3,51.4,0.306,1199.0,2283.0,373.0,6.0,1.0,13865.599609375,308852.4245605469,12.640618851378312,4886,1.1938002148882183,4.7131348,7.6347758,1.077,22.2,Osun
299018.0,7.64331058867,4.71967899438,1.3,51.4,0.306,1199.0,2283.0,373.0,6.0,1.0,13865.599609375,170117.18395196824,12.044242795926824,4886,1.1938002148882183,4.7131348,7.6347758,1.077,22.2,Osun
299020.0,7.64331058867,4.71967899438,1.3,51.4,0.306,1199.0,2283.0,373.0,6.0,1.0,13865.599609375,460834.7580566406,13.040794815329551,4886,1.1938002148882183,4.7131348,7.6347758,1.077,22.2,Osun
299022.0,7.64331058867,4.71967899438,1.3,51.4,0.306,1199.0,2283.0,373.0,6.0,1.0,13865.599609375,268044.045046997,12.49890659317976,4886,1.1938002148882183,4.7131348,7.6347758,1.077,22.2,Osun
299023.0,7.64331058867,4.71967899438,1.3,51.4,0.306,1199.0,2283.0,373.0,6.0,1.0,13865.599609375,195862.95739746097,12.185170496708736,4886,1.1938002148882183,4.7131348,7.6347758,1.077,22.2,Osun
299024.0,7.64331058867,4.71967899438,1.3,51.4,0.306,1199.0,2283.0,373.0,6.0,1.0,13865.599609375,345989.60860443115,12.754164020653691,4886,1.1938002148882183,4.7131348,7.6347758,1.077,22.2,Osun
299025.0,7.86984505704,4.46583422154,11.7,60.3,0.331,1233.0,3175.0,365.0,6.0,1.0,3001.70556640625,91031.1783883231,11.41895734647018,87432,0.7919661092638599,4.4714355,7.8742645,1.105,22.2,Osun
299027.0,7.86984505704,4.46583422154,11.7,60.3,0.331,1233.0,3175.0,365.0,6.0,1.0,3001.70556640625,189771.97387123108,12.153578492881037,87432,0.7919661092638599,4.4714355,7.8742645,1.105,22.2,Osun
299028.0,7.86984505704,4.46583422154,11.7,60.3,0.331,1233.0,3175.0,365.0,6.0,1.0,3001.70556640625,93487.0821685791,11.445578547107171,87432,0.7919661092638599,4.4714355,7.8742645,1.105,22.2,Osun
299029.0,7.86984505704,4.46583422154,11.7,60.3,0.331,1233.0,3175.0,365.0,6.0,1.0,3001.70556640625,300976.2005004883,12.614786472500276,87432,0.7919661092638599,4.4714355,7.8742645,1.105,22.2,Osun
299030.0,7.86984505704,4.46583422154,11.7,60.3,0.331,1233.0,3175.0,365.0,6.0,1.0,3001.70556640625,127395.34392929076,11.755050474586495,87432,0.7919661092638599,4.4714355,7.8742645,1.105,22.2,Osun
299032.0,7.86984505704,4.46583422154,11.7,60.3,0.331,1233.0,3175.0,365.0,6.0,1.0,3001.70556640625,187227.50790405276,12.140079776162333,87432,0.7919661092638599,4.4714355,7.8742645,1.105,22.2,Osun
299033.0,7.86984505704,4.46583422154,11.7,60.3,0.331,1233.0,3175.0,365.0,6.0,1.0,3001.70556640625,102675.60269775391,11.539329808763744,87432,0.7919661092638599,4.4714355,7.8742645,1.105,22.2,Osun
299034.0,7.86984505704,4.46583422154,11.7,60.3,0.331,1233.0,3175.0,365.0,6.0,1.0,3001.70556640625,94949.4006729126,11.461099404192208,87432,0.7919661092638599,4.4714355,7.8742645,1.105,22.2,Osun
299035.0,7.86984505704,4.46583422154,11.7,60.3,0.331,1233.0,3175.0,365.0,6.0,1.0,3001.70556640625,245303.7260986328,12.410252420097104,87432,0.7919661092638599,4.4714355,7.8742645,1.105,22.2,Osun
299036.0,7.86984505704,4.46583422154,11.7,60.3,0.331,1233.0,3175.0,365.0,6.0,1.0,3001.70556640625,316540.29650878906,12.665205831605068,87432,0.7919661092638599,4.4714355,7.8742645,1.105,22.2,Osun
300011.0,7.39917871104,3.9194874200299994,0.6,20.1,0.296,978.0,17351.0,227.0,6.0,1.0,6430.693359375,335024.01574675244,12.72195749703396,29199,0.5338822973562997,3.9221191,7.3951528,1.548,34.42,Oyo
300012.0,7.39917871104,3.9194874200299994,0.6,20.1,0.296,978.0,17351.0,227.0,6.0,1.0,6430.693359375,228510.66578165692,12.339338165608472,29199,0.5338822973562997,3.9221191,7.3951528,1.548,34.42,Oyo
300013.0,7.39917871104,3.9194874200299994,0.6,20.1,0.296,978.0,17351.0,227.0,6.0,1.0,6430.693359375,227707.98764801025,12.33581933113796,29199,0.5338822973562997,3.9221191,7.3951528,1.548,34.42,Oyo
300014.0,7.46195685297,3.98879673865,5.8,34.3,0.317,1018.0,620.0,227.0,6.0,1.0,6430.693359375,407077.1072021484,12.916757899065988,47111,0.18064376097611232,3.9880371,7.4605176,0.672,34.42,Oyo
300016.0,7.39917871104,3.9194874200299994,0.6,20.1,0.296,978.0,17351.0,227.0,6.0,1.0,6430.693359375,230540.9562501907,12.348183810017446,29199,0.5338822973562997,3.9221191,7.3951528,1.548,34.42,Oyo
300017.0,7.39917871104,3.9194874200299994,0.6,20.1,0.296,978.0,17351.0,227.0,6.0,1.0,6430.693359375,277428.94023640954,12.533320108156648,29199,0.5338822973562997,3.9221191,7.3951528,1.548,34.42,Oyo
300018.0,7.39917871104,3.9194874200299994,0.6,20.1,0.296,978.0,17351.0,227.0,6.0,1.0,6430.693359375,368334.97851308185,12.81674807080726,29199,0.5338822973562997,3.9221191,7.3951528,1.548,34.42,Oyo
300019.0,7.39917871104,3.9194874200299994,0.6,20.1,0.296,978.0,17351.0,227.0,6.0,1.0,6430.693359375,247173.6049118042,12.417846222617936,29199,0.5338822973562997,3.9221191,7.3951528,1.548,34.42,Oyo
300020.0,8.15833763849,4.25003410804,2.0,35.4,0.263,1166.0,3313.0,349.0,6.0,1.0,6430.693359375,288138.1588745117,12.571195362404316,41206,0.22998120842430217,4.251709,8.157118,1.186,34.42,Oyo
300035.0,7.60483105959,3.46335915921,2.5,37.6,0.318,956.0,640.0,207.0,6.0,1.0,7897.42041015625,317093.97200012207,12.66695345057004,38285,0.9535370856944614,3.4606934,7.6129974,-0.463,34.42,Oyo
300036.0,7.54685598907,3.53921050284,7.5,41.3,0.344,980.0,119.0,161.0,6.0,2.0,7897.42041015625,151244.82303365073,11.926655147430612,55339,1.0442361015837178,3.548584,7.5476555,-0.866,34.42,Oyo
300037.0,7.54685598907,3.53921050284,7.5,41.3,0.344,980.0,119.0,161.0,6.0,2.0,7897.42041015625,247734.53546142575,12.420113030310327,55339,1.0442361015837178,3.548584,7.5476555,-0.866,34.42,Oyo
300038.0,7.54685598907,3.53921050284,7.5,41.3,0.344,980.0,119.0,161.0,6.0,2.0,7897.42041015625,481449.77645874023,13.084557198359963,55339,1.0442361015837178,3.548584,7.5476555,-0.866,34.42,Oyo
300040.0,7.53090935084,3.45899021583,5.2,105.0,0.329,970.0,242.0,144.0,6.0,1.0,7897.42041015625,288024.1993160248,12.57079978099101,34619,0.5901787155588653,3.4606934,7.5258726,-0.322,34.42,Oyo
300092.0,7.37355391494,3.98900585707,27.3,28.6,0.335,1009.0,5524.0,207.0,6.0,1.0,573.24658203125,394259.453125,12.884764482026732,17901,0.10961532672078561,3.9880371,7.3733623,0.941,34.42,Oyo
300093.0,8.9813356923,7.56066168615,0.3,118.0,0.336,1298.0,2654.0,432.0,1.0,1.0,573.24658203125,375869.5462239583,12.836997410638398,91476,1.0022953448027148,7.5695801,8.9827489,0.809,47.82,Nasarawa
300094.0,7.37355391494,3.98900585707,27.3,28.6,0.335,1009.0,5524.0,207.0,6.0,1.0,573.24658203125,175502.95456314087,12.07541115686396,17901,0.10961532672078561,3.9880371,7.3733623,0.941,34.42,Oyo
300095.0,7.37355391494,3.98900585707,27.3,28.6,0.335,1009.0,5524.0,207.0,6.0,1.0,573.24658203125,259885.6026870727,12.467996823508706,17901,0.10961532672078561,3.9880371,7.3733623,0.941,34.42,Oyo
300096.0,7.37355391494,3.98900585707,27.3,28.6,0.335,1009.0,5524.0,207.0,6.0,1.0,573.24658203125,471814.1131210328,13.06434035886362,17901,0.10961532672078561,3.9880371,7.3733623,0.941,34.42,Oyo
300098.0,7.37355391494,3.98900585707,27.3,28.6,0.335,1009.0,5524.0,207.0,6.0,1.0,573.24658203125,400888.8381219591,12.901439456192511,17901,0.10961532672078561,3.9880371,7.3733623,0.941,34.42,Oyo
300099.0,7.37355391494,3.98900585707,27.3,28.6,0.335,1009.0,5524.0,207.0,6.0,1.0,573.24658203125,229445.558429718,12.343421062170894,17901,0.10961532672078561,3.9880371,7.3733623,0.941,34.42,Oyo
300100.0,7.37355391494,3.98900585707,27.3,28.6,0.335,1009.0,5524.0,207.0,6.0,1.0,573.24658203125,219338.5958557129,12.29837191461464,17901,0.10961532672078561,3.9880371,7.3733623,0.941,34.42,Oyo
300131.0,7.52376225446,3.89493785503,31.8,96.3,0.326,1041.0,989.0,216.0,6.0,1.0,7298.88232421875,230361.3528411865,12.347404454329473,55640,0.623811514186862,3.9001465,7.5258726,0.473,34.42,Oyo
300135.0,7.52376225446,3.89493785503,31.8,96.3,0.326,1041.0,989.0,216.0,6.0,1.0,7298.88232421875,183663.7236836751,12.120861775837705,55640,0.623811514186862,3.9001465,7.5258726,0.473,34.42,Oyo
300136.0,7.56362720146,3.88593763827,2.3,73.0,0.349,1046.0,691.0,257.0,6.0,2.0,7298.88232421875,194831.03956298827,12.17988799816962,31369,1.0763753488201164,3.8781738,7.5694372,0.411,34.42,Oyo
300137.0,7.52376225446,3.89493785503,31.8,96.3,0.326,1041.0,989.0,216.0,6.0,1.0,7298.88232421875,332441.00732421875,12.71421770175568,55640,0.623811514186862,3.9001465,7.5258726,0.473,34.42,Oyo
300138.0,7.52376225446,3.89493785503,31.8,96.3,0.326,1041.0,989.0,216.0,6.0,1.0,7298.88232421875,508266.8109321594,13.138761807052118,55640,0.623811514186862,3.9001465,7.5258726,0.473,34.42,Oyo
300139.0,7.52376225446,3.89493785503,31.8,96.3,0.326,1041.0,989.0,216.0,6.0,1.0,7298.88232421875,233536.37779998776,12.361093137532494,55640,0.623811514186862,3.9001465,7.5258726,0.473,34.42,Oyo
300140.0,8.12862286804,4.25760459612,4.3,22.2,0.264,1166.0,3880.0,315.0,6.0,1.0,7298.88232421875,178154.0784886678,12.090404064337282,10954,0.9943191301953794,4.251709,8.1353671,1.02,34.42,Oyo
300141.0,7.53436805391,3.92693336156,6.0,68.0,0.328,1041.0,1027.0,244.0,6.0,1.0,3212.080810546875,118080.42278289796,11.679121220306362,14883,1.0838844589685204,3.9221191,7.5258726,0.94,34.42,Oyo
300142.0,7.53436805391,3.92693336156,6.0,68.0,0.328,1041.0,1027.0,244.0,6.0,1.0,3212.080810546875,637767.4334220886,13.365728971454963,14883,1.0838844589685204,3.9221191,7.5258726,0.94,34.42,Oyo
300143.0,7.53436805391,3.92693336156,6.0,68.0,0.328,1041.0,1027.0,244.0,6.0,1.0,3212.080810546875,385028.2141723633,12.861071894149392,14883,1.0838844589685204,3.9221191,7.5258726,0.94,34.42,Oyo
300144.0,7.53436805391,3.92693336156,6.0,68.0,0.328,1041.0,1027.0,244.0,6.0,1.0,3212.080810546875,515334.29553222656,13.152571086598511,14883,1.0838844589685204,3.9221191,7.5258726,0.94,34.42,Oyo
300145.0,7.53436805391,3.92693336156,6.0,68.0,0.328,1041.0,1027.0,244.0,6.0,1.0,3212.080810546875,233490.61058425903,12.360897143651998,14883,1.0838844589685204,3.9221191,7.5258726,0.94,34.42,Oyo
300146.0,7.53436805391,3.92693336156,6.0,68.0,0.328,1041.0,1027.0,244.0,6.0,1.0,3212.080810546875,274150.87610880536,12.521433876554994,14883,1.0838844589685204,3.9221191,7.5258726,0.94,34.42,Oyo
300147.0,7.53436805391,3.92693336156,6.0,68.0,0.328,1041.0,1027.0,244.0,6.0,1.0,3212.080810546875,243286.4432800293,12.40199480703846,14883,1.0838844589685204,3.9221191,7.5258726,0.94,34.42,Oyo
300148.0,7.53436805391,3.92693336156,6.0,68.0,0.328,1041.0,1027.0,244.0,6.0,1.0,3212.080810546875,183588.6993408203,12.12045320484296,14883,1.0838844589685204,3.9221191,7.5258726,0.94,34.42,Oyo
300149.0,7.53436805391,3.92693336156,6.0,68.0,0.328,1041.0,1027.0,244.0,6.0,1.0,3212.080810546875,195813.30362701416,12.184916951750036,14883,1.0838844589685204,3.9221191,7.5258726,0.94,34.42,Oyo
300171.0,7.87623366503,4.133592342939999,2.5,43.7,0.322,1107.0,91.0,296.0,6.0,2.0,4094.753662109375,223285.0562477112,12.316204513276766,62191,1.5384535194630955,4.119873,7.8742645,-0.502,34.42,Oyo
300172.0,7.87623366503,4.133592342939999,2.5,43.7,0.322,1107.0,91.0,296.0,6.0,2.0,4094.753662109375,136236.14752197266,11.822145037793288,62191,1.5384535194630955,4.119873,7.8742645,-0.502,34.42,Oyo
300173.0,7.87623366503,4.133592342939999,2.5,43.7,0.322,1107.0,91.0,296.0,6.0,2.0,4094.753662109375,198802.65134429932,12.200067909857625,62191,1.5384535194630955,4.119873,7.8742645,-0.502,34.42,Oyo
300174.0,7.84821182124,3.93448240095,4.4,165.0,0.327,1065.0,4706.0,292.0,6.0,1.0,4094.753662109375,238804.8303375244,12.383401887840082,26179,1.1679614153103686,3.9440918,7.8524985,1.157,34.42,Oyo
300175.0,7.87623366503,4.133592342939999,2.5,43.7,0.322,1107.0,91.0,296.0,6.0,2.0,4094.753662109375,117846.37553024292,11.677137152950673,62191,1.5384535194630955,4.119873,7.8742645,-0.502,34.42,Oyo
300176.0,7.87623366503,4.133592342939999,2.5,43.7,0.322,1107.0,91.0,296.0,6.0,2.0,4094.753662109375,156968.2807413737,11.963799030424497,62191,1.5384535194630955,4.119873,7.8742645,-0.502,34.42,Oyo
300177.0,7.87623366503,4.133592342939999,2.5,43.7,0.322,1107.0,91.0,296.0,6.0,2.0,4094.753662109375,166487.87911224365,12.02267778762806,62191,1.5384535194630955,4.119873,7.8742645,-0.502,34.42,Oyo
300178.0,7.87623366503,4.133592342939999,2.5,43.7,0.322,1107.0,91.0,296.0,6.0,2.0,4094.753662109375,173951.27993774414,12.066530538631454,62191,1.5384535194630955,4.119873,7.8742645,-0.502,34.42,Oyo
300180.0,7.87623366503,4.133592342939999,2.5,43.7,0.322,1107.0,91.0,296.0,6.0,2.0,4094.753662109375,217977.72534179688,12.29214815921956,62191,1.5384535194630955,4.119873,7.8742645,-0.502,34.42,Oyo
309001.0,7.40324126398,4.01679006847,2.3,204.5,0.319,1009.0,2029.0,174.0,6.0,1.0,12500.830078125,415814.8283014297,12.937995315870772,1087,1.1715380356985563,4.0100098,7.3951528,0.946,34.42,Oyo
309003.0,7.40324126398,4.01679006847,2.3,204.5,0.319,1009.0,2029.0,174.0,6.0,1.0,12500.830078125,301624.0039701462,12.616936500709352,1087,1.1715380356985563,4.0100098,7.3951528,0.946,34.42,Oyo
309005.0,7.40324126398,4.01679006847,2.3,204.5,0.319,1009.0,2029.0,174.0,6.0,1.0,12500.830078125,82918.47493171692,11.325613174336643,1087,1.1715380356985563,4.0100098,7.3951528,0.946,34.42,Oyo
309006.0,7.40324126398,4.01679006847,2.3,204.5,0.319,1009.0,2029.0,174.0,6.0,1.0,12500.830078125,249817.1695652008,12.428484607558994,1087,1.1715380356985563,4.0100098,7.3951528,0.946,34.42,Oyo
309007.0,7.40324126398,4.01679006847,2.3,204.5,0.319,1009.0,2029.0,174.0,6.0,1.0,12500.830078125,213623.5460650126,12.271970614379576,1087,1.1715380356985563,4.0100098,7.3951528,0.946,34.42,Oyo
309008.0,7.40324126398,4.01679006847,2.3,204.5,0.319,1009.0,2029.0,174.0,6.0,1.0,12500.830078125,244585.47445170084,12.407320115564664,1087,1.1715380356985563,4.0100098,7.3951528,0.946,34.42,Oyo
309009.0,7.40324126398,4.01679006847,2.3,204.5,0.319,1009.0,2029.0,174.0,6.0,1.0,12500.830078125,483034.9273529053,13.087844243380276,1087,1.1715380356985563,4.0100098,7.3951528,0.946,34.42,Oyo
309010.0,7.40324126398,4.01679006847,2.3,204.5,0.319,1009.0,2029.0,174.0,6.0,1.0,12500.830078125,293142.0053253174,12.588412430402942,1087,1.1715380356985563,4.0100098,7.3951528,0.946,34.42,Oyo
309013.0,7.42494768614,3.8868548959,0.1,82.9,0.258,990.0,9643.0,205.0,6.0,1.0,8778.25390625,206498.3793533325,12.238047843184546,3943,1.3107912663065127,3.8781738,7.4169421,1.164,34.42,Oyo
309014.0,7.42494768614,3.8868548959,0.1,82.9,0.258,990.0,9643.0,205.0,6.0,1.0,8778.25390625,163969.1403869629,12.007433520728268,3943,1.3107912663065127,3.8781738,7.4169421,1.164,34.42,Oyo
309016.0,7.42494768614,3.8868548959,0.1,82.9,0.258,990.0,9643.0,205.0,6.0,1.0,8778.25390625,216279.98176193237,12.284329059169751,3943,1.3107912663065127,3.8781738,7.4169421,1.164,34.42,Oyo
309017.0,7.42494768614,3.8868548959,0.1,82.9,0.258,990.0,9643.0,205.0,6.0,1.0,8778.25390625,154021.3481953939,11.944846496433671,3943,1.3107912663065127,3.8781738,7.4169421,1.164,34.42,Oyo
309018.0,7.42494768614,3.8868548959,0.1,82.9,0.258,990.0,9643.0,205.0,6.0,1.0,8778.25390625,244892.27304840088,12.4085736909864,3943,1.3107912663065127,3.8781738,7.4169421,1.164,34.42,Oyo
309019.0,7.42494768614,3.8868548959,0.1,82.9,0.258,990.0,9643.0,205.0,6.0,1.0,8778.25390625,393668.5284423828,12.8832645358204,3943,1.3107912663065127,3.8781738,7.4169421,1.164,34.42,Oyo
309021.0,7.42494768614,3.8868548959,0.1,82.9,0.258,990.0,9643.0,205.0,6.0,1.0,8778.25390625,259975.41855621335,12.468342361513534,3943,1.3107912663065127,3.8781738,7.4169421,1.164,34.42,Oyo
309022.0,7.42494768614,3.8868548959,0.1,82.9,0.258,990.0,9643.0,205.0,6.0,1.0,8778.25390625,339466.9363460541,12.735131831977728,3943,1.3107912663065127,3.8781738,7.4169421,1.164,34.42,Oyo
309023.0,7.42494768614,3.8868548959,0.1,82.9,0.258,990.0,9643.0,205.0,6.0,1.0,8778.25390625,139342.0342895508,11.84468686794324,3943,1.3107912663065127,3.8781738,7.4169421,1.164,34.42,Oyo
309024.0,7.42494768614,3.8868548959,0.1,82.9,0.258,990.0,9643.0,205.0,6.0,1.0,8778.25390625,240334.85607910156,12.389788463552977,3943,1.3107912663065127,3.8781738,7.4169421,1.164,34.42,Oyo
309025.0,7.39680485028,3.26936651351,2.2,99.0,0.332,968.0,316.0,126.0,6.0,2.0,9047.970703125,261139.66326904297,12.472810651495942,29221,2.3463187481481182,3.2629395,7.4169421,-0.272,34.42,Oyo
309027.0,7.39680485028,3.26936651351,2.2,99.0,0.332,968.0,316.0,126.0,6.0,2.0,9047.970703125,427299.19149780273,12.965239729511914,29221,2.3463187481481182,3.2629395,7.4169421,-0.272,34.42,Oyo
309028.0,7.39680485028,3.26936651351,2.2,99.0,0.332,968.0,316.0,126.0,6.0,2.0,9047.970703125,367490.95892333984,12.814453995763262,29221,2.3463187481481182,3.2629395,7.4169421,-0.272,34.42,Oyo
309029.0,7.39680485028,3.26936651351,2.2,99.0,0.332,968.0,316.0,126.0,6.0,2.0,9047.970703125,254205.3657951355,12.445897746071497,29221,2.3463187481481182,3.2629395,7.4169421,-0.272,34.42,Oyo
309031.0,7.39680485028,3.26936651351,2.2,99.0,0.332,968.0,316.0,126.0,6.0,2.0,9047.970703125,363521.04513168335,12.803592470102876,29221,2.3463187481481182,3.2629395,7.4169421,-0.272,34.42,Oyo
309032.0,7.39680485028,3.26936651351,2.2,99.0,0.332,968.0,316.0,126.0,6.0,2.0,9047.970703125,172885.7284603119,12.060386126103294,29221,2.3463187481481182,3.2629395,7.4169421,-0.272,34.42,Oyo
309033.0,7.39680485028,3.26936651351,2.2,99.0,0.332,968.0,316.0,126.0,6.0,2.0,9047.970703125,450265.77111816406,13.017593289894304,29221,2.3463187481481182,3.2629395,7.4169421,-0.272,34.42,Oyo
309035.0,7.39680485028,3.26936651351,2.2,99.0,0.332,968.0,316.0,126.0,6.0,2.0,9047.970703125,508657.05877685547,13.139529313599024,29221,2.3463187481481182,3.2629395,7.4169421,-0.272,34.42,Oyo
309036.0,7.39680485028,3.26936651351,2.2,99.0,0.332,968.0,316.0,126.0,6.0,2.0,9047.970703125,286968.54496765137,12.567127889319456,29221,2.3463187481481182,3.2629395,7.4169421,-0.272,34.42,Oyo
309037.0,7.67821414604,3.19726704894,1.5,134.0,0.317,934.0,319.0,137.0,6.0,1.0,15864.384765625,213437.32184651695,12.271098494060007,44079,0.03010427978281754,3.1970215,7.6783293,0.038,34.42,Oyo
309039.0,7.67821414604,3.19726704894,1.5,134.0,0.317,934.0,319.0,137.0,6.0,1.0,15864.384765625,173528.31419067385,12.064096059236888,44079,0.03010427978281754,3.1970215,7.6783293,0.038,34.42,Oyo
309041.0,7.67821414604,3.19726704894,1.5,134.0,0.317,934.0,319.0,137.0,6.0,1.0,15864.384765625,387190.0913391113,12.8666710435073,44079,0.03010427978281754,3.1970215,7.6783293,0.038,34.42,Oyo
309042.0,7.67821414604,3.19726704894,1.5,134.0,0.317,934.0,319.0,137.0,6.0,1.0,15864.384765625,291420.0812988281,12.58252108354258,44079,0.03010427978281754,3.1970215,7.6783293,0.038,34.42,Oyo
309043.0,7.67821414604,3.19726704894,1.5,134.0,0.317,934.0,319.0,137.0,6.0,1.0,15864.384765625,223986.0307070414,12.319338965977536,44079,0.03010427978281754,3.1970215,7.6783293,0.038,34.42,Oyo
309044.0,7.67821414604,3.19726704894,1.5,134.0,0.317,934.0,319.0,137.0,6.0,1.0,15864.384765625,100710.31411743164,11.520003497666536,44079,0.03010427978281754,3.1970215,7.6783293,0.038,34.42,Oyo
309046.0,7.67821414604,3.19726704894,1.5,134.0,0.317,934.0,319.0,137.0,6.0,1.0,15864.384765625,406680.1322631836,12.915782239615718,44079,0.03010427978281754,3.1970215,7.6783293,0.038,34.42,Oyo
309047.0,7.67821414604,3.19726704894,1.5,134.0,0.317,934.0,319.0,137.0,6.0,1.0,15864.384765625,343833.09481811523,12.747911629130808,44079,0.03010427978281754,3.1970215,7.6783293,0.038,34.42,Oyo
309048.0,7.67821414604,3.19726704894,1.5,134.0,0.317,934.0,319.0,137.0,6.0,1.0,15864.384765625,369533.7071126302,12.81999723878929,44079,0.03010427978281754,3.1970215,7.6783293,0.038,34.42,Oyo
309049.0,9.02620595531,3.9534200999,46.7,184.5,0.311,1011.0,68.0,419.0,6.0,2.0,6785.61572265625,447622.46795654297,13.011705450667126,73715,1.035458226123849,3.9440918,9.0261526,-0.763,34.42,Oyo
309050.0,9.02620595531,3.9534200999,46.7,184.5,0.311,1011.0,68.0,419.0,6.0,2.0,6785.61572265625,214586.59396362305,12.27646863734681,73715,1.035458226123849,3.9440918,9.0261526,-0.763,34.42,Oyo
309052.0,9.02620595531,3.9534200999,46.7,184.5,0.311,1011.0,68.0,419.0,6.0,2.0,6785.61572265625,173202.52091471356,12.062216829939386,73715,1.035458226123849,3.9440918,9.0261526,-0.763,34.42,Oyo
309053.0,9.02620595531,3.9534200999,46.7,184.5,0.311,1011.0,68.0,419.0,6.0,2.0,6785.61572265625,81437.56167130245,11.30759189115075,73715,1.035458226123849,3.9440918,9.0261526,-0.763,34.42,Oyo
309055.0,9.02620595531,3.9534200999,46.7,184.5,0.311,1011.0,68.0,419.0,6.0,2.0,6785.61572265625,173250.2551116943,12.062492389557235,73715,1.035458226123849,3.9440918,9.0261526,-0.763,34.42,Oyo
309056.0,9.02620595531,3.9534200999,46.7,184.5,0.311,1011.0,68.0,419.0,6.0,2.0,6785.61572265625,76814.0212399619,11.249142470700884,73715,1.035458226123849,3.9440918,9.0261526,-0.763,34.42,Oyo
309057.0,9.02620595531,3.9534200999,46.7,184.5,0.311,1011.0,68.0,419.0,6.0,2.0,6785.61572265625,127491.15295410156,11.755802252577835,73715,1.035458226123849,3.9440918,9.0261526,-0.763,34.42,Oyo
309058.0,9.02620595531,3.9534200999,46.7,184.5,0.311,1011.0,68.0,419.0,6.0,2.0,6785.61572265625,88107.63054199218,11.386314420455053,73715,1.035458226123849,3.9440918,9.0261526,-0.763,34.42,Oyo
309059.0,9.02620595531,3.9534200999,46.7,184.5,0.311,1011.0,68.0,419.0,6.0,2.0,6785.61572265625,126380.72187805174,11.74705423227546,73715,1.035458226123849,3.9440918,9.0261526,-0.763,34.42,Oyo
309060.0,9.02620595531,3.9534200999,46.7,184.5,0.311,1011.0,68.0,419.0,6.0,2.0,6785.61572265625,119733.29209391277,11.69302198231478,73715,1.035458226123849,3.9440918,9.0261526,-0.763,34.42,Oyo
309061.0,8.10745991826,3.5212737035,1.7,166.9,0.326,972.0,276.0,329.0,6.0,2.0,19488.6171875,236628.0061187744,12.374244592577886,106,0.9043178693647773,3.5266113,8.1136149,-0.331,34.42,Oyo
309062.0,8.10745991826,3.5212737035,1.7,166.9,0.326,972.0,276.0,329.0,6.0,2.0,19488.6171875,237053.04753112793,12.376039224316504,106,0.9043178693647773,3.5266113,8.1136149,-0.331,34.42,Oyo
309063.0,8.10745991826,3.5212737035,1.7,166.9,0.326,972.0,276.0,329.0,6.0,2.0,19488.6171875,381680.05979919434,12.852337996863614,106,0.9043178693647773,3.5266113,8.1136149,-0.331,34.42,Oyo
309064.0,8.10745991826,3.5212737035,1.7,166.9,0.326,972.0,276.0,329.0,6.0,2.0,19488.6171875,191534.92239379883,12.16282543334655,106,0.9043178693647773,3.5266113,8.1136149,-0.331,34.42,Oyo
309065.0,8.10745991826,3.5212737035,1.7,166.9,0.326,972.0,276.0,329.0,6.0,2.0,19488.6171875,317137.0157241821,12.667089185735804,106,0.9043178693647773,3.5266113,8.1136149,-0.331,34.42,Oyo
309067.0,8.10745991826,3.5212737035,1.7,166.9,0.326,972.0,276.0,329.0,6.0,2.0,19488.6171875,239252.3439083099,12.385274106167149,106,0.9043178693647773,3.5266113,8.1136149,-0.331,34.42,Oyo
309068.0,8.10745991826,3.5212737035,1.7,166.9,0.326,972.0,276.0,329.0,6.0,2.0,19488.6171875,284547.1637611389,12.558654296528209,106,0.9043178693647773,3.5266113,8.1136149,-0.331,34.42,Oyo
309069.0,8.10745991826,3.5212737035,1.7,166.9,0.326,972.0,276.0,329.0,6.0,2.0,19488.6171875,224022.78192138672,12.319503030671765,106,0.9043178693647773,3.5266113,8.1136149,-0.331,34.42,Oyo
309070.0,8.10745991826,3.5212737035,1.7,166.9,0.326,972.0,276.0,329.0,6.0,2.0,19488.6171875,215448.69676208496,12.280478094114503,106,0.9043178693647773,3.5266113,8.1136149,-0.331,34.42,Oyo
309071.0,8.10745991826,3.5212737035,1.7,166.9,0.326,972.0,276.0,329.0,6.0,2.0,19488.6171875,177413.0778961182,12.086236065960726,106,0.9043178693647773,3.5266113,8.1136149,-0.331,34.42,Oyo
309073.0,7.43471070282,3.99048145881,0.8,73.5,0.318,1011.0,1935.0,201.0,6.0,2.0,5115.849609375,461254.39865112305,13.0417050106624,83652,0.5222058133705094,3.9880371,7.4387304,1.509,34.42,Oyo
309074.0,7.43471070282,3.99048145881,0.8,73.5,0.318,1011.0,1935.0,201.0,6.0,2.0,5115.849609375,156594.54994637624,11.961415259547374,83652,0.5222058133705094,3.9880371,7.4387304,1.509,34.42,Oyo
309075.0,7.43471070282,3.99048145881,0.8,73.5,0.318,1011.0,1935.0,201.0,6.0,2.0,5115.849609375,219896.2264556885,12.300911016121344,83652,0.5222058133705094,3.9880371,7.4387304,1.509,34.42,Oyo
309076.0,7.43471070282,3.99048145881,0.8,73.5,0.318,1011.0,1935.0,201.0,6.0,2.0,5115.849609375,279927.3970489502,12.542285552274553,83652,0.5222058133705094,3.9880371,7.4387304,1.509,34.42,Oyo
309077.0,7.43471070282,3.99048145881,0.8,73.5,0.318,1011.0,1935.0,201.0,6.0,2.0,5115.849609375,165654.43321990967,12.017659169941073,83652,0.5222058133705094,3.9880371,7.4387304,1.509,34.42,Oyo
309081.0,7.43471070282,3.99048145881,0.8,73.5,0.318,1011.0,1935.0,201.0,6.0,2.0,5115.849609375,122679.40213012695,11.717329744806849,83652,0.5222058133705094,3.9880371,7.4387304,1.509,34.42,Oyo
309082.0,7.43471070282,3.99048145881,0.8,73.5,0.318,1011.0,1935.0,201.0,6.0,2.0,5115.849609375,195827.75275573728,12.184990739359858,83652,0.5222058133705094,3.9880371,7.4387304,1.509,34.42,Oyo
309083.0,7.43471070282,3.99048145881,0.8,73.5,0.318,1011.0,1935.0,201.0,6.0,2.0,5115.849609375,230815.25280125937,12.349372898093025,83652,0.5222058133705094,3.9880371,7.4387304,1.509,34.42,Oyo
309084.0,7.43471070282,3.99048145881,0.8,73.5,0.318,1011.0,1935.0,201.0,6.0,2.0,5115.849609375,160103.86047363284,11.983578011583743,83652,0.5222058133705094,3.9880371,7.4387304,1.509,34.42,Oyo
309085.0,8.1690982922,4.22528696956,6.7,122.5,0.262,1159.0,1819.0,330.0,6.0,2.0,3903.0849609375,240564.19314193728,12.39074224826348,7129,1.191582926922495,4.2297363,8.1788678,-0.313,34.42,Oyo
309086.0,8.1690982922,4.22528696956,6.7,122.5,0.262,1159.0,1819.0,330.0,6.0,2.0,3903.0849609375,148079.65573120117,11.905505622360838,7129,1.191582926922495,4.2297363,8.1788678,-0.313,34.42,Oyo
309087.0,8.1690982922,4.22528696956,6.7,122.5,0.262,1159.0,1819.0,330.0,6.0,2.0,3903.0849609375,149209.18822479248,11.913104548131717,7129,1.191582926922495,4.2297363,8.1788678,-0.313,34.42,Oyo
309088.0,8.1690982922,4.22528696956,6.7,122.5,0.262,1159.0,1819.0,330.0,6.0,2.0,3903.0849609375,183284.07235717773,12.118792536201669,7129,1.191582926922495,4.2297363,8.1788678,-0.313,34.42,Oyo
309091.0,8.30229460505,4.15125009008,7.7,117.8,0.286,1125.0,141.0,398.0,6.0,2.0,3903.0849609375,607413.9776344299,13.316965843568768,1556,1.304419854342455,4.1418457,8.3093413,-0.552,34.42,Oyo
309092.0,8.1690982922,4.22528696956,6.7,122.5,0.262,1159.0,1819.0,330.0,6.0,2.0,3903.0849609375,331477.21408081055,12.711314350441148,7129,1.191582926922495,4.2297363,8.1788678,-0.313,34.42,Oyo
309093.0,8.1690982922,4.22528696956,6.7,122.5,0.262,1159.0,1819.0,330.0,6.0,2.0,3903.0849609375,248101.46076202393,12.4215930574579,7129,1.191582926922495,4.2297363,8.1788678,-0.313,34.42,Oyo
309094.0,8.1690982922,4.22528696956,6.7,122.5,0.262,1159.0,1819.0,330.0,6.0,2.0,3903.0849609375,152616.48322041827,11.935683407860395,7129,1.191582926922495,4.2297363,8.1788678,-0.313,34.42,Oyo
309095.0,8.1690982922,4.22528696956,6.7,122.5,0.262,1159.0,1819.0,330.0,6.0,2.0,3903.0849609375,122799.9609743754,11.718311976896883,7129,1.191582926922495,4.2297363,8.1788678,-0.313,34.42,Oyo
309096.0,8.1690982922,4.22528696956,6.7,122.5,0.262,1159.0,1819.0,330.0,6.0,2.0,3903.0849609375,296501.15343170165,12.59980638756986,7129,1.191582926922495,4.2297363,8.1788678,-0.313,34.42,Oyo
309097.0,7.3534433524,3.94787083042,43.0,68.2,0.346,1008.0,13386.0,197.0,6.0,1.0,23912.244140625,490074.7721862793,13.102313254743708,3676,0.4681453576462306,3.9440918,7.3515708,1.232,34.42,Oyo
309098.0,7.3534433524,3.94787083042,43.0,68.2,0.346,1008.0,13386.0,197.0,6.0,1.0,23912.244140625,122403.6466623942,11.715079441609976,3676,0.4681453576462306,3.9440918,7.3515708,1.232,34.42,Oyo
309099.0,7.3534433524,3.94787083042,43.0,68.2,0.346,1008.0,13386.0,197.0,6.0,1.0,23912.244140625,144232.71341145836,11.87918333948704,3676,0.4681453576462306,3.9440918,7.3515708,1.232,34.42,Oyo
309101.0,7.3534433524,3.94787083042,43.0,68.2,0.346,1008.0,13386.0,197.0,6.0,1.0,23912.244140625,318833.3885860443,12.672423952490853,3676,0.4681453576462306,3.9440918,7.3515708,1.232,34.42,Oyo
309103.0,7.3534433524,3.94787083042,43.0,68.2,0.346,1008.0,13386.0,197.0,6.0,1.0,23912.244140625,321144.704416275,12.679647093109772,3676,0.4681453576462306,3.9440918,7.3515708,1.232,34.42,Oyo
309104.0,7.3534433524,3.94787083042,43.0,68.2,0.346,1008.0,13386.0,197.0,6.0,1.0,23912.244140625,305599.683624649,12.630031301014313,3676,0.4681453576462306,3.9440918,7.3515708,1.232,34.42,Oyo
309105.0,7.3534433524,3.94787083042,43.0,68.2,0.346,1008.0,13386.0,197.0,6.0,1.0,23912.244140625,271057.24214172363,12.510085303172064,3676,0.4681453576462306,3.9440918,7.3515708,1.232,34.42,Oyo
309108.0,7.3534433524,3.94787083042,43.0,68.2,0.346,1008.0,13386.0,197.0,6.0,1.0,23912.244140625,616061.8793945312,13.331102691033086,3676,0.4681453576462306,3.9440918,7.3515708,1.232,34.42,Oyo
309109.0,8.54096411813,4.06665491915,9.0,142.6,0.288,1107.0,90.0,400.0,6.0,2.0,2047.58349609375,161459.96901157923,11.992012521022684,44933,1.6352030317585404,4.0539551,8.5484296,0.023,34.42,Oyo
309112.0,8.54096411813,4.06665491915,9.0,142.6,0.288,1107.0,90.0,400.0,6.0,2.0,2047.58349609375,162237.32192557197,11.996815492379708,44933,1.6352030317585404,4.0539551,8.5484296,0.023,34.42,Oyo
309113.0,8.54096411813,4.06665491915,9.0,142.6,0.288,1107.0,90.0,400.0,6.0,2.0,2047.58349609375,112163.45626831056,11.62771251730995,44933,1.6352030317585404,4.0539551,8.5484296,0.023,34.42,Oyo
309114.0,8.54096411813,4.06665491915,9.0,142.6,0.288,1107.0,90.0,400.0,6.0,2.0,2047.58349609375,206610.17597961423,12.238589088954296,44933,1.6352030317585404,4.0539551,8.5484296,0.023,34.42,Oyo
309115.0,8.54096411813,4.06665491915,9.0,142.6,0.288,1107.0,90.0,400.0,6.0,2.0,2047.58349609375,194928.24354969367,12.180386788027526,44933,1.6352030317585404,4.0539551,8.5484296,0.023,34.42,Oyo
309116.0,8.54096411813,4.06665491915,9.0,142.6,0.288,1107.0,90.0,400.0,6.0,2.0,2047.58349609375,327680.44718170166,12.699794166082546,44933,1.6352030317585404,4.0539551,8.5484296,0.023,34.42,Oyo
309117.0,8.54096411813,4.06665491915,9.0,142.6,0.288,1107.0,90.0,400.0,6.0,2.0,2047.58349609375,153951.67750167847,11.944394049699117,44933,1.6352030317585404,4.0539551,8.5484296,0.023,34.42,Oyo
309118.0,8.47403546517,4.51529208555,0.7,82.6,0.268,1190.0,1066.0,333.0,1.0,1.0,2047.58349609375,275350.6656265259,12.52580071207113,60547,1.0215733351042295,4.5153809,8.4832384,1.672,38.36,Kwara
309119.0,8.54096411813,4.06665491915,9.0,142.6,0.288,1107.0,90.0,400.0,6.0,2.0,2047.58349609375,232131.8303044637,12.355060723335564,44933,1.6352030317585404,4.0539551,8.5484296,0.023,34.42,Oyo
309121.0,7.40324126398,4.01679006847,2.3,204.5,0.319,1009.0,2029.0,174.0,6.0,1.0,12500.830078125,266765.7738647461,12.494126300929258,1087,1.1715380356985563,4.0100098,7.3951528,0.946,34.42,Oyo
309126.0,7.39680485028,3.26936651351,2.2,99.0,0.332,968.0,316.0,126.0,6.0,2.0,9047.970703125,301749.2762298584,12.617351740381451,29221,2.3463187481481182,3.2629395,7.4169421,-0.272,34.42,Oyo
309137.0,7.3534433524,3.94787083042,43.0,68.2,0.346,1008.0,13386.0,197.0,6.0,1.0,23912.244140625,443527.3889160156,13.002514835118088,3676,0.4681453576462306,3.9440918,7.3515708,1.232,34.42,Oyo
309138.0,7.3534433524,3.94787083042,43.0,68.2,0.346,1008.0,13386.0,197.0,6.0,1.0,23912.244140625,148132.14680862427,11.905860038204652,3676,0.4681453576462306,3.9440918,7.3515708,1.232,34.42,Oyo
310071.0,9.083250089230004,9.875452234540004,1.5,8.2,0.346,903.0,116.0,251.0,1.0,2.0,5362.8955078125,31887.978086344403,10.36998435524538,86976,0.8987054838172882,9.876709,9.0912484,-0.242,54.3,Plateau
310072.0,9.083250089230004,9.875452234540004,1.5,8.2,0.346,903.0,116.0,251.0,1.0,2.0,5362.8955078125,39591.86937422319,10.586379057329028,86976,0.8987054838172882,9.876709,9.0912484,-0.242,54.3,Plateau
310073.0,9.083250089230004,9.875452234540004,1.5,8.2,0.346,903.0,116.0,251.0,1.0,2.0,5362.8955078125,27850.45959472656,10.234604747722912,86976,0.8987054838172882,9.876709,9.0912484,-0.242,54.3,Plateau
310074.0,9.083250089230004,9.875452234540004,1.5,8.2,0.346,903.0,116.0,251.0,1.0,2.0,5362.8955078125,85769.74994201658,11.35942165853212,86976,0.8987054838172882,9.876709,9.0912484,-0.242,54.3,Plateau
310075.0,9.083250089230004,9.875452234540004,1.5,8.2,0.346,903.0,116.0,251.0,1.0,2.0,5362.8955078125,41283.78328959147,10.628225045413048,86976,0.8987054838172882,9.876709,9.0912484,-0.242,54.3,Plateau
310076.0,9.083250089230004,9.875452234540004,1.5,8.2,0.346,903.0,116.0,251.0,1.0,2.0,5362.8955078125,100287.31752115884,11.515794520503071,86976,0.8987054838172882,9.876709,9.0912484,-0.242,54.3,Plateau
310077.0,9.083250089230004,9.875452234540004,1.5,8.2,0.346,903.0,116.0,251.0,1.0,2.0,5362.8955078125,130159.84712727866,11.776518567393756,86976,0.8987054838172882,9.876709,9.0912484,-0.242,54.3,Plateau
310078.0,9.083250089230004,9.875452234540004,1.5,8.2,0.346,903.0,116.0,251.0,1.0,2.0,5362.8955078125,192701.36363830563,12.168896930860583,86976,0.8987054838172882,9.876709,9.0912484,-0.242,54.3,Plateau
310079.0,9.083250089230004,9.875452234540004,1.5,8.2,0.346,903.0,116.0,251.0,1.0,2.0,5362.8955078125,255502.79826863608,12.450988640693655,86976,0.8987054838172882,9.876709,9.0912484,-0.242,54.3,Plateau
310080.0,9.083250089230004,9.875452234540004,1.5,8.2,0.346,903.0,116.0,251.0,1.0,2.0,5362.8955078125,128550.4346099237,11.764076593551204,86976,0.8987054838172882,9.876709,9.0912484,-0.242,54.3,Plateau
310081.0,9.05460716739,9.62755412848,1.9,4.6,0.334,939.0,97.0,294.0,1.0,2.0,4994.314453125,139496.69962269175,11.84579622134499,19533,1.11670948197367,9.6350098,9.0478525,-0.186,54.3,Plateau
310082.0,9.05460716739,9.62755412848,1.9,4.6,0.334,939.0,97.0,294.0,1.0,2.0,4994.314453125,50064.30008766868,10.821063459971649,19533,1.11670948197367,9.6350098,9.0478525,-0.186,54.3,Plateau
310083.0,9.05460716739,9.62755412848,1.9,4.6,0.334,939.0,97.0,294.0,1.0,2.0,4994.314453125,84926.39944712323,11.349540271516778,19533,1.11670948197367,9.6350098,9.0478525,-0.186,54.3,Plateau
310084.0,9.05460716739,9.62755412848,1.9,4.6,0.334,939.0,97.0,294.0,1.0,2.0,4994.314453125,77068.86170982593,11.25245460910057,19533,1.11670948197367,9.6350098,9.0478525,-0.186,54.3,Plateau
310085.0,9.05460716739,9.62755412848,1.9,4.6,0.334,939.0,97.0,294.0,1.0,2.0,4994.314453125,74949.26092529295,11.22456664257876,19533,1.11670948197367,9.6350098,9.0478525,-0.186,54.3,Plateau
310086.0,9.05460716739,9.62755412848,1.9,4.6,0.334,939.0,97.0,294.0,1.0,2.0,4994.314453125,223357.47654724124,12.3165288007991,19533,1.11670948197367,9.6350098,9.0478525,-0.186,54.3,Plateau
310087.0,9.05460716739,9.62755412848,1.9,4.6,0.334,939.0,97.0,294.0,1.0,2.0,4994.314453125,65377.766357421875,11.087937515690651,19533,1.11670948197367,9.6350098,9.0478525,-0.186,54.3,Plateau
310088.0,9.05460716739,9.62755412848,1.9,4.6,0.334,939.0,97.0,294.0,1.0,2.0,4994.314453125,47580.30443572998,10.770174182233497,19533,1.11670948197367,9.6350098,9.0478525,-0.186,54.3,Plateau
310089.0,9.05460716739,9.62755412848,1.9,4.6,0.334,939.0,97.0,294.0,1.0,2.0,4994.314453125,54566.1899380154,10.907169738025257,19533,1.11670948197367,9.6350098,9.0478525,-0.186,54.3,Plateau
310090.0,9.05460716739,9.62755412848,1.9,4.6,0.334,939.0,97.0,294.0,1.0,2.0,4994.314453125,104216.36901151216,11.55422448820471,19533,1.11670948197367,9.6350098,9.0478525,-0.186,54.3,Plateau
310091.0,8.746291676179998,9.60817054693,5.8,39.4,0.362,930.0,43.0,204.0,1.0,2.0,7158.82861328125,105297.18379516604,11.564541953179106,55450,0.6001403436597692,9.6130371,8.7439361,-0.305,54.3,Plateau
310092.0,8.746291676179998,9.60817054693,5.8,39.4,0.362,930.0,43.0,204.0,1.0,2.0,7158.82861328125,104458.92113952636,11.556549173959992,55450,0.6001403436597692,9.6130371,8.7439361,-0.305,54.3,Plateau
310093.0,8.746291676179998,9.60817054693,5.8,39.4,0.362,930.0,43.0,204.0,1.0,2.0,7158.82861328125,179848.68587646485,12.09987114232179,55450,0.6001403436597692,9.6130371,8.7439361,-0.305,54.3,Plateau
310094.0,8.746291676179998,9.60817054693,5.8,39.4,0.362,930.0,43.0,204.0,1.0,2.0,7158.82861328125,131028.26162338255,11.783168316498356,55450,0.6001403436597692,9.6130371,8.7439361,-0.305,54.3,Plateau
310095.0,8.746291676179998,9.60817054693,5.8,39.4,0.362,930.0,43.0,204.0,1.0,2.0,7158.82861328125,116306.07954152425,11.663980611788157,55450,0.6001403436597692,9.6130371,8.7439361,-0.305,54.3,Plateau
310096.0,8.746291676179998,9.60817054693,5.8,39.4,0.362,930.0,43.0,204.0,1.0,2.0,7158.82861328125,167306.76262446813,12.027584308300629,55450,0.6001403436597692,9.6130371,8.7439361,-0.305,54.3,Plateau
310097.0,8.746291676179998,9.60817054693,5.8,39.4,0.362,930.0,43.0,204.0,1.0,2.0,7158.82861328125,112101.31154886882,11.627158308803306,55450,0.6001403436597692,9.6130371,8.7439361,-0.305,54.3,Plateau
310098.0,8.746291676179998,9.60817054693,5.8,39.4,0.362,930.0,43.0,204.0,1.0,2.0,7158.82861328125,145398.49411773682,11.887233487203556,55450,0.6001403436597692,9.6130371,8.7439361,-0.305,54.3,Plateau
310099.0,8.746291676179998,9.60817054693,5.8,39.4,0.362,930.0,43.0,204.0,1.0,2.0,7158.82861328125,80131.0328801473,11.291418484744542,55450,0.6001403436597692,9.6130371,8.7439361,-0.305,54.3,Plateau
310100.0,8.746291676179998,9.60817054693,5.8,39.4,0.362,930.0,43.0,204.0,1.0,2.0,7158.82861328125,65331.26384480795,11.08722597319808,55450,0.6001403436597692,9.6130371,8.7439361,-0.305,54.3,Plateau
319001.0,10.3170906475,8.82041803854,0.5,49.7,0.308,1389.0,125.0,841.0,1.0,2.0,12889.7216796875,79680.02749633789,11.285774237342984,14712,0.9750941846381794,8.8220215,10.3257277,-0.198,54.3,Plateau
319002.0,10.3170906475,8.82041803854,0.5,49.7,0.308,1389.0,125.0,841.0,1.0,2.0,12889.7216796875,117276.46298217772,11.672289357918917,14712,0.9750941846381794,8.8220215,10.3257277,-0.198,54.3,Plateau
319004.0,10.3170906475,8.82041803854,0.5,49.7,0.308,1389.0,125.0,841.0,1.0,2.0,12889.7216796875,84482.83050537108,11.344303603413977,14712,0.9750941846381794,8.8220215,10.3257277,-0.198,54.3,Plateau
319005.0,10.3170906475,8.82041803854,0.5,49.7,0.308,1389.0,125.0,841.0,1.0,2.0,12889.7216796875,90457.26701863608,11.412632830532948,14712,0.9750941846381794,8.8220215,10.3257277,-0.198,54.3,Plateau
319006.0,10.3170906475,8.82041803854,0.5,49.7,0.308,1389.0,125.0,841.0,1.0,2.0,12889.7216796875,88669.25595703126,11.39266850119225,14712,0.9750941846381794,8.8220215,10.3257277,-0.198,54.3,Plateau
319007.0,10.3170906475,8.82041803854,0.5,49.7,0.308,1389.0,125.0,841.0,1.0,2.0,12889.7216796875,170784.55148925784,12.048158108290778,14712,0.9750941846381794,8.8220215,10.3257277,-0.198,54.3,Plateau
319008.0,10.3170906475,8.82041803854,0.5,49.7,0.308,1389.0,125.0,841.0,1.0,2.0,12889.7216796875,118216.4216003418,11.680272304933116,14712,0.9750941846381794,8.8220215,10.3257277,-0.198,54.3,Plateau
319009.0,10.3170906475,8.82041803854,0.5,49.7,0.308,1389.0,125.0,841.0,1.0,2.0,12889.7216796875,340125.14380221895,12.737068898877723,14712,0.9750941846381794,8.8220215,10.3257277,-0.198,54.3,Plateau
319010.0,10.3170906475,8.82041803854,0.5,49.7,0.308,1389.0,125.0,841.0,1.0,2.0,12889.7216796875,190243.88227176663,12.156062118948126,14712,0.9750941846381794,8.8220215,10.3257277,-0.198,54.3,Plateau
319012.0,10.3170906475,8.82041803854,0.5,49.7,0.308,1389.0,125.0,841.0,1.0,2.0,12889.7216796875,182885.5431736537,12.1166157890114,14712,0.9750941846381794,8.8220215,10.3257277,-0.198,54.3,Plateau
319025.0,8.7748326081,9.72844528953,6.8,54.6,0.351,939.0,74.0,156.0,1.0,2.0,16607.6953125,61172.367767333984,11.021450859470702,92198,1.1904278441151654,9.7229004,8.7656527,-0.483,54.3,Plateau
319026.0,8.7748326081,9.72844528953,6.8,54.6,0.351,939.0,74.0,156.0,1.0,2.0,16607.6953125,141995.3543955485,11.863549620523926,92198,1.1904278441151654,9.7229004,8.7656527,-0.483,54.3,Plateau
319027.0,8.7748326081,9.72844528953,6.8,54.6,0.351,939.0,74.0,156.0,1.0,2.0,16607.6953125,134416.73267279728,11.808700198375371,92198,1.1904278441151654,9.7229004,8.7656527,-0.483,54.3,Plateau
319029.0,8.7748326081,9.72844528953,6.8,54.6,0.351,939.0,74.0,156.0,1.0,2.0,16607.6953125,95887.22877044676,11.470928079640911,92198,1.1904278441151654,9.7229004,8.7656527,-0.483,54.3,Plateau
319030.0,8.7748326081,9.72844528953,6.8,54.6,0.351,939.0,74.0,156.0,1.0,2.0,16607.6953125,157082.49228583442,11.96452637491338,92198,1.1904278441151654,9.7229004,8.7656527,-0.483,54.3,Plateau
319031.0,8.7748326081,9.72844528953,6.8,54.6,0.351,939.0,74.0,156.0,1.0,2.0,16607.6953125,179961.60523681642,12.100498802879851,92198,1.1904278441151654,9.7229004,8.7656527,-0.483,54.3,Plateau
319032.0,8.7748326081,9.72844528953,6.8,54.6,0.351,939.0,74.0,156.0,1.0,2.0,16607.6953125,200020.026096344,12.20617277099917,92198,1.1904278441151654,9.7229004,8.7656527,-0.483,54.3,Plateau
319033.0,8.7748326081,9.72844528953,6.8,54.6,0.351,939.0,74.0,156.0,1.0,2.0,16607.6953125,85837.87950897217,11.360215674168288,92198,1.1904278441151654,9.7229004,8.7656527,-0.483,54.3,Plateau
319034.0,8.7748326081,9.72844528953,6.8,54.6,0.351,939.0,74.0,156.0,1.0,2.0,16607.6953125,118481.62597220283,11.682513172448145,92198,1.1904278441151654,9.7229004,8.7656527,-0.483,54.3,Plateau
319036.0,8.7748326081,9.72844528953,6.8,54.6,0.351,939.0,74.0,156.0,1.0,2.0,16607.6953125,88533.85930480956,11.39114034884154,92198,1.1904278441151654,9.7229004,8.7656527,-0.483,54.3,Plateau
319037.0,9.48214995909,9.13585511701,8.2,56.5,0.282,1230.0,2222.0,1146.0,1.0,2.0,23101.455078125,191931.06730855303,12.164891562110595,101536,0.6929991693493921,9.1296387,9.4815719,0.644,54.3,Plateau
319038.0,9.48214995909,9.13585511701,8.2,56.5,0.282,1230.0,2222.0,1146.0,1.0,2.0,23101.455078125,127479.19497680664,11.755708453613362,101536,0.6929991693493921,9.1296387,9.4815719,0.644,54.3,Plateau
319039.0,9.48214995909,9.13585511701,8.2,56.5,0.282,1230.0,2222.0,1146.0,1.0,2.0,23101.455078125,691804.8215332031,13.447059145008769,101536,0.6929991693493921,9.1296387,9.4815719,0.644,54.3,Plateau
319040.0,9.48214995909,9.13585511701,8.2,56.5,0.282,1230.0,2222.0,1146.0,1.0,2.0,23101.455078125,298765.84938557947,12.6074154331573,101536,0.6929991693493921,9.1296387,9.4815719,0.644,54.3,Plateau
319041.0,9.48214995909,9.13585511701,8.2,56.5,0.282,1230.0,2222.0,1146.0,1.0,2.0,23101.455078125,277660.92849036626,12.53415596656637,101536,0.6929991693493921,9.1296387,9.4815719,0.644,54.3,Plateau
319042.0,9.48214995909,9.13585511701,8.2,56.5,0.282,1230.0,2222.0,1146.0,1.0,2.0,23101.455078125,399386.4194908142,12.897684697109382,101536,0.6929991693493921,9.1296387,9.4815719,0.644,54.3,Plateau
319043.0,9.48214995909,9.13585511701,8.2,56.5,0.282,1230.0,2222.0,1146.0,1.0,2.0,23101.455078125,331583.39294433594,12.711634619397886,101536,0.6929991693493921,9.1296387,9.4815719,0.644,54.3,Plateau
319044.0,9.48214995909,9.13585511701,8.2,56.5,0.282,1230.0,2222.0,1146.0,1.0,2.0,23101.455078125,330013.0235112508,12.706887397849542,101536,0.6929991693493921,9.1296387,9.4815719,0.644,54.3,Plateau
319048.0,9.48214995909,9.13585511701,8.2,56.5,0.282,1230.0,2222.0,1146.0,1.0,2.0,23101.455078125,242291.31045532227,12.397896043410077,101536,0.6929991693493921,9.1296387,9.4815719,0.644,54.3,Plateau
319049.0,9.26292192235,9.48228362707,0.7,7.7,0.314,984.0,73.0,1298.0,1.0,2.0,6023.06689453125,183532.27199885048,12.12014580021713,10703,0.2386145969200108,9.4812012,9.2647792,-0.723,54.3,Plateau
319050.0,9.26292192235,9.48228362707,0.7,7.7,0.314,984.0,73.0,1298.0,1.0,2.0,6023.06689453125,152645.68738365173,11.935874746100994,10703,0.2386145969200108,9.4812012,9.2647792,-0.723,54.3,Plateau
319051.0,9.26292192235,9.48228362707,0.7,7.7,0.314,984.0,73.0,1298.0,1.0,2.0,6023.06689453125,68560.27802276611,11.135468608437971,10703,0.2386145969200108,9.4812012,9.2647792,-0.723,54.3,Plateau
319052.0,9.26292192235,9.48228362707,0.7,7.7,0.314,984.0,73.0,1298.0,1.0,2.0,6023.06689453125,45764.79674275716,10.731270444483926,10703,0.2386145969200108,9.4812012,9.2647792,-0.723,54.3,Plateau
319054.0,9.26292192235,9.48228362707,0.7,7.7,0.314,984.0,73.0,1298.0,1.0,2.0,6023.06689453125,74551.441212972,11.219244652171977,10703,0.2386145969200108,9.4812012,9.2647792,-0.723,54.3,Plateau
319056.0,9.26292192235,9.48228362707,0.7,7.7,0.314,984.0,73.0,1298.0,1.0,2.0,6023.06689453125,224919.14418029785,12.32349625740289,10703,0.2386145969200108,9.4812012,9.2647792,-0.723,54.3,Plateau
319057.0,9.26292192235,9.48228362707,0.7,7.7,0.314,984.0,73.0,1298.0,1.0,2.0,6023.06689453125,133641.77336120603,11.802918166071413,10703,0.2386145969200108,9.4812012,9.2647792,-0.723,54.3,Plateau
319058.0,9.26292192235,9.48228362707,0.7,7.7,0.314,984.0,73.0,1298.0,1.0,2.0,6023.06689453125,412381.4505340576,12.929704050806984,10703,0.2386145969200108,9.4812012,9.2647792,-0.723,54.3,Plateau
319059.0,9.26292192235,9.48228362707,0.7,7.7,0.314,984.0,73.0,1298.0,1.0,2.0,6023.06689453125,143463.19341430665,11.873833789395778,10703,0.2386145969200108,9.4812012,9.2647792,-0.723,54.3,Plateau
319060.0,9.26292192235,9.48228362707,0.7,7.7,0.314,984.0,73.0,1298.0,1.0,2.0,6023.06689453125,230516.4582244873,12.348077541145251,10703,0.2386145969200108,9.4812012,9.2647792,-0.723,54.3,Plateau
319061.0,8.86605815113,9.86379203117,2.3,55.3,0.358,941.0,31.0,175.0,1.0,2.0,12154.69140625,81426.2497291565,11.307452978250865,2511,1.352970336923757,9.8547363,8.8742168,-0.438,54.3,Plateau
319062.0,8.86605815113,9.86379203117,2.3,55.3,0.358,941.0,31.0,175.0,1.0,2.0,12154.69140625,41604.13710893903,10.635954891038669,2511,1.352970336923757,9.8547363,8.8742168,-0.438,54.3,Plateau
319063.0,8.86605815113,9.86379203117,2.3,55.3,0.358,941.0,31.0,175.0,1.0,2.0,12154.69140625,73054.80098179409,11.19896513687818,2511,1.352970336923757,9.8547363,8.8742168,-0.438,54.3,Plateau
319064.0,8.86605815113,9.86379203117,2.3,55.3,0.358,941.0,31.0,175.0,1.0,2.0,12154.69140625,78732.80547441756,11.273815189665536,2511,1.352970336923757,9.8547363,8.8742168,-0.438,54.3,Plateau
319065.0,8.86605815113,9.86379203117,2.3,55.3,0.358,941.0,31.0,175.0,1.0,2.0,12154.69140625,55457.9365133558,10.923380111722366,2511,1.352970336923757,9.8547363,8.8742168,-0.438,54.3,Plateau
319069.0,8.86605815113,9.86379203117,2.3,55.3,0.358,941.0,31.0,175.0,1.0,2.0,12154.69140625,102337.65130784776,11.536032932201728,2511,1.352970336923757,9.8547363,8.8742168,-0.438,54.3,Plateau
319070.0,8.86605815113,9.86379203117,2.3,55.3,0.358,941.0,31.0,175.0,1.0,2.0,12154.69140625,216330.3700536092,12.284562009175191,2511,1.352970336923757,9.8547363,8.8742168,-0.438,54.3,Plateau
319071.0,8.86605815113,9.86379203117,2.3,55.3,0.358,941.0,31.0,175.0,1.0,2.0,12154.69140625,251855.26256306967,12.436609846580142,2511,1.352970336923757,9.8547363,8.8742168,-0.438,54.3,Plateau
319072.0,8.86605815113,9.86379203117,2.3,55.3,0.358,941.0,31.0,175.0,1.0,2.0,12154.69140625,173215.28424847318,12.0622905174553,2511,1.352970336923757,9.8547363,8.8742168,-0.438,54.3,Plateau
319079.0,9.48214995909,9.13585511701,8.2,56.5,0.282,1230.0,2222.0,1146.0,1.0,2.0,23101.455078125,363509.0023727417,12.803559341461265,101536,0.6929991693493921,9.1296387,9.4815719,0.644,54.3,Plateau
319083.0,8.86605815113,9.86379203117,2.3,55.3,0.358,941.0,31.0,175.0,1.0,2.0,12154.69140625,45858.17506045387,10.733308761909983,2511,1.352970336923757,9.8547363,8.8742168,-0.438,54.3,Plateau
320001.0,4.86001819643,7.05859914566,2.6,11.2,0.202,1724.0,4155.0,20.0,5.0,1.0,1700.3990478515625,413777.92611694336,12.933084698542404,98884,0.6341851966315074,7.064209,4.8611009,1.084,19.55,Rivers
320002.0,4.86001819643,7.05859914566,2.6,11.2,0.202,1724.0,4155.0,20.0,5.0,1.0,1700.3990478515625,396915.697378976,12.891479187948704,98884,0.6341851966315074,7.064209,4.8611009,1.084,19.55,Rivers
320007.0,6.43216674574,7.49017574606,3.4,111.5,0.281,1343.0,4094.0,211.0,4.0,1.0,1700.3990478515625,389934.952044487,12.873735214565372,15292,1.0080498203740473,7.4816895,6.4354006,1.03,30.6,Enugu
320009.0,4.92488000352,6.30448742331,4.5,51.6,0.211,1636.0,2826.0,11.0,5.0,1.0,1700.3990478515625,1587721.0215697289,14.277810226243574,91916,1.0559199690211807,6.295166,4.9267785,0.784,51.28,Bayelsa
320010.0,5.48717187722,7.05869329889,3.8,38.3,0.314,1637.0,4793.0,83.0,4.0,1.0,1700.3990478515625,368946.0199890137,12.818405625028989,18811,1.1277111909477722,7.064209,5.4957038,1.24,21.86,Imo
320051.0,5.08014972082,6.8168513406199995,0.8,81.6,0.243,1719.0,234.0,32.0,5.0,2.0,6945.765625,327626.9616241455,12.69963092801456,97479,0.6283058930722941,6.8225098,5.080001,-0.203,19.55,Rivers
320052.0,5.08014972082,6.8168513406199995,0.8,81.6,0.243,1719.0,234.0,32.0,5.0,2.0,6945.765625,272631.1469953488,12.515875050687976,97479,0.6283058930722941,6.8225098,5.080001,-0.203,19.55,Rivers
320054.0,4.82515434012,7.01573619737,1.6,31.1,0.179,1716.0,5741.0,10.0,5.0,1.0,2193.76806640625,377693.3523788452,12.841837908277844,101213,1.0051320706806004,7.0202637,4.8173122,1.252,19.55,Rivers
320055.0,4.80794322157,6.973051684379998,1.3,1.5,0.165,1716.0,3280.0,11.0,5.0,1.0,2193.76806640625,173082.96786371866,12.061526341544006,17217,1.1013593611702448,6.9763184,4.8173122,1.324,19.55,Rivers
320056.0,4.80794322157,6.973051684379998,1.3,1.5,0.165,1716.0,3280.0,11.0,5.0,2.0,2193.76806640625,1755223.5902862549,14.378106808639684,17217,1.1013593611702448,6.9763184,4.8173122,1.324,19.55,Rivers
320057.0,4.80794322157,6.973051684379998,1.3,1.5,0.165,1716.0,3280.0,11.0,5.0,1.0,2193.76806640625,323514.88079833984,12.687000391241783,17217,1.1013593611702448,6.9763184,4.8173122,1.324,19.55,Rivers
320061.0,4.93682588434,6.33351170849,0.3,73.7,0.214,1651.0,2487.0,15.0,5.0,1.0,2193.76806640625,724950.8675537109,13.493859162648963,14801,1.2767671304905706,6.3391113,4.9267785,0.907,51.28,Bayelsa
320063.0,5.50376808019,5.99543287506,12.7,17.0,0.234,1473.0,2963.0,9.0,5.0,1.0,2193.76806640625,341129.82456970215,12.740018401024448,5040,1.2518480127875191,5.9875488,5.4957038,0.873,31.23,Delta
320074.0,4.775896523230001,6.83958672566,8.1,85.4,0.167,1707.0,3426.0,11.0,5.0,2.0,5439.81640625,183883.5265636444,12.122057828350812,28612,0.6040293565466801,6.8444824,4.7735207,0.124,19.55,Rivers
320075.0,4.80865362402,6.99233557874,1.7,96.5,0.169,1713.0,7538.0,8.0,5.0,1.0,5439.81640625,461530.10992279055,13.042302574399786,80662,1.1664931874339235,6.998291,4.8173122,0.921,19.55,Rivers
320076.0,4.775896523230001,6.83958672566,8.1,85.4,0.167,1707.0,3426.0,11.0,5.0,2.0,5439.81640625,184241.7443725586,12.12400400238591,28612,0.6040293565466801,6.8444824,4.7735207,0.124,19.55,Rivers
320077.0,4.83055897409,6.96553013722,4.6,43.6,0.165,1722.0,3719.0,12.0,5.0,2.0,5439.81640625,467222.67123413086,13.054561235076804,70789,1.5347460523266647,6.9763184,4.8392069,0.935,19.55,Rivers
320078.0,4.775896523230001,6.83958672566,8.1,85.4,0.167,1707.0,3426.0,11.0,5.0,2.0,5439.81640625,419746.19889831543,12.947405519266422,28612,0.6040293565466801,6.8444824,4.7735207,0.124,19.55,Rivers
320080.0,4.775896523230001,6.83958672566,8.1,85.4,0.167,1707.0,3426.0,11.0,5.0,2.0,5439.81640625,403095.0063781738,12.906927560981323,28612,0.6040293565466801,6.8444824,4.7735207,0.124,19.55,Rivers
320081.0,4.775896523230001,6.83958672566,8.1,85.4,0.167,1707.0,3426.0,11.0,5.0,2.0,5439.81640625,164842.319480896,12.01274465645844,28612,0.6040293565466801,6.8444824,4.7735207,0.124,19.55,Rivers
320082.0,4.775896523230001,6.83958672566,8.1,85.4,0.167,1707.0,3426.0,11.0,5.0,2.0,5439.81640625,339106.4262898763,12.734069278951196,28612,0.6040293565466801,6.8444824,4.7735207,0.124,19.55,Rivers
320181.0,4.93692677935,7.01730800658,11.4,47.4,0.207,1720.0,1210.0,27.0,5.0,2.0,6945.765625,487077.9005788167,13.096179349393244,45127,1.1732636852626686,7.0202637,4.9267785,0.488,19.55,Rivers
320182.0,5.08014972082,6.8168513406199995,0.8,81.6,0.243,1719.0,234.0,32.0,5.0,2.0,6945.765625,243876.4057413737,12.404416842096902,97479,0.6283058930722941,6.8225098,5.080001,-0.203,19.55,Rivers
320183.0,5.08014972082,6.8168513406199995,0.8,81.6,0.243,1719.0,234.0,32.0,5.0,2.0,6945.765625,239574.87533078875,12.38662127883528,97479,0.6283058930722941,6.8225098,5.080001,-0.203,19.55,Rivers
320184.0,5.08014972082,6.8168513406199995,0.8,81.6,0.243,1719.0,234.0,32.0,5.0,2.0,6945.765625,156318.6798400879,11.95965202200098,97479,0.6283058930722941,6.8225098,5.080001,-0.203,19.55,Rivers
320185.0,4.84817133474,6.98698237976,0.6,100.6,0.174,1721.0,3301.0,16.0,5.0,1.0,6945.765625,201565.53533935547,12.213869844906808,70789,1.5463760323274345,6.9763184,4.8392069,0.935,19.55,Rivers
320186.0,5.08014972082,6.8168513406199995,0.8,81.6,0.243,1719.0,234.0,32.0,5.0,2.0,6945.765625,285375.6831741333,12.561561777781517,97479,0.6283058930722941,6.8225098,5.080001,-0.203,19.55,Rivers
320191.0,5.08014972082,6.8168513406199995,0.8,81.6,0.243,1719.0,234.0,32.0,5.0,2.0,6945.765625,387996.9723027547,12.868752815231549,97479,0.6283058930722941,6.8225098,5.080001,-0.203,19.55,Rivers
329001.0,5.13174585674,6.48734622342,0.8,79.7,0.226,1631.0,653.0,17.0,5.0,2.0,32819.84765625,176310.23818054196,12.080000439192968,11543,1.0798712596222444,6.4929199,5.1237722,-0.514,19.55,Rivers
329002.0,5.13174585674,6.48734622342,0.8,79.7,0.226,1631.0,653.0,17.0,5.0,2.0,32819.84765625,163635.1610107422,12.005394600662218,11543,1.0798712596222444,6.4929199,5.1237722,-0.514,19.55,Rivers
329003.0,5.13174585674,6.48734622342,0.8,79.7,0.226,1631.0,653.0,17.0,5.0,2.0,32819.84765625,87304.54435032434,11.377157794886704,11543,1.0798712596222444,6.4929199,5.1237722,-0.514,19.55,Rivers
329005.0,5.13174585674,6.48734622342,0.8,79.7,0.226,1631.0,653.0,17.0,5.0,2.0,32819.84765625,330877.7970046997,12.709504392851285,11543,1.0798712596222444,6.4929199,5.1237722,-0.514,19.55,Rivers
329006.0,5.13174585674,6.48734622342,0.8,79.7,0.226,1631.0,653.0,17.0,5.0,2.0,32819.84765625,145577.18185424808,11.888461684429158,11543,1.0798712596222444,6.4929199,5.1237722,-0.514,19.55,Rivers
329007.0,5.13174585674,6.48734622342,0.8,79.7,0.226,1631.0,653.0,17.0,5.0,2.0,32819.84765625,277566.0694580078,12.533814271967108,11543,1.0798712596222444,6.4929199,5.1237722,-0.514,19.55,Rivers
329009.0,5.13174585674,6.48734622342,0.8,79.7,0.226,1631.0,653.0,17.0,5.0,2.0,32819.84765625,195585.1841475169,12.183751288046915,11543,1.0798712596222444,6.4929199,5.1237722,-0.514,19.55,Rivers
329010.0,5.13174585674,6.48734622342,0.8,79.7,0.226,1631.0,653.0,17.0,5.0,2.0,32819.84765625,288667.7319030762,12.573031589065067,11543,1.0798712596222444,6.4929199,5.1237722,-0.514,19.55,Rivers
329011.0,5.13174585674,6.48734622342,0.8,79.7,0.226,1631.0,653.0,17.0,5.0,2.0,32819.84765625,229745.57848249163,12.344727795125204,11543,1.0798712596222444,6.4929199,5.1237722,-0.514,19.55,Rivers
329012.0,5.13174585674,6.48734622342,0.8,79.7,0.226,1631.0,653.0,17.0,5.0,2.0,32819.84765625,304527.2465438843,12.626515841747691,11543,1.0798712596222444,6.4929199,5.1237722,-0.514,19.55,Rivers
329013.0,4.49205643604,7.43275720858,2.5,46.9,0.186,1758.0,949.0,10.0,5.0,2.0,5700.70068359375,149257.52668457033,11.91342846003067,76484,0.660559847206375,7.4377441,4.4888091,0.218,19.55,Rivers
329014.0,4.49205643604,7.43275720858,2.5,46.9,0.186,1758.0,949.0,10.0,5.0,2.0,5700.70068359375,179552.12479654947,12.098220833594509,76484,0.660559847206375,7.4377441,4.4888091,0.218,19.55,Rivers
329015.0,6.47462074648,3.21840427127,0.7,11.4,0.163,996.0,3767.0,9.0,6.0,2.0,5700.70068359375,215410.32017735072,12.280299954243562,29205,0.4978798166922241,3.2189941,6.4790672,0.523,21.75,Lagos
329016.0,4.49205643604,7.43275720858,2.5,46.9,0.186,1758.0,949.0,10.0,5.0,2.0,5700.70068359375,167685.1358311971,12.02984330841006,76484,0.660559847206375,7.4377441,4.4888091,0.218,19.55,Rivers
329017.0,4.49205643604,7.43275720858,2.5,46.9,0.186,1758.0,949.0,10.0,5.0,2.0,5700.70068359375,326793.7802734375,12.697084609575846,76484,0.660559847206375,7.4377441,4.4888091,0.218,19.55,Rivers
329018.0,4.49205643604,7.43275720858,2.5,46.9,0.186,1758.0,949.0,10.0,5.0,2.0,5700.70068359375,174408.36339569092,12.06915474455772,76484,0.660559847206375,7.4377441,4.4888091,0.218,19.55,Rivers
329019.0,4.49205643604,7.43275720858,2.5,46.9,0.186,1758.0,949.0,10.0,5.0,2.0,5700.70068359375,207140.06026204425,12.241150463067054,76484,0.660559847206375,7.4377441,4.4888091,0.218,19.55,Rivers
329020.0,4.49205643604,7.43275720858,2.5,46.9,0.186,1758.0,949.0,10.0,5.0,2.0,5700.70068359375,188739.95726812453,12.14812545916926,76484,0.660559847206375,7.4377441,4.4888091,0.218,19.55,Rivers
329021.0,4.49205643604,7.43275720858,2.5,46.9,0.186,1758.0,949.0,10.0,5.0,2.0,5700.70068359375,261489.1841583252,12.474148200860512,76484,0.660559847206375,7.4377441,4.4888091,0.218,19.55,Rivers
329023.0,4.49205643604,7.43275720858,2.5,46.9,0.186,1758.0,949.0,10.0,5.0,2.0,5700.70068359375,369694.028640747,12.82043099288935,76484,0.660559847206375,7.4377441,4.4888091,0.218,19.55,Rivers
329025.0,4.73035345828,6.8657232966,4.7,95.0,0.157,1668.0,3494.0,3.0,5.0,1.0,6212.72607421875,208783.60209859215,12.24905359789609,8772,0.10696466498146785,6.8664551,4.7297265,0.826,19.55,Rivers
329026.0,4.73035345828,6.8657232966,4.7,95.0,0.157,1668.0,3494.0,3.0,5.0,1.0,6212.72607421875,332135.54160563153,12.713298422432354,8772,0.10696466498146785,6.8664551,4.7297265,0.826,19.55,Rivers
329028.0,4.73035345828,6.8657232966,4.7,95.0,0.157,1668.0,3494.0,3.0,5.0,1.0,6212.72607421875,633633.3394775391,13.35922573722292,8772,0.10696466498146785,6.8664551,4.7297265,0.826,19.55,Rivers
329029.0,4.73035345828,6.8657232966,4.7,95.0,0.157,1668.0,3494.0,3.0,5.0,1.0,6212.72607421875,629571.6024551392,13.35279487096255,8772,0.10696466498146785,6.8664551,4.7297265,0.826,19.55,Rivers
329030.0,4.73035345828,6.8657232966,4.7,95.0,0.157,1668.0,3494.0,3.0,5.0,1.0,6212.72607421875,357544.3716796875,12.787014750000912,8772,0.10696466498146785,6.8664551,4.7297265,0.826,19.55,Rivers
329031.0,4.73035345828,6.8657232966,4.7,95.0,0.157,1668.0,3494.0,3.0,5.0,1.0,6212.72607421875,254242.904897054,12.446045407511804,8772,0.10696466498146785,6.8664551,4.7297265,0.826,19.55,Rivers
329033.0,4.73035345828,6.8657232966,4.7,95.0,0.157,1668.0,3494.0,3.0,5.0,1.0,6212.72607421875,685539.2242736816,13.437960996294526,8772,0.10696466498146785,6.8664551,4.7297265,0.826,19.55,Rivers
329034.0,4.73035345828,6.8657232966,4.7,95.0,0.157,1668.0,3494.0,3.0,5.0,1.0,6212.72607421875,235405.37216186523,12.369064294966195,8772,0.10696466498146785,6.8664551,4.7297265,0.826,19.55,Rivers
329035.0,4.73035345828,6.8657232966,4.7,95.0,0.157,1668.0,3494.0,3.0,5.0,1.0,6212.72607421875,363484.89558919275,12.803493022380389,8772,0.10696466498146785,6.8664551,4.7297265,0.826,19.55,Rivers
329036.0,4.73035345828,6.8657232966,4.7,95.0,0.157,1668.0,3494.0,3.0,5.0,1.0,6212.72607421875,130295.1670888265,11.777557671779064,8772,0.10696466498146785,6.8664551,4.7297265,0.826,19.55,Rivers
329037.0,4.72622917731,6.87651243759,0.7,120.1,0.154,1663.0,738.0,4.0,5.0,1.0,4810.82666015625,581920.6174418132,13.274089321262688,8772,1.181935304405096,6.8664551,4.7297265,0.826,19.55,Rivers
329038.0,4.72622917731,6.87651243759,0.7,120.1,0.154,1663.0,738.0,4.0,5.0,1.0,4810.82666015625,182318.54334106445,12.113510674314725,8772,1.181935304405096,6.8664551,4.7297265,0.826,19.55,Rivers
329039.0,4.72622917731,6.87651243759,0.7,120.1,0.154,1663.0,738.0,4.0,5.0,1.0,4810.82666015625,358014.17864481604,12.788327869751692,8772,1.181935304405096,6.8664551,4.7297265,0.826,19.55,Rivers
329040.0,4.72622917731,6.87651243759,0.7,120.1,0.154,1663.0,738.0,4.0,5.0,1.0,4810.82666015625,200836.2934875488,12.210245394927304,8772,1.181935304405096,6.8664551,4.7297265,0.826,19.55,Rivers
329041.0,4.72622917731,6.87651243759,0.7,120.1,0.154,1663.0,738.0,4.0,5.0,1.0,4810.82666015625,434325.7390518189,12.98155008237078,8772,1.181935304405096,6.8664551,4.7297265,0.826,19.55,Rivers
329042.0,4.72622917731,6.87651243759,0.7,120.1,0.154,1663.0,738.0,4.0,5.0,1.0,4810.82666015625,826064.164642334,13.624427730651142,8772,1.181935304405096,6.8664551,4.7297265,0.826,19.55,Rivers
329043.0,4.72622917731,6.87651243759,0.7,120.1,0.154,1663.0,738.0,4.0,5.0,1.0,4810.82666015625,221824.31076049805,12.309640954566955,8772,1.181935304405096,6.8664551,4.7297265,0.826,19.55,Rivers
329046.0,4.72622917731,6.87651243759,0.7,120.1,0.154,1663.0,738.0,4.0,5.0,1.0,4810.82666015625,441734.8344192505,12.998465058906158,8772,1.181935304405096,6.8664551,4.7297265,0.826,19.55,Rivers
329047.0,4.72622917731,6.87651243759,0.7,120.1,0.154,1663.0,738.0,4.0,5.0,1.0,4810.82666015625,317264.29354567756,12.667490439079211,8772,1.181935304405096,6.8664551,4.7297265,0.826,19.55,Rivers
329048.0,4.72622917731,6.87651243759,0.7,120.1,0.154,1663.0,738.0,4.0,5.0,1.0,4810.82666015625,577794.8093109131,13.266974083434482,8772,1.181935304405096,6.8664551,4.7297265,0.826,19.55,Rivers
329049.0,4.66778038175,7.28239045205,3.3,86.0,0.209,1700.0,3269.0,18.0,5.0,2.0,10333.5087890625,179764.82685118454,12.099404758140816,39126,0.45024542559930386,7.2839355,4.6640299,0.71,19.55,Rivers
329050.0,4.66778038175,7.28239045205,3.3,86.0,0.209,1700.0,3269.0,18.0,5.0,2.0,10333.5087890625,183949.92078399655,12.122418829894048,39126,0.45024542559930386,7.2839355,4.6640299,0.71,19.55,Rivers
329053.0,4.66778038175,7.28239045205,3.3,86.0,0.209,1700.0,3269.0,18.0,5.0,2.0,10333.5087890625,303757.2107696533,12.623984012514478,39126,0.45024542559930386,7.2839355,4.6640299,0.71,19.55,Rivers
329054.0,4.66778038175,7.28239045205,3.3,86.0,0.209,1700.0,3269.0,18.0,5.0,2.0,10333.5087890625,226682.57176208496,12.331305955561024,39126,0.45024542559930386,7.2839355,4.6640299,0.71,19.55,Rivers
329055.0,4.66778038175,7.28239045205,3.3,86.0,0.209,1700.0,3269.0,18.0,5.0,2.0,10333.5087890625,236919.8039112091,12.375476982732316,39126,0.45024542559930386,7.2839355,4.6640299,0.71,19.55,Rivers
329056.0,4.66778038175,7.28239045205,3.3,86.0,0.209,1700.0,3269.0,18.0,5.0,2.0,10333.5087890625,317835.9608001709,12.669290682127372,39126,0.45024542559930386,7.2839355,4.6640299,0.71,19.55,Rivers
329057.0,4.66778038175,7.28239045205,3.3,86.0,0.209,1700.0,3269.0,18.0,5.0,2.0,10333.5087890625,140296.3118502299,11.85151197814866,39126,0.45024542559930386,7.2839355,4.6640299,0.71,19.55,Rivers
329058.0,4.66778038175,7.28239045205,3.3,86.0,0.209,1700.0,3269.0,18.0,5.0,2.0,10333.5087890625,193366.6957168579,12.172343643019742,39126,0.45024542559930386,7.2839355,4.6640299,0.71,19.55,Rivers
329059.0,4.66778038175,7.28239045205,3.3,86.0,0.209,1700.0,3269.0,18.0,5.0,2.0,10333.5087890625,279406.4120727539,12.540422674978863,39126,0.45024542559930386,7.2839355,4.6640299,0.71,19.55,Rivers
329060.0,4.66778038175,7.28239045205,3.3,86.0,0.209,1700.0,3269.0,18.0,5.0,2.0,10333.5087890625,310769.95460510254,12.646808221647918,39126,0.45024542559930386,7.2839355,4.6640299,0.71,19.55,Rivers
329061.0,5.08605724116,6.83711951311,5.4,9.4,0.246,1721.0,323.0,36.0,5.0,2.0,21136.03515625,209578.2622802734,12.25285251555584,81906,1.0582332755995842,6.8444824,5.080001,-0.134,19.55,Rivers
329062.0,5.08605724116,6.83711951311,5.4,9.4,0.246,1721.0,323.0,36.0,5.0,2.0,21136.03515625,333203.0258861723,12.716507270524623,81906,1.0582332755995842,6.8444824,5.080001,-0.134,19.55,Rivers
329063.0,5.08605724116,6.83711951311,5.4,9.4,0.246,1721.0,323.0,36.0,5.0,2.0,21136.03515625,404557.09582519537,12.910548157127138,81906,1.0582332755995842,6.8444824,5.080001,-0.134,19.55,Rivers
329065.0,5.08605724116,6.83711951311,5.4,9.4,0.246,1721.0,323.0,36.0,5.0,2.0,21136.03515625,238355.0617340088,12.381516696967196,81906,1.0582332755995842,6.8444824,5.080001,-0.134,19.55,Rivers
329066.0,5.08605724116,6.83711951311,5.4,9.4,0.246,1721.0,323.0,36.0,5.0,2.0,21136.03515625,227232.6374511719,12.333729606265749,81906,1.0582332755995842,6.8444824,5.080001,-0.134,19.55,Rivers
329067.0,5.08605724116,6.83711951311,5.4,9.4,0.246,1721.0,323.0,36.0,5.0,2.0,21136.03515625,487963.674697876,13.09799624497019,81906,1.0582332755995842,6.8444824,5.080001,-0.134,19.55,Rivers
329068.0,5.08605724116,6.83711951311,5.4,9.4,0.246,1721.0,323.0,36.0,5.0,2.0,21136.03515625,245557.4447593689,12.41128618971831,81906,1.0582332755995842,6.8444824,5.080001,-0.134,19.55,Rivers
329070.0,5.08605724116,6.83711951311,5.4,9.4,0.246,1721.0,323.0,36.0,5.0,2.0,21136.03515625,227423.0424906413,12.334567185378916,81906,1.0582332755995842,6.8444824,5.080001,-0.134,19.55,Rivers
329071.0,5.08605724116,6.83711951311,5.4,9.4,0.246,1721.0,323.0,36.0,5.0,2.0,21136.03515625,225163.76675923663,12.324583268693834,81906,1.0582332755995842,6.8444824,5.080001,-0.134,19.55,Rivers
329073.0,4.96814456603,7.02250036348,0.1,102.6,0.217,1712.0,2370.0,30.0,5.0,2.0,10568.017578125,409139.8016637166,12.921812189978782,68019,0.36540729268950733,7.0202637,4.97056,0.904,19.55,Rivers
329074.0,4.96814456603,7.02250036348,0.1,102.6,0.217,1712.0,2370.0,30.0,5.0,2.0,10568.017578125,204383.9204223633,12.227755467007686,68019,0.36540729268950733,7.0202637,4.97056,0.904,19.55,Rivers
329075.0,4.96814456603,7.02250036348,0.1,102.6,0.217,1712.0,2370.0,30.0,5.0,2.0,10568.017578125,338899.6298948015,12.733459265516652,68019,0.36540729268950733,7.0202637,4.97056,0.904,19.55,Rivers
329076.0,4.96814456603,7.02250036348,0.1,102.6,0.217,1712.0,2370.0,30.0,5.0,2.0,10568.017578125,344782.3462785993,12.750668616572865,68019,0.36540729268950733,7.0202637,4.97056,0.904,19.55,Rivers
329077.0,4.96814456603,7.02250036348,0.1,102.6,0.217,1712.0,2370.0,30.0,5.0,2.0,10568.017578125,287082.8615844727,12.567526169393426,68019,0.36540729268950733,7.0202637,4.97056,0.904,19.55,Rivers
329078.0,4.96814456603,7.02250036348,0.1,102.6,0.217,1712.0,2370.0,30.0,5.0,2.0,10568.017578125,479308.8017486572,13.08010034873596,68019,0.36540729268950733,7.0202637,4.97056,0.904,19.55,Rivers
329079.0,4.96814456603,7.02250036348,0.1,102.6,0.217,1712.0,2370.0,30.0,5.0,2.0,10568.017578125,388997.8019583566,12.871328972091964,68019,0.36540729268950733,7.0202637,4.97056,0.904,19.55,Rivers
329080.0,4.96814456603,7.02250036348,0.1,102.6,0.217,1712.0,2370.0,30.0,5.0,2.0,10568.017578125,232212.66939503804,12.355408909182252,68019,0.36540729268950733,7.0202637,4.97056,0.904,19.55,Rivers
329081.0,4.96814456603,7.02250036348,0.1,102.6,0.217,1712.0,2370.0,30.0,5.0,2.0,10568.017578125,285954.93672943115,12.56358951350439,68019,0.36540729268950733,7.0202637,4.97056,0.904,19.55,Rivers
329082.0,4.96814456603,7.02250036348,0.1,102.6,0.217,1712.0,2370.0,30.0,5.0,2.0,10568.017578125,311905.37287597655,12.650455128725104,68019,0.36540729268950733,7.0202637,4.97056,0.904,19.55,Rivers
329085.0,4.74013889984,7.31368455411,0.1,6.1,0.213,1750.0,1228.0,20.0,5.0,2.0,8926.943359375,551902.7057037354,13.221127051940917,50443,1.4425292562005219,7.3059082,4.7297265,0.904,19.55,Rivers
329088.0,4.74013889984,7.31368455411,0.1,6.1,0.213,1750.0,1228.0,20.0,5.0,2.0,8926.943359375,272162.37368774414,12.514154129254443,50443,1.4425292562005219,7.3059082,4.7297265,0.904,19.55,Rivers
329089.0,4.74013889984,7.31368455411,0.1,6.1,0.213,1750.0,1228.0,20.0,5.0,2.0,8926.943359375,147597.73126220703,11.90224582017812,50443,1.4425292562005219,7.3059082,4.7297265,0.904,19.55,Rivers
329090.0,4.74013889984,7.31368455411,0.1,6.1,0.213,1750.0,1228.0,20.0,5.0,2.0,8926.943359375,186628.02626800537,12.136872750479638,50443,1.4425292562005219,7.3059082,4.7297265,0.904,19.55,Rivers
329091.0,4.74013889984,7.31368455411,0.1,6.1,0.213,1750.0,1228.0,20.0,5.0,2.0,8926.943359375,91850.20795084636,11.427914354667344,50443,1.4425292562005219,7.3059082,4.7297265,0.904,19.55,Rivers
329092.0,4.74013889984,7.31368455411,0.1,6.1,0.213,1750.0,1228.0,20.0,5.0,2.0,8926.943359375,262909.49575805664,12.479565129343197,50443,1.4425292562005219,7.3059082,4.7297265,0.904,19.55,Rivers
329093.0,4.74013889984,7.31368455411,0.1,6.1,0.213,1750.0,1228.0,20.0,5.0,2.0,8926.943359375,560449.7421875,13.23649485143932,50443,1.4425292562005219,7.3059082,4.7297265,0.904,19.55,Rivers
329095.0,4.74013889984,7.31368455411,0.1,6.1,0.213,1750.0,1228.0,20.0,5.0,2.0,8926.943359375,371811.7527282715,12.826142964120264,50443,1.4425292562005219,7.3059082,4.7297265,0.904,19.55,Rivers
329096.0,4.74013889984,7.31368455411,0.1,6.1,0.213,1750.0,1228.0,20.0,5.0,2.0,8926.943359375,206085.6255493164,12.23604701941625,50443,1.4425292562005219,7.3059082,4.7297265,0.904,19.55,Rivers
329108.0,5.08605724116,6.83711951311,5.4,9.4,0.246,1721.0,323.0,36.0,5.0,2.0,21136.03515625,167915.10413208004,12.031213798114733,81906,1.0582332755995842,6.8444824,5.080001,-0.134,19.55,Rivers
330031.0,12.771416817,4.823851700989999,0.2,102.6,0.254,615.0,53.0,252.0,3.0,2.0,5143.34326171875,71420.73522296817,11.17634351545233,60010,1.4666457632120316,4.822998,12.7582314,-0.427,69.93,Sokoto
330032.0,12.771416817,4.823851700989999,0.2,102.6,0.254,615.0,53.0,252.0,3.0,2.0,5143.34326171875,51613.015503287315,10.851529158098687,60010,1.4666457632120316,4.822998,12.7582314,-0.427,69.93,Sokoto
330033.0,12.771416817,4.823851700989999,0.2,102.6,0.254,615.0,53.0,252.0,3.0,2.0,5143.34326171875,69971.56681484646,11.155844250155322,60010,1.4666457632120316,4.822998,12.7582314,-0.427,69.93,Sokoto
330034.0,12.771416817,4.823851700989999,0.2,102.6,0.254,615.0,53.0,252.0,3.0,2.0,5143.34326171875,85252.43771578085,11.353371989643456,60010,1.4666457632120316,4.822998,12.7582314,-0.427,69.93,Sokoto
330035.0,12.771416817,4.823851700989999,0.2,102.6,0.254,615.0,53.0,252.0,3.0,2.0,5143.34326171875,159847.32911851673,11.981974445674744,60010,1.4666457632120316,4.822998,12.7582314,-0.427,69.93,Sokoto
330036.0,12.771416817,4.823851700989999,0.2,102.6,0.254,615.0,53.0,252.0,3.0,2.0,5143.34326171875,59006.367366692946,10.985400638534124,60010,1.4666457632120316,4.822998,12.7582314,-0.427,69.93,Sokoto
330037.0,12.771416817,4.823851700989999,0.2,102.6,0.254,615.0,53.0,252.0,3.0,2.0,5143.34326171875,116178.67306264244,11.662884570088998,60010,1.4666457632120316,4.822998,12.7582314,-0.427,69.93,Sokoto
330038.0,12.771416817,4.823851700989999,0.2,102.6,0.254,615.0,53.0,252.0,3.0,2.0,5143.34326171875,412874.6308250427,12.930899268535969,60010,1.4666457632120316,4.822998,12.7582314,-0.427,69.93,Sokoto
330039.0,12.771416817,4.823851700989999,0.2,102.6,0.254,615.0,53.0,252.0,3.0,2.0,5143.34326171875,115596.15914764404,11.65785800930204,60010,1.4666457632120316,4.822998,12.7582314,-0.427,69.93,Sokoto
330040.0,12.771416817,4.823851700989999,0.2,102.6,0.254,615.0,53.0,252.0,3.0,2.0,5143.34326171875,246743.5077819824,12.416104646035638,60010,1.4666457632120316,4.822998,12.7582314,-0.427,69.93,Sokoto
330051.0,13.555542299600004,6.24664666703,0.5,118.8,0.249,483.0,90.0,308.0,3.0,2.0,3943.502685546875,95545.94754967323,11.467362536939325,51693,0.8078621353557157,6.2512207,13.5498812,-0.969,69.93,Sokoto
330052.0,13.555542299600004,6.24664666703,0.5,118.8,0.249,483.0,90.0,308.0,3.0,2.0,3943.502685546875,108340.95964304604,11.593038566871073,51693,0.8078621353557157,6.2512207,13.5498812,-0.969,69.93,Sokoto
330053.0,13.555542299600004,6.24664666703,0.5,118.8,0.249,483.0,90.0,308.0,3.0,2.0,3943.502685546875,196770.49132283524,12.189793309892528,51693,0.8078621353557157,6.2512207,13.5498812,-0.969,69.93,Sokoto
330054.0,13.555542299600004,6.24664666703,0.5,118.8,0.249,483.0,90.0,308.0,3.0,2.0,3943.502685546875,158674.6011352539,11.974610850450093,51693,0.8078621353557157,6.2512207,13.5498812,-0.969,69.93,Sokoto
330055.0,13.555542299600004,6.24664666703,0.5,118.8,0.249,483.0,90.0,308.0,3.0,2.0,3943.502685546875,214598.20164031984,12.276522729089194,51693,0.8078621353557157,6.2512207,13.5498812,-0.969,69.93,Sokoto
330056.0,13.555542299600004,6.24664666703,0.5,118.8,0.249,483.0,90.0,308.0,3.0,2.0,3943.502685546875,125400.4875584138,11.739267795199028,51693,0.8078621353557157,6.2512207,13.5498812,-0.969,69.93,Sokoto
330057.0,13.555542299600004,6.24664666703,0.5,118.8,0.249,483.0,90.0,308.0,3.0,2.0,3943.502685546875,81645.42045292101,11.31014100929253,51693,0.8078621353557157,6.2512207,13.5498812,-0.969,69.93,Sokoto
330058.0,13.555542299600004,6.24664666703,0.5,118.8,0.249,483.0,90.0,308.0,3.0,2.0,3943.502685546875,145708.10596805147,11.889360625282634,51693,0.8078621353557157,6.2512207,13.5498812,-0.969,69.93,Sokoto
330059.0,13.555542299600004,6.24664666703,0.5,118.8,0.249,483.0,90.0,308.0,3.0,2.0,3943.502685546875,94952.9265686035,11.461136537972951,51693,0.8078621353557157,6.2512207,13.5498812,-0.969,69.93,Sokoto
330060.0,13.555542299600004,6.24664666703,0.5,118.8,0.249,483.0,90.0,308.0,3.0,2.0,3943.502685546875,46920.22553507487,10.75620410955626,51693,0.8078621353557157,6.2512207,13.5498812,-0.969,69.93,Sokoto
330061.0,13.7142474624,5.55755290226,16.4,100.8,0.227,463.0,191.0,337.0,3.0,2.0,6773.888671875,124183.24132283533,11.729513506388797,1246,1.271324654229443,5.5480957,13.7207082,-0.494,69.93,Sokoto
330062.0,13.7142474624,5.55755290226,16.4,100.8,0.227,463.0,191.0,337.0,3.0,2.0,6773.888671875,85914.88327789307,11.361112355803344,1246,1.271324654229443,5.5480957,13.7207082,-0.494,69.93,Sokoto
330063.0,13.7142474624,5.55755290226,16.4,100.8,0.227,463.0,191.0,337.0,3.0,2.0,6773.888671875,217355.7292600359,12.28929059567402,1246,1.271324654229443,5.5480957,13.7207082,-0.494,69.93,Sokoto
330064.0,13.7142474624,5.55755290226,16.4,100.8,0.227,463.0,191.0,337.0,3.0,2.0,6773.888671875,119216.28255462646,11.688694622897284,1246,1.271324654229443,5.5480957,13.7207082,-0.494,69.93,Sokoto
330065.0,13.7142474624,5.55755290226,16.4,100.8,0.227,463.0,191.0,337.0,3.0,2.0,6773.888671875,137742.55661010742,11.83314169005688,1246,1.271324654229443,5.5480957,13.7207082,-0.494,69.93,Sokoto
330066.0,13.7142474624,5.55755290226,16.4,100.8,0.227,463.0,191.0,337.0,3.0,2.0,6773.888671875,112616.14713541666,11.631740387030147,1246,1.271324654229443,5.5480957,13.7207082,-0.494,69.93,Sokoto
330067.0,13.7142474624,5.55755290226,16.4,100.8,0.227,463.0,191.0,337.0,3.0,2.0,6773.888671875,56340.15650431316,10.939162819280838,1246,1.271324654229443,5.5480957,13.7207082,-0.494,69.93,Sokoto
330068.0,13.7142474624,5.55755290226,16.4,100.8,0.227,463.0,191.0,337.0,3.0,2.0,6773.888671875,99959.06531594016,11.51251603432434,1246,1.271324654229443,5.5480957,13.7207082,-0.494,69.93,Sokoto
330069.0,13.7142474624,5.55755290226,16.4,100.8,0.227,463.0,191.0,337.0,3.0,2.0,6773.888671875,108818.77006530762,11.597439117506898,1246,1.271324654229443,5.5480957,13.7207082,-0.494,69.93,Sokoto
330070.0,13.7142474624,5.55755290226,16.4,100.8,0.227,463.0,191.0,337.0,3.0,2.0,6773.888671875,84423.87364273072,11.343605503651364,1246,1.271324654229443,5.5480957,13.7207082,-0.494,69.93,Sokoto
339001.0,12.888453351,5.15019993396,8.2,102.7,0.265,617.0,688.0,306.0,3.0,2.0,4505.998046875,110594.31722409384,11.613623985412998,39533,0.3236906211066594,5.1525879,12.8867796,-0.421,69.93,Sokoto
339002.0,12.888453351,5.15019993396,8.2,102.7,0.265,617.0,688.0,306.0,3.0,2.0,4505.998046875,124318.82838948569,11.730604741405568,39533,0.3236906211066594,5.1525879,12.8867796,-0.421,69.93,Sokoto
339003.0,12.888453351,5.15019993396,8.2,102.7,0.265,617.0,688.0,306.0,3.0,2.0,4505.998046875,111465.6966044108,11.62147216877508,39533,0.3236906211066594,5.1525879,12.8867796,-0.421,69.93,Sokoto
339004.0,12.888453351,5.15019993396,8.2,102.7,0.265,617.0,688.0,306.0,3.0,2.0,4505.998046875,146844.07338256837,11.897126577505016,39533,0.3236906211066594,5.1525879,12.8867796,-0.421,69.93,Sokoto
339005.0,12.888453351,5.15019993396,8.2,102.7,0.265,617.0,688.0,306.0,3.0,2.0,4505.998046875,119842.38827768962,11.693932727438398,39533,0.3236906211066594,5.1525879,12.8867796,-0.421,69.93,Sokoto
339006.0,12.888453351,5.15019993396,8.2,102.7,0.265,617.0,688.0,306.0,3.0,2.0,4505.998046875,115433.86105685766,11.656453013385567,39533,0.3236906211066594,5.1525879,12.8867796,-0.421,69.93,Sokoto
339009.0,12.888453351,5.15019993396,8.2,102.7,0.265,617.0,688.0,306.0,3.0,2.0,4505.998046875,167437.61058648425,12.028366086751005,39533,0.3236906211066594,5.1525879,12.8867796,-0.421,69.93,Sokoto
339010.0,12.888453351,5.15019993396,8.2,102.7,0.265,617.0,688.0,306.0,3.0,2.0,4505.998046875,40817.43050037731,10.616864487307067,39533,0.3236906211066594,5.1525879,12.8867796,-0.421,69.93,Sokoto
339011.0,12.888453351,5.15019993396,8.2,102.7,0.265,617.0,688.0,306.0,3.0,2.0,4505.998046875,68984.87519182479,11.141642559433055,39533,0.3236906211066594,5.1525879,12.8867796,-0.421,69.93,Sokoto
339012.0,12.888453351,5.15019993396,8.2,102.7,0.265,617.0,688.0,306.0,3.0,2.0,4505.998046875,135826.80224609375,11.819135840215136,39533,0.3236906211066594,5.1525879,12.8867796,-0.421,69.93,Sokoto
339013.0,13.1705724465,5.97046265546,0.3,94.1,0.283,567.0,235.0,309.0,3.0,2.0,12171.541015625,159216.30046590173,11.978018937012129,42934,0.8165463583968512,5.9655762,13.1650736,-0.278,69.93,Sokoto
339014.0,13.1705724465,5.97046265546,0.3,94.1,0.283,567.0,235.0,309.0,3.0,2.0,12171.541015625,67259.08035278319,11.116307312182396,42934,0.8165463583968512,5.9655762,13.1650736,-0.278,69.93,Sokoto
339015.0,13.1705724465,5.97046265546,0.3,94.1,0.283,567.0,235.0,309.0,3.0,2.0,12171.541015625,331712.10080718994,12.71202270544907,42934,0.8165463583968512,5.9655762,13.1650736,-0.278,69.93,Sokoto
339016.0,13.1705724465,5.97046265546,0.3,94.1,0.283,567.0,235.0,309.0,3.0,2.0,12171.541015625,55116.26717703683,10.917200181642448,42934,0.8165463583968512,5.9655762,13.1650736,-0.278,69.93,Sokoto
339017.0,13.1705724465,5.97046265546,0.3,94.1,0.283,567.0,235.0,309.0,3.0,2.0,12171.541015625,57019.82566780144,10.951154305075132,42934,0.8165463583968512,5.9655762,13.1650736,-0.278,69.93,Sokoto
339018.0,13.1705724465,5.97046265546,0.3,94.1,0.283,567.0,235.0,309.0,3.0,2.0,12171.541015625,73216.10947440012,11.201170750523389,42934,0.8165463583968512,5.9655762,13.1650736,-0.278,69.93,Sokoto
339020.0,13.1705724465,5.97046265546,0.3,94.1,0.283,567.0,235.0,309.0,3.0,2.0,12171.541015625,62843.40106637138,11.048401213539789,42934,0.8165463583968512,5.9655762,13.1650736,-0.278,69.93,Sokoto
339021.0,13.1705724465,5.97046265546,0.3,94.1,0.283,567.0,235.0,309.0,3.0,2.0,12171.541015625,72705.19538167318,11.194168124264973,42934,0.8165463583968512,5.9655762,13.1650736,-0.278,69.93,Sokoto
339022.0,13.1705724465,5.97046265546,0.3,94.1,0.283,567.0,235.0,309.0,3.0,2.0,12171.541015625,130689.4296061198,11.78057902110164,42934,0.8165463583968512,5.9655762,13.1650736,-0.278,69.93,Sokoto
339023.0,13.1705724465,5.97046265546,0.3,94.1,0.283,567.0,235.0,309.0,3.0,2.0,12171.541015625,236998.31991577148,12.375808331129152,42934,0.8165463583968512,5.9655762,13.1650736,-0.278,69.93,Sokoto
339026.0,12.1749673775,4.63757670303,18.3,117.8,0.275,727.0,401.0,218.0,3.0,2.0,8577.9091796875,132475.2092590332,11.794150806971214,75637,1.1583957913166432,4.6472168,12.1789647,-0.217,69.93,Sokoto
339027.0,12.1749673775,4.63757670303,18.3,117.8,0.275,727.0,401.0,218.0,3.0,2.0,8577.9091796875,41925.862692260744,10.643658163516337,75637,1.1583957913166432,4.6472168,12.1789647,-0.217,69.93,Sokoto
339028.0,12.1749673775,4.63757670303,18.3,117.8,0.275,727.0,401.0,218.0,3.0,2.0,8577.9091796875,100177.68713175456,11.514700759519467,75637,1.1583957913166432,4.6472168,12.1789647,-0.217,69.93,Sokoto
339029.0,12.1749673775,4.63757670303,18.3,117.8,0.275,727.0,401.0,218.0,3.0,2.0,8577.9091796875,77878.74228922525,11.26290831001348,75637,1.1583957913166432,4.6472168,12.1789647,-0.217,69.93,Sokoto
339030.0,12.1749673775,4.63757670303,18.3,117.8,0.275,727.0,401.0,218.0,3.0,2.0,8577.9091796875,111476.69686279296,11.621570851293196,75637,1.1583957913166432,4.6472168,12.1789647,-0.217,69.93,Sokoto
339031.0,12.1749673775,4.63757670303,18.3,117.8,0.275,727.0,401.0,218.0,3.0,2.0,8577.9091796875,68230.28671773276,11.130643832024482,75637,1.1583957913166432,4.6472168,12.1789647,-0.217,69.93,Sokoto
339032.0,12.1749673775,4.63757670303,18.3,117.8,0.275,727.0,401.0,218.0,3.0,2.0,8577.9091796875,126391.4779663086,11.747139337269363,75637,1.1583957913166432,4.6472168,12.1789647,-0.217,69.93,Sokoto
339033.0,12.1749673775,4.63757670303,18.3,117.8,0.275,727.0,401.0,218.0,3.0,2.0,8577.9091796875,145218.34186662946,11.885993694790477,75637,1.1583957913166432,4.6472168,12.1789647,-0.217,69.93,Sokoto
339034.0,12.1749673775,4.63757670303,18.3,117.8,0.275,727.0,401.0,218.0,3.0,2.0,8577.9091796875,74412.7440806071,11.217382497558496,75637,1.1583957913166432,4.6472168,12.1789647,-0.217,69.93,Sokoto
339036.0,12.1749673775,4.63757670303,18.3,117.8,0.275,727.0,401.0,218.0,3.0,2.0,8577.9091796875,239558.21307373047,12.386551727149254,75637,1.1583957913166432,4.6472168,12.1789647,-0.217,69.93,Sokoto
339037.0,13.1295862609,5.18534457881,2.0,96.3,0.257,537.0,218.0,290.0,3.0,2.0,11026.5283203125,118014.84076944986,11.67856566477214,28042,1.4459157108475387,5.1745605,13.1222796,-0.304,69.93,Sokoto
339038.0,13.1295862609,5.18534457881,2.0,96.3,0.257,537.0,218.0,290.0,3.0,2.0,11026.5283203125,62893.79764593214,11.049202831243628,28042,1.4459157108475387,5.1745605,13.1222796,-0.304,69.93,Sokoto
339040.0,13.1295862609,5.18534457881,2.0,96.3,0.257,537.0,218.0,290.0,3.0,2.0,11026.5283203125,156543.3845563616,11.961088468157175,28042,1.4459157108475387,5.1745605,13.1222796,-0.304,69.93,Sokoto
339042.0,13.1295862609,5.18534457881,2.0,96.3,0.257,537.0,218.0,290.0,3.0,2.0,11026.5283203125,111706.68947347005,11.623631871119684,28042,1.4459157108475387,5.1745605,13.1222796,-0.304,69.93,Sokoto
339043.0,13.1295862609,5.18534457881,2.0,96.3,0.257,537.0,218.0,290.0,3.0,2.0,11026.5283203125,180539.1831802368,12.10370311452728,28042,1.4459157108475387,5.1745605,13.1222796,-0.304,69.93,Sokoto
339044.0,13.1295862609,5.18534457881,2.0,96.3,0.257,537.0,218.0,290.0,3.0,2.0,11026.5283203125,215217.13890838623,12.279402745866124,28042,1.4459157108475387,5.1745605,13.1222796,-0.304,69.93,Sokoto
339045.0,13.1295862609,5.18534457881,2.0,96.3,0.257,537.0,218.0,290.0,3.0,2.0,11026.5283203125,160506.96693611145,11.98609262831175,28042,1.4459157108475387,5.1745605,13.1222796,-0.304,69.93,Sokoto
339046.0,13.1295862609,5.18534457881,2.0,96.3,0.257,537.0,218.0,290.0,3.0,2.0,11026.5283203125,106484.1553390503,11.575751476904196,28042,1.4459157108475387,5.1745605,13.1222796,-0.304,69.93,Sokoto
339047.0,13.1295862609,5.18534457881,2.0,96.3,0.257,537.0,218.0,290.0,3.0,2.0,11026.5283203125,200339.8514302571,12.207770460577466,28042,1.4459157108475387,5.1745605,13.1222796,-0.304,69.93,Sokoto
339048.0,13.1295862609,5.18534457881,2.0,96.3,0.257,537.0,218.0,290.0,3.0,2.0,11026.5283203125,143980.0452851795,11.877429994547342,28042,1.4459157108475387,5.1745605,13.1222796,-0.304,69.93,Sokoto
340032.0,8.62181879098,10.8149500964,0.6,60.9,0.324,1200.0,88.0,167.0,2.0,2.0,6382.94580078125,118483.81039683026,11.682531609100012,39675,1.1680155461359167,10.8215332,8.6136097,-0.571,63.35,Taraba
340033.0,8.62181879098,10.8149500964,0.6,60.9,0.324,1200.0,88.0,167.0,2.0,2.0,6382.94580078125,102360.6875,11.536258006741988,39675,1.1680155461359167,10.8215332,8.6136097,-0.571,63.35,Taraba
340034.0,8.62181879098,10.8149500964,0.6,60.9,0.324,1200.0,88.0,167.0,2.0,2.0,6382.94580078125,44810.389739990234,10.710195305354286,39675,1.1680155461359167,10.8215332,8.6136097,-0.571,63.35,Taraba
340035.0,8.62181879098,10.8149500964,0.6,60.9,0.324,1200.0,88.0,167.0,2.0,2.0,6382.94580078125,96464.25388661632,11.476927792656976,39675,1.1680155461359167,10.8215332,8.6136097,-0.571,63.35,Taraba
340036.0,8.62181879098,10.8149500964,0.6,60.9,0.324,1200.0,88.0,167.0,2.0,2.0,6382.94580078125,122790.15370069232,11.71823210989001,39675,1.1680155461359167,10.8215332,8.6136097,-0.571,63.35,Taraba
340037.0,8.62181879098,10.8149500964,0.6,60.9,0.324,1200.0,88.0,167.0,2.0,2.0,6382.94580078125,164476.01858520508,12.010520054883523,39675,1.1680155461359167,10.8215332,8.6136097,-0.571,63.35,Taraba
340038.0,8.62181879098,10.8149500964,0.6,60.9,0.324,1200.0,88.0,167.0,2.0,2.0,6382.94580078125,96353.9688463211,11.475783864964267,39675,1.1680155461359167,10.8215332,8.6136097,-0.571,63.35,Taraba
340039.0,8.62181879098,10.8149500964,0.6,60.9,0.324,1200.0,88.0,167.0,2.0,2.0,6382.94580078125,105976.50204891629,11.570972669736022,39675,1.1680155461359167,10.8215332,8.6136097,-0.571,63.35,Taraba
340040.0,8.62181879098,10.8149500964,0.6,60.9,0.324,1200.0,88.0,167.0,2.0,2.0,6382.94580078125,447829.19665527344,13.012167181234108,39675,1.1680155461359167,10.8215332,8.6136097,-0.571,63.35,Taraba
340051.0,7.26414092367,9.919658635,1.0,51.4,0.336,1881.0,141.0,225.0,2.0,2.0,2737.833251953125,81539.64134640165,11.308844577864695,49269,0.11403853321479594,9.9206543,7.2643942,-0.568,63.35,Taraba
340052.0,7.26414092367,9.919658635,1.0,51.4,0.336,1881.0,141.0,225.0,2.0,2.0,2737.833251953125,111119.83177947997,11.618364463563507,49269,0.11403853321479594,9.9206543,7.2643942,-0.568,63.35,Taraba
340053.0,7.26414092367,9.919658635,1.0,51.4,0.336,1881.0,141.0,225.0,2.0,2.0,2737.833251953125,59670.640085856125,10.996595387555226,49269,0.11403853321479594,9.9206543,7.2643942,-0.568,63.35,Taraba
340054.0,7.26414092367,9.919658635,1.0,51.4,0.336,1881.0,141.0,225.0,2.0,2.0,2737.833251953125,69095.17236328126,11.14324014281847,49269,0.11403853321479594,9.9206543,7.2643942,-0.568,63.35,Taraba
340056.0,7.26414092367,9.919658635,1.0,51.4,0.336,1881.0,141.0,225.0,2.0,2.0,2737.833251953125,50359.78472137451,10.826948213355154,49269,0.11403853321479594,9.9206543,7.2643942,-0.568,63.35,Taraba
340057.0,7.26414092367,9.919658635,1.0,51.4,0.336,1881.0,141.0,225.0,2.0,2.0,2737.833251953125,236553.66983032227,12.373930394911993,49269,0.11403853321479594,9.9206543,7.2643942,-0.568,63.35,Taraba
340058.0,7.26414092367,9.919658635,1.0,51.4,0.336,1881.0,141.0,225.0,2.0,2.0,2737.833251953125,486627.29666137695,13.095253804472906,49269,0.11403853321479594,9.9206543,7.2643942,-0.568,63.35,Taraba
340059.0,7.26414092367,9.919658635,1.0,51.4,0.336,1881.0,141.0,225.0,2.0,2.0,2737.833251953125,183544.36149902345,12.120211669297722,49269,0.11403853321479594,9.9206543,7.2643942,-0.568,63.35,Taraba
340060.0,7.26414092367,9.919658635,1.0,51.4,0.336,1881.0,141.0,225.0,2.0,2.0,2737.833251953125,147822.34628295896,11.90376646878062,49269,0.11403853321479594,9.9206543,7.2643942,-0.568,63.35,Taraba
340081.0,9.308809961440002,11.145170966099998,1.0,41.4,0.383,983.0,68.0,147.0,2.0,2.0,3191.41259765625,147952.91974724666,11.90464939232269,62142,0.6647430225658647,11.151123,9.3081485,-0.304,63.35,Taraba
340082.0,9.308809961440002,11.145170966099998,1.0,41.4,0.383,983.0,68.0,147.0,2.0,2.0,3191.41259765625,203437.8143395318,12.223115656524389,62142,0.6647430225658647,11.151123,9.3081485,-0.304,63.35,Taraba
340083.0,9.308809961440002,11.145170966099998,1.0,41.4,0.383,983.0,68.0,147.0,2.0,2.0,3191.41259765625,167948.64670486448,12.031413537281654,62142,0.6647430225658647,11.151123,9.3081485,-0.304,63.35,Taraba
340084.0,9.308809961440002,11.145170966099998,1.0,41.4,0.383,983.0,68.0,147.0,2.0,2.0,3191.41259765625,124411.4886440701,11.731349807467286,62142,0.6647430225658647,11.151123,9.3081485,-0.304,63.35,Taraba
340085.0,9.308809961440002,11.145170966099998,1.0,41.4,0.383,983.0,68.0,147.0,2.0,2.0,3191.41259765625,199104.78648792615,12.201586530385748,62142,0.6647430225658647,11.151123,9.3081485,-0.304,63.35,Taraba
340086.0,9.308809961440002,11.145170966099998,1.0,41.4,0.383,983.0,68.0,147.0,2.0,2.0,3191.41259765625,96501.29009524258,11.477311656100332,62142,0.6647430225658647,11.151123,9.3081485,-0.304,63.35,Taraba
340087.0,9.308809961440002,11.145170966099998,1.0,41.4,0.383,983.0,68.0,147.0,2.0,2.0,3191.41259765625,190147.2500552223,12.155554051275614,62142,0.6647430225658647,11.151123,9.3081485,-0.304,63.35,Taraba
340088.0,9.308809961440002,11.145170966099998,1.0,41.4,0.383,983.0,68.0,147.0,2.0,2.0,3191.41259765625,215628.24843575616,12.281311131863584,62142,0.6647430225658647,11.151123,9.3081485,-0.304,63.35,Taraba
340089.0,9.308809961440002,11.145170966099998,1.0,41.4,0.383,983.0,68.0,147.0,2.0,2.0,3191.41259765625,157097.62182290215,11.964622686146331,62142,0.6647430225658647,11.151123,9.3081485,-0.304,63.35,Taraba
340090.0,9.308809961440002,11.145170966099998,1.0,41.4,0.383,983.0,68.0,147.0,2.0,2.0,3191.41259765625,695120.48046875,13.451840462715449,62142,0.6647430225658647,11.151123,9.3081485,-0.304,63.35,Taraba
349002.0,8.84973528773,11.1254475994,5.2,43.2,0.336,1187.0,71.0,171.0,2.0,2.0,9549.8525390625,145496.70726013184,11.887908734823052,63116,0.5133783477636847,11.1291504,8.8525066,-0.2,63.35,Taraba
349003.0,8.84973528773,11.1254475994,5.2,43.2,0.336,1187.0,71.0,171.0,2.0,2.0,9549.8525390625,86346.12097167969,11.36611916040806,63116,0.5133783477636847,11.1291504,8.8525066,-0.2,63.35,Taraba
349004.0,8.84973528773,11.1254475994,5.2,43.2,0.336,1187.0,71.0,171.0,2.0,2.0,9549.8525390625,148701.56652910283,11.909696667221962,63116,0.5133783477636847,11.1291504,8.8525066,-0.2,63.35,Taraba
349005.0,8.84973528773,11.1254475994,5.2,43.2,0.336,1187.0,71.0,171.0,2.0,2.0,9549.8525390625,123201.33945922852,11.721575202256451,63116,0.5133783477636847,11.1291504,8.8525066,-0.2,63.35,Taraba
349007.0,8.84973528773,11.1254475994,5.2,43.2,0.336,1187.0,71.0,171.0,2.0,2.0,9549.8525390625,127102.02331034344,11.752745376093667,63116,0.5133783477636847,11.1291504,8.8525066,-0.2,63.35,Taraba
349008.0,8.84973528773,11.1254475994,5.2,43.2,0.336,1187.0,71.0,171.0,2.0,2.0,9549.8525390625,179223.93874104816,12.096391357325654,63116,0.5133783477636847,11.1291504,8.8525066,-0.2,63.35,Taraba
349009.0,8.84973528773,11.1254475994,5.2,43.2,0.336,1187.0,71.0,171.0,2.0,2.0,9549.8525390625,107977.15682373047,11.589674972843389,63116,0.5133783477636847,11.1291504,8.8525066,-0.2,63.35,Taraba
349010.0,8.84973528773,11.1254475994,5.2,43.2,0.336,1187.0,71.0,171.0,2.0,2.0,9549.8525390625,196416.4353137872,12.187992354261713,63116,0.5133783477636847,11.1291504,8.8525066,-0.2,63.35,Taraba
349011.0,8.84973528773,11.1254475994,5.2,43.2,0.336,1187.0,71.0,171.0,2.0,2.0,9549.8525390625,62917.21313629151,11.049575064015372,63116,0.5133783477636847,11.1291504,8.8525066,-0.2,63.35,Taraba
349012.0,8.84973528773,11.1254475994,5.2,43.2,0.336,1187.0,71.0,171.0,2.0,2.0,9549.8525390625,146506.7135925293,11.89482653295942,63116,0.5133783477636847,11.1291504,8.8525066,-0.2,63.35,Taraba
349014.0,8.44292798069,11.6285477376,10.3,79.1,0.331,1522.0,59.0,354.0,2.0,2.0,1980.7122802734375,129824.21176757812,11.773936597194592,84663,0.7499677757377253,11.6345215,8.4397714,-0.269,63.35,Taraba
349015.0,8.44292798069,11.6285477376,10.3,79.1,0.331,1522.0,59.0,354.0,2.0,2.0,1980.7122802734375,139765.0160293579,11.847717834471265,84663,0.7499677757377253,11.6345215,8.4397714,-0.269,63.35,Taraba
349016.0,8.44292798069,11.6285477376,10.3,79.1,0.331,1522.0,59.0,354.0,2.0,2.0,1980.7122802734375,356090.5676269531,12.782940380925597,84663,0.7499677757377253,11.6345215,8.4397714,-0.269,63.35,Taraba
349017.0,8.44292798069,11.6285477376,10.3,79.1,0.331,1522.0,59.0,354.0,2.0,2.0,1980.7122802734375,178519.2087198893,12.09245148628822,84663,0.7499677757377253,11.6345215,8.4397714,-0.269,63.35,Taraba
349018.0,8.44292798069,11.6285477376,10.3,79.1,0.331,1522.0,59.0,354.0,2.0,2.0,1980.7122802734375,67882.18391113282,11.125528891946894,84663,0.7499677757377253,11.6345215,8.4397714,-0.269,63.35,Taraba
349019.0,8.44292798069,11.6285477376,10.3,79.1,0.331,1522.0,59.0,354.0,2.0,2.0,1980.7122802734375,105465.0880923801,11.566135258576992,84663,0.7499677757377253,11.6345215,8.4397714,-0.269,63.35,Taraba
349020.0,8.44292798069,11.6285477376,10.3,79.1,0.331,1522.0,59.0,354.0,2.0,2.0,1980.7122802734375,126641.55727539065,11.749115991347502,84663,0.7499677757377253,11.6345215,8.4397714,-0.269,63.35,Taraba
349021.0,8.44292798069,11.6285477376,10.3,79.1,0.331,1522.0,59.0,354.0,2.0,2.0,1980.7122802734375,145520.45274353027,11.88807192439889,84663,0.7499677757377253,11.6345215,8.4397714,-0.269,63.35,Taraba
349022.0,8.44292798069,11.6285477376,10.3,79.1,0.331,1522.0,59.0,354.0,2.0,2.0,1980.7122802734375,83209.19287787542,11.3291131120262,84663,0.7499677757377253,11.6345215,8.4397714,-0.269,63.35,Taraba
349024.0,8.44292798069,11.6285477376,10.3,79.1,0.331,1522.0,59.0,354.0,2.0,2.0,1980.7122802734375,88617.5619354248,11.392085332926433,84663,0.7499677757377253,11.6345215,8.4397714,-0.269,63.35,Taraba
349025.0,8.06083695722,11.0266873537,2.1,40.8,0.383,1519.0,33.0,217.0,2.0,2.0,1328.008544921875,218665.40440368652,12.29529800669734,98772,1.3166544510152516,11.0192871,8.0701072,-0.448,63.35,Taraba
349026.0,8.06083695722,11.0266873537,2.1,40.8,0.383,1519.0,33.0,217.0,2.0,2.0,1328.008544921875,277938.68225097656,12.535155800901668,98772,1.3166544510152516,11.0192871,8.0701072,-0.448,63.35,Taraba
349027.0,8.06083695722,11.0266873537,2.1,40.8,0.383,1519.0,33.0,217.0,2.0,2.0,1328.008544921875,155264.0314412435,11.952882375365473,98772,1.3166544510152516,11.0192871,8.0701072,-0.448,63.35,Taraba
349028.0,8.06083695722,11.0266873537,2.1,40.8,0.383,1519.0,33.0,217.0,2.0,2.0,1328.008544921875,90031.63686856358,11.407916408305272,98772,1.3166544510152516,11.0192871,8.0701072,-0.448,63.35,Taraba
349029.0,8.06083695722,11.0266873537,2.1,40.8,0.383,1519.0,33.0,217.0,2.0,2.0,1328.008544921875,138607.03359985352,11.83939811192402,98772,1.3166544510152516,11.0192871,8.0701072,-0.448,63.35,Taraba
349030.0,8.06083695722,11.0266873537,2.1,40.8,0.383,1519.0,33.0,217.0,2.0,2.0,1328.008544921875,122958.95667648315,11.719605893112094,98772,1.3166544510152516,11.0192871,8.0701072,-0.448,63.35,Taraba
349031.0,8.06083695722,11.0266873537,2.1,40.8,0.383,1519.0,33.0,217.0,2.0,2.0,1328.008544921875,522014.50758361816,13.165450658784358,98772,1.3166544510152516,11.0192871,8.0701072,-0.448,63.35,Taraba
349032.0,8.06083695722,11.0266873537,2.1,40.8,0.383,1519.0,33.0,217.0,2.0,2.0,1328.008544921875,79427.76672363281,11.2826032929488,98772,1.3166544510152516,11.0192871,8.0701072,-0.448,63.35,Taraba
349034.0,8.06083695722,11.0266873537,2.1,40.8,0.383,1519.0,33.0,217.0,2.0,2.0,1328.008544921875,103518.66944656373,11.54750725654706,98772,1.3166544510152516,11.0192871,8.0701072,-0.448,63.35,Taraba
349036.0,8.06083695722,11.0266873537,2.1,40.8,0.383,1519.0,33.0,217.0,2.0,2.0,1328.008544921875,161454.6760965983,11.991979738892413,98772,1.3166544510152516,11.0192871,8.0701072,-0.448,63.35,Taraba
349037.0,8.1640566747,9.74537096615,7.5,88.8,0.33,1093.0,300.0,96.0,2.0,2.0,2586.942626953125,75433.730758667,11.231009811503498,9658,0.7721737708091024,9.744873,8.157118,-0.137,63.35,Taraba
349038.0,8.1640566747,9.74537096615,7.5,88.8,0.33,1093.0,300.0,96.0,2.0,2.0,2586.942626953125,374271.8122762044,12.832737583218655,9658,0.7721737708091024,9.744873,8.157118,-0.137,63.35,Taraba
349039.0,8.1640566747,9.74537096615,7.5,88.8,0.33,1093.0,300.0,96.0,2.0,2.0,2586.942626953125,274081.3878356934,12.521180377160473,9658,0.7721737708091024,9.744873,8.157118,-0.137,63.35,Taraba
349040.0,8.1640566747,9.74537096615,7.5,88.8,0.33,1093.0,300.0,96.0,2.0,2.0,2586.942626953125,83357.72435336643,11.330896557590654,9658,0.7721737708091024,9.744873,8.157118,-0.137,63.35,Taraba
349041.0,8.1640566747,9.74537096615,7.5,88.8,0.33,1093.0,300.0,96.0,2.0,2.0,2586.942626953125,334684.8645210266,12.720944665146222,9658,0.7721737708091024,9.744873,8.157118,-0.137,63.35,Taraba
349043.0,8.1640566747,9.74537096615,7.5,88.8,0.33,1093.0,300.0,96.0,2.0,2.0,2586.942626953125,110524.005069987,11.612988016799026,9658,0.7721737708091024,9.744873,8.157118,-0.137,63.35,Taraba
349044.0,8.1640566747,9.74537096615,7.5,88.8,0.33,1093.0,300.0,96.0,2.0,2.0,2586.942626953125,717313.1304321289,13.483267747303362,9658,0.7721737708091024,9.744873,8.157118,-0.137,63.35,Taraba
349045.0,8.1640566747,9.74537096615,7.5,88.8,0.33,1093.0,300.0,96.0,2.0,2.0,2586.942626953125,230010.77281494145,12.345881425134284,9658,0.7721737708091024,9.744873,8.157118,-0.137,63.35,Taraba
349046.0,8.1640566747,9.74537096615,7.5,88.8,0.33,1093.0,300.0,96.0,2.0,2.0,2586.942626953125,556984.6968994141,13.23029304438373,9658,0.7721737708091024,9.744873,8.157118,-0.137,63.35,Taraba
349047.0,8.1640566747,9.74537096615,7.5,88.8,0.33,1093.0,300.0,96.0,2.0,2.0,2586.942626953125,208914.3182220459,12.249679486230034,9658,0.7721737708091024,9.744873,8.157118,-0.137,63.35,Taraba
349050.0,8.99169433576,11.2407107987,8.8,66.2,0.317,1113.0,64.0,159.0,2.0,1.0,2146.47509765625,55193.399991122154,10.918598659738455,102863,1.0106546338634257,11.2390137,8.9827489,-0.126,63.35,Taraba
349051.0,8.99169433576,11.2407107987,8.8,66.2,0.317,1113.0,64.0,159.0,2.0,1.0,2146.47509765625,140876.28633422853,11.855637382333068,102863,1.0106546338634257,11.2390137,8.9827489,-0.126,63.35,Taraba
349052.0,8.99169433576,11.2407107987,8.8,66.2,0.317,1113.0,64.0,159.0,2.0,1.0,2146.47509765625,173612.66033935547,12.064582006771348,102863,1.0106546338634257,11.2390137,8.9827489,-0.126,63.35,Taraba
349053.0,8.99169433576,11.2407107987,8.8,66.2,0.317,1113.0,64.0,159.0,2.0,1.0,2146.47509765625,146559.3028259277,11.895185422977482,102863,1.0106546338634257,11.2390137,8.9827489,-0.126,63.35,Taraba
349054.0,8.99169433576,11.2407107987,8.8,66.2,0.317,1113.0,64.0,159.0,2.0,1.0,2146.47509765625,410754.0425415039,12.92574987770502,102863,1.0106546338634257,11.2390137,8.9827489,-0.126,63.35,Taraba
349055.0,8.99169433576,11.2407107987,8.8,66.2,0.317,1113.0,64.0,159.0,2.0,1.0,2146.47509765625,84328.61872558593,11.342476573039145,102863,1.0106546338634257,11.2390137,8.9827489,-0.126,63.35,Taraba
349056.0,8.99169433576,11.2407107987,8.8,66.2,0.317,1113.0,64.0,159.0,2.0,1.0,2146.47509765625,175715.30624297168,12.076620386163253,102863,1.0106546338634257,11.2390137,8.9827489,-0.126,63.35,Taraba
349057.0,8.99169433576,11.2407107987,8.8,66.2,0.317,1113.0,64.0,159.0,2.0,1.0,2146.47509765625,189609.0943712507,12.152719833745817,102863,1.0106546338634257,11.2390137,8.9827489,-0.126,63.35,Taraba
349059.0,8.99169433576,11.2407107987,8.8,66.2,0.317,1113.0,64.0,159.0,2.0,1.0,2146.47509765625,176232.14030965167,12.07955738396368,102863,1.0106546338634257,11.2390137,8.9827489,-0.126,63.35,Taraba
349060.0,8.99169433576,11.2407107987,8.8,66.2,0.317,1113.0,64.0,159.0,2.0,1.0,2146.47509765625,108316.48427327476,11.592812630762598,102863,1.0106546338634257,11.2390137,8.9827489,-0.126,63.35,Taraba
349061.0,7.22661788284,10.6869336316,1.5,89.2,0.355,2300.0,48.0,269.0,2.0,2.0,2511.28271484375,123610.64617198597,11.724891954373955,65469,2.820659510175309,10.7116699,7.2207995,-0.601,63.35,Taraba
349062.0,7.22661788284,10.6869336316,1.5,89.2,0.355,2300.0,48.0,269.0,2.0,2.0,2511.28271484375,206049.0582071941,12.235869566056174,65469,2.820659510175309,10.7116699,7.2207995,-0.601,63.35,Taraba
349063.0,7.22661788284,10.6869336316,1.5,89.2,0.355,2300.0,48.0,269.0,2.0,2.0,2511.28271484375,112520.806829834,11.630893433124069,65469,2.820659510175309,10.7116699,7.2207995,-0.601,63.35,Taraba
349064.0,7.22661788284,10.6869336316,1.5,89.2,0.355,2300.0,48.0,269.0,2.0,2.0,2511.28271484375,114619.8214111328,11.649376030009355,65469,2.820659510175309,10.7116699,7.2207995,-0.601,63.35,Taraba
349066.0,7.22661788284,10.6869336316,1.5,89.2,0.355,2300.0,48.0,269.0,2.0,2.0,2511.28271484375,170722.5766067505,12.047795159010432,65469,2.820659510175309,10.7116699,7.2207995,-0.601,63.35,Taraba
349067.0,7.22661788284,10.6869336316,1.5,89.2,0.355,2300.0,48.0,269.0,2.0,2.0,2511.28271484375,70797.04119001116,11.167572487707002,65469,2.820659510175309,10.7116699,7.2207995,-0.601,63.35,Taraba
349068.0,7.22661788284,10.6869336316,1.5,89.2,0.355,2300.0,48.0,269.0,2.0,2.0,2511.28271484375,150820.78871154785,11.923847581232076,65469,2.820659510175309,10.7116699,7.2207995,-0.601,63.35,Taraba
349069.0,7.22661788284,10.6869336316,1.5,89.2,0.355,2300.0,48.0,269.0,2.0,2.0,2511.28271484375,243727.7518005371,12.403807110029843,65469,2.820659510175309,10.7116699,7.2207995,-0.601,63.35,Taraba
349071.0,7.22661788284,10.6869336316,1.5,89.2,0.355,2300.0,48.0,269.0,2.0,2.0,2511.28271484375,93433.37084621852,11.445003849978288,65469,2.820659510175309,10.7116699,7.2207995,-0.601,63.35,Taraba
349072.0,7.22661788284,10.6869336316,1.5,89.2,0.355,2300.0,48.0,269.0,2.0,2.0,2511.28271484375,263712.33770751953,12.48261415815445,65469,2.820659510175309,10.7116699,7.2207995,-0.601,63.35,Taraba
349073.0,6.68962010533,11.2694495773,8.7,62.4,0.299,1988.0,166.0,1306.0,2.0,2.0,29309.6875,93666.16057979698,11.447492256570513,73767,1.271732510676627,11.2609863,6.6973426,-0.009,63.35,Taraba
349075.0,6.68962010533,11.2694495773,8.7,62.4,0.299,1988.0,166.0,1306.0,2.0,2.0,29309.6875,63371.58810997009,11.056770902915174,73767,1.271732510676627,11.2609863,6.6973426,-0.009,63.35,Taraba
349076.0,6.68962010533,11.2694495773,8.7,62.4,0.299,1988.0,166.0,1306.0,2.0,2.0,29309.6875,106660.55283163866,11.577406667261718,73767,1.271732510676627,11.2609863,6.6973426,-0.009,63.35,Taraba
349077.0,6.68962010533,11.2694495773,8.7,62.4,0.299,1988.0,166.0,1306.0,2.0,2.0,29309.6875,46913.53191566467,10.75606143980492,73767,1.271732510676627,11.2609863,6.6973426,-0.009,63.35,Taraba
349078.0,6.68962010533,11.2694495773,8.7,62.4,0.299,1988.0,166.0,1306.0,2.0,2.0,29309.6875,41380.323198413855,10.630560761767192,73767,1.271732510676627,11.2609863,6.6973426,-0.009,63.35,Taraba
349080.0,6.68962010533,11.2694495773,8.7,62.4,0.299,1988.0,166.0,1306.0,2.0,2.0,29309.6875,156912.68321736655,11.963444771766133,73767,1.271732510676627,11.2609863,6.6973426,-0.009,63.35,Taraba
349081.0,6.68962010533,11.2694495773,8.7,62.4,0.299,1988.0,166.0,1306.0,2.0,2.0,29309.6875,114180.25902099608,11.645533698047783,73767,1.271732510676627,11.2609863,6.6973426,-0.009,63.35,Taraba
349083.0,6.68962010533,11.2694495773,8.7,62.4,0.299,1988.0,166.0,1306.0,2.0,2.0,29309.6875,92671.9967262268,11.43682162097888,73767,1.271732510676627,11.2609863,6.6973426,-0.009,63.35,Taraba
349084.0,6.68962010533,11.2694495773,8.7,62.4,0.299,1988.0,166.0,1306.0,2.0,2.0,29309.6875,263074.91357421875,12.480194113087506,73767,1.271732510676627,11.2609863,6.6973426,-0.009,63.35,Taraba
349085.0,8.90187018298,11.7922063178,5.5,90.1,0.277,1206.0,137.0,456.0,2.0,2.0,3764.6376953125,61947.76727803548,11.034046845698128,95237,0.7877149504785761,11.7883301,8.8959258,-0.664,63.35,Taraba
349086.0,8.90187018298,11.7922063178,5.5,90.1,0.277,1206.0,137.0,456.0,2.0,2.0,3764.6376953125,198802.59463500977,12.200067624603394,95237,0.7877149504785761,11.7883301,8.8959258,-0.664,63.35,Taraba
349087.0,8.90187018298,11.7922063178,5.5,90.1,0.277,1206.0,137.0,456.0,2.0,2.0,3764.6376953125,73749.58954620361,11.208430708711374,95237,0.7877149504785761,11.7883301,8.8959258,-0.664,63.35,Taraba
349088.0,8.90187018298,11.7922063178,5.5,90.1,0.277,1206.0,137.0,456.0,2.0,2.0,3764.6376953125,60350.54184194712,11.007925204810926,95237,0.7877149504785761,11.7883301,8.8959258,-0.664,63.35,Taraba
349089.0,8.90187018298,11.7922063178,5.5,90.1,0.277,1206.0,137.0,456.0,2.0,2.0,3764.6376953125,65324.41239013673,11.087121095172494,95237,0.7877149504785761,11.7883301,8.8959258,-0.664,63.35,Taraba
349090.0,8.90187018298,11.7922063178,5.5,90.1,0.277,1206.0,137.0,456.0,2.0,2.0,3764.6376953125,92924.26815490724,11.439540119481034,95237,0.7877149504785761,11.7883301,8.8959258,-0.664,63.35,Taraba
349091.0,8.90187018298,11.7922063178,5.5,90.1,0.277,1206.0,137.0,456.0,2.0,2.0,3764.6376953125,342362.9918823242,12.74362683295235,95237,0.7877149504785761,11.7883301,8.8959258,-0.664,63.35,Taraba
349092.0,8.90187018298,11.7922063178,5.5,90.1,0.277,1206.0,137.0,456.0,2.0,2.0,3764.6376953125,248777.7530822754,12.424315218977352,95237,0.7877149504785761,11.7883301,8.8959258,-0.664,63.35,Taraba
349093.0,8.90187018298,11.7922063178,5.5,90.1,0.277,1206.0,137.0,456.0,2.0,2.0,3764.6376953125,193350.01889038083,12.17225739473588,95237,0.7877149504785761,11.7883301,8.8959258,-0.664,63.35,Taraba
349095.0,8.90187018298,11.7922063178,5.5,90.1,0.277,1206.0,137.0,456.0,2.0,2.0,3764.6376953125,489039.59675598145,13.10019874013982,95237,0.7877149504785761,11.7883301,8.8959258,-0.664,63.35,Taraba
349109.0,6.68962010533,11.2694495773,8.7,62.4,0.299,1988.0,166.0,1306.0,2.0,2.0,29309.6875,50222.74462212457,10.824223283192016,73767,1.271732510676627,11.2609863,6.6973426,-0.009,63.35,Taraba
350061.0,12.856999594799998,10.5657037996,7.3,103.1,0.249,444.0,199.0,346.0,2.0,2.0,8760.6826171875,91207.80986785889,11.420895806911991,82310,1.2723483298157463,10.5578613,12.8653594,-0.234,65.3,Yobe
350062.0,12.856999594799998,10.5657037996,7.3,103.1,0.249,444.0,199.0,346.0,2.0,2.0,8760.6826171875,66979.19979858398,11.112137399405883,82310,1.2723483298157463,10.5578613,12.8653594,-0.234,65.3,Yobe
350063.0,12.856999594799998,10.5657037996,7.3,103.1,0.249,444.0,199.0,346.0,2.0,2.0,8760.6826171875,98539.0030670166,11.498207719008178,82310,1.2723483298157463,10.5578613,12.8653594,-0.234,65.3,Yobe
350064.0,12.856999594799998,10.5657037996,7.3,103.1,0.249,444.0,199.0,346.0,2.0,2.0,8760.6826171875,76992.12997470057,11.251458487491442,82310,1.2723483298157463,10.5578613,12.8653594,-0.234,65.3,Yobe
350065.0,12.856999594799998,10.5657037996,7.3,103.1,0.249,444.0,199.0,346.0,2.0,2.0,8760.6826171875,71246.94968959263,11.173907285840324,82310,1.2723483298157463,10.5578613,12.8653594,-0.234,65.3,Yobe
350066.0,12.856999594799998,10.5657037996,7.3,103.1,0.249,444.0,199.0,346.0,2.0,2.0,8760.6826171875,189821.58448486327,12.153839880951631,82310,1.2723483298157463,10.5578613,12.8653594,-0.234,65.3,Yobe
350067.0,12.856999594799998,10.5657037996,7.3,103.1,0.249,444.0,199.0,346.0,2.0,2.0,8760.6826171875,35870.70606867473,10.487676254432817,82310,1.2723483298157463,10.5578613,12.8653594,-0.234,65.3,Yobe
350068.0,12.856999594799998,10.5657037996,7.3,103.1,0.249,444.0,199.0,346.0,2.0,2.0,8760.6826171875,124712.5668334961,11.73376690312216,82310,1.2723483298157463,10.5578613,12.8653594,-0.234,65.3,Yobe
350069.0,12.856999594799998,10.5657037996,7.3,103.1,0.249,444.0,199.0,346.0,2.0,2.0,8760.6826171875,104837.03416781955,11.56016236790919,82310,1.2723483298157463,10.5578613,12.8653594,-0.234,65.3,Yobe
350070.0,12.856999594799998,10.5657037996,7.3,103.1,0.249,444.0,199.0,346.0,2.0,2.0,8760.6826171875,62379.550180608574,11.0409927791805,82310,1.2723483298157463,10.5578613,12.8653594,-0.234,65.3,Yobe
359002.0,12.2785695993,11.3172812594,4.7,119.1,0.266,568.0,101.0,354.0,2.0,2.0,1653.216796875,95287.4422454834,11.46465331018834,33030,1.8589287378814423,11.3269043,12.2648633,-0.643,65.3,Yobe
359003.0,12.2785695993,11.3172812594,4.7,119.1,0.266,568.0,101.0,354.0,2.0,2.0,1653.216796875,80668.74325561523,11.298106458977578,33030,1.8589287378814423,11.3269043,12.2648633,-0.643,65.3,Yobe
359004.0,12.2785695993,11.3172812594,4.7,119.1,0.266,568.0,101.0,354.0,2.0,2.0,1653.216796875,121684.26356506348,11.709184965479931,33030,1.8589287378814423,11.3269043,12.2648633,-0.643,65.3,Yobe
359005.0,12.2785695993,11.3172812594,4.7,119.1,0.266,568.0,101.0,354.0,2.0,2.0,1653.216796875,168698.46604410803,12.035868175689568,33030,1.8589287378814423,11.3269043,12.2648633,-0.643,65.3,Yobe
359006.0,12.2785695993,11.3172812594,4.7,119.1,0.266,568.0,101.0,354.0,2.0,2.0,1653.216796875,159088.22871907553,11.97721422490787,33030,1.8589287378814423,11.3269043,12.2648633,-0.643,65.3,Yobe
359007.0,12.2785695993,11.3172812594,4.7,119.1,0.266,568.0,101.0,354.0,2.0,2.0,1653.216796875,211959.7494354248,12.264151674474585,33030,1.8589287378814423,11.3269043,12.2648633,-0.643,65.3,Yobe
359008.0,12.2785695993,11.3172812594,4.7,119.1,0.266,568.0,101.0,354.0,2.0,2.0,1653.216796875,523699.23333740234,13.168672816331815,33030,1.8589287378814423,11.3269043,12.2648633,-0.643,65.3,Yobe
359009.0,12.2785695993,11.3172812594,4.7,119.1,0.266,568.0,101.0,354.0,2.0,2.0,1653.216796875,96181.11903889972,11.47398834960385,33030,1.8589287378814423,11.3269043,12.2648633,-0.643,65.3,Yobe
359010.0,12.2785695993,11.3172812594,4.7,119.1,0.266,568.0,101.0,354.0,2.0,2.0,1653.216796875,97284.1432733247,11.485391287507287,33030,1.8589287378814423,11.3269043,12.2648633,-0.643,65.3,Yobe
359011.0,12.2785695993,11.3172812594,4.7,119.1,0.266,568.0,101.0,354.0,2.0,2.0,1653.216796875,81788.75098843045,11.31189499465546,33030,1.8589287378814423,11.3269043,12.2648633,-0.643,65.3,Yobe
359013.0,12.8648073642,11.6832477402,0.3,134.8,0.24,412.0,63.0,326.0,2.0,2.0,1649.8114013671875,186816.94424819943,12.137884508629966,14093,0.5342102930950704,11.6784668,12.8653594,-0.641,65.3,Yobe
359014.0,12.8648073642,11.6832477402,0.3,134.8,0.24,412.0,63.0,326.0,2.0,2.0,1649.8114013671875,86934.86066436768,11.372914389204151,14093,0.5342102930950704,11.6784668,12.8653594,-0.641,65.3,Yobe
359015.0,12.8648073642,11.6832477402,0.3,134.8,0.24,412.0,63.0,326.0,2.0,2.0,1649.8114013671875,39485.49014663696,10.583688545344238,14093,0.5342102930950704,11.6784668,12.8653594,-0.641,65.3,Yobe
359016.0,12.8648073642,11.6832477402,0.3,134.8,0.24,412.0,63.0,326.0,2.0,2.0,1649.8114013671875,54567.28730991909,10.907189848662824,14093,0.5342102930950704,11.6784668,12.8653594,-0.641,65.3,Yobe
359017.0,12.8648073642,11.6832477402,0.3,134.8,0.24,412.0,63.0,326.0,2.0,2.0,1649.8114013671875,124994.72918701172,11.7360268488915,14093,0.5342102930950704,11.6784668,12.8653594,-0.641,65.3,Yobe
359018.0,12.8648073642,11.6832477402,0.3,134.8,0.24,412.0,63.0,326.0,2.0,2.0,1649.8114013671875,241507.0793838501,12.394654065863952,14093,0.5342102930950704,11.6784668,12.8653594,-0.641,65.3,Yobe
359019.0,12.8648073642,11.6832477402,0.3,134.8,0.24,412.0,63.0,326.0,2.0,2.0,1649.8114013671875,97272.53990364076,11.48527200741361,14093,0.5342102930950704,11.6784668,12.8653594,-0.641,65.3,Yobe
359020.0,12.8648073642,11.6832477402,0.3,134.8,0.24,412.0,63.0,326.0,2.0,2.0,1649.8114013671875,82040.58978271484,11.314969401125795,14093,0.5342102930950704,11.6784668,12.8653594,-0.641,65.3,Yobe
359021.0,12.8648073642,11.6832477402,0.3,134.8,0.24,412.0,63.0,326.0,2.0,2.0,1649.8114013671875,102585.01384882566,11.53844713719884,14093,0.5342102930950704,11.6784668,12.8653594,-0.641,65.3,Yobe
359023.0,12.8648073642,11.6832477402,0.3,134.8,0.24,412.0,63.0,326.0,2.0,2.0,1649.8114013671875,133785.26262817383,11.803991275827924,14093,0.5342102930950704,11.6784668,12.8653594,-0.641,65.3,Yobe
359025.0,11.2993627731,12.019563696,15.0,99.5,0.294,887.0,114.0,429.0,2.0,2.0,12425.705078125,129605.93186053104,11.77225383238166,24421,1.1925493811496939,12.0300293,11.2969342,-0.568,65.3,Yobe
359027.0,11.2993627731,12.019563696,15.0,99.5,0.294,887.0,114.0,429.0,2.0,2.0,12425.705078125,121466.10306803386,11.70739051574423,24421,1.1925493811496939,12.0300293,11.2969342,-0.568,65.3,Yobe
359028.0,11.2993627731,12.019563696,15.0,99.5,0.294,887.0,114.0,429.0,2.0,2.0,12425.705078125,32956.10607231988,10.402931836034496,24421,1.1925493811496939,12.0300293,11.2969342,-0.568,65.3,Yobe
359029.0,11.2993627731,12.019563696,15.0,99.5,0.294,887.0,114.0,429.0,2.0,2.0,12425.705078125,196281.7205581665,12.18730625600079,24421,1.1925493811496939,12.0300293,11.2969342,-0.568,65.3,Yobe
359030.0,11.2993627731,12.019563696,15.0,99.5,0.294,887.0,114.0,429.0,2.0,2.0,12425.705078125,87601.4049818251,11.380552315401175,24421,1.1925493811496939,12.0300293,11.2969342,-0.568,65.3,Yobe
359031.0,11.2993627731,12.019563696,15.0,99.5,0.294,887.0,114.0,429.0,2.0,2.0,12425.705078125,79235.66729266827,11.280181821032215,24421,1.1925493811496939,12.0300293,11.2969342,-0.568,65.3,Yobe
359032.0,11.2993627731,12.019563696,15.0,99.5,0.294,887.0,114.0,429.0,2.0,2.0,12425.705078125,108344.55735321046,11.593071773614328,24421,1.1925493811496939,12.0300293,11.2969342,-0.568,65.3,Yobe
359033.0,11.2993627731,12.019563696,15.0,99.5,0.294,887.0,114.0,429.0,2.0,2.0,12425.705078125,81918.19850041316,11.313476449069777,24421,1.1925493811496939,12.0300293,11.2969342,-0.568,65.3,Yobe
359034.0,11.2993627731,12.019563696,15.0,99.5,0.294,887.0,114.0,429.0,2.0,2.0,12425.705078125,54885.202859897814,10.912999062204554,24421,1.1925493811496939,12.0300293,11.2969342,-0.568,65.3,Yobe
359035.0,11.2993627731,12.019563696,15.0,99.5,0.294,887.0,114.0,429.0,2.0,2.0,12425.705078125,151181.49697875977,11.9262363607601,24421,1.1925493811496939,12.0300293,11.2969342,-0.568,65.3,Yobe
359037.0,12.9099867054,10.7107496248,0.3,94.0,0.237,432.0,58.0,343.0,2.0,2.0,5719.26806640625,57362.124755859375,10.957139517053614,98657,0.22329302530481196,10.7116699,12.9081979,-0.487,65.3,Yobe
359038.0,12.9099867054,10.7107496248,0.3,94.0,0.237,432.0,58.0,343.0,2.0,2.0,5719.26806640625,51452.49465738933,10.848414227110826,98657,0.22329302530481196,10.7116699,12.9081979,-0.487,65.3,Yobe
359039.0,12.9099867054,10.7107496248,0.3,94.0,0.237,432.0,58.0,343.0,2.0,2.0,5719.26806640625,29664.80076090495,10.297716462368316,98657,0.22329302530481196,10.7116699,12.9081979,-0.487,65.3,Yobe
359041.0,12.9099867054,10.7107496248,0.3,94.0,0.237,432.0,58.0,343.0,2.0,2.0,5719.26806640625,74814.35193718802,11.22276501637574,98657,0.22329302530481196,10.7116699,12.9081979,-0.487,65.3,Yobe
359043.0,12.9099867054,10.7107496248,0.3,94.0,0.237,432.0,58.0,343.0,2.0,2.0,5719.26806640625,62125.63637288412,11.036914006773172,98657,0.22329302530481196,10.7116699,12.9081979,-0.487,65.3,Yobe
359044.0,12.9099867054,10.7107496248,0.3,94.0,0.237,432.0,58.0,343.0,2.0,2.0,5719.26806640625,142138.5934041341,11.864557870483702,98657,0.22329302530481196,10.7116699,12.9081979,-0.487,65.3,Yobe
359045.0,12.9099867054,10.7107496248,0.3,94.0,0.237,432.0,58.0,343.0,2.0,2.0,5719.26806640625,47968.09901310848,10.778291465049389,98657,0.22329302530481196,10.7116699,12.9081979,-0.487,65.3,Yobe
359046.0,12.9099867054,10.7107496248,0.3,94.0,0.237,432.0,58.0,343.0,2.0,2.0,5719.26806640625,102425.54884719849,11.536891460928404,98657,0.22329302530481196,10.7116699,12.9081979,-0.487,65.3,Yobe
359047.0,12.9099867054,10.7107496248,0.3,94.0,0.237,432.0,58.0,343.0,2.0,2.0,5719.26806640625,36767.47025090997,10.512368772660386,98657,0.22329302530481196,10.7116699,12.9081979,-0.487,65.3,Yobe
359048.0,12.9099867054,10.7107496248,0.3,94.0,0.237,432.0,58.0,343.0,2.0,2.0,5719.26806640625,31000.14263329139,10.341747084530615,98657,0.22329302530481196,10.7116699,12.9081979,-0.487,65.3,Yobe
359049.0,11.9057835991,10.8567492324,1.6,112.7,0.267,650.0,160.0,383.0,2.0,2.0,1644.43359375,229380.33940277103,12.34313677557027,27729,1.1872134184380199,10.8654785,11.8996033,-0.334,65.3,Yobe
359051.0,11.9057835991,10.8567492324,1.6,112.7,0.267,650.0,160.0,383.0,2.0,2.0,1644.43359375,73960.51055326917,11.211286588577142,27729,1.1872134184380199,10.8654785,11.8996033,-0.334,65.3,Yobe
359053.0,11.9057835991,10.8567492324,1.6,112.7,0.267,650.0,160.0,383.0,2.0,2.0,1644.43359375,100476.04319218227,11.517674601867954,27729,1.1872134184380199,10.8654785,11.8996033,-0.334,65.3,Yobe
359054.0,11.9057835991,10.8567492324,1.6,112.7,0.267,650.0,160.0,383.0,2.0,2.0,1644.43359375,184662.7360839844,12.12628639209102,27729,1.1872134184380199,10.8654785,11.8996033,-0.334,65.3,Yobe
359055.0,11.9057835991,10.8567492324,1.6,112.7,0.267,650.0,160.0,383.0,2.0,2.0,1644.43359375,66861.81806437175,11.110383351712851,27729,1.1872134184380199,10.8654785,11.8996033,-0.334,65.3,Yobe
359056.0,11.9057835991,10.8567492324,1.6,112.7,0.267,650.0,160.0,383.0,2.0,2.0,1644.43359375,117564.77085876463,11.674744702039836,27729,1.1872134184380199,10.8654785,11.8996033,-0.334,65.3,Yobe
359057.0,11.9057835991,10.8567492324,1.6,112.7,0.267,650.0,160.0,383.0,2.0,2.0,1644.43359375,239503.1245218913,12.386321741768432,27729,1.1872134184380199,10.8654785,11.8996033,-0.334,65.3,Yobe
359058.0,11.9057835991,10.8567492324,1.6,112.7,0.267,650.0,160.0,383.0,2.0,2.0,1644.43359375,288670.224299113,12.57304022316234,27729,1.1872134184380199,10.8654785,11.8996033,-0.334,65.3,Yobe
359059.0,11.9057835991,10.8567492324,1.6,112.7,0.267,650.0,160.0,383.0,2.0,2.0,1644.43359375,131483.81285095215,11.78663902683252,27729,1.1872134184380199,10.8654785,11.8996033,-0.334,65.3,Yobe
359060.0,11.9057835991,10.8567492324,1.6,112.7,0.267,650.0,160.0,383.0,2.0,2.0,1644.43359375,177415.18728637698,12.08624795560124,27729,1.1872134184380199,10.8654785,11.8996033,-0.334,65.3,Yobe
359062.0,11.7227478991,11.0790860964,5.3,99.8,0.256,691.0,2346.0,422.0,2.0,1.0,16014.9931640625,162197.71754455566,11.996571348705968,31389,0.8630792129980616,11.0852051,11.7275454,1.454,65.3,Yobe
359063.0,11.7227478991,11.0790860964,5.3,99.8,0.256,691.0,2346.0,422.0,2.0,1.0,16014.9931640625,113164.20673624674,11.636595199841588,31389,0.8630792129980616,11.0852051,11.7275454,1.454,65.3,Yobe
359064.0,11.7227478991,11.0790860964,5.3,99.8,0.256,691.0,2346.0,422.0,2.0,1.0,16014.9931640625,135047.7406616211,11.81338362943714,31389,0.8630792129980616,11.0852051,11.7275454,1.454,65.3,Yobe
359065.0,11.7227478991,11.0790860964,5.3,99.8,0.256,691.0,2346.0,422.0,2.0,1.0,16014.9931640625,102470.27465820312,11.537328032166895,31389,0.8630792129980616,11.0852051,11.7275454,1.454,65.3,Yobe
359066.0,11.7227478991,11.0790860964,5.3,99.8,0.256,691.0,2346.0,422.0,2.0,1.0,16014.9931640625,85464.13278808595,11.355852067355748,31389,0.8630792129980616,11.0852051,11.7275454,1.454,65.3,Yobe
359067.0,11.7227478991,11.0790860964,5.3,99.8,0.256,691.0,2346.0,422.0,2.0,1.0,16014.9931640625,85157.40226401831,11.352256614362002,31389,0.8630792129980616,11.0852051,11.7275454,1.454,65.3,Yobe
359068.0,11.7227478991,11.0790860964,5.3,99.8,0.256,691.0,2346.0,422.0,2.0,1.0,16014.9931640625,233842.992038303,12.362405194940624,31389,0.8630792129980616,11.0852051,11.7275454,1.454,65.3,Yobe
359070.0,11.7227478991,11.0790860964,5.3,99.8,0.256,691.0,2346.0,422.0,2.0,1.0,16014.9931640625,247416.5514350891,12.418828638218844,31389,0.8630792129980616,11.0852051,11.7275454,1.454,65.3,Yobe
359071.0,11.7227478991,11.0790860964,5.3,99.8,0.256,691.0,2346.0,422.0,2.0,1.0,16014.9931640625,100614.60713195802,11.519052726226128,31389,0.8630792129980616,11.0852051,11.7275454,1.454,65.3,Yobe
359072.0,11.7227478991,11.0790860964,5.3,99.8,0.256,691.0,2346.0,422.0,2.0,1.0,16014.9931640625,74651.55617904663,11.220586649086917,31389,0.8630792129980616,11.0852051,11.7275454,1.454,65.3,Yobe
360031.0,12.5057920973,6.58623261754,0.9,42.6,0.266,807.0,323.0,415.0,3.0,2.0,2979.556640625,81120.77523464625,11.303694375419465,70397,0.8076885018850907,6.5808105,12.5009395,-0.557,64.26,Zamfara
360032.0,12.5057920973,6.58623261754,0.9,42.6,0.266,807.0,323.0,415.0,3.0,2.0,2979.556640625,414236.239654541,12.93419171724655,70397,0.8076885018850907,6.5808105,12.5009395,-0.557,64.26,Zamfara
360033.0,12.5057920973,6.58623261754,0.9,42.6,0.266,807.0,323.0,415.0,3.0,2.0,2979.556640625,126263.66503567164,11.746127579186616,70397,0.8076885018850907,6.5808105,12.5009395,-0.557,64.26,Zamfara
360034.0,12.5057920973,6.58623261754,0.9,42.6,0.266,807.0,323.0,415.0,3.0,2.0,2979.556640625,136884.79302106585,11.826894924179394,70397,0.8076885018850907,6.5808105,12.5009395,-0.557,64.26,Zamfara
360035.0,12.5057920973,6.58623261754,0.9,42.6,0.266,807.0,323.0,415.0,3.0,2.0,2979.556640625,244518.54468790692,12.4070464324151,70397,0.8076885018850907,6.5808105,12.5009395,-0.557,64.26,Zamfara
360036.0,12.5057920973,6.58623261754,0.9,42.6,0.266,807.0,323.0,415.0,3.0,2.0,2979.556640625,130637.14167785645,11.780178848025448,70397,0.8076885018850907,6.5808105,12.5009395,-0.557,64.26,Zamfara
360037.0,12.5057920973,6.58623261754,0.9,42.6,0.266,807.0,323.0,415.0,3.0,2.0,2979.556640625,92513.02966851128,11.4351047748617,70397,0.8076885018850907,6.5808105,12.5009395,-0.557,64.26,Zamfara
360038.0,12.5057920973,6.58623261754,0.9,42.6,0.266,807.0,323.0,415.0,3.0,2.0,2979.556640625,128642.78931884764,11.764794767315523,70397,0.8076885018850907,6.5808105,12.5009395,-0.557,64.26,Zamfara
360039.0,12.5057920973,6.58623261754,0.9,42.6,0.266,807.0,323.0,415.0,3.0,2.0,2979.556640625,93702.71943664552,11.447882490608407,70397,0.8076885018850907,6.5808105,12.5009395,-0.557,64.26,Zamfara
360040.0,12.5057920973,6.58623261754,0.9,42.6,0.266,807.0,323.0,415.0,3.0,2.0,2979.556640625,135774.3491734096,11.818749589471633,70397,0.8076885018850907,6.5808105,12.5009395,-0.557,64.26,Zamfara
360041.0,11.843362812700002,7.071525425759999,0.5,50.2,0.284,1016.0,169.0,580.0,3.0,2.0,8140.50927734375,92924.961628307,11.439547582233509,21151,1.2255243941526877,7.064209,11.8350943,-0.605,64.26,Zamfara
360042.0,11.843362812700002,7.071525425759999,0.5,50.2,0.284,1016.0,169.0,580.0,3.0,2.0,8140.50927734375,174477.40618133542,12.06955053477083,21151,1.2255243941526877,7.064209,11.8350943,-0.605,64.26,Zamfara
360043.0,11.843362812700002,7.071525425759999,0.5,50.2,0.284,1016.0,169.0,580.0,3.0,2.0,8140.50927734375,79793.0775867809,11.287192032642338,21151,1.2255243941526877,7.064209,11.8350943,-0.605,64.26,Zamfara
360044.0,11.843362812700002,7.071525425759999,0.5,50.2,0.284,1016.0,169.0,580.0,3.0,2.0,8140.50927734375,91277.11138684933,11.421655338404738,21151,1.2255243941526877,7.064209,11.8350943,-0.605,64.26,Zamfara
360045.0,11.843362812700002,7.071525425759999,0.5,50.2,0.284,1016.0,169.0,580.0,3.0,2.0,8140.50927734375,64132.3856862386,11.068704752234364,21151,1.2255243941526877,7.064209,11.8350943,-0.605,64.26,Zamfara
360046.0,11.843362812700002,7.071525425759999,0.5,50.2,0.284,1016.0,169.0,580.0,3.0,2.0,8140.50927734375,100582.83301217214,11.518736876083825,21151,1.2255243941526877,7.064209,11.8350943,-0.605,64.26,Zamfara
360047.0,11.843362812700002,7.071525425759999,0.5,50.2,0.284,1016.0,169.0,580.0,3.0,2.0,8140.50927734375,88079.380746024,11.385993740786288,21151,1.2255243941526877,7.064209,11.8350943,-0.605,64.26,Zamfara
360048.0,11.843362812700002,7.071525425759999,0.5,50.2,0.284,1016.0,169.0,580.0,3.0,2.0,8140.50927734375,104316.4663848877,11.555184503742533,21151,1.2255243941526877,7.064209,11.8350943,-0.605,64.26,Zamfara
360049.0,11.843362812700002,7.071525425759999,0.5,50.2,0.284,1016.0,169.0,580.0,3.0,2.0,8140.50927734375,72848.05180140903,11.196131068663275,21151,1.2255243941526877,7.064209,11.8350943,-0.605,64.26,Zamfara
360050.0,11.843362812700002,7.071525425759999,0.5,50.2,0.284,1016.0,169.0,580.0,3.0,2.0,8140.50927734375,69145.53131781684,11.143968711979683,21151,1.2255243941526877,7.064209,11.8350943,-0.605,64.26,Zamfara
360081.0,12.141164660499998,4.983890873980001,0.9,64.0,0.284,783.0,349.0,221.0,3.0,2.0,5530.6728515625,70278.8099925897,11.160225609781325,52402,0.9728124750420102,4.9768066,12.136005,0.09,69.93,Sokoto
360082.0,12.141164660499998,4.983890873980001,0.9,64.0,0.284,783.0,349.0,221.0,3.0,2.0,5530.6728515625,164864.82954152426,12.012881202242964,52402,0.9728124750420102,4.9768066,12.136005,0.09,69.93,Sokoto
360083.0,12.141164660499998,4.983890873980001,0.9,64.0,0.284,783.0,349.0,221.0,3.0,2.0,5530.6728515625,123518.70469665527,11.72414787861566,52402,0.9728124750420102,4.9768066,12.136005,0.09,69.93,Sokoto
360084.0,12.141164660499998,4.983890873980001,0.9,64.0,0.284,783.0,349.0,221.0,3.0,2.0,5530.6728515625,96731.44338553294,11.479693792863392,52402,0.9728124750420102,4.9768066,12.136005,0.09,69.93,Sokoto
360085.0,12.141164660499998,4.983890873980001,0.9,64.0,0.284,783.0,349.0,221.0,3.0,2.0,5530.6728515625,113944.79831949872,11.643469384834162,52402,0.9728124750420102,4.9768066,12.136005,0.09,69.93,Sokoto
360086.0,12.141164660499998,4.983890873980001,0.9,64.0,0.284,783.0,349.0,221.0,3.0,2.0,5530.6728515625,219903.3309020996,12.30094332377738,52402,0.9728124750420102,4.9768066,12.136005,0.09,69.93,Sokoto
360087.0,12.141164660499998,4.983890873980001,0.9,64.0,0.284,783.0,349.0,221.0,3.0,2.0,5530.6728515625,84266.3951924642,11.341738430973123,52402,0.9728124750420102,4.9768066,12.136005,0.09,69.93,Sokoto
360088.0,12.141164660499998,4.983890873980001,0.9,64.0,0.284,783.0,349.0,221.0,3.0,2.0,5530.6728515625,77003.39635649181,11.251604808388937,52402,0.9728124750420102,4.9768066,12.136005,0.09,69.93,Sokoto
360089.0,12.141164660499998,4.983890873980001,0.9,64.0,0.284,783.0,349.0,221.0,3.0,2.0,5530.6728515625,101282.51815795898,11.525669100397897,52402,0.9728124750420102,4.9768066,12.136005,0.09,69.93,Sokoto
360090.0,12.141164660499998,4.983890873980001,0.9,64.0,0.284,783.0,349.0,221.0,3.0,2.0,5530.6728515625,113672.84580145942,11.641079828009662,52402,0.9728124750420102,4.9768066,12.136005,0.09,69.93,Sokoto
369001.0,12.4791408742,6.63338551075,1.0,9.5,0.268,817.0,400.0,404.0,3.0,2.0,40908.6953125,120105.54654693604,11.696126189740536,69856,0.958656533645469,6.6247559,12.4794869,-0.656,64.26,Zamfara
369002.0,12.4791408742,6.63338551075,1.0,9.5,0.268,817.0,400.0,404.0,3.0,2.0,40908.6953125,194357.24316406247,12.177453204245866,69856,0.958656533645469,6.6247559,12.4794869,-0.656,64.26,Zamfara
369003.0,12.4791408742,6.63338551075,1.0,9.5,0.268,817.0,400.0,404.0,3.0,2.0,40908.6953125,119606.72922770184,11.691964383361553,69856,0.958656533645469,6.6247559,12.4794869,-0.656,64.26,Zamfara
369004.0,12.4791408742,6.63338551075,1.0,9.5,0.268,817.0,400.0,404.0,3.0,2.0,40908.6953125,119022.21839141846,11.687065463837262,69856,0.958656533645469,6.6247559,12.4794869,-0.656,64.26,Zamfara
369005.0,12.4791408742,6.63338551075,1.0,9.5,0.268,817.0,400.0,404.0,3.0,2.0,40908.6953125,162844.28437499996,12.000549712606103,69856,0.958656533645469,6.6247559,12.4794869,-0.656,64.26,Zamfara
369006.0,12.4791408742,6.63338551075,1.0,9.5,0.268,817.0,400.0,404.0,3.0,2.0,40908.6953125,85629.64990997314,11.35778687960797,69856,0.958656533645469,6.6247559,12.4794869,-0.656,64.26,Zamfara
369007.0,12.4791408742,6.63338551075,1.0,9.5,0.268,817.0,400.0,404.0,3.0,2.0,40908.6953125,142677.39428710938,11.86834137667016,69856,0.958656533645469,6.6247559,12.4794869,-0.656,64.26,Zamfara
369008.0,12.4791408742,6.63338551075,1.0,9.5,0.268,817.0,400.0,404.0,3.0,2.0,40908.6953125,159688.34413146973,11.98097934551238,69856,0.958656533645469,6.6247559,12.4794869,-0.656,64.26,Zamfara
369025.0,13.0664514333,6.49867406649,1.1,21.2,0.271,623.0,1126.0,331.0,3.0,1.0,8194.56640625,102732.96509552002,11.539888328789209,81237,1.1280759315990272,6.4929199,13.0580745,0.045,64.26,Zamfara
369026.0,13.0664514333,6.49867406649,1.1,21.2,0.271,623.0,1126.0,331.0,3.0,1.0,8194.56640625,170333.1919555664,12.045511750510927,81237,1.1280759315990272,6.4929199,13.0580745,0.045,64.26,Zamfara
369027.0,13.0664514333,6.49867406649,1.1,21.2,0.271,623.0,1126.0,331.0,3.0,1.0,8194.56640625,100885.48126220705,11.521741303641395,81237,1.1280759315990272,6.4929199,13.0580745,0.045,64.26,Zamfara
369028.0,13.0664514333,6.49867406649,1.1,21.2,0.271,623.0,1126.0,331.0,3.0,1.0,8194.56640625,125810.82862548828,11.74253469764801,81237,1.1280759315990272,6.4929199,13.0580745,0.045,64.26,Zamfara
369030.0,12.9775718739,6.49127319991,7.5,34.1,0.262,661.0,1074.0,337.0,3.0,1.0,8194.56640625,118473.15817260742,11.682441700587978,46045,0.5980549736936601,6.4929199,12.9724418,-0.546,64.26,Zamfara
369031.0,13.0664514333,6.49867406649,1.1,21.2,0.271,623.0,1126.0,331.0,3.0,1.0,8194.56640625,151245.94705636162,11.926662579212485,81237,1.1280759315990272,6.4929199,13.0580745,0.045,64.26,Zamfara
369032.0,13.0664514333,6.49867406649,1.1,21.2,0.271,623.0,1126.0,331.0,3.0,1.0,8194.56640625,140053.64454868864,11.849780803546292,81237,1.1280759315990272,6.4929199,13.0580745,0.045,64.26,Zamfara
369033.0,13.0664514333,6.49867406649,1.1,21.2,0.271,623.0,1126.0,331.0,3.0,1.0,8194.56640625,259731.4588623047,12.4674035257104,81237,1.1280759315990272,6.4929199,13.0580745,0.045,64.26,Zamfara
369035.0,13.0664514333,6.49867406649,1.1,21.2,0.271,623.0,1126.0,331.0,3.0,1.0,8194.56640625,147030.6249923706,11.898396177343942,81237,1.1280759315990272,6.4929199,13.0580745,0.045,64.26,Zamfara
369036.0,13.0664514333,6.49867406649,1.1,21.2,0.271,623.0,1126.0,331.0,3.0,1.0,8194.56640625,148455.36255289716,11.908039603169623,81237,1.1280759315990272,6.4929199,13.0580745,0.045,64.26,Zamfara
369038.0,11.7017000482,6.78812985278,0.1,16.6,0.29,1103.0,146.0,650.0,3.0,2.0,24717.341796875,94854.03761596682,11.46009454289117,93895,1.1654981642612416,6.7785645,11.7060306,-0.807,64.26,Zamfara
369039.0,11.7017000482,6.78812985278,0.1,16.6,0.29,1103.0,146.0,650.0,3.0,2.0,24717.341796875,86772.82185872397,11.371048739391892,93895,1.1654981642612416,6.7785645,11.7060306,-0.807,64.26,Zamfara
369040.0,11.7017000482,6.78812985278,0.1,16.6,0.29,1103.0,146.0,650.0,3.0,2.0,24717.341796875,91427.76975504556,11.423304537937913,93895,1.1654981642612416,6.7785645,11.7060306,-0.807,64.26,Zamfara
369041.0,11.7017000482,6.78812985278,0.1,16.6,0.29,1103.0,146.0,650.0,3.0,2.0,24717.341796875,86587.32148742676,11.368908680685042,93895,1.1654981642612416,6.7785645,11.7060306,-0.807,64.26,Zamfara
369042.0,11.7017000482,6.78812985278,0.1,16.6,0.29,1103.0,146.0,650.0,3.0,2.0,24717.341796875,96314.0806986491,11.475369804113637,93895,1.1654981642612416,6.7785645,11.7060306,-0.807,64.26,Zamfara
369043.0,11.7017000482,6.78812985278,0.1,16.6,0.29,1103.0,146.0,650.0,3.0,2.0,24717.341796875,134685.2013092041,11.810695492288747,93895,1.1654981642612416,6.7785645,11.7060306,-0.807,64.26,Zamfara
369044.0,11.7017000482,6.78812985278,0.1,16.6,0.29,1103.0,146.0,650.0,3.0,2.0,24717.341796875,69288.87507883708,11.146039639518316,93895,1.1654981642612416,6.7785645,11.7060306,-0.807,64.26,Zamfara
369046.0,11.7017000482,6.78812985278,0.1,16.6,0.29,1103.0,146.0,650.0,3.0,2.0,24717.341796875,183677.61911010745,12.120937429867457,93895,1.1654981642612416,6.7785645,11.7060306,-0.807,64.26,Zamfara
369047.0,11.7017000482,6.78812985278,0.1,16.6,0.29,1103.0,146.0,650.0,3.0,2.0,24717.341796875,163409.687210083,12.004015744902164,93895,1.1654981642612416,6.7785645,11.7060306,-0.807,64.26,Zamfara
369048.0,11.7017000482,6.78812985278,0.1,16.6,0.29,1103.0,146.0,650.0,3.0,2.0,24717.341796875,92886.78184647992,11.439136631002436,93895,1.1654981642612416,6.7785645,11.7060306,-0.807,64.26,Zamfara
369049.0,12.4791408742,6.63338551075,1.0,9.5,0.268,817.0,400.0,404.0,3.0,2.0,40908.6953125,72140.63526153564,11.186372760372953,69856,0.958656533645469,6.6247559,12.4794869,-0.656,64.26,Zamfara
369050.0,12.4791408742,6.63338551075,1.0,9.5,0.268,817.0,400.0,404.0,3.0,2.0,40908.6953125,57626.2130279541,10.961732830454038,69856,0.958656533645469,6.6247559,12.4794869,-0.656,64.26,Zamfara
370002.0,9.034286221049998,7.578189795129999,0.6,106.2,0.321,1335.0,1324.0,457.0,1.0,1.0,8033.95654296875,380748.09958903,12.849893279514564,1189,1.3146948038830273,7.5695801,9.0261526,1.475,47.82,Nasarawa
370003.0,9.034286221049998,7.578189795129999,0.6,106.2,0.321,1335.0,1324.0,457.0,1.0,1.0,8033.95654296875,315064.3863743373,12.660532298109066,1189,1.3146948038830273,7.5695801,9.0261526,1.475,47.82,Nasarawa
370004.0,9.034286221049998,7.578189795129999,0.6,106.2,0.321,1335.0,1324.0,457.0,1.0,1.0,8033.95654296875,276882.2326631546,12.531347541925784,1189,1.3146948038830273,7.5695801,9.0261526,1.475,47.82,Nasarawa
370005.0,9.034286221049998,7.578189795129999,0.6,106.2,0.321,1335.0,1324.0,457.0,1.0,1.0,8033.95654296875,349610.5101285662,12.76457498560844,1189,1.3146948038830273,7.5695801,9.0261526,1.475,47.82,Nasarawa
370006.0,9.034286221049998,7.578189795129999,0.6,106.2,0.321,1335.0,1324.0,457.0,1.0,1.0,8033.95654296875,334969.96458943683,12.72179614884571,1189,1.3146948038830273,7.5695801,9.0261526,1.475,47.82,Nasarawa
370007.0,9.034286221049998,7.578189795129999,0.6,106.2,0.321,1335.0,1324.0,457.0,1.0,1.0,8033.95654296875,289943.2958755493,12.577440651380265,1189,1.3146948038830273,7.5695801,9.0261526,1.475,47.82,Nasarawa
370008.0,9.034286221049998,7.578189795129999,0.6,106.2,0.321,1335.0,1324.0,457.0,1.0,1.0,8033.95654296875,269800.90228416806,12.505439567020654,1189,1.3146948038830273,7.5695801,9.0261526,1.475,47.82,Nasarawa
370009.0,9.034286221049998,7.578189795129999,0.6,106.2,0.321,1335.0,1324.0,457.0,1.0,1.0,8033.95654296875,322392.4729431153,12.683524942391433,1189,1.3146948038830273,7.5695801,9.0261526,1.475,47.82,Nasarawa
370010.0,9.034286221049998,7.578189795129999,0.6,106.2,0.321,1335.0,1324.0,457.0,1.0,1.0,8033.95654296875,293907.4252675374,12.5910201166933,1189,1.3146948038830273,7.5695801,9.0261526,1.475,47.82,Nasarawa
370011.0,9.088167065609998,7.315453786160001,6.9,99.8,0.29,1360.0,4087.0,378.0,1.0,1.0,2790.734375,218440.6490409851,12.294269627516872,98098,1.1133960489117662,7.3059082,9.0912484,0.684,,Federal Capital Territory
370012.0,9.088167065609998,7.315453786160001,6.9,99.8,0.29,1360.0,4087.0,378.0,1.0,1.0,2790.734375,116402.89691525414,11.664812701557878,98098,1.1133960489117662,7.3059082,9.0912484,0.684,,Federal Capital Territory
370013.0,9.088167065609998,7.315453786160001,6.9,99.8,0.29,1360.0,4087.0,378.0,1.0,1.0,2790.734375,333843.30692545575,12.718427020936046,98098,1.1133960489117662,7.3059082,9.0912484,0.684,,Federal Capital Territory
370015.0,9.19630597984,7.20742386491,0.3,56.7,0.301,1427.0,3078.0,441.0,1.0,1.0,2790.734375,275169.5213230678,12.525142627901683,16323,1.2352924811102568,7.2180176,9.1997151,0.666,52.42,Niger
370017.0,9.088167065609998,7.315453786160001,6.9,99.8,0.29,1360.0,4087.0,378.0,1.0,1.0,2790.734375,266949.7594121297,12.494815752680989,98098,1.1133960489117662,7.3059082,9.0912484,0.684,,Federal Capital Territory
370018.0,9.088167065609998,7.315453786160001,6.9,99.8,0.29,1360.0,4087.0,378.0,1.0,1.0,2790.734375,92208.66138458252,11.431809346396934,98098,1.1133960489117662,7.3059082,9.0912484,0.684,,Federal Capital Territory
370019.0,9.088167065609998,7.315453786160001,6.9,99.8,0.29,1360.0,4087.0,378.0,1.0,1.0,2790.734375,71218.3926194411,11.173506387347103,98098,1.1133960489117662,7.3059082,9.0912484,0.684,,Federal Capital Territory
370020.0,9.088167065609998,7.315453786160001,6.9,99.8,0.29,1360.0,4087.0,378.0,1.0,1.0,2790.734375,160903.21244506835,11.988558298257043,98098,1.1133960489117662,7.3059082,9.0912484,0.684,,Federal Capital Territory
370021.0,7.41898265015,3.9412966829,3.4,94.6,0.301,994.0,4805.0,236.0,6.0,1.0,9077.7705078125,200247.78506708145,12.20731080403089,11184,0.38413898341434555,3.9440918,7.4169421,1.036,34.42,Oyo
370023.0,9.14919109044,7.35656503051,5.1,19.9,0.282,1400.0,3478.0,442.0,1.0,1.0,9077.7705078125,269377.5096054077,12.503869056197338,69255,1.0878166726294884,7.3498535,9.1563324,1.145,,Federal Capital Territory
370024.0,6.59478842559,3.25839291437,6.6,70.6,0.178,1017.0,11352.0,39.0,6.0,1.0,9077.7705078125,578365.6646575928,13.267961585439476,40812,0.8870031424248466,3.2629395,6.5882169,1.356,21.75,Lagos
370025.0,9.08622407212,7.31366150224,2.3,3.2,0.291,1358.0,3958.0,377.0,1.0,1.0,9077.7705078125,302582.42876434326,12.620109011116844,98098,1.0255196604741643,7.3059082,9.0912484,0.684,,Federal Capital Territory
370026.0,9.03501151986,7.59190460429,1.2,62.4,0.321,1337.0,1676.0,426.0,1.0,1.0,9077.7705078125,437454.2803710938,12.988727477310162,36427,0.9841156192994824,7.5915527,9.0261526,1.224,47.82,Nasarawa
370027.0,9.25795348424,7.39288918245,10.4,71.9,0.295,1452.0,1243.0,564.0,1.0,1.0,9077.7705078125,349093.3476257324,12.763094637127354,4309,0.7643524778491865,7.3937988,9.2647792,0.957,,Federal Capital Territory
370030.0,9.14919109044,7.35656503051,5.1,19.9,0.282,1400.0,3478.0,442.0,1.0,1.0,9077.7705078125,428430.62027050194,12.967884090889644,69255,1.0878166726294884,7.3498535,9.1563324,1.145,,Federal Capital Territory
379003.0,8.47166892713,6.94840662454,0.4,9.4,0.31,1059.0,3016.0,139.0,1.0,1.0,421.9593811035156,212122.29842758176,12.264918266698594,96262,1.3066348785702455,6.9543457,8.4615055,0.657,,Federal Capital Territory
379005.0,8.47166892713,6.94840662454,0.4,9.4,0.31,1059.0,3016.0,139.0,1.0,1.0,421.9593811035156,272886.2171161358,12.51681020016682,96262,1.3066348785702455,6.9543457,8.4615055,0.657,,Federal Capital Territory
379006.0,8.47166892713,6.94840662454,0.4,9.4,0.31,1059.0,3016.0,139.0,1.0,1.0,421.9593811035156,100333.04949474336,11.516250426102856,96262,1.3066348785702455,6.9543457,8.4615055,0.657,,Federal Capital Territory
379007.0,8.47166892713,6.94840662454,0.4,9.4,0.31,1059.0,3016.0,139.0,1.0,1.0,421.9593811035156,245727.49955749515,12.411978475557252,96262,1.3066348785702455,6.9543457,8.4615055,0.657,,Federal Capital Territory
379008.0,8.47166892713,6.94840662454,0.4,9.4,0.31,1059.0,3016.0,139.0,1.0,1.0,421.9593811035156,113321.38962427776,11.637983216702636,96262,1.3066348785702455,6.9543457,8.4615055,0.657,,Federal Capital Territory
379009.0,8.47166892713,6.94840662454,0.4,9.4,0.31,1059.0,3016.0,139.0,1.0,1.0,421.9593811035156,274378.60981559753,12.522264219228344,96262,1.3066348785702455,6.9543457,8.4615055,0.657,,Federal Capital Territory
379010.0,8.47166892713,6.94840662454,0.4,9.4,0.31,1059.0,3016.0,139.0,1.0,1.0,421.9593811035156,112980.66040649412,11.634971936202,96262,1.3066348785702455,6.9543457,8.4615055,0.657,,Federal Capital Territory
379011.0,8.47166892713,6.94840662454,0.4,9.4,0.31,1059.0,3016.0,139.0,1.0,1.0,421.9593811035156,263810.5215820313,12.482986403163046,96262,1.3066348785702455,6.9543457,8.4615055,0.657,,Federal Capital Territory
379012.0,8.47166892713,6.94840662454,0.4,9.4,0.31,1059.0,3016.0,139.0,1.0,1.0,421.9593811035156,253338.2282714844,12.442480745532016,96262,1.3066348785702455,6.9543457,8.4615055,0.657,,Federal Capital Territory
379013.0,9.2648910133,7.38315308564,2.0,15.3,0.296,1455.0,1671.0,547.0,1.0,1.0,843.451904296875,298027.09047317505,12.604939668983798,4309,1.1817394707740014,7.3937988,9.2647792,0.957,,Federal Capital Territory
379014.0,9.2648910133,7.38315308564,2.0,15.3,0.296,1455.0,1671.0,547.0,1.0,1.0,843.451904296875,529047.0851612091,13.178832714745653,4309,1.1817394707740014,7.3937988,9.2647792,0.957,,Federal Capital Territory
379015.0,9.2648910133,7.38315308564,2.0,15.3,0.296,1455.0,1671.0,547.0,1.0,1.0,843.451904296875,404886.6728515624,12.911362486812124,4309,1.1817394707740014,7.3937988,9.2647792,0.957,,Federal Capital Territory
379016.0,9.2648910133,7.38315308564,2.0,15.3,0.296,1455.0,1671.0,547.0,1.0,1.0,843.451904296875,178673.5138092041,12.09331547420948,4309,1.1817394707740014,7.3937988,9.2647792,0.957,,Federal Capital Territory
379019.0,9.2648910133,7.38315308564,2.0,15.3,0.296,1455.0,1671.0,547.0,1.0,1.0,843.451904296875,411558.0069071452,12.927705253702108,4309,1.1817394707740014,7.3937988,9.2647792,0.957,,Federal Capital Territory
379021.0,9.2648910133,7.38315308564,2.0,15.3,0.296,1455.0,1671.0,547.0,1.0,1.0,843.451904296875,253684.41258748373,12.443846303366705,4309,1.1817394707740014,7.3937988,9.2647792,0.957,,Federal Capital Territory
379022.0,9.2648910133,7.38315308564,2.0,15.3,0.296,1455.0,1671.0,547.0,1.0,1.0,843.451904296875,174415.9417175293,12.069198195210262,4309,1.1817394707740014,7.3937988,9.2647792,0.957,,Federal Capital Territory
379024.0,9.2648910133,7.38315308564,2.0,15.3,0.296,1455.0,1671.0,547.0,1.0,1.0,843.451904296875,375971.4356613159,12.83726845050038,4309,1.1817394707740014,7.3937988,9.2647792,0.957,,Federal Capital Territory
379037.0,9.08055769048,7.21062000411,10.0,49.8,0.308,1340.0,1899.0,344.0,1.0,1.0,2741.140380859375,599831.0149993896,13.304403252862135,88501,1.4430670039904185,7.2180176,9.0912484,1.267,,Federal Capital Territory
379039.0,9.08055769048,7.21062000411,10.0,49.8,0.308,1340.0,1899.0,344.0,1.0,1.0,2741.140380859375,192597.73844401044,12.168359036034284,88501,1.4430670039904185,7.2180176,9.0912484,1.267,,Federal Capital Territory
379041.0,9.08055769048,7.21062000411,10.0,49.8,0.308,1340.0,1899.0,344.0,1.0,1.0,2741.140380859375,187842.302771366,12.143358074763963,88501,1.4430670039904185,7.2180176,9.0912484,1.267,,Federal Capital Territory
379043.0,9.08055769048,7.21062000411,10.0,49.8,0.308,1340.0,1899.0,344.0,1.0,1.0,2741.140380859375,208377.81270141603,12.247108118229136,88501,1.4430670039904185,7.2180176,9.0912484,1.267,,Federal Capital Territory
379044.0,9.08055769048,7.21062000411,10.0,49.8,0.308,1340.0,1899.0,344.0,1.0,1.0,2741.140380859375,116317.31336388222,11.664077195560118,88501,1.4430670039904185,7.2180176,9.0912484,1.267,,Federal Capital Territory
379045.0,9.08055769048,7.21062000411,10.0,49.8,0.308,1340.0,1899.0,344.0,1.0,1.0,2741.140380859375,249961.43957328796,12.42906194324106,88501,1.4430670039904185,7.2180176,9.0912484,1.267,,Federal Capital Territory
379046.0,9.08055769048,7.21062000411,10.0,49.8,0.308,1340.0,1899.0,344.0,1.0,1.0,2741.140380859375,178153.03131103516,12.090398186387594,88501,1.4430670039904185,7.2180176,9.0912484,1.267,,Federal Capital Territory
379047.0,9.08055769048,7.21062000411,10.0,49.8,0.308,1340.0,1899.0,344.0,1.0,1.0,2741.140380859375,110618.34280976791,11.613841202508665,88501,1.4430670039904185,7.2180176,9.0912484,1.267,,Federal Capital Territory
379048.0,9.08055769048,7.21062000411,10.0,49.8,0.308,1340.0,1899.0,344.0,1.0,1.0,2741.140380859375,84352.3764371005,11.342758261105413,88501,1.4430670039904185,7.2180176,9.0912484,1.267,,Federal Capital Territory
379049.0,9.08978484961,7.22044874093,1.3,15.3,0.307,1348.0,2646.0,375.0,1.0,1.0,1308.988037109375,209227.43683319096,12.25117715378362,88501,0.3149824444664523,7.2180176,9.0912484,1.267,,Federal Capital Territory
379050.0,9.08978484961,7.22044874093,1.3,15.3,0.307,1348.0,2646.0,375.0,1.0,1.0,1308.988037109375,215601.73432336535,12.28118816215608,88501,0.3149824444664523,7.2180176,9.0912484,1.267,,Federal Capital Territory
379051.0,9.08978484961,7.22044874093,1.3,15.3,0.307,1348.0,2646.0,375.0,1.0,1.0,1308.988037109375,300571.06969451904,12.613439509801598,88501,0.3149824444664523,7.2180176,9.0912484,1.267,,Federal Capital Territory
379052.0,9.08978484961,7.22044874093,1.3,15.3,0.307,1348.0,2646.0,375.0,1.0,1.0,1308.988037109375,893643.3182678223,13.703062001690022,88501,0.3149824444664523,7.2180176,9.0912484,1.267,,Federal Capital Territory
379053.0,9.08978484961,7.22044874093,1.3,15.3,0.307,1348.0,2646.0,375.0,1.0,1.0,1308.988037109375,190809.3560040792,12.159030072454907,88501,0.3149824444664523,7.2180176,9.0912484,1.267,,Federal Capital Territory
379054.0,9.08978484961,7.22044874093,1.3,15.3,0.307,1348.0,2646.0,375.0,1.0,1.0,1308.988037109375,78374.37239074707,11.269252270129597,88501,0.3149824444664523,7.2180176,9.0912484,1.267,,Federal Capital Territory
379055.0,9.08978484961,7.22044874093,1.3,15.3,0.307,1348.0,2646.0,375.0,1.0,1.0,1308.988037109375,178149.5080769857,12.090378409744655,88501,0.3149824444664523,7.2180176,9.0912484,1.267,,Federal Capital Territory
379057.0,9.08978484961,7.22044874093,1.3,15.3,0.307,1348.0,2646.0,375.0,1.0,1.0,1308.988037109375,546590.673034668,13.211455488727644,88501,0.3149824444664523,7.2180176,9.0912484,1.267,,Federal Capital Territory
379058.0,9.08978484961,7.22044874093,1.3,15.3,0.307,1348.0,2646.0,375.0,1.0,1.0,1308.988037109375,251013.94074249268,12.433263757378333,88501,0.3149824444664523,7.2180176,9.0912484,1.267,,Federal Capital Territory
379059.0,9.08978484961,7.22044874093,1.3,15.3,0.307,1348.0,2646.0,375.0,1.0,1.0,1308.988037109375,116038.8660583496,11.66168046619819,88501,0.3149824444664523,7.2180176,9.0912484,1.267,,Federal Capital Territory
379061.0,8.90392834243,7.34218182533,0.1,15.8,0.328,1264.0,424.0,352.0,1.0,2.0,625.3550415039062,121269.73606654577,11.705772567236709,50396,1.2305253817537631,7.3498535,8.8959258,-0.352,,Federal Capital Territory
379063.0,8.90392834243,7.34218182533,0.1,15.8,0.328,1264.0,424.0,352.0,1.0,2.0,625.3550415039062,157483.8312072754,11.967078072976603,50396,1.2305253817537631,7.3498535,8.8959258,-0.352,,Federal Capital Territory
379064.0,8.90392834243,7.34218182533,0.1,15.8,0.328,1264.0,424.0,352.0,1.0,2.0,625.3550415039062,119899.2760620117,11.69440730314927,50396,1.2305253817537631,7.3498535,8.8959258,-0.352,,Federal Capital Territory
379065.0,8.90392834243,7.34218182533,0.1,15.8,0.328,1264.0,424.0,352.0,1.0,2.0,625.3550415039062,108573.71546173096,11.59518462644868,50396,1.2305253817537631,7.3498535,8.8959258,-0.352,,Federal Capital Territory
379066.0,8.90392834243,7.34218182533,0.1,15.8,0.328,1264.0,424.0,352.0,1.0,2.0,625.3550415039062,203461.83369140624,12.223233716847217,50396,1.2305253817537631,7.3498535,8.8959258,-0.352,,Federal Capital Territory
379068.0,8.90392834243,7.34218182533,0.1,15.8,0.328,1264.0,424.0,352.0,1.0,2.0,625.3550415039062,197084.694229126,12.191388835275829,50396,1.2305253817537631,7.3498535,8.8959258,-0.352,,Federal Capital Territory
379069.0,8.90392834243,7.34218182533,0.1,15.8,0.328,1264.0,424.0,352.0,1.0,2.0,625.3550415039062,268363.0086555481,12.50009585288074,50396,1.2305253817537631,7.3498535,8.8959258,-0.352,,Federal Capital Territory
379070.0,8.90392834243,7.34218182533,0.1,15.8,0.328,1264.0,424.0,352.0,1.0,2.0,625.3550415039062,150291.71327514653,11.92033343965787,50396,1.2305253817537631,7.3498535,8.8959258,-0.352,,Federal Capital Territory
379071.0,8.90392834243,7.34218182533,0.1,15.8,0.328,1264.0,424.0,352.0,1.0,2.0,625.3550415039062,108569.77262878418,11.595148310987582,50396,1.2305253817537631,7.3498535,8.8959258,-0.352,,Federal Capital Territory
379072.0,8.90392834243,7.34218182533,0.1,15.8,0.328,1264.0,424.0,352.0,1.0,2.0,625.3550415039062,216685.38093566897,12.286201723022971,50396,1.2305253817537631,7.3498535,8.8959258,-0.352,,Federal Capital Territory
379073.0,8.91855671309,7.06740573386,5.8,87.2,0.329,1231.0,1654.0,178.0,1.0,2.0,1750.5472412109375,260956.91618347168,12.472110600584957,74414,0.36933871491408904,7.064209,8.9176335,0.903,,Federal Capital Territory
379075.0,8.91855671309,7.06740573386,5.8,87.2,0.329,1231.0,1654.0,178.0,1.0,2.0,1750.5472412109375,235479.2363459269,12.369378020169073,74414,0.36933871491408904,7.064209,8.9176335,0.903,,Federal Capital Territory
379077.0,8.91855671309,7.06740573386,5.8,87.2,0.329,1231.0,1654.0,178.0,1.0,2.0,1750.5472412109375,128574.97015816826,11.7642674385464,74414,0.36933871491408904,7.064209,8.9176335,0.903,,Federal Capital Territory
379078.0,8.91855671309,7.06740573386,5.8,87.2,0.329,1231.0,1654.0,178.0,1.0,2.0,1750.5472412109375,127064.4299621582,11.752449559332836,74414,0.36933871491408904,7.064209,8.9176335,0.903,,Federal Capital Territory
379079.0,8.91855671309,7.06740573386,5.8,87.2,0.329,1231.0,1654.0,178.0,1.0,2.0,1750.5472412109375,164559.67491455076,12.01102854884209,74414,0.36933871491408904,7.064209,8.9176335,0.903,,Federal Capital Territory
379080.0,8.91855671309,7.06740573386,5.8,87.2,0.329,1231.0,1654.0,178.0,1.0,2.0,1750.5472412109375,90654.58628336588,11.414811808211152,74414,0.36933871491408904,7.064209,8.9176335,0.903,,Federal Capital Territory
379081.0,8.91855671309,7.06740573386,5.8,87.2,0.329,1231.0,1654.0,178.0,1.0,2.0,1750.5472412109375,289244.2468261719,12.575026754888096,74414,0.36933871491408904,7.064209,8.9176335,0.903,,Federal Capital Territory
379082.0,8.91855671309,7.06740573386,5.8,87.2,0.329,1231.0,1654.0,178.0,1.0,2.0,1750.5472412109375,123134.00312042236,11.721028497591355,74414,0.36933871491408904,7.064209,8.9176335,0.903,,Federal Capital Territory
379083.0,8.91855671309,7.06740573386,5.8,87.2,0.329,1231.0,1654.0,178.0,1.0,2.0,1750.5472412109375,102984.93321705828,11.542337977065856,74414,0.36933871491408904,7.064209,8.9176335,0.903,,Federal Capital Territory
379084.0,8.91855671309,7.06740573386,5.8,87.2,0.329,1231.0,1654.0,178.0,1.0,2.0,1750.5472412109375,89129.85158463364,11.39784959196724,74414,0.36933871491408904,7.064209,8.9176335,0.903,,Federal Capital Territory
379085.0,8.75203729893,6.88710233598,0.8,6.5,0.335,1154.0,32.0,148.0,1.0,2.0,1277.5345458984375,247704.9040985107,12.41999341382208,82764,0.9111877288054244,6.8884277,8.7439361,-0.444,,Federal Capital Territory
379086.0,8.75203729893,6.88710233598,0.8,6.5,0.335,1154.0,32.0,148.0,1.0,2.0,1277.5345458984375,107348.61290631976,11.583836881996804,82764,0.9111877288054244,6.8884277,8.7439361,-0.444,,Federal Capital Territory
379087.0,8.75203729893,6.88710233598,0.8,6.5,0.335,1154.0,32.0,148.0,1.0,2.0,1277.5345458984375,157590.201546669,11.967753281545871,82764,0.9111877288054244,6.8884277,8.7439361,-0.444,,Federal Capital Territory
379089.0,8.75203729893,6.88710233598,0.8,6.5,0.335,1154.0,32.0,148.0,1.0,2.0,1277.5345458984375,138303.17818196616,11.837203497735633,82764,0.9111877288054244,6.8884277,8.7439361,-0.444,,Federal Capital Territory
379090.0,8.75203729893,6.88710233598,0.8,6.5,0.335,1154.0,32.0,148.0,1.0,2.0,1277.5345458984375,116599.69991048177,11.66650197922868,82764,0.9111877288054244,6.8884277,8.7439361,-0.444,,Federal Capital Territory
379091.0,8.75203729893,6.88710233598,0.8,6.5,0.335,1154.0,32.0,148.0,1.0,2.0,1277.5345458984375,856634.6204013824,13.66076675941182,82764,0.9111877288054244,6.8884277,8.7439361,-0.444,,Federal Capital Territory
379092.0,8.75203729893,6.88710233598,0.8,6.5,0.335,1154.0,32.0,148.0,1.0,2.0,1277.5345458984375,53130.89525931222,10.880513869657102,82764,0.9111877288054244,6.8884277,8.7439361,-0.444,,Federal Capital Territory
379093.0,8.75203729893,6.88710233598,0.8,6.5,0.335,1154.0,32.0,148.0,1.0,2.0,1277.5345458984375,115606.46795654295,11.657947184836372,82764,0.9111877288054244,6.8884277,8.7439361,-0.444,,Federal Capital Territory
379094.0,8.75203729893,6.88710233598,0.8,6.5,0.335,1154.0,32.0,148.0,1.0,2.0,1277.5345458984375,108915.66778782436,11.598329171738731,82764,0.9111877288054244,6.8884277,8.7439361,-0.444,,Federal Capital Territory
379096.0,8.75203729893,6.88710233598,0.8,6.5,0.335,1154.0,32.0,148.0,1.0,2.0,1277.5345458984375,81244.61716413498,11.305219847709768,82764,0.9111877288054244,6.8884277,8.7439361,-0.444,,Federal Capital Territory
379097.0,9.07735111185,7.41815847418,8.1,23.6,0.277,1352.0,3405.0,450.0,1.0,1.0,1882.46044921875,1276681.023788452,14.059774318212783,67741,0.9054350395113019,7.4157715,9.0695511,1.13,,Federal Capital Territory
379098.0,9.07735111185,7.41815847418,8.1,23.6,0.277,1352.0,3405.0,450.0,1.0,1.0,1882.46044921875,698656.6309509277,13.45691467155484,67741,0.9054350395113019,7.4157715,9.0695511,1.13,,Federal Capital Territory
379099.0,9.07735111185,7.41815847418,8.1,23.6,0.277,1352.0,3405.0,450.0,1.0,1.0,1882.46044921875,1130669.6682006835,13.93832064188092,67741,0.9054350395113019,7.4157715,9.0695511,1.13,,Federal Capital Territory
379100.0,9.07735111185,7.41815847418,8.1,23.6,0.277,1352.0,3405.0,450.0,1.0,1.0,1882.46044921875,929943.2276687622,13.742878817748624,67741,0.9054350395113019,7.4157715,9.0695511,1.13,,Federal Capital Territory
379101.0,9.07735111185,7.41815847418,8.1,23.6,0.277,1352.0,3405.0,450.0,1.0,1.0,1882.46044921875,973983.817779541,13.789149968297272,67741,0.9054350395113019,7.4157715,9.0695511,1.13,,Federal Capital Territory
379103.0,9.07735111185,7.41815847418,8.1,23.6,0.277,1352.0,3405.0,450.0,1.0,1.0,1882.46044921875,326072.2398071289,12.694874230300805,67741,0.9054350395113019,7.4157715,9.0695511,1.13,,Federal Capital Territory
379104.0,9.07735111185,7.41815847418,8.1,23.6,0.277,1352.0,3405.0,450.0,1.0,1.0,1882.46044921875,861705.3259449005,13.6666686419502,67741,0.9054350395113019,7.4157715,9.0695511,1.13,,Federal Capital Territory
379105.0,9.07735111185,7.41815847418,8.1,23.6,0.277,1352.0,3405.0,450.0,1.0,1.0,1882.46044921875,450350.0758552551,13.017780505648105,67741,0.9054350395113019,7.4157715,9.0695511,1.13,,Federal Capital Territory
379109.0,9.06408821885,7.47818224924,0.2,12.8,0.298,1351.0,5084.0,474.0,1.0,1.0,654.4340209960938,519427.132792155,13.160481815568293,9923,0.7205933146940928,7.4816895,9.0695511,1.319,,Federal Capital Territory
379111.0,9.06408821885,7.47818224924,0.2,12.8,0.298,1351.0,5084.0,474.0,1.0,1.0,654.4340209960938,561382.9871292114,13.238158638085238,9923,0.7205933146940928,7.4816895,9.0695511,1.319,,Federal Capital Territory
379112.0,9.06408821885,7.47818224924,0.2,12.8,0.298,1351.0,5084.0,474.0,1.0,1.0,654.4340209960938,556745.9949366251,13.229864391446007,9923,0.7205933146940928,7.4816895,9.0695511,1.319,,Federal Capital Territory
379114.0,9.06408821885,7.47818224924,0.2,12.8,0.298,1351.0,5084.0,474.0,1.0,1.0,654.4340209960938,707056.5601425171,13.468865941880445,9923,0.7205933146940928,7.4816895,9.0695511,1.319,,Federal Capital Territory
379115.0,9.06408821885,7.47818224924,0.2,12.8,0.298,1351.0,5084.0,474.0,1.0,1.0,654.4340209960938,936439.6560821532,13.749840363213234,9923,0.7205933146940928,7.4816895,9.0695511,1.319,,Federal Capital Territory
379116.0,9.06408821885,7.47818224924,0.2,12.8,0.298,1351.0,5084.0,474.0,1.0,1.0,654.4340209960938,1394292.2248840332,14.14789747880956,9923,0.7205933146940928,7.4816895,9.0695511,1.319,,Federal Capital Territory
379117.0,9.06408821885,7.47818224924,0.2,12.8,0.298,1351.0,5084.0,474.0,1.0,1.0,654.4340209960938,373488.8700396219,12.830643484020303,9923,0.7205933146940928,7.4816895,9.0695511,1.319,,Federal Capital Territory
379118.0,9.06408821885,7.47818224924,0.2,12.8,0.298,1351.0,5084.0,474.0,1.0,1.0,654.4340209960938,681071.8260803223,13.43142305105351,9923,0.7205933146940928,7.4816895,9.0695511,1.319,,Federal Capital Territory
379119.0,9.06408821885,7.47818224924,0.2,12.8,0.298,1351.0,5084.0,474.0,1.0,1.0,654.4340209960938,2427421.933921814,14.702340319586966,9923,0.7205933146940928,7.4816895,9.0695511,1.319,,Federal Capital Territory
379120.0,9.06408821885,7.47818224924,0.2,12.8,0.298,1351.0,5084.0,474.0,1.0,1.0,654.4340209960938,1960784.4063949585,14.488855158489468,9923,0.7205933146940928,7.4816895,9.0695511,1.319,,Federal Capital Territory
379121.0,8.47166892713,6.94840662454,0.4,9.4,0.31,1059.0,3016.0,139.0,1.0,1.0,421.9593811035156,127702.91146392822,11.757461841008409,96262,1.3066348785702455,6.9543457,8.4615055,0.657,,Federal Capital Territory
379123.0,9.2648910133,7.38315308564,2.0,15.3,0.296,1455.0,1671.0,547.0,1.0,1.0,843.451904296875,280671.76556396484,12.544941171483844,4309,1.1817394707740014,7.3937988,9.2647792,0.957,,Federal Capital Territory
379124.0,9.2648910133,7.38315308564,2.0,15.3,0.296,1455.0,1671.0,547.0,1.0,1.0,843.451904296875,1481259.6832962036,14.208403421090592,4309,1.1817394707740014,7.3937988,9.2647792,0.957,,Federal Capital Territory
379127.0,9.08055769048,7.21062000411,10.0,49.8,0.308,1340.0,1899.0,344.0,1.0,1.0,2741.140380859375,190194.80859375,12.155804134261148,88501,1.4430670039904185,7.2180176,9.0912484,1.267,,Federal Capital Territory
379138.0,9.07735111185,7.41815847418,8.1,23.6,0.277,1352.0,3405.0,450.0,1.0,1.0,1882.46044921875,551030.9085057576,13.219546181853524,67741,0.9054350395113019,7.4157715,9.0695511,1.13,,Federal Capital Territory
379139.0,9.13817284874,7.31849980629,27.4,66.7,0.286,1394.0,3164.0,414.0,1.0,1.0,970.9754028320312,813386.6599178314,13.608961871924697,953,1.112728906936234,7.3278809,9.1346391,0.676,,Federal Capital Territory
379141.0,9.13817284874,7.31849980629,27.4,66.7,0.286,1394.0,3164.0,414.0,1.0,1.0,970.9754028320312,732306.4239349365,13.503954317282892,953,1.112728906936234,7.3278809,9.1346391,0.676,,Federal Capital Territory
379143.0,9.13817284874,7.31849980629,27.4,66.7,0.286,1394.0,3164.0,414.0,1.0,1.0,970.9754028320312,408168.317048645,12.919434910100229,953,1.112728906936234,7.3278809,9.1346391,0.676,,Federal Capital Territory
379144.0,9.13817284874,7.31849980629,27.4,66.7,0.286,1394.0,3164.0,414.0,1.0,1.0,970.9754028320312,669543.0869852701,13.414350799003364,953,1.112728906936234,7.3278809,9.1346391,0.676,,Federal Capital Territory
379146.0,9.13817284874,7.31849980629,27.4,66.7,0.286,1394.0,3164.0,414.0,1.0,1.0,970.9754028320312,418136.9638328552,12.94356432250845,953,1.112728906936234,7.3278809,9.1346391,0.676,,Federal Capital Territory
379148.0,9.13817284874,7.31849980629,27.4,66.7,0.286,1394.0,3164.0,414.0,1.0,1.0,970.9754028320312,954923.8801994324,13.769386909688675,953,1.112728906936234,7.3278809,9.1346391,0.676,,Federal Capital Territory
379151.0,9.13817284874,7.31849980629,27.4,66.7,0.286,1394.0,3164.0,414.0,1.0,1.0,970.9754028320312,600749.7648071289,13.305933762099894,953,1.112728906936234,7.3278809,9.1346391,0.676,,Federal Capital Territory
379154.0,9.13817284874,7.31849980629,27.4,66.7,0.286,1394.0,3164.0,414.0,1.0,1.0,970.9754028320312,2217180.453227997,14.611746880517428,953,1.112728906936234,7.3278809,9.1346391,0.676,,Federal Capital Territory
379155.0,9.13817284874,7.31849980629,27.4,66.7,0.286,1394.0,3164.0,414.0,1.0,1.0,970.9754028320312,384598.2727355957,12.859954621059638,953,1.112728906936234,7.3278809,9.1346391,0.676,,Federal Capital Territory
