lat,lon,amenity
10.573804,7.405322,hospital
10.094597,12.055679,hospital
12.224393,14.279565,hospital
10.553373,13.098342,hospital
9.010886,7.575098,pharmacy
10.507737,7.43352,pharmacy
7.561169,6.604363,pharmacy
6.372975,5.635722,pharmacy
6.366735,5.626269,pharmacy
6.36748,5.627053,pharmacy
6.368909,5.587573,pharmacy
6.362872,5.589701,pharmacy
6.364194,5.580758,pharmacy
6.363867,5.587853,pharmacy
6.377543,5.635186,hospital
6.362121,5.623041,pharmacy
6.365761,5.584005,pharmacy
6.36745,5.582942,pharmacy
6.304945,5.626766,pharmacy
6.328184,5.62254,doctors
6.304387,5.625654,pharmacy
6.319108,5.627442,pharmacy
6.325816,5.625476,pharmacy
6.321158,5.627236,pharmacy
6.330998,5.629824,clinic
6.331202,5.626527,clinic
6.320569,5.62731,pharmacy
6.329495,5.62688,pharmacy
6.334974,5.633706,pharmacy
6.317952,5.627549,pharmacy
6.331467,5.626748,clinic
6.329308,5.619105,pharmacy
6.324509,5.626319,pharmacy
6.326262,5.625301,pharmacy
6.32675,5.630367,pharmacy
6.307114,5.601486,doctors
6.311779,5.598339,pharmacy
6.320862,5.627273,pharmacy
6.335845,5.630784,clinic
6.331029,5.62526,pharmacy
6.330721,5.596224,pharmacy
6.33432,5.604426,hospital
6.325744,5.577876,pharmacy
6.327843,5.624282,pharmacy
6.336216,5.609687,pharmacy
6.329375,5.620571,pharmacy
6.328818,5.584778,hospital
6.342348,5.609924,pharmacy
6.342839,5.608797,pharmacy
6.352991,5.616868,pharmacy
6.33977,5.618777,pharmacy
6.349021,5.61923,pharmacy
6.464027,7.495643,clinic
6.482312,7.492041,clinic
6.479913,7.519431,clinic
6.458544,7.49453,pharmacy
6.473831,7.500836,clinic
6.483449,7.516615,clinic
6.482701,7.50855,clinic
6.460941,7.479773,clinic
6.476539,7.50139,doctors
6.479049,7.516834,pharmacy
6.45038,7.493085,clinic
6.450652,7.485499,pharmacy
6.407998,7.531527,clinic
6.413427,7.544272,clinic
6.418407,7.494977,clinic
6.424451,7.479645,clinic
6.425602,7.494653,clinic
6.430425,7.496329,clinic
6.436359,7.500098,clinic
6.437193,7.504572,clinic
6.438333,7.502103,clinic
6.44096,7.495275,clinic
6.447611,7.501111,clinic
6.440262,7.510796,clinic
6.459315,7.497971,clinic
9.890242,8.878389,pharmacy
7.441454,3.907835,pharmacy
11.816667,7.9,hospital
10.51355,7.452553,hospital
13.585816,6.143737,health_post
11.450745,7.727666,hospital
11.515925,7.735481,hospital
11.400621,7.858888,hospital
11.487072,7.747225,hospital
11.479919,7.831174,hospital
11.407184,7.757453,hospital
11.380633,7.761526,hospital
11.452874,7.781822,hospital
11.405054,7.743667,hospital
11.493229,7.772043,hospital
11.397032,7.811988,hospital
11.56832,7.751199,hospital
11.624959,7.883484,hospital
11.54124,7.825976,hospital
11.542611,7.820641,hospital
11.552662,7.830879,hospital
11.574668,7.799462,hospital
11.627448,7.871806,hospital
11.598407,7.987158,hospital
11.556769,7.935751,hospital
11.594511,8.080939,hospital
11.480042,7.954742,hospital
11.455895,7.918082,hospital
11.835142,7.949129,hospital
11.811454,8.029298,hospital
11.725629,7.983009,hospital
11.843664,8.057357,hospital
11.827314,7.990823,hospital
11.798849,7.941187,hospital
11.843288,7.959113,hospital
11.832835,8.039604,hospital
11.856214,8.031337,hospital
11.806303,8.063956,hospital
11.824915,7.932628,hospital
11.733249,7.930958,hospital
11.837745,8.02226,hospital
11.697691,8.047964,hospital
11.785645,7.95964,hospital
11.719809,7.949097,hospital
11.816176,8.002074,hospital
10.701788,8.630571,hospital
10.670461,8.741056,hospital
10.728985,8.619358,hospital
10.708121,8.682697,hospital
10.808839,8.63018,hospital
10.750129,8.727919,hospital
11.748465,8.138668,hospital
11.709377,8.167287,hospital
11.719051,8.105223,hospital
11.842697,8.14788,hospital
11.717341,8.227324,hospital
11.802713,8.207099,hospital
11.71085,8.19741,hospital
11.865762,8.23558,hospital
11.788362,8.113176,hospital
11.851189,8.167798,hospital
11.831872,8.123096,hospital
11.730178,8.182049,hospital
11.826429,8.150525,hospital
11.866304,8.153917,hospital
11.70699,8.134762,hospital
11.860294,8.192115,hospital
11.846894,8.242561,hospital
11.820294,8.230911,hospital
11.786184,8.223149,hospital
11.82384,8.09246,hospital
11.750293,8.205523,hospital
11.588931,8.190445,hospital
11.536087,8.157281,hospital
11.60518,8.25832,hospital
11.533195,8.254829,hospital
11.623004,8.17197,hospital
11.67714,8.128891,hospital
11.680936,8.202676,hospital
11.655716,8.192915,hospital
11.373541,8.169151,hospital
11.434539,8.237095,hospital
11.459913,8.203551,hospital
11.486538,8.186621,hospital
10.64049,8.759362,hospital
10.638705,8.647129,hospital
10.575865,8.715917,hospital
11.80309,7.893615,hospital
11.725309,7.903104,hospital
11.767641,7.888229,hospital
11.815198,7.8661,hospital
11.771775,7.867357,hospital
11.835235,7.859759,hospital
11.588927,8.190405,hospital
11.536067,8.157276,hospital
11.605175,8.258328,hospital
11.533194,8.254856,hospital
11.623003,8.171951,hospital
11.677126,8.128884,hospital
11.680941,8.202674,hospital
11.655699,8.192827,hospital
12.270793,8.381387,hospital
12.311898,8.284982,hospital
12.248691,8.397002,hospital
12.29987,8.335135,hospital
12.265818,8.321571,hospital
12.222637,8.428342,hospital
12.262738,8.418861,hospital
12.363392,8.405444,hospital
12.331009,8.273771,hospital
12.372053,8.305717,hospital
12.231905,8.332937,hospital
12.21269,8.388875,hospital
12.372987,8.281903,hospital
12.330232,8.389796,hospital
12.275517,8.396162,hospital
12.23524,8.309361,hospital
12.303154,8.392552,hospital
12.346882,8.328902,hospital
12.267456,8.341681,hospital
12.269156,8.293144,hospital
12.244393,8.287594,hospital
12.233439,8.413566,hospital
12.365389,8.257427,hospital
12.321506,8.159493,hospital
12.309377,8.216475,hospital
12.345824,8.11025,hospital
12.381539,8.101275,hospital
12.35799,8.192957,hospital
12.255499,8.169056,hospital
12.242839,8.174451,hospital
12.340008,8.148073,hospital
12.380522,8.147552,hospital
12.377943,8.210192,hospital
12.26658,8.20116,hospital
12.28856,8.092819,hospital
12.300404,8.149213,hospital
12.345534,8.220979,hospital
12.274396,8.155869,hospital
11.949877,8.609117,hospital
12.21879,8.022147,hospital
12.262244,8.041387,hospital
12.44796,8.541892,hospital
12.19538,8.907215,hospital
11.962761,10.445222,hospital
11.963552,10.697809,hospital
12.139178,10.531695,hospital
12.206292,10.199952,hospital
11.576275,10.917979,hospital
11.493333,10.662537,hospital
11.477317,10.671202,hospital
11.453656,10.897759,hospital
11.188484,10.934825,hospital
10.31722,9.838584,hospital
11.3082,9.25008,hospital
10.452972,8.759556,hospital
10.260224,10.30086,hospital
10.271363,10.33296,hospital
10.261031,10.300527,hospital
10.271841,10.334689,hospital
10.272488,10.341732,hospital
10.30129,9.829907,hospital
10.297862,9.815918,hospital
7.427301,3.89338,hospital
7.359333,3.889804,pharmacy
7.387016,3.902507,hospital
7.394264,3.872057,hospital
7.40365,3.933796,hospital
7.375451,3.886916,pharmacy
7.364732,3.920063,hospital
7.382775,3.904891,hospital
7.365246,3.919879,hospital
7.37652,3.897624,hospital
7.376518,3.897616,hospital
7.375224,3.900752,clinic
7.383749,3.926835,hospital
7.375426,3.918668,hospital
7.367315,3.899499,hospital
9.836892,9.473921,hospital
7.764236,4.534978,pharmacy
7.777201,4.552628,pharmacy
10.259847,11.872145,hospital
11.793806,13.182252,hospital
10.875673,12.781883,doctors
10.861877,12.849304,doctors
11.160095,12.754089,doctors
10.869774,12.844581,doctors
11.059876,12.808289,doctors
11.051514,12.807312,doctors
10.865375,12.787277,doctors
11.175476,12.786682,doctors
11.036078,12.704221,doctors
11.015975,12.893466,doctors
11.083905,12.896257,doctors
10.865112,12.711487,clinic
10.865112,12.711731,doctors
10.858229,12.704464,doctors
11.047057,12.753622,doctors
10.947048,12.774463,doctors
10.947083,12.774475,doctors
11.137695,12.952087,doctors
10.849635,12.779157,doctors
10.866407,12.853891,clinic
10.869555,12.844338,doctors
10.922428,12.772246,clinic
10.922638,12.772661,doctors
10.98315,13.301896,doctors
10.868006,13.157107,doctors
10.926338,13.02449,doctors
10.843839,13.149406,doctors
10.346958,11.609892,doctors
10.380284,11.639142,doctors
10.375122,11.810303,doctors
10.224915,11.620117,doctors
10.44678,11.748662,doctors
10.239484,11.805874,doctors
10.450333,11.752845,doctors
10.335876,11.772705,doctors
10.152183,11.943654,doctors
10.309967,11.650094,doctors
10.249439,11.701596,doctors
10.225503,11.624104,doctors
10.210327,11.735901,doctors
10.271187,11.603625,doctors
10.22295,11.820435,clinic
10.303726,11.890826,hospital
10.334106,11.803284,doctors
10.174683,11.808472,hospital
10.445692,11.706489,doctors
10.347032,11.609807,doctors
10.38389,11.695816,doctors
10.275457,11.76462,doctors
12.3703,14.210693,clinic
12.37005,14.210485,clinic
12.421081,14.128113,clinic
12.436564,14.183326,doctors
12.361325,14.358615,clinic
13.261719,12.616882,clinic
11.044057,12.645798,clinic
11.146036,12.363535,doctors
10.896484,12.644287,doctors
11.05236,12.544602,doctors
10.952402,12.605918,doctors
10.93397,12.526754,doctors
11.092563,12.653595,doctors
11.191168,12.470873,doctors
11.200949,12.613281,doctors
11.229118,12.472565,doctors
11.509079,12.514116,hospital
11.373851,12.614168,doctors
11.307078,12.47815,doctors
11.220886,12.31488,doctors
12.000339,12.949989,clinic
10.141325,11.921225,doctors
10.046269,11.912767,doctors
10.098694,11.692505,doctors
10.099395,11.750264,doctors
10.099584,11.750318,clinic
10.036316,11.860107,hospital
10.03833,11.777893,doctors
10.032105,11.887512,doctors
10.098694,11.692688,doctors
10.063639,11.831825,hospital
10.046795,11.91138,doctors
10.32037,11.863725,doctors
10.424742,11.929119,doctors
10.316394,11.943268,hospital
10.393821,11.846686,doctors
10.075551,12.053103,doctors
10.432288,12.01097,doctors
10.328686,12.209578,doctors
10.48205,12.432974,doctors
10.138795,12.036211,hospital
10.087464,11.962583,clinic
10.107841,12.030652,hospital
10.071689,12.003105,doctors
10.034133,11.971121,clinic
10.043274,12.05011,clinic
10.05183,12.015114,clinic
10.02533,11.968689,doctors
10.028686,11.97168,doctors
10.321514,11.554717,doctors
10.321763,11.554685,doctors
10.34082,11.580387,doctors
10.328919,12.178284,clinic
10.350899,12.023301,doctors
10.186984,12.079589,doctors
10.280701,12.00708,doctors
10.253077,12.164143,doctors
10.475525,12.304077,clinic
10.429871,12.147705,doctors
10.182604,11.960478,hospital
10.38306,12.264458,doctors
10.433716,12.100891,doctors
10.163879,12.119324,doctors
10.478088,12.248108,clinic
10.215657,12.109888,clinic
10.296692,12.080078,doctors
10.218079,12.064697,hospital
10.332532,12.08768,doctors
10.283779,11.962778,doctors
10.392474,12.250125,doctors
10.18618,12.007952,hospital
10.410889,12.522278,doctors
10.466675,12.339905,doctors
10.399218,12.543931,doctors
10.467102,12.417297,doctors
10.407288,12.370727,doctors
10.46051,13.224121,doctors
10.483849,13.235972,doctors
10.458332,13.226969,doctors
10.459114,13.213895,doctors
10.512447,11.721448,doctors
10.59637,12.217485,doctors
13.308682,13.50271,doctors
13.270712,13.804077,clinic
13.414962,13.794148,doctors
13.094727,13.821716,doctors
13.09491,13.814697,hospital
13.116399,13.861129,doctors
13.094446,13.821202,doctors
13.096314,13.822693,doctors
13.149622,13.557438,doctors
13.195631,13.609808,clinic
12.949349,13.674604,doctors
12.923096,13.568298,doctors
12.945496,13.176086,clinic
12.945243,13.176094,doctors
13.000671,12.991272,clinic
12.899624,12.815923,doctors
12.916591,12.614267,doctors
13.193492,12.570633,doctors
12.861877,13.851074,doctors
12.860718,13.857117,doctors
12.802124,13.846497,doctors
12.803851,13.834801,clinic
12.769536,13.757222,doctors
12.660336,13.371021,clinic
12.812073,13.670898,clinic
12.894908,13.693169,doctors
12.609131,13.509521,clinic
12.862223,13.674668,clinic
12.666687,13.618103,doctors
12.57727,13.413514,clinic
12.687523,13.510759,clinic
12.670652,13.616128,doctors
12.779851,13.66497,clinic
12.681545,13.440589,doctors
12.726113,13.456482,clinic
12.713825,13.639064,doctors
12.825073,13.190124,clinic
12.700835,13.220381,doctors
12.68512,13.355102,clinic
12.661091,13.277767,clinic
12.574827,12.789891,doctors
12.605691,12.859328,doctors
12.798362,12.635647,clinic
12.884012,12.508571,clinic
12.3935,12.538752,doctors
12.524387,12.905464,doctors
12.401346,12.944495,doctors
12.501837,12.785201,doctors
12.491733,12.78433,clinic
12.530822,13.188725,clinic
12.494386,13.213822,clinic
12.492138,13.158645,doctors
12.324451,13.238993,doctors
12.225357,13.249132,doctors
12.429475,13.351893,doctors
12.347216,13.454511,doctors
12.304348,13.419016,doctors
12.530273,13.69812,doctors
12.504536,13.518027,doctors
12.269104,14.462097,doctors
12.287292,14.535278,clinic
12.298325,14.42962,clinic
11.916702,14.636538,clinic
12.080163,14.46403,clinic
12.135616,14.620351,clinic
11.99836,14.45312,clinic
11.96051,14.398715,clinic
11.986088,14.090672,clinic
11.898212,14.092998,doctors
11.982729,13.991593,doctors
12.021971,13.998048,doctors
12.019662,13.96162,doctors
11.940938,13.878173,doctors
12.112389,13.988619,doctors
12.141073,14.025622,doctors
11.944039,13.854384,doctors
11.972473,13.991272,doctors
12.033691,13.920715,doctors
11.927746,13.941012,clinic
12.053072,13.996144,doctors
11.954285,14.001709,doctors
11.867493,13.169311,doctors
11.920112,13.186749,doctors
12.040072,13.252334,doctors
12.036264,13.071603,clinic
11.924667,12.663553,clinic
11.954712,13.001709,clinic
11.983276,12.504883,doctors
11.906311,12.554321,hospital
11.983276,12.5047,doctors
11.807312,12.488281,doctors
11.60115,12.405314,hospital
11.575501,12.449524,hospital
11.624878,12.53009,hospital
11.829895,12.631897,doctors
11.778337,12.392414,hospital
11.693726,12.58429,hospital
11.807312,12.488098,clinic
11.525994,12.412408,clinic
11.77432,12.346955,doctors
11.556773,12.549636,hospital
11.63259,12.321991,hospital
11.761778,12.26355,doctors
11.760498,12.262329,doctors
11.847441,12.93299,clinic
11.84247,12.768926,doctors
11.767184,12.854477,clinic
11.531921,12.991089,clinic
11.547178,12.973746,doctors
10.560229,12.4021,doctors
10.56973,12.461229,doctors
10.545334,12.323512,doctors
11.59883,13.020142,clinic
11.660278,13.113467,clinic
11.730813,13.235195,clinic
11.85852,13.137512,doctors
11.798279,13.142273,hospital
11.853352,13.14389,doctors
11.863856,13.220294,clinic
11.855359,13.151666,doctors
11.825928,13.127075,doctors
11.776783,13.217724,doctors
11.755767,13.263208,clinic
11.79972,13.17805,doctors
11.808289,13.166687,doctors
11.830243,13.084527,doctors
11.79464,13.146088,clinic
11.689319,13.220456,clinic
11.709031,13.320146,clinic
11.811032,13.188154,clinic
11.694855,13.345279,doctors
11.761525,13.110537,clinic
11.840881,13.072083,doctors
11.852112,13.148071,doctors
11.83663,13.065924,clinic
11.846314,13.156311,clinic
11.745911,13.301086,clinic
11.853734,13.144918,doctors
11.796326,13.193909,clinic
11.722209,13.453923,doctors
11.54355,13.592803,doctors
11.682312,13.365906,clinic
11.682312,13.366089,clinic
11.615555,13.656361,doctors
11.653268,13.414773,doctors
11.59138,13.578456,doctors
11.576131,13.533133,doctors
11.586843,13.479765,clinic
11.534655,13.481572,doctors
11.601458,13.488932,clinic
11.645143,13.612408,doctors
11.56209,13.660122,doctors
11.526047,13.688338,clinic
11.528341,13.694946,clinic
11.733455,13.432606,doctors
11.707504,13.707325,clinic
11.645261,13.424842,doctors
11.805425,13.809583,doctors
11.722062,14.004155,doctors
11.606374,13.957868,doctors
11.649409,14.097636,doctors
10.710548,11.758667,doctors
10.600813,11.712888,doctors
10.557901,11.621222,doctors
10.543899,11.621192,doctors
10.489167,11.662401,doctors
10.557785,11.868677,doctors
10.541568,11.912104,doctors
10.648403,11.776385,doctors
10.570679,11.66199,doctors
10.618553,11.733971,doctors
10.665425,11.776009,hospital
10.551481,11.614452,doctors
10.560666,11.941461,clinic
10.730888,12.359708,doctors
10.620287,12.19034,doctors
10.611511,12.196106,doctors
10.618988,12.170399,doctors
10.525384,12.256655,doctors
10.564241,12.271043,doctors
10.543856,12.124317,doctors
10.678284,12.158874,clinic
10.712008,12.251132,doctors
10.726141,12.145828,clinic
10.729478,12.14549,doctors
10.586592,12.050165,doctors
10.509888,12.329285,doctors
10.826111,12.420288,doctors
10.693319,12.331378,clinic
10.811211,12.456045,doctors
10.512695,12.327698,doctors
10.490649,12.419744,doctors
10.616089,13.131714,doctors
10.748291,13.217895,doctors
10.50879,13.105501,doctors
10.498626,13.237066,clinic
10.76803,13.142484,doctors
10.693369,13.204125,doctors
10.761172,13.262276,doctors
10.770407,13.272808,clinic
10.74195,13.127545,doctors
10.589844,13.042393,doctors
10.800727,13.33438,doctors
10.57833,13.222267,doctors
10.497032,13.082301,doctors
10.497925,13.129089,doctors
10.777332,13.309827,doctors
10.649456,12.910337,doctors
10.831816,12.796501,doctors
10.768829,12.879374,clinic
10.703704,12.981907,doctors
10.741515,12.794484,doctors
10.70504,12.763982,doctors
10.704113,12.8455,doctors
10.706949,12.816272,doctors
10.779355,12.874992,doctors
10.671393,12.689871,clinic
10.748337,12.919666,doctors
10.77555,12.948108,doctors
10.80349,12.776264,doctors
10.611619,12.994769,clinic
10.646904,12.894232,doctors
11.248828,14.150901,clinic
11.355774,14.209675,clinic
11.433716,13.793884,clinic
11.397657,13.76311,doctors
11.323779,13.971109,clinic
11.386134,13.905424,doctors
11.388329,13.94479,doctors
11.465392,13.756925,doctors
11.476847,13.631627,doctors
11.504913,13.671977,doctors
11.516572,13.685275,clinic
11.206372,13.067404,doctors
11.226359,13.317904,doctors
11.251399,13.172809,doctors
11.294875,13.087658,doctors
11.474673,12.881234,clinic
11.387697,12.907386,doctors
11.291166,12.664534,doctors
11.294868,12.84843,clinic
11.226863,12.814984,doctors
11.388548,12.723322,hospital
11.273071,12.869873,doctors
11.16907,12.279313,doctors
11.170889,12.287039,clinic
10.904798,12.08489,doctors
11.24385,12.119734,doctors
7.715597,4.489923,clinic
6.728299,2.779471,hospital
6.687379,2.766235,pharmacy
6.631175,2.736345,pharmacy
6.637022,2.735577,clinic
6.644647,2.737558,clinic
6.646518,2.744063,hospital
6.561213,2.753711,doctors
6.67295,2.753308,clinic
6.352799,2.795116,clinic
6.555521,2.742864,pharmacy
6.537926,2.73156,clinic
6.532459,2.712493,clinic
13.628466,13.250091,clinic
12.827832,11.559174,clinic
12.467709,11.678487,clinic
12.807186,11.419398,clinic
9.064909,7.424656,clinic
9.065223,7.427674,pharmacy
6.686092,3.247768,hospital
12.507631,11.674065,clinic
13.245104,13.10297,doctors
11.154571,7.652131,hospital
10.804381,12.75046,hospital
11.698833,9.085975,clinic
9.104024,7.492527,pharmacy
9.077687,7.499636,pharmacy
12.61422,5.223097,clinic
12.826495,4.89488,doctors
13.054354,5.236272,clinic
13.167352,5.451384,clinic
13.393021,5.602287,clinic
13.690841,5.723476,doctors
6.448741,3.430776,pharmacy
6.448194,3.430473,clinic
5.558098,5.800188,pharmacy
13.376083,11.011599,clinic
13.293251,12.59494,clinic
6.429915,3.452512,pharmacy
6.592971,3.397454,hospital
6.457865,3.394401,clinic
6.463418,3.392701,clinic
6.465323,3.390151,clinic
9.280182,12.443967,hospital
9.415593,12.144909,hospital
9.452523,12.046332,hospital
10.544906,7.446891,pharmacy
10.533607,7.452101,pharmacy
10.532658,7.45209,pharmacy
10.532177,7.452209,pharmacy
10.530057,7.455481,clinic
6.46014,3.385077,clinic
6.459315,3.382036,clinic
6.30439,5.594011,pharmacy
6.304252,5.59397,pharmacy
6.436278,3.451076,pharmacy
6.43595,3.451442,pharmacy
7.846742,5.926573,clinic
4.881928,7.136253,clinic
5.546994,5.774106,clinic
5.564437,5.762139,clinic
5.548992,5.776396,clinic
5.547536,5.773724,clinic
5.5922,5.705926,clinic
5.590479,5.708187,clinic
5.093015,6.645076,hospital
4.954014,6.34707,clinic
4.953817,6.349013,clinic
4.951773,6.34883,clinic
4.949765,6.338313,clinic
4.943493,6.333847,clinic
4.951609,6.341864,clinic
4.937677,6.331817,clinic
4.941412,6.328444,clinic
4.942863,6.326153,clinic
4.936227,6.321046,hospital
5.553261,5.783041,pharmacy
5.58333,5.714036,clinic
5.541138,5.762659,clinic
5.543818,5.7844,clinic
5.555395,5.778347,clinic
5.559719,5.776351,clinic
11.594115,13.580379,hospital
5.567857,5.773471,clinic
5.563512,5.775709,clinic
5.542559,5.775894,clinic
5.564209,5.765703,clinic
5.560425,5.780539,clinic
5.588871,5.70769,clinic
5.566982,5.780537,clinic
5.536265,5.760118,clinic
5.532591,6.062463,clinic
5.538043,5.762027,clinic
5.541864,5.756658,clinic
5.536269,5.761149,clinic
5.535562,5.758032,clinic
5.542639,5.765309,clinic
5.539122,5.749434,clinic
5.534068,5.747826,clinic
5.532476,5.759334,clinic
5.531151,5.747231,clinic
5.529309,5.752426,clinic
5.531303,5.749512,clinic
4.826784,7.015179,clinic
4.830802,7.061472,clinic
4.830227,7.071365,clinic
4.826108,7.049542,clinic
4.849812,7.063305,clinic
4.830935,7.025547,clinic
4.836651,7.03143,clinic
4.834643,7.02785,pharmacy
4.83438,7.027787,clinic
4.833964,7.02855,clinic
4.833988,7.02836,clinic
4.833944,7.026852,clinic
4.841362,7.033862,clinic
4.836614,7.033682,clinic
4.825127,7.050557,pharmacy
4.847378,7.047963,clinic
4.838176,7.033091,clinic
4.828252,7.037552,clinic
4.850404,7.062589,clinic
5.031708,7.93243,pharmacy
11.834779,13.087655,hospital
11.878803,13.132794,clinic
8.990146,7.503831,pharmacy
6.613858,3.358141,pharmacy
6.438533,3.43202,pharmacy
12.988717,7.584463,hospital
13.051754,5.245717,hospital
6.53988,3.313128,pharmacy
6.540818,3.29963,pharmacy
6.541133,3.310213,clinic
13.050313,5.246328,hospital
13.05019,5.246044,hospital
13.050291,5.245915,hospital
13.05069,5.245998,hospital
13.050862,5.246027,hospital
13.050008,5.246223,hospital
13.050887,5.246248,hospital
8.990115,7.503842,pharmacy
12.82222,5.134384,doctors
9.044023,7.463666,pharmacy
10.837509,7.576651,hospital
13.711129,4.964913,pharmacy
13.142707,5.372185,pharmacy
13.246894,5.275217,clinic
12.569888,4.415069,clinic
12.391744,4.754663,clinic
12.954386,5.382182,clinic
11.868392,6.000215,doctors
6.803475,3.904402,hospital
12.978397,7.640678,pharmacy
6.596936,3.354267,pharmacy
11.825173,13.182672,hospital
12.979731,7.611403,hospital
10.45005,7.458668,pharmacy
7.458453,3.871731,pharmacy
11.80602,13.183433,pharmacy
6.497809,3.19553,pharmacy
5.282264,7.713093,hospital
6.532523,9.066281,hospital
6.533141,9.063341,hospital
11.069545,11.794222,hospital
7.452088,4.04297,clinic
4.794102,6.99656,hospital
8.151324,4.251479,pharmacy
8.1431,4.246825,hospital
13.068613,5.248138,hospital
9.197331,7.627276,pharmacy
9.19549,7.627618,pharmacy
9.194035,7.627938,pharmacy
9.172175,7.681385,pharmacy
9.172697,7.681766,pharmacy
9.171694,7.682742,pharmacy
9.171273,7.682924,doctors
6.450747,3.399699,clinic
6.493868,3.389105,pharmacy
7.483022,3.905658,clinic
12.388267,8.630066,pharmacy
11.200999,8.807055,pharmacy
11.201494,8.806958,pharmacy
11.195464,8.806996,pharmacy
6.490098,3.388088,pharmacy
10.309639,11.177202,clinic
10.306768,11.174666,clinic
6.615296,3.501893,pharmacy
6.613642,3.501745,pharmacy
6.617069,3.502883,pharmacy
6.624475,3.495054,clinic
6.626773,3.483837,pharmacy
10.285846,11.160735,clinic
10.298746,11.146787,hospital
10.276641,11.287736,hospital
11.923339,13.188293,hospital
10.293347,11.181505,hospital
6.590625,3.22833,hospital
10.286061,11.184883,hospital
10.288247,11.182057,hospital
10.288522,11.080305,clinic
6.69121,3.236632,clinic
9.278297,12.458884,clinic
10.463494,7.429447,hospital
11.788707,13.130615,hospital
6.429608,3.456837,pharmacy
11.78775,13.131257,hospital
11.867364,13.250553,hospital
11.865975,13.250268,hospital
11.866905,13.246513,hospital
11.918689,13.19296,hospital
6.627043,3.35414,pharmacy
10.54309,7.433136,hospital
10.5202,7.416254,hospital
10.509943,7.427634,hospital
13.066261,5.238736,clinic
12.634702,5.070612,clinic
13.092144,10.33519,hospital
13.0967,10.333495,hospital
12.735258,5.117542,clinic
13.064168,5.242737,clinic
13.063856,5.23093,clinic
13.214387,5.49436,clinic
13.019396,5.227212,clinic
13.061052,5.229468,clinic
12.17047,4.642802,clinic
13.066164,5.225093,clinic
13.046358,5.278499,clinic
13.046601,5.25658,clinic
12.229407,4.601566,clinic
6.602402,3.621567,pharmacy
6.631928,3.535651,pharmacy
10.487737,7.420473,hospital
6.48729,3.577868,pharmacy
10.521368,7.450157,pharmacy
10.546605,7.437862,clinic
10.467788,7.413658,hospital
10.450696,7.468214,clinic
10.483951,7.424633,hospital
9.959187,6.769152,hospital
9.209019,7.16747,hospital
7.800019,3.900003,hospital
10.961733,10.347473,hospital
10.896732,9.830766,hospital
10.730271,9.607563,hospital
6.572007,3.342941,clinic
10.50218,9.900486,hospital
12.947448,5.710884,doctors
13.115339,5.408438,health_post
12.987388,5.614911,doctors
12.94118,4.727493,health_post
13.123376,5.498751,hospital
12.509754,4.960059,doctors
13.097736,5.385511,health_post
13.002139,5.261468,doctors
13.172235,5.402976,health_post
13.171948,5.334124,doctors
13.044495,5.25079,health_post
13.124107,5.31512,doctors
13.726194,5.298696,health_post
13.060237,5.342429,doctors
12.842101,5.38016,doctors
12.136405,4.817483,doctors
13.048346,5.24995,doctors
12.803791,5.354141,doctors
12.801279,4.824084,doctors
13.035146,5.24983,hospital
13.043387,5.25392,doctors
13.054553,5.247576,health_post
12.336277,5.752559,health_post
13.21812,5.306026,clinic
12.12124,4.731972,doctors
12.624624,5.492893,doctors
13.513432,5.459528,health_post
13.052222,5.216543,health_post
13.163034,4.971981,doctors
13.078472,4.833211,doctors
12.209366,4.563697,health_post
13.047152,5.250017,health_post
13.051073,5.238901,hospital
12.627791,4.98808,doctors
12.872011,5.297453,doctors
13.165672,4.871964,health_post
13.078445,5.246935,health_post
12.839672,5.785525,doctors
13.052026,5.23813,doctors
12.574204,5.309689,doctors
13.234611,4.944009,health_post
13.196324,6.447186,doctors
13.05965,5.233024,doctors
13.066387,5.225245,doctors
13.072987,5.239752,health_post
13.4493,5.273749,doctors
13.061976,5.249633,health_post
13.06737,5.2483,health_post
13.273752,4.516719,doctors
13.401724,6.371325,doctors
13.363378,4.99714,doctors
13.251123,4.935645,clinic
13.036094,5.250089,hospital
13.06735,5.256436,doctors
13.062729,5.258715,health_post
13.03789,5.251991,hospital
13.598111,6.366676,doctors
13.095566,4.802922,clinic
13.227901,5.259247,hospital
13.24818,4.870591,health_post
13.045696,5.229853,doctors
13.107225,4.882683,doctors
13.033327,5.231781,health_post
13.676704,5.56625,hospital
12.972297,5.285769,health_post
13.033308,5.246959,hospital
12.208042,4.60129,doctors
12.018141,4.662072,health_post
13.052398,5.237032,doctors
13.041314,5.233171,doctors
13.280217,4.994018,doctors
13.216057,5.26257,doctors
13.279716,5.20188,clinic
13.049263,5.23003,health_post
13.711074,4.965025,doctors
13.325416,5.046012,hospital
13.865208,5.487531,hospital
13.02962,5.244353,doctors
13.027761,5.227477,health_post
13.350224,5.234492,hospital
12.579174,4.887802,doctors
11.771014,4.80819,health_post
13.145917,5.20536,health_post
12.184605,4.784673,health_post
12.471201,4.799963,hospital
13.609825,5.073952,doctors
13.404355,5.164824,doctors
13.12479,4.90153,doctors
13.442296,5.675963,hospital
12.59307,5.546069,health_post
13.564851,4.474501,health_post
12.851137,5.143805,hospital
13.230157,4.914841,hospital
12.968426,5.199404,health_post
12.352091,5.324733,doctors
13.528511,5.863603,doctors
13.067606,5.214894,hospital
13.030566,5.25011,clinic
13.57375,4.362593,doctors
12.923029,5.24824,hospital
13.571118,6.246762,hospital
13.045386,5.214528,hospital
13.600582,5.728237,health_post
13.561297,6.316299,hospital
13.517002,6.354843,doctors
12.913316,5.31098,health_post
13.643874,6.287997,doctors
12.593203,5.550046,doctors
12.799108,5.208942,doctors
12.686865,4.981771,doctors
12.53906,4.938004,doctors
13.05366,5.20923,doctors
13.129314,5.205083,doctors
12.716911,5.157006,doctors
13.751448,5.812832,doctors
13.046603,5.188556,health_post
13.022297,4.973604,health_post
12.892153,5.343344,doctors
13.101705,5.020889,doctors
13.072386,5.20592,doctors
13.296242,4.971495,doctors
12.586081,5.400559,doctors
12.599481,5.509657,health_post
13.267781,4.898727,doctors
13.059765,5.223672,health_post
12.592464,5.419968,health_post
12.981055,5.266655,health_post
13.662428,5.817898,doctors
13.555626,6.470275,doctors
12.832834,5.100046,health_post
12.735482,5.008757,hospital
12.927212,5.129143,doctors
12.89491,5.21308,doctors
12.977547,5.291993,doctors
12.538127,4.941113,doctors
12.828109,5.016672,doctors
12.666498,5.555794,health_post
12.622982,5.571208,doctors
12.557531,5.576555,health_post
13.54922,5.25123,health_post
13.403852,4.177341,doctors
13.033483,4.846769,doctors
12.404331,4.648519,doctors
12.663562,5.562496,doctors
13.295719,5.416584,hospital
12.622352,5.673854,health_post
12.686111,5.509273,health_post
13.560495,6.319395,hospital
13.364739,4.947361,hospital
13.299895,5.231995,doctors
13.769778,5.491218,doctors
13.208905,5.264597,hospital
13.166395,5.231779,health_post
13.763703,5.303702,doctors
13.788172,5.356594,doctors
13.06278,5.23232,hospital
12.789291,5.147063,hospital
13.758286,5.647668,hospital
13.734821,5.296057,hospital
13.013436,5.223748,doctors
13.200382,6.393228,hospital
9.08254,7.407906,clinic
11.885263,13.313985,hospital
11.729647,11.956617,hospital
10.618821,12.170105,hospital
11.72161,10.991135,hospital
12.685156,13.606101,hospital
10.335898,11.772827,hospital
10.334656,11.801356,hospital
12.736149,4.85033,clinic
12.596693,5.426203,clinic
12.568699,5.523516,clinic
11.695979,4.487605,hospital
12.716145,4.823115,clinic
12.700185,4.8533,clinic
13.457371,5.728231,clinic
13.157275,6.522509,clinic
9.237361,11.936675,hospital
12.99251,5.238671,hospital
13.009578,5.144111,clinic
13.170065,5.386125,clinic
13.47483,4.682088,clinic
13.008449,5.213812,doctors
13.011401,4.995461,clinic
13.096257,4.712405,clinic
13.721714,5.295939,clinic
13.729997,5.308329,hospital
13.108294,4.734418,clinic
13.046287,6.482525,doctors
12.803974,6.438773,doctors
8.767402,12.448895,hospital
8.751808,12.283388,hospital
12.26616,14.469359,hospital
12.488451,13.212502,hospital
11.531907,12.991023,hospital
11.654096,13.421273,hospital
8.752039,12.090858,hospital
11.824488,13.18556,hospital
11.779948,13.224002,clinic
11.781622,13.226755,clinic
11.804054,13.197376,clinic
12.68343,6.125133,health_post
12.217514,6.812983,doctors
12.13395,6.80671,hospital
12.171812,6.683727,hospital
12.223101,6.070895,doctors
12.147972,5.215917,health_post
12.554116,6.193263,hospital
12.073289,6.095695,doctors
12.380732,6.738067,doctors
12.261364,6.45251,doctors
12.0179,6.874272,doctors
12.411387,6.60353,health_post
12.714543,6.226338,health_post
12.408392,5.836538,doctors
12.607485,6.58877,doctors
12.271734,6.562789,doctors
12.240875,5.996724,doctors
12.076795,6.70674,health_post
11.891782,6.954309,health_post
12.206349,6.610187,health_post
12.16798,6.666569,doctors
12.606324,6.586134,health_post
12.196417,6.657406,health_post
12.157681,6.668901,doctors
12.347255,6.131301,hospital
12.45588,6.808085,health_post
12.799167,5.836047,doctors
12.555431,6.167237,health_post
11.899821,5.766425,doctors
12.27044,6.556516,doctors
12.177641,6.671595,health_post
12.725639,6.733481,doctors
12.330657,6.638923,health_post
12.144668,6.363724,health_post
12.795669,5.86969,health_post
12.395637,6.783154,health_post
12.118334,4.900052,doctors
12.190576,6.625495,health_post
12.652994,6.042854,health_post
12.232614,6.562538,doctors
12.637425,6.585416,hospital
12.174274,6.657953,doctors
12.161134,6.669746,health_post
12.140097,6.932903,health_post
12.243615,6.307163,doctors
12.165904,6.666069,health_post
12.015529,6.787108,health_post
12.766556,6.551205,health_post
12.7803,6.780544,doctors
12.579497,6.575464,hospital
11.589922,6.083874,doctors
12.244129,6.30717,doctors
12.267292,6.544337,doctors
12.601976,6.658485,doctors
13.019199,6.409727,doctors
12.611194,6.688614,health_post
12.672852,5.967218,doctors
13.058701,6.687866,doctors
13.05553,6.421621,doctors
12.196585,6.647789,health_post
12.28836,6.765986,doctors
12.18812,6.707734,health_post
12.696754,6.574741,doctors
11.860588,5.334392,doctors
11.702415,6.461405,doctors
12.184726,6.662041,doctors
11.305176,6.490888,hospital
11.899866,6.786062,health_post
12.141066,5.12312,hospital
13.056862,6.508697,health_post
12.352327,6.249055,doctors
12.77253,6.78282,health_post
12.925654,6.458163,health_post
12.247333,5.638005,health_post
12.896643,6.792681,doctors
12.408487,6.451397,doctors
11.646419,6.247354,doctors
12.153537,6.69434,hospital
12.230226,5.778172,doctors
12.173945,6.772584,doctors
12.330503,6.398085,health_post
12.36826,6.137441,doctors
11.293772,6.490507,doctors
12.081276,5.505088,health_post
11.940589,6.705532,doctors
12.129598,5.765241,doctors
12.568713,6.867085,doctors
12.880507,6.491659,doctors
12.77747,6.789756,hospital
12.715097,5.86888,hospital
12.586344,6.599692,health_post
11.921392,6.6098,health_post
12.269655,5.735148,doctors
13.066988,6.503987,health_post
12.139964,6.566603,health_post
12.607547,6.10701,doctors
12.144436,6.557066,health_post
12.142057,6.938718,health_post
12.288682,6.489499,health_post
12.189545,5.600885,doctors
12.1098,5.940025,health_post
12.973594,6.424875,doctors
12.143313,6.72081,health_post
12.059587,7.115547,doctors
12.417726,6.049974,doctors
12.33188,6.402859,doctors
12.307248,6.764663,doctors
12.171525,5.298395,doctors
12.140738,6.815583,doctors
12.050175,6.369793,health_post
12.158172,6.658414,doctors
12.720234,5.875326,health_post
12.193844,4.971207,doctors
11.952336,6.921841,health_post
12.134775,5.825077,doctors
12.271501,6.559358,hospital
12.060581,5.002147,doctors
12.567135,6.04886,doctors
12.640242,6.565906,doctors
12.049508,6.639036,health_post
12.656562,5.889836,doctors
12.130588,5.131294,health_post
12.010069,6.895713,health_post
12.17946,6.846753,doctors
12.583867,6.593044,hospital
12.652269,6.59184,health_post
12.596025,6.579899,health_post
11.785328,6.507224,doctors
12.398283,6.382538,doctors
11.145822,13.856412,hospital
8.702913,12.039501,hospital
11.105132,13.691049,hospital
11.139533,13.869465,hospital
11.070849,13.689986,hospital
11.087941,13.638585,hospital
11.077738,13.691011,hospital
11.070903,13.691959,hospital
11.079465,13.690823,hospital
11.086288,13.701501,hospital
11.074132,13.70043,hospital
11.088131,13.686713,hospital
11.053632,13.790627,hospital
11.069852,13.68866,hospital
11.185525,13.91056,hospital
11.053897,13.790066,hospital
11.107768,13.507203,hospital
11.19872,13.903024,hospital
11.190271,13.910544,hospital
11.192079,13.878048,hospital
11.239782,13.943356,hospital
11.217998,13.785297,hospital
11.129115,13.791567,hospital
11.227882,13.777036,hospital
11.22861,13.775949,hospital
11.865095,13.118738,hospital
8.685011,11.927498,hospital
8.722331,12.055667,hospital
8.7041,11.999082,hospital
8.654887,11.901348,hospital
8.67336,12.035594,hospital
8.640724,12.16118,hospital
8.64257,12.108196,hospital
8.577097,12.133518,hospital
8.614818,12.138281,hospital
8.446359,12.295088,hospital
8.69707,12.238244,hospital
10.06704,11.999634,hospital
10.226749,12.053588,hospital
12.682998,13.613861,hospital
9.411703,11.994811,hospital
9.411674,11.993523,hospital
9.454797,12.062571,hospital
9.338282,11.862849,hospital
9.337793,11.861973,hospital
9.508904,12.212034,hospital
9.89006,12.204239,hospital
10.843956,13.143972,hospital
9.650961,11.810403,hospital
9.589474,11.915596,hospital
9.645665,11.815438,hospital
9.658969,11.820631,hospital
9.602989,11.79018,hospital
9.612668,11.657281,hospital
9.510657,11.92871,hospital
9.574157,11.761048,hospital
9.553986,11.73107,hospital
9.48269,11.474377,hospital
9.503211,11.46877,hospital
9.436946,11.52999,hospital
9.537418,11.632246,hospital
9.332376,12.001336,hospital
9.286854,11.991338,hospital
9.603875,11.519478,hospital
9.533744,11.607118,hospital
9.307323,12.024069,hospital
10.818762,13.638775,hospital
10.880486,13.609151,hospital
10.849676,11.684955,hospital
10.788722,13.440803,hospital
10.788974,13.437397,hospital
9.217488,12.662865,hospital
10.64777,13.168243,hospital
10.60166,13.025447,hospital
10.460066,13.163087,hospital
10.415991,13.195774,hospital
10.475723,13.190091,hospital
10.45407,13.206174,hospital
10.451392,13.21789,hospital
8.818064,8.176731,hospital
10.707882,13.438204,hospital
10.80023,13.448146,hospital
10.836883,13.451847,hospital
10.816922,13.421224,hospital
10.860427,13.506646,hospital
10.787741,13.461753,hospital
10.737967,13.33837,hospital
10.713513,13.389441,hospital
10.888761,13.631155,hospital
10.997717,13.632254,hospital
10.893475,13.61925,hospital
10.727594,13.512755,hospital
10.759664,13.49567,hospital
10.712719,13.592265,hospital
10.29975,11.136683,hospital
10.836651,13.555136,hospital
10.815057,13.533471,hospital
10.741473,13.58433,hospital
10.939708,13.633554,hospital
9.663262,13.223759,hospital
9.560815,13.165593,hospital
10.123064,13.158473,hospital
10.171497,13.124351,hospital
9.96847,13.280728,hospital
9.573557,13.107403,hospital
10.131473,13.169052,hospital
9.649971,13.103192,hospital
10.001774,13.245678,hospital
9.97432,13.226683,hospital
9.031511,12.208757,hospital
10.039753,13.15743,hospital
9.993605,13.21545,hospital
10.047138,13.07822,hospital
10.091026,13.099786,hospital
10.040113,13.130774,hospital
9.226279,12.230781,hospital
9.366365,12.69559,hospital
9.266426,12.647502,hospital
9.025588,12.396444,hospital
9.377773,12.84985,hospital
9.028602,12.393736,hospital
9.001837,12.401078,hospital
8.323578,11.97739,hospital
8.457366,12.086824,hospital
10.329736,12.944834,hospital
10.260494,13.045827,hospital
10.141893,12.926996,hospital
10.143659,12.926374,hospital
10.163953,12.966409,hospital
10.134701,12.964668,hospital
10.084846,12.978131,hospital
10.134702,12.93212,hospital
10.149456,12.904827,hospital
10.15339,12.905299,hospital
10.096479,12.954275,hospital
10.41016,12.848158,hospital
10.399009,12.886709,hospital
10.353808,10.353886,hospital
10.379255,13.039672,hospital
10.442398,12.987618,hospital
7.417986,3.935669,hospital
8.422324,11.989413,hospital
8.399526,11.965511,hospital
8.228961,12.235977,hospital
11.799615,13.176939,hospital
12.355079,4.188029,hospital
12.832482,4.728488,health_post
12.103258,4.297321,health_post
10.84924,4.743056,doctors
12.49703,4.312745,hospital
12.432899,4.177514,doctors
11.976714,8.594212,hospital
12.113156,4.123581,doctors
10.899759,4.741303,doctors
11.676039,4.132597,doctors
10.842612,4.745578,hospital
12.320909,4.253566,clinic
11.552331,3.704725,doctors
12.833955,4.751847,health_post
11.525232,4.258833,doctors
12.009562,4.330823,doctors
11.590334,3.916197,doctors
12.448159,3.999597,health_post
11.979082,3.998337,doctors
10.125272,4.613822,health_post
12.764881,4.039255,doctors
12.217836,4.304932,doctors
11.556627,4.968806,doctors
11.245953,5.478683,hospital
12.443184,4.169896,doctors
11.433497,4.378584,doctors
12.313261,4.223033,health_post
12.577617,4.276305,doctors
11.319083,4.589909,doctors
12.342249,3.976824,clinic
12.745385,4.534462,doctors
12.129552,4.044967,doctors
11.578638,5.040734,doctors
12.041028,4.074946,clinic
11.536659,5.097957,doctors
11.49216,4.757294,doctors
12.138924,4.511662,doctors
11.377863,5.248618,doctors
12.754089,4.56759,doctors
11.535655,4.768771,doctors
10.71283,4.710611,doctors
12.302712,4.003138,health_post
11.660813,4.769417,doctors
12.583071,3.99713,doctors
12.544107,4.210698,doctors
12.899343,4.601225,doctors
12.165735,3.931752,health_post
11.867043,4.02721,doctors
12.277407,4.261266,doctors
12.458567,4.20087,doctors
11.64051,4.062509,doctors
13.068306,4.690934,doctors
11.549435,5.534311,doctors
11.325583,5.472145,doctors
12.716515,4.63385,doctors
11.40195,5.47025,hospital
12.025575,4.042695,hospital
13.031545,4.664778,doctors
12.083942,4.37182,doctors
12.659616,4.517619,doctors
11.590875,4.612626,doctors
10.9419,5.0329,doctors
12.327127,4.155675,doctors
10.744837,4.726225,doctors
13.162853,4.143627,doctors
10.338114,4.673745,health_post
11.971048,4.168055,health_post
11.48787,4.102576,doctors
12.550796,4.247134,health_post
11.27001,4.433433,doctors
11.358192,5.361603,doctors
10.486062,4.634036,doctors
11.505488,5.674609,doctors
12.459388,4.571002,hospital
12.82904,4.519758,doctors
12.278418,4.004097,health_post
12.741865,4.528974,doctors
11.562993,3.987537,hospital
11.712498,3.638824,doctors
11.421892,5.355446,doctors
11.54798,5.119657,health_post
11.526168,5.175511,doctors
12.264401,4.013865,health_post
12.798852,4.606257,hospital
12.469572,4.047618,health_post
11.474422,4.575152,doctors
11.568157,4.420417,doctors
12.511167,4.12226,health_post
11.331195,4.523388,doctors
11.527271,4.145365,doctors
11.667234,5.373607,health_post
12.476711,4.243638,health_post
11.018212,4.603826,doctors
12.080209,4.075698,doctors
11.75875,4.371628,health_post
12.82033,4.629058,health_post
11.418954,5.238258,hospital
10.220484,4.622856,health_post
10.335123,4.703661,doctors
12.15072,3.642644,doctors
12.216544,4.387671,doctors
11.998767,4.236879,doctors
12.898185,4.064094,doctors
12.331378,4.219005,health_post
12.315171,4.011635,health_post
12.304529,4.499512,doctors
11.638952,3.616785,doctors
11.354302,5.728416,doctors
12.016128,4.091384,clinic
12.242489,4.030329,health_post
12.163584,6.661509,health_post
12.250182,6.671857,health_post
12.189565,6.903181,doctors
12.203783,6.752409,health_post
12.326967,4.120058,health_post
12.417826,3.784892,doctors
11.648682,5.269595,doctors
11.227534,5.170457,health_post
11.692651,4.196573,doctors
11.771003,4.180249,doctors
12.493174,6.561029,doctors
12.511201,6.628589,health_post
12.759167,6.38977,health_post
12.574294,6.57006,doctors
12.255876,4.413116,health_post
12.748232,6.290338,doctors
12.472283,4.193151,health_post
12.694935,6.83473,doctors
12.172644,4.306724,doctors
12.770861,6.830175,doctors
12.792479,6.783313,doctors
11.797361,3.806429,doctors
12.949039,6.857797,doctors
12.242568,4.4674,health_post
12.327333,4.122431,doctors
11.49959,5.176034,doctors
12.205592,3.932401,health_post
11.563591,4.12066,doctors
12.03458,4.272227,doctors
12.394505,4.562029,doctors
12.619277,4.544751,health_post
12.081021,4.373397,health_post
12.981761,7.040412,health_post
12.086715,6.8957,doctors
12.750234,4.530012,doctors
11.182057,4.642709,doctors
12.881064,4.589659,hospital
11.890805,5.618297,doctors
12.129004,5.471261,health_post
12.273387,4.337588,doctors
10.827448,4.736899,doctors
12.290154,4.331314,doctors
12.116064,7.077352,doctors
12.08303,4.011604,health_post
12.384078,4.437731,doctors
11.971068,4.073608,doctors
10.638308,4.707029,doctors
11.443718,5.39496,doctors
11.709057,3.929066,doctors
12.683267,4.493664,doctors
11.720753,4.345764,doctors
12.228875,4.065451,doctors
11.482941,4.781864,doctors
12.219997,3.805891,health_post
11.625421,3.637736,doctors
11.85271,3.663965,health_post
12.333837,4.20114,doctors
12.527343,4.14795,health_post
12.417962,4.282496,health_post
12.620637,4.439794,health_post
12.695059,4.409399,doctors
11.181616,5.946492,doctors
12.843337,4.69036,health_post
11.898064,3.780826,doctors
12.159341,6.59994,health_post
12.411675,4.079515,health_post
12.058575,6.364755,doctors
12.998499,6.522663,health_post
12.870237,6.808502,health_post
12.169327,6.665408,health_post
12.168416,6.678343,doctors
11.589328,5.356347,health_post
11.396334,5.48992,health_post
12.325252,4.199283,health_post
12.22362,4.371152,hospital
12.115283,4.094492,health_post
12.219627,4.302526,health_post
11.627911,4.816311,doctors
12.385252,4.48355,doctors
11.910217,4.088274,doctors
11.380327,5.090998,doctors
12.560315,4.452773,doctors
12.860858,4.634921,doctors
11.774933,3.685808,doctors
11.315671,5.233388,hospital
11.396654,5.483943,hospital
12.074426,4.371055,hospital
12.448338,4.378114,health_post
12.20933,4.360593,health_post
12.231468,4.390646,doctors
11.372447,5.804494,health_post
11.375524,5.808077,doctors
11.995778,4.055924,doctors
12.260349,3.955012,doctors
11.466071,5.235411,doctors
11.406049,4.967775,health_post
12.281944,4.534361,doctors
11.543514,5.314003,doctors
7.834985,4.480648,hospital
7.841495,4.482625,hospital
9.495188,9.490088,hospital
11.17719,6.866203,hospital
12.110732,5.923849,doctors
11.689928,6.336899,doctors
12.879921,6.606679,health_post
12.711948,5.870116,hospital
11.845422,6.798671,doctors
12.177755,6.659344,health_post
12.243073,6.591118,health_post
12.17315,6.661407,hospital
4.837557,7.024673,hospital
4.980097,6.076103,clinic
4.825862,7.080346,hospital
5.12641,6.167958,clinic
4.435607,7.175792,hospital
4.826069,7.004974,hospital
7.693209,4.452916,hospital
4.936308,6.280931,clinic
8.159936,4.258701,hospital
13.029034,5.216703,health_post
12.351041,6.130985,doctors
12.385341,4.483873,doctors
11.48985,5.426616,doctors
11.448152,5.228439,doctors
10.786436,4.80878,health_post
11.508958,5.106631,doctors
11.626981,4.550664,doctors
11.407843,4.227639,doctors
9.273977,7.140116,health_post
8.590557,6.42348,health_post
10.011415,6.460068,health_post
10.795896,5.368368,health_post
9.523366,5.282157,health_post
8.867897,5.811243,health_post
8.975176,5.639275,doctors
9.661038,4.907321,health_post
9.867778,4.506662,health_post
9.512162,5.671055,doctors
9.908029,6.621513,doctors
10.687259,5.402179,health_post
11.151887,5.321377,health_post
10.408523,5.48178,doctors
9.007495,6.312574,clinic
10.147026,5.396412,doctors
9.124944,5.64895,hospital
9.053128,6.41812,clinic
10.287221,5.389679,health_post
8.252553,6.720913,health_post
10.251445,5.029196,health_post
10.329356,5.304841,doctors
10.644309,4.665982,health_post
10.62631,4.401551,doctors
10.068951,6.188593,hospital
10.626644,4.516094,doctors
10.583934,4.576677,health_post
10.622771,4.477288,doctors
10.580329,4.348067,doctors
10.633988,4.458057,health_post
10.8149,4.193295,health_post
10.872198,4.426769,doctors
10.641704,3.874736,health_post
9.61373,6.545708,clinic
10.846615,4.096753,health_post
10.285723,4.274325,health_post
9.651409,6.04095,doctors
9.206922,4.874789,doctors
9.190859,5.966886,hospital
9.889958,4.451894,health_post
9.854024,4.629924,doctors
9.257747,5.905712,clinic
9.884683,4.493426,doctors
9.846117,4.632143,health_post
10.799737,4.693307,doctors
9.269494,5.343727,health_post
9.700989,4.710282,doctors
10.860746,4.717831,health_post
9.599295,6.55532,doctors
9.302547,4.779976,health_post
9.361068,5.213989,doctors
9.459765,4.966364,doctors
9.000227,6.161644,clinic
9.300478,6.007262,doctors
10.081991,6.738185,doctors
9.41518,5.520924,doctors
9.16412,5.34949,doctors
9.573313,7.229657,hospital
9.463525,5.439098,doctors
9.542599,5.592028,doctors
9.719148,5.985995,doctors
9.397847,5.641537,doctors
9.279716,5.648785,doctors
9.868969,6.703413,doctors
9.222063,6.041064,health_post
9.604319,6.116783,health_post
9.088858,5.990451,doctors
9.11066,6.75506,health_post
9.206579,6.750216,health_post
9.52376,7.068664,doctors
9.140501,6.367846,doctors
8.949179,5.788329,doctors
9.702039,6.877101,doctors
9.328353,6.212272,health_post
9.308009,7.214759,doctors
8.658881,6.588292,health_post
10.019671,7.109434,health_post
9.583526,6.999857,doctors
8.718497,6.511512,doctors
10.001233,6.24794,health_post
8.644932,6.424277,health_post
9.216501,5.959898,health_post
8.481569,6.565817,health_post
9.421395,6.817041,health_post
8.699056,6.419712,doctors
8.343568,6.602654,doctors
9.850634,6.877812,doctors
8.45142,6.4598,health_post
9.086496,5.973837,hospital
9.307518,6.832491,doctors
9.010126,6.425771,health_post
9.294661,6.779425,health_post
9.389752,7.073792,health_post
9.004517,6.079737,health_post
9.566589,6.978762,doctors
9.781554,7.016656,hospital
8.615971,6.421788,health_post
9.274655,6.733393,doctors
9.125111,6.681041,health_post
9.653213,6.533454,health_post
9.152199,6.114217,health_post
9.127569,6.530166,doctors
9.22668,5.940669,health_post
9.751824,6.810172,doctors
9.129586,5.870807,doctors
9.316187,6.703441,doctors
9.906067,5.714832,doctors
10.397801,6.389057,doctors
10.318156,5.181032,doctors
9.308152,7.233836,health_post
9.333803,6.848462,health_post
9.79246,6.894012,doctors
8.991946,5.620543,health_post
9.270843,6.984917,health_post
9.956661,6.665839,health_post
9.56436,6.968789,health_post
9.281791,6.997483,doctors
9.659403,6.251111,doctors
9.322849,6.07398,health_post
9.596346,6.93131,doctors
9.648794,6.936891,doctors
9.6021,6.568137,doctors
9.729091,6.876419,doctors
8.826882,5.809364,health_post
9.991505,6.989637,doctors
8.852709,6.482137,health_post
10.330424,6.660056,health_post
10.318833,6.654282,health_post
10.083951,6.739176,doctors
10.336105,4.474375,health_post
10.779439,4.449197,health_post
10.615935,4.508734,health_post
8.887859,6.374467,health_post
10.190074,6.252196,health_post
8.838478,6.066511,health_post
9.366369,6.901186,doctors
9.271605,6.982018,doctors
8.808099,5.762433,doctors
8.820863,6.032774,health_post
9.53914,6.581193,health_post
9.10072,6.634656,health_post
8.946147,5.810905,health_post
9.23802,5.997725,health_post
9.532263,6.235983,doctors
10.275472,6.291786,health_post
9.155694,7.191214,health_post
8.762146,6.308108,health_post
9.217063,7.170623,health_post
9.369375,6.293782,health_post
9.71311,6.464302,health_post
9.090463,5.992924,health_post
9.356635,6.608525,doctors
9.153622,6.048634,health_post
8.951206,5.964454,health_post
8.829465,6.422234,doctors
9.63209,6.363938,doctors
8.997651,5.922564,health_post
9.052859,6.14785,health_post
9.09555,6.018823,hospital
9.205628,6.003914,health_post
9.196293,6.051322,health_post
8.910294,5.687205,doctors
9.638367,6.52882,doctors
8.888949,5.866959,health_post
9.063132,5.863794,health_post
8.385481,6.785934,health_post
9.205042,5.729583,doctors
9.126981,5.92819,health_post
8.611189,6.421376,doctors
9.209733,6.090167,health_post
9.72843,6.564567,doctors
9.839727,4.649041,health_post
9.22407,6.081578,health_post
9.726881,6.202508,doctors
9.160781,5.756045,health_post
9.209244,5.029779,doctors
9.486199,6.441356,health_post
9.563593,6.598037,health_post
9.313607,7.046347,doctors
8.848407,6.349804,doctors
8.991807,6.390838,health_post
9.584884,6.564621,health_post
9.293957,5.059757,health_post
9.10314,6.123228,health_post
9.651343,6.525088,hospital
9.507456,6.081525,doctors
10.310275,5.629348,health_post
10.320938,4.258621,doctors
9.408943,6.706241,doctors
9.622369,6.547564,doctors
9.473926,6.660124,doctors
10.321645,4.973165,health_post
10.453046,6.41833,doctors
9.610392,7.312118,doctors
12.127577,8.594448,pharmacy
12.072534,8.1677,pharmacy
11.267746,8.56645,pharmacy
11.265984,8.567258,pharmacy
11.265335,8.56668,pharmacy
11.263464,8.565995,pharmacy
11.264796,8.567512,pharmacy
11.369204,8.833118,pharmacy
11.28396,8.785251,pharmacy
11.281977,8.784675,pharmacy
11.284952,8.785469,pharmacy
11.287099,8.787683,pharmacy
11.452465,8.949264,pharmacy
11.451314,8.948934,pharmacy
11.450485,8.949184,pharmacy
12.124727,8.598638,pharmacy
11.197282,8.806978,pharmacy
12.199385,8.759144,pharmacy
12.198963,8.759414,pharmacy
11.696074,8.043602,pharmacy
11.694717,8.044117,pharmacy
10.34217,6.350893,doctors
9.397074,6.959525,health_post
9.406522,6.745462,doctors
9.729092,6.565376,health_post
9.626704,6.517339,doctors
9.076946,5.627988,health_post
9.943908,6.140948,health_post
10.469419,6.924337,doctors
10.319551,6.322986,health_post
9.448128,6.691466,doctors
9.503654,6.586831,doctors
8.872319,6.002159,doctors
9.727155,6.987285,doctors
9.873256,6.642218,health_post
9.538803,6.31917,hospital
10.565673,6.500992,doctors
9.562045,6.376576,health_post
10.009978,6.629808,doctors
10.160912,6.813109,doctors
8.816773,5.942627,health_post
9.164732,7.192563,hospital
10.68658,5.406095,doctors
9.590088,6.576266,doctors
9.637363,6.550216,health_post
9.02304,5.32167,doctors
9.001781,5.968286,doctors
9.567418,6.048151,health_post
9.845985,4.63442,doctors
10.188645,4.723542,doctors
10.738991,4.295486,health_post
9.273177,7.208504,health_post
10.634706,4.406542,health_post
10.103329,4.702483,doctors
8.88708,5.722062,doctors
10.037606,5.957155,health_post
8.951184,6.156602,doctors
9.650759,7.075691,doctors
9.875447,4.517674,hospital
9.787364,6.687886,doctors
8.973399,6.20182,health_post
10.131154,4.843966,health_post
9.501901,7.028086,doctors
11.065246,5.301088,health_post
8.991338,6.152951,doctors
11.1165,5.371625,doctors
11.179307,5.380648,doctors
11.102818,5.387269,health_post
10.319459,4.961773,doctors
10.242507,5.129048,doctors
10.276737,4.920128,doctors
9.344068,5.210676,doctors
10.137804,4.849477,doctors
9.836742,4.650673,doctors
9.898818,4.41265,health_post
9.333462,5.233159,doctors
9.305279,5.215797,doctors
10.041511,6.548763,doctors
9.07643,7.462492,pharmacy
9.665928,6.519139,health_post
9.316354,6.628798,health_post
9.656431,6.529379,hospital
8.961596,5.896721,health_post
10.939873,5.285682,doctors
9.672078,6.964978,doctors
9.161482,6.112054,clinic
8.885318,5.784422,doctors
9.486863,6.602995,doctors
9.806093,6.15194,health_post
9.44032,6.633411,health_post
9.290983,5.842225,health_post
9.279257,6.194178,clinic
9.5066,7.002581,health_post
9.594559,7.293972,health_post
9.555679,5.537681,doctors
9.05421,6.57079,health_post
9.626529,6.32602,doctors
8.903457,5.880641,clinic
9.028484,6.130366,clinic
9.437796,6.634441,health_post
8.440017,6.729861,doctors
9.641123,6.399193,doctors
9.329556,6.497383,doctors
9.741859,5.489519,clinic
8.984972,6.116104,doctors
10.389052,5.472718,doctors
10.514298,6.430746,health_post
8.960723,6.14257,doctors
9.479625,6.691551,clinic
9.240924,7.007118,health_post
10.064131,6.734579,pharmacy
9.300171,6.535264,doctors
9.038738,6.569545,hospital
8.871151,6.335257,clinic
8.768214,6.319419,health_post
9.458788,6.568751,health_post
9.292747,5.052173,doctors
9.832724,7.190214,doctors
9.672178,6.52483,health_post
10.332932,6.28636,clinic
9.52653,7.075624,doctors
9.343655,6.672269,doctors
9.825752,5.919756,clinic
11.00631,5.281353,doctors
9.04087,6.179398,clinic
10.401335,5.460186,clinic
9.502717,7.103852,doctors
9.210871,6.562672,clinic
10.316305,6.163547,doctors
9.617836,6.531399,health_post
9.291968,5.058079,health_post
9.548083,7.211958,doctors
9.35944,5.783113,health_post
10.299318,6.243029,doctors
9.591985,6.568143,health_post
8.928902,5.548008,doctors
9.144077,5.819693,health_post
9.917156,7.091415,doctors
9.291965,6.646232,clinic
9.13932,5.821124,doctors
9.565354,7.075278,doctors
10.008966,5.863628,doctors
8.985102,5.625346,health_post
9.470852,6.736765,health_post
9.292931,6.645795,doctors
10.165699,6.766553,doctors
9.289001,6.584681,hospital
10.533532,6.437715,doctors
9.008923,5.514026,doctors
8.443513,6.587293,doctors
11.017973,5.292588,health_post
9.596325,6.530299,doctors
8.974443,5.749758,health_post
9.203157,5.627018,health_post
9.693152,5.524329,health_post
9.996852,6.55449,clinic
9.591602,6.55085,hospital
10.012337,6.458863,health_post
10.151851,6.864763,doctors
10.186993,6.255118,doctors
9.366481,6.683795,clinic
9.588439,6.977324,doctors
9.242174,7.007048,health_post
9.651822,7.134968,doctors
10.064183,6.734619,doctors
9.855673,6.723524,doctors
9.678049,6.857102,health_post
9.265317,4.865938,health_post
10.043498,6.811144,doctors
9.621073,6.557875,health_post
9.319347,7.346093,health_post
9.869631,6.709779,hospital
9.618231,6.551129,hospital
9.174678,7.179494,clinic
11.049354,5.280948,doctors
9.918765,6.805385,hospital
10.057439,6.676937,doctors
10.569629,6.458698,clinic
11.110779,5.3219,health_post
9.213041,5.029298,doctors
9.464161,6.99618,hospital
10.189752,6.251395,doctors
9.663909,7.239587,doctors
9.611456,7.314259,clinic
10.291617,6.84735,doctors
9.620899,7.199163,doctors
9.111774,5.207877,doctors
10.20869,6.236273,clinic
10.412376,6.398597,health_post
10.186397,4.737165,hospital
11.075083,5.114301,health_post
10.368381,6.083982,health_post
9.308535,7.338773,doctors
9.267024,5.739424,clinic
8.914612,6.093455,health_post
9.144954,6.478364,clinic
10.711256,4.585907,health_post
9.05439,5.570771,health_post
10.637121,4.326966,doctors
9.312586,6.931493,doctors
9.674644,6.501514,doctors
10.034097,6.80599,doctors
9.612367,6.544543,hospital
9.366143,6.629659,doctors
9.41239,5.984377,health_post
9.724137,6.734104,doctors
9.916478,4.498212,health_post
9.301432,7.234036,doctors
10.399473,5.457866,health_post
9.092448,6.024719,health_post
9.520198,7.072474,doctors
10.408193,6.39516,health_post
9.774693,4.274367,health_post
9.624797,6.537335,hospital
9.649857,7.189329,doctors
9.621838,6.531738,health_post
10.008902,5.104743,health_post
9.188441,7.179162,hospital
10.377388,3.784659,doctors
9.526197,7.073672,hospital
9.183385,7.18593,hospital
6.456207,3.445367,pharmacy
13.092833,7.184519,clinic
6.860438,7.413148,hospital
6.4597,7.513424,pharmacy
6.45824,7.51751,pharmacy
6.458469,7.514817,clinic
6.458652,7.51807,pharmacy
6.458005,7.520696,pharmacy
6.457631,7.519354,pharmacy
6.457982,7.518532,pharmacy
6.458121,7.520086,pharmacy
6.458041,7.521061,pharmacy
6.457858,7.520646,pharmacy
6.457987,7.521147,pharmacy
6.458547,7.521728,hospital
6.458655,7.521746,hospital
6.458722,7.521357,pharmacy
6.457907,7.522737,pharmacy
6.458843,7.523482,pharmacy
6.458118,7.531945,pharmacy
6.456788,7.523025,pharmacy
6.457974,7.526471,pharmacy
6.458018,7.52569,pharmacy
6.457848,7.528775,pharmacy
6.457867,7.527118,pharmacy
6.457866,7.529544,pharmacy
6.458486,7.531809,pharmacy
6.458205,7.530183,pharmacy
6.45827,7.531843,pharmacy
6.457767,7.532086,pharmacy
6.460009,7.530964,pharmacy
6.458017,7.534364,pharmacy
6.458412,7.534883,pharmacy
6.460768,7.535305,pharmacy
6.459184,7.534474,pharmacy
6.460804,7.534878,pharmacy
6.460196,7.531274,pharmacy
6.460317,7.533826,pharmacy
6.459121,7.53136,pharmacy
6.456744,7.522429,pharmacy
6.456708,7.522183,pharmacy
6.456814,7.518696,pharmacy
6.456542,7.521094,pharmacy
6.456701,7.519077,pharmacy
6.445966,7.527921,hospital
6.443286,7.482119,hospital
6.443852,7.5157,hospital
6.468298,7.525304,hospital
6.436476,7.49038,hospital
6.458268,7.517686,hospital
6.426619,7.489661,hospital
6.298722,7.461623,hospital
6.478419,7.487084,hospital
6.46844,7.59191,hospital
6.477156,7.492653,hospital
6.460584,7.532398,hospital
6.448432,7.536304,hospital
9.525064,7.075548,doctors
9.691255,5.088832,doctors
9.647627,6.516413,hospital
9.06947,5.986672,hospital
9.471751,7.205962,doctors
6.462778,3.585218,hospital
6.467437,3.585059,pharmacy
7.799937,6.741568,hospital
7.383339,3.891131,hospital
7.381256,3.891368,clinic
7.382392,3.887474,clinic
7.381132,3.891581,pharmacy
7.382099,3.890877,pharmacy
7.382816,3.890844,pharmacy
7.382193,3.887608,pharmacy
7.382451,3.887958,pharmacy
7.383329,3.892646,pharmacy
7.383231,3.891961,pharmacy
7.38342,3.889539,pharmacy
7.383175,3.887288,pharmacy
7.481572,3.909497,clinic
7.48585,3.913943,clinic
7.480874,3.911645,pharmacy
7.481845,3.913851,pharmacy
7.48277,3.905884,pharmacy
7.485731,3.912126,pharmacy
7.485068,3.910144,pharmacy
7.482766,3.909699,pharmacy
7.485145,3.911002,pharmacy
7.481825,3.911172,pharmacy
7.483284,3.907403,pharmacy
7.480963,3.911064,pharmacy
7.481498,3.909354,pharmacy
7.485758,3.912453,pharmacy
7.481206,3.906972,hospital
7.486224,3.913023,pharmacy
7.48329,3.909977,pharmacy
7.482832,3.909827,pharmacy
8.474761,4.540606,hospital
6.506369,3.374251,pharmacy
7.378138,3.87972,hospital
7.365061,3.861981,hospital
7.350923,3.91111,hospital
7.355298,3.910764,hospital
7.38275,3.893323,hospital
7.387921,3.919488,hospital
7.362432,3.861942,hospital
7.366358,3.855748,hospital
7.337547,3.905348,hospital
7.395518,3.928578,hospital
7.388237,3.889233,clinic
7.384015,3.880898,clinic
7.378217,3.888147,clinic
7.414807,3.86321,pharmacy
7.400367,3.899008,pharmacy
7.396143,3.886918,pharmacy
7.470298,3.91234,pharmacy
7.502807,3.91645,pharmacy
7.442527,3.906867,pharmacy
7.522265,3.912367,pharmacy
7.485582,3.914392,pharmacy
7.466475,3.912508,pharmacy
7.39883,3.888293,hospital
7.471787,3.912443,hospital
7.401532,3.925715,hospital
7.563724,3.892513,hospital
7.514385,3.910152,hospital
7.513232,3.913332,hospital
7.427718,3.939257,hospital
7.450043,3.87046,hospital
7.44208,3.910355,hospital
7.50448,3.920815,hospital
7.448648,3.861868,hospital
7.410707,3.919218,hospital
7.34517,3.912745,hospital
7.522183,3.913902,hospital
7.41157,3.892192,hospital
7.470953,3.91822,hospital
7.50396,3.91464,hospital
7.442595,3.900756,clinic
7.476243,3.92092,clinic
7.50732,3.923887,clinic
7.411437,3.90817,clinic
7.481307,3.919748,clinic
7.457725,3.91192,clinic
7.522637,3.915065,clinic
7.496822,3.917552,clinic
7.429368,3.999038,clinic
7.56139,3.887012,clinic
7.441945,3.909478,clinic
7.439915,3.920187,clinic
7.417875,4.013397,clinic
7.48623,3.914403,clinic
7.471148,3.91562,clinic
7.523104,3.957894,clinic
7.532175,3.908552,clinic
7.476073,3.9042,clinic
7.476017,3.916933,clinic
7.948409,3.617573,hospital
6.640551,2.730869,pharmacy
11.763495,11.955949,hospital
8.995492,7.425045,clinic
6.578381,3.409668,clinic
11.982931,8.512628,hospital
6.430745,3.423057,pharmacy
8.992139,7.426666,pharmacy
8.99974,7.481634,hospital
8.99142,7.426118,pharmacy
7.427934,3.981703,hospital
5.530961,5.740148,clinic
4.385831,7.178906,hospital
9.459506,12.040558,hospital
5.49772,6.726269,clinic
10.022299,7.122618,hospital
9.653768,6.517551,doctors
8.648874,6.584102,hospital
9.273191,6.993289,hospital
9.197106,7.178275,hospital
10.242708,5.848538,health_post
9.856514,6.71354,hospital
9.572487,7.228639,hospital
10.710826,4.576491,health_post
9.052634,6.570976,health_post
10.405537,5.483056,health_post
9.495698,6.121252,health_post
11.109167,5.262935,health_post
9.309108,6.938353,health_post
9.429882,6.08529,doctors
9.189521,5.851641,health_post
9.808285,6.154672,health_post
11.666834,9.898828,hospital
6.436216,3.489444,pharmacy
8.320359,4.737222,hospital
10.81687,11.47326,clinic
6.527028,3.376574,health_centre
8.736877,4.1474,hospital
9.956571,8.851478,hospital
10.295372,11.096754,hospital
9.929303,8.880628,clinic
9.964655,8.849053,clinic
9.931093,8.877795,hospital
9.931372,8.878954,hospital
9.931059,8.877365,pharmacy
9.929047,8.880185,hospital
9.931347,8.87906,pharmacy
9.931464,8.88023,hospital
9.972028,8.840662,clinic
9.928434,8.880877,hospital
9.928247,8.881424,hospital
9.92964,8.884319,hospital
9.925462,8.882414,clinic
9.925559,8.885557,pharmacy
9.925212,8.8857,pharmacy
9.925081,8.885861,pharmacy
9.925006,8.885221,pharmacy
9.974638,8.85853,clinic
9.923661,8.887006,pharmacy
9.9234,8.887098,pharmacy
9.922378,8.883542,pharmacy
9.921913,8.8858,pharmacy
9.923425,8.884049,pharmacy
9.919738,8.8854,pharmacy
9.919705,8.885455,hospital
9.92071,8.888798,hospital
9.922444,8.889684,pharmacy
9.922551,8.889074,pharmacy
9.993269,8.851934,clinic
9.920676,8.889406,pharmacy
9.92084,8.889407,pharmacy
9.919155,8.888765,pharmacy
9.918047,8.889265,pharmacy
9.918354,8.888238,pharmacy
9.916723,8.889052,pharmacy
9.914753,8.889633,pharmacy
9.913656,8.890162,pharmacy
9.91358,8.889914,pharmacy
9.910373,8.889161,pharmacy
9.983675,8.855613,clinic
9.93464,8.904757,hospital
9.958068,8.859094,pharmacy
9.93455,8.907787,hospital
9.936095,8.914745,hospital
9.932636,8.907527,hospital
9.933001,8.912081,pharmacy
9.94037,8.867514,pharmacy
9.962782,8.860982,clinic
9.934006,8.920063,clinic
9.9332,8.921622,clinic
9.940387,8.867629,hospital
9.940312,8.867467,pharmacy
9.915273,8.891777,pharmacy
9.907992,8.895105,clinic
9.906725,8.892369,clinic
9.909591,8.894285,hospital
9.911999,8.893004,pharmacy
9.916372,8.891243,hospital
9.916248,8.89091,pharmacy
9.929122,8.902172,pharmacy
9.924045,8.897639,clinic
9.923212,8.897274,clinic
9.910034,8.882034,hospital
9.905349,8.886748,pharmacy
9.909458,8.882012,pharmacy
9.89832,8.884737,pharmacy
9.928232,8.914945,clinic
9.89668,8.884802,hospital
9.901518,8.891853,pharmacy
9.895953,8.887236,hospital
9.898803,8.882274,hospital
9.915807,8.899503,hospital
9.897982,8.890615,pharmacy
9.896486,8.882547,hospital
9.925274,8.915562,clinic
9.942301,8.874148,hospital
9.92485,8.913548,hospital
9.892202,8.884527,clinic
9.896432,8.883748,hospital
9.896623,8.883574,pharmacy
9.923818,8.913834,hospital
9.917796,8.901839,clinic
9.924387,8.911426,clinic
9.939106,8.875297,hospital
9.940842,8.868727,hospital
9.93917,8.877306,clinic
9.937363,8.871158,hospital
9.915039,8.90166,clinic
9.938753,8.879957,hospital
9.936831,8.871551,hospital
9.935946,8.877036,pharmacy
9.891937,8.866886,hospital
9.898679,8.87567,pharmacy
9.894362,8.865206,clinic
9.898552,8.871754,clinic
9.939767,8.866589,pharmacy
9.897796,8.865314,pharmacy
9.929155,8.872529,pharmacy
9.900418,8.867138,clinic
9.928142,8.871924,clinic
9.927439,8.870283,clinic
9.915821,8.893421,clinic
9.914222,8.894603,clinic
9.914253,8.894756,clinic
9.939876,8.861229,hospital
9.911295,8.912425,clinic
9.902608,8.868464,pharmacy
9.90819,8.915553,clinic
9.904181,8.870009,pharmacy
9.902747,8.868657,hospital
9.9054,8.868211,clinic
9.904977,8.871921,clinic
9.905655,8.874121,pharmacy
9.906557,8.874084,hospital
9.918014,8.880871,clinic
9.920172,8.87941,pharmacy
9.928664,8.875515,pharmacy
9.895822,8.911165,hospital
9.92337,8.903341,clinic
9.921767,8.875154,pharmacy
9.955493,8.892522,hospital
9.901487,8.866644,pharmacy
9.924715,8.874869,pharmacy
9.925006,8.874658,clinic
9.889457,8.919376,pharmacy
9.888136,8.920092,hospital
9.949899,8.87572,clinic
9.983871,8.898105,clinic
9.958211,8.878825,clinic
9.908064,8.856244,clinic
9.920377,8.914429,clinic
9.944525,8.889024,clinic
9.945503,8.888554,pharmacy
9.937157,8.893805,clinic
9.948155,8.887046,clinic
9.95817,8.856004,pharmacy
7.760613,3.113335,pharmacy
7.757368,3.113564,pharmacy
7.760524,3.112974,clinic
7.283517,3.722275,pharmacy
7.285316,3.723025,pharmacy
7.284577,3.72458,clinic
7.245425,3.661932,clinic
6.91184,4.546821,pharmacy
6.912669,4.546976,pharmacy
6.821652,2.763678,clinic
6.912428,4.509893,pharmacy
6.913457,4.513217,pharmacy
6.870717,4.491147,pharmacy
6.869859,4.489715,pharmacy
6.868818,4.491238,pharmacy
6.870111,4.491271,pharmacy
6.870699,4.489607,pharmacy
6.918971,4.385943,pharmacy
6.918315,4.387592,pharmacy
6.920233,4.386689,pharmacy
6.919001,4.387223,pharmacy
6.919388,4.385619,pharmacy
6.855265,4.528388,pharmacy
6.855582,4.529271,clinic
6.854277,4.527698,pharmacy
6.856359,4.527539,pharmacy
6.854387,4.529823,pharmacy
6.854119,4.530221,pharmacy
6.854928,4.527575,doctors
6.988466,4.451482,pharmacy
6.988746,4.45038,clinic
6.98605,4.491662,pharmacy
6.477027,2.860191,pharmacy
6.478748,2.861101,clinic
5.863606,7.330019,clinic
5.864376,7.32863,pharmacy
5.867055,7.329487,pharmacy
5.876442,7.333706,clinic
5.865503,7.328343,pharmacy
5.87508,7.33461,pharmacy
5.849538,7.256482,pharmacy
5.849918,7.271075,clinic
5.848573,7.266791,pharmacy
5.424652,6.771954,clinic
5.427408,6.769553,pharmacy
8.824644,7.579869,pharmacy
11.97738,9.382234,clinic
11.928393,9.717741,clinic
11.948358,9.805744,pharmacy
11.560423,9.45963,clinic
11.99818,9.45957,pharmacy
11.948315,9.805219,clinic
11.991712,9.488499,clinic
11.990785,9.488574,pharmacy
11.95887,9.445509,clinic
11.962054,9.447433,clinic
11.916476,9.392426,pharmacy
11.9164,9.386473,clinic
11.919223,9.394189,clinic
12.579407,9.075961,clinic
12.576409,9.074435,pharmacy
12.575155,9.072173,clinic
12.789626,9.199148,clinic
12.54859,8.993382,pharmacy
12.803664,9.251286,pharmacy
12.79946,9.250766,clinic
12.566188,9.176926,clinic
12.809242,9.299974,pharmacy
12.550263,8.993035,pharmacy
5.320915,6.822896,pharmacy
5.320362,6.823382,pharmacy
5.323152,6.822596,pharmacy
5.322152,6.822672,pharmacy
5.32135,6.822739,pharmacy
5.321469,6.822626,clinic
5.325618,6.821921,clinic
5.31891,6.823974,pharmacy
5.317924,6.824178,pharmacy
5.317318,6.823896,pharmacy
5.317821,6.823913,pharmacy
5.318465,6.823864,pharmacy
5.310841,6.828624,pharmacy
5.312779,6.828491,pharmacy
5.312955,6.828105,pharmacy
5.314355,6.82689,pharmacy
5.315121,6.826396,pharmacy
5.316167,6.825194,pharmacy
12.31669,8.885266,clinic
12.327236,8.947736,clinic
12.328743,8.820391,pharmacy
12.364582,8.949206,clinic
12.363772,8.978495,clinic
12.365184,8.912782,clinic
12.368345,8.917829,clinic
12.587617,8.838078,clinic
12.647242,8.732283,pharmacy
12.722018,10.545981,pharmacy
10.959187,10.15874,pharmacy
10.969972,10.150231,pharmacy
10.968055,10.150044,pharmacy
10.968172,10.150259,pharmacy
11.020143,10.079655,pharmacy
11.02052,10.079709,pharmacy
11.345997,9.388193,doctors
11.342312,9.383232,pharmacy
11.341356,9.380079,pharmacy
11.344038,9.384595,pharmacy
11.363114,9.443014,pharmacy
11.92762,9.718065,pharmacy
11.928669,9.718387,pharmacy
12.56568,9.178808,pharmacy
12.802028,9.253061,pharmacy
6.924143,4.793607,pharmacy
6.892793,4.788844,pharmacy
6.982708,5.099357,pharmacy
6.982954,5.098551,pharmacy
6.63416,4.971182,pharmacy
6.811556,4.516395,pharmacy
6.812268,4.516999,pharmacy
6.811441,4.515765,pharmacy
6.769804,4.458119,pharmacy
6.927389,4.793532,pharmacy
6.769606,4.455633,pharmacy
6.770092,4.457013,pharmacy
6.936855,4.779817,pharmacy
6.936999,4.778885,pharmacy
6.812172,4.517942,pharmacy
7.006947,5.016016,pharmacy
6.622193,5.015977,pharmacy
6.62344,5.016293,pharmacy
6.625155,5.015318,pharmacy
6.623297,5.017117,pharmacy
6.81766,5.123454,pharmacy
6.817507,5.12173,pharmacy
6.822224,5.119808,pharmacy
6.82165,5.122781,pharmacy
6.821154,5.122108,pharmacy
6.8223,5.121826,pharmacy
6.822555,5.122828,pharmacy
6.822182,5.122111,pharmacy
6.821047,5.119446,pharmacy
6.821768,5.120398,pharmacy
7.005112,5.015867,pharmacy
6.913928,4.648056,pharmacy
6.915613,4.644079,pharmacy
7.356544,4.943006,pharmacy
7.299464,4.914594,pharmacy
6.914839,4.646382,pharmacy
6.914512,4.646924,pharmacy
6.916574,4.645136,pharmacy
8.164166,4.068016,pharmacy
8.164482,4.067124,pharmacy
8.234258,4.07199,pharmacy
8.234919,4.072844,pharmacy
7.59749,3.731406,pharmacy
8.192604,4.012391,pharmacy
8.193669,4.013445,pharmacy
8.233937,4.073204,pharmacy
8.234602,4.071259,pharmacy
8.32621,4.054705,pharmacy
8.156673,4.006906,pharmacy
8.155393,4.005119,pharmacy
8.192737,4.013683,pharmacy
8.193576,4.01227,pharmacy
8.194686,4.014365,pharmacy
8.193222,4.014137,pharmacy
8.155371,4.00619,pharmacy
8.151111,4.003065,pharmacy
8.15321,4.003978,pharmacy
8.151962,4.00556,pharmacy
8.156913,4.005748,pharmacy
8.154244,4.004527,pharmacy
8.253044,4.08054,pharmacy
8.253813,4.080202,pharmacy
8.430096,4.265587,pharmacy
8.430868,4.26653,pharmacy
8.429904,4.266618,pharmacy
8.823561,3.41115,pharmacy
8.824432,3.410982,pharmacy
8.82451,3.410327,pharmacy
8.422155,4.130569,pharmacy
8.421586,4.131599,pharmacy
8.241093,4.007709,pharmacy
8.457153,4.241553,pharmacy
8.460849,4.240591,pharmacy
8.457683,4.24055,pharmacy
8.459747,4.24054,pharmacy
8.427826,4.265988,pharmacy
8.429419,4.266279,pharmacy
8.429651,4.267361,pharmacy
8.227763,3.977545,pharmacy
8.283898,4.105489,pharmacy
8.284335,4.10668,pharmacy
8.284867,4.107502,pharmacy
8.27992,4.077617,pharmacy
8.279824,4.077814,pharmacy
8.240242,4.006492,pharmacy
8.278637,2.996964,pharmacy
8.279878,2.996922,pharmacy
7.837063,3.223585,pharmacy
7.83771,3.223334,pharmacy
7.834642,3.22193,pharmacy
8.309185,3.029148,pharmacy
8.306291,3.028596,pharmacy
8.304289,3.02835,pharmacy
8.305176,3.029472,pharmacy
8.303959,3.028108,pharmacy
7.878542,3.14632,pharmacy
7.880272,3.145214,pharmacy
7.757368,3.113564,pharmacy
7.760613,3.113335,pharmacy
8.278619,2.996072,pharmacy
8.306083,3.028492,pharmacy
8.306553,3.028462,pharmacy
8.305327,3.028753,pharmacy
8.307104,3.028587,pharmacy
8.305828,3.028532,pharmacy
8.304397,3.027758,pharmacy
7.838402,3.220599,pharmacy
7.836625,3.22397,pharmacy
7.835435,3.222522,pharmacy
7.835394,3.223772,pharmacy
7.83594,3.226848,pharmacy
7.839304,3.223078,pharmacy
7.834221,3.221077,pharmacy
7.836859,3.220236,pharmacy
7.836275,3.221378,pharmacy
7.83613,3.223475,pharmacy
7.797097,3.122902,pharmacy
7.797242,3.123495,pharmacy
7.768385,3.205922,pharmacy
7.768497,3.207134,pharmacy
7.771731,3.207624,pharmacy
7.77018,3.207186,pharmacy
8.628645,3.035552,pharmacy
8.626298,3.037286,pharmacy
8.626473,3.035772,pharmacy
8.626492,3.036783,pharmacy
8.625663,3.034882,pharmacy
8.625485,3.03849,pharmacy
8.059731,2.958279,pharmacy
8.571697,2.871978,pharmacy
8.570792,2.871921,pharmacy
8.569912,2.872104,pharmacy
8.567256,2.914458,pharmacy
8.566877,2.914947,pharmacy
8.566458,2.914238,pharmacy
8.567668,2.916066,pharmacy
8.561828,2.764487,pharmacy
8.560646,2.764366,pharmacy
11.498945,8.023044,pharmacy
11.498411,8.023144,pharmacy
8.629314,3.037494,pharmacy
8.626606,3.036122,pharmacy
8.491798,3.540717,pharmacy
8.492112,3.541625,pharmacy
8.059583,2.95935,pharmacy
8.058604,2.960547,pharmacy
8.059637,2.95982,pharmacy
11.488332,8.063656,pharmacy
11.486005,8.065629,pharmacy
11.538434,8.073208,pharmacy
11.538681,8.073884,pharmacy
12.515947,8.630051,pharmacy
11.569299,8.764926,pharmacy
11.496476,8.043901,pharmacy
11.496814,8.044262,pharmacy
11.496137,8.044612,pharmacy
11.495886,8.042474,pharmacy
11.496567,8.042779,pharmacy
11.539258,8.073416,pharmacy
11.53835,8.073032,pharmacy
12.517383,8.632803,pharmacy
11.353919,8.574394,pharmacy
11.278544,8.730015,pharmacy
11.335145,8.767499,pharmacy
11.213401,8.766351,pharmacy
11.212231,8.765197,pharmacy
11.214536,8.767745,pharmacy
11.251108,8.808898,pharmacy
11.251425,8.789824,pharmacy
11.359366,8.790775,pharmacy
11.36044,8.790041,pharmacy
11.348976,8.911153,pharmacy
11.349667,8.908993,pharmacy
11.34738,8.913291,pharmacy
11.3501,8.908043,pharmacy
11.367776,8.589826,pharmacy
11.366952,8.60222,pharmacy
11.370017,8.604938,pharmacy
11.334715,8.767423,pharmacy
4.774176,7.553149,pharmacy
4.773095,7.557288,pharmacy
4.682939,7.561257,pharmacy
4.689889,7.557309,pharmacy
4.683237,7.56142,pharmacy
4.686151,7.559923,pharmacy
4.679895,7.563915,pharmacy
4.691307,7.556601,pharmacy
4.767119,7.55749,pharmacy
4.758921,7.585091,pharmacy
4.75762,7.582945,pharmacy
5.484031,7.715734,pharmacy
5.48409,7.715709,pharmacy
4.766044,7.557163,pharmacy
5.497328,6.483539,pharmacy
5.460068,6.419976,pharmacy
5.459862,6.419034,pharmacy
5.460189,6.42009,pharmacy
5.46006,6.41852,pharmacy
5.980688,6.609398,pharmacy
5.978781,6.610566,pharmacy
5.445547,6.416507,pharmacy
5.457597,6.436204,pharmacy
5.45932,6.433064,pharmacy
5.457795,6.435237,pharmacy
5.461348,6.417394,pharmacy
5.818625,6.528602,pharmacy
5.457474,6.43511,pharmacy
4.684833,6.117407,pharmacy
4.684257,6.117785,pharmacy
4.684866,6.117537,pharmacy
4.685125,6.117346,pharmacy
4.705679,5.997432,pharmacy
4.706068,5.99731,pharmacy
4.704925,5.997325,pharmacy
4.704417,5.99729,pharmacy
4.700797,6.088431,pharmacy
4.700032,6.088497,pharmacy
4.699548,6.088541,pharmacy
4.702351,6.088643,pharmacy
5.315469,6.454294,pharmacy
4.703995,6.027156,pharmacy
4.703975,6.027427,pharmacy
4.702951,6.027027,pharmacy
4.702972,6.02675,pharmacy
4.760826,6.229704,pharmacy
4.819132,6.16007,pharmacy
4.818052,6.159832,pharmacy
4.817735,6.160605,pharmacy
4.819676,6.162074,pharmacy
4.81925,6.160644,pharmacy
4.817561,6.160476,pharmacy
4.8283,6.111374,pharmacy
4.829487,6.112451,pharmacy
5.025747,6.066288,pharmacy
4.925175,6.059299,pharmacy
4.923442,6.059977,pharmacy
4.925118,6.059319,pharmacy
4.924243,6.059515,pharmacy
4.926515,6.059159,pharmacy
4.92481,6.059365,pharmacy
4.925625,6.059249,pharmacy
4.924553,6.059461,pharmacy
4.87553,6.123851,pharmacy
4.876272,6.123914,pharmacy
4.874789,6.123604,pharmacy
5.026277,6.068369,pharmacy
5.026106,6.067669,pharmacy
5.025753,6.066969,pharmacy
4.760684,6.230138,pharmacy
5.241965,6.541894,pharmacy
5.241646,6.542537,pharmacy
5.243902,6.541475,pharmacy
5.307802,6.44192,pharmacy
5.309429,6.438874,pharmacy
5.318738,6.47052,pharmacy
4.744516,6.128903,pharmacy
4.744601,6.128502,pharmacy
4.74367,6.1318,pharmacy
4.744487,6.129822,pharmacy
5.238022,6.539908,pharmacy
5.238053,6.539884,pharmacy
5.241397,6.53437,pharmacy
5.241101,6.532667,pharmacy
4.748465,6.009929,pharmacy
4.747104,6.009669,pharmacy
4.746654,6.009679,pharmacy
4.748185,6.009447,pharmacy
4.746664,6.009772,pharmacy
4.746035,6.009355,pharmacy
4.750103,6.010644,pharmacy
4.749343,6.010267,pharmacy
5.514783,8.292139,pharmacy
5.567991,8.266893,pharmacy
5.567409,8.267106,pharmacy
5.566451,8.267588,pharmacy
5.632445,8.841468,pharmacy
5.63212,8.841477,pharmacy
6.738969,8.675845,pharmacy
6.737252,8.675251,pharmacy
5.637607,8.19569,pharmacy
5.637871,8.195335,pharmacy
5.638496,8.193189,pharmacy
5.545211,8.797511,pharmacy
5.544294,8.797489,pharmacy
6.330388,9.006731,pharmacy
6.3306,9.008595,pharmacy
6.330846,9.007444,pharmacy
6.332343,9.010511,pharmacy
6.330735,9.008102,pharmacy
5.614397,8.821071,pharmacy
5.70465,8.43252,pharmacy
5.704913,8.433231,pharmacy
5.660608,8.837785,pharmacy
5.603969,8.82156,pharmacy
6.729423,8.614259,pharmacy
5.862837,8.426717,pharmacy
5.864308,8.427257,pharmacy
5.863523,8.428162,pharmacy
5.891807,8.365408,pharmacy
5.890767,8.36459,pharmacy
5.893615,8.36581,pharmacy
6.861388,8.753381,pharmacy
6.066307,8.478241,pharmacy
6.067109,8.479428,pharmacy
6.068834,8.478723,pharmacy
6.068471,8.47975,pharmacy
6.731662,8.641472,pharmacy
6.731898,8.634761,pharmacy
6.729527,8.630629,pharmacy
6.729352,8.629395,pharmacy
6.732063,8.637822,pharmacy
6.844351,8.607907,pharmacy
6.258017,8.984519,pharmacy
6.788159,8.653757,pharmacy
6.448788,9.047321,pharmacy
6.447763,9.049178,pharmacy
6.274305,9.054083,pharmacy
6.273736,9.053564,pharmacy
6.351946,8.516383,pharmacy
6.351691,8.515454,pharmacy
6.302698,9.218012,pharmacy
6.305866,9.219201,pharmacy
6.302471,9.218041,pharmacy
6.302868,9.218511,pharmacy
6.329477,9.00791,pharmacy
6.247083,8.440386,pharmacy
6.262166,9.047576,pharmacy
6.262822,9.047205,pharmacy
6.257805,8.984943,pharmacy
6.281258,9.125581,pharmacy
6.280156,9.125993,pharmacy
6.278603,9.127323,pharmacy
6.848876,8.599963,pharmacy
6.873539,8.745119,pharmacy
6.863237,8.752073,pharmacy
6.868326,8.74572,pharmacy
6.862993,8.751782,pharmacy
6.871486,8.744868,pharmacy
6.870216,8.745826,pharmacy
6.773718,5.290606,pharmacy
6.77238,5.290833,pharmacy
6.802818,5.246848,pharmacy
6.802232,5.245939,pharmacy
6.646112,5.440339,pharmacy
6.800752,5.245203,pharmacy
6.265122,5.108058,pharmacy
6.265068,5.1082,pharmacy
6.266854,5.105841,pharmacy
6.807864,5.290575,pharmacy
6.645557,5.441057,pharmacy
6.395439,5.104302,pharmacy
6.394329,5.103281,pharmacy
6.249489,5.354955,pharmacy
6.246412,5.355262,pharmacy
6.251089,5.354427,pharmacy
6.247817,5.355653,pharmacy
6.249707,5.355169,pharmacy
6.265037,5.108095,pharmacy
6.664719,5.45903,pharmacy
6.171006,5.162808,pharmacy
6.169804,5.162874,pharmacy
6.174248,5.163669,pharmacy
6.172435,5.163341,pharmacy
6.167829,5.163827,pharmacy
6.171339,5.16338,pharmacy
6.172949,5.163602,pharmacy
6.174886,5.267446,pharmacy
6.174224,5.266928,pharmacy
6.173514,5.267286,pharmacy
6.205078,5.146408,pharmacy
6.205042,5.146443,pharmacy
6.204228,5.147113,pharmacy
6.824667,5.312627,pharmacy
6.82409,5.311834,pharmacy
4.751522,7.433757,pharmacy
5.120848,6.541664,pharmacy
5.120321,6.540762,pharmacy
5.11997,6.540623,pharmacy
5.083792,6.536221,pharmacy
5.084535,6.536289,pharmacy
5.08431,6.537239,pharmacy
5.07262,6.528125,pharmacy
5.07311,6.528312,pharmacy
4.743504,7.35956,pharmacy
5.105658,6.503953,pharmacy
5.107215,6.502843,pharmacy
5.109629,6.499153,pharmacy
5.106538,6.503881,pharmacy
5.105978,6.50365,pharmacy
5.188065,6.556196,pharmacy
4.805548,6.484464,pharmacy
4.806015,6.483964,pharmacy
4.820443,6.51426,pharmacy
4.820922,6.511601,pharmacy
4.821361,6.512369,pharmacy
4.716874,6.46736,pharmacy
4.717122,6.467548,pharmacy
4.718912,6.467058,pharmacy
4.718167,6.466795,pharmacy
4.716589,6.467769,pharmacy
4.716566,6.467513,pharmacy
4.718521,6.466735,pharmacy
4.717506,6.467359,pharmacy
4.719248,6.466704,pharmacy
4.718765,6.466609,pharmacy
4.718468,6.466814,pharmacy
4.764972,6.498207,pharmacy
4.765852,6.497268,pharmacy
4.758134,7.381445,pharmacy
4.75792,7.381828,pharmacy
4.759023,7.38182,pharmacy
4.758527,7.381217,pharmacy
4.758721,7.381699,pharmacy
4.757573,7.382148,pharmacy
4.8042,7.388034,pharmacy
4.800968,7.389431,pharmacy
4.797229,7.386424,pharmacy
4.798924,7.388541,pharmacy
4.797806,7.388953,pharmacy
4.743742,7.35906,pharmacy
4.748951,7.35431,pharmacy
4.739927,7.358952,pharmacy
4.739881,7.358921,pharmacy
4.743685,7.360413,pharmacy
4.749902,7.358826,pharmacy
4.749004,7.35769,pharmacy
4.744513,7.358773,pharmacy
4.757862,7.369497,pharmacy
4.748979,7.355773,pharmacy
4.743134,7.358773,pharmacy
4.748971,7.358513,pharmacy
4.744057,7.360123,pharmacy
4.749308,7.359171,pharmacy
4.75139,7.354068,pharmacy
4.745453,7.35893,pharmacy
4.743835,7.360808,pharmacy
4.744893,7.359523,pharmacy
4.743013,7.360047,pharmacy
4.757428,7.368334,pharmacy
4.748645,7.358198,pharmacy
4.74903,7.356977,pharmacy
4.749649,7.360106,pharmacy
4.757133,7.367976,pharmacy
4.796138,7.386569,pharmacy
4.798993,7.388234,pharmacy
4.792663,7.390654,pharmacy
4.795914,7.391513,pharmacy
4.797864,7.391276,pharmacy
4.795647,7.390915,pharmacy
4.801996,7.388512,pharmacy
4.7988,7.390674,pharmacy
4.80059,7.389705,pharmacy
4.796309,7.384491,pharmacy
4.802853,7.38882,pharmacy
4.796973,7.38737,pharmacy
4.761141,7.439176,pharmacy
4.751789,7.44453,pharmacy
4.750543,7.432858,pharmacy
4.758621,7.438967,pharmacy
4.751936,7.43502,pharmacy
4.750481,7.434175,pharmacy
5.446844,7.061073,hospital
6.491651,3.375777,pharmacy
8.542059,8.228623,pharmacy
8.595033,7.502007,pharmacy
8.595343,7.502536,pharmacy
8.693146,7.584519,pharmacy
8.693663,7.584734,pharmacy
8.692569,7.584734,pharmacy
8.695731,7.582571,pharmacy
8.237559,7.960109,pharmacy
8.236646,7.960029,pharmacy
8.236816,7.958843,pharmacy
8.434817,8.159579,pharmacy
8.435036,8.159598,pharmacy
8.434807,8.159362,pharmacy
8.635468,7.480409,pharmacy
8.260414,7.893524,pharmacy
8.254778,7.880316,pharmacy
8.253645,7.879199,pharmacy
8.253945,7.878525,pharmacy
9.19809,7.765091,pharmacy
9.198112,7.764671,pharmacy
9.196287,7.764881,pharmacy
8.658375,7.543371,pharmacy
8.469531,8.163514,pharmacy
8.436509,8.158435,pharmacy
8.438781,8.157722,pharmacy
8.287252,7.98273,pharmacy
8.289061,7.9829,pharmacy
8.288096,7.981239,pharmacy
9.197568,7.764921,pharmacy
9.218868,7.739951,pharmacy
9.219119,7.741171,pharmacy
8.12288,7.966261,pharmacy
8.467938,8.16565,pharmacy
8.468694,8.164098,pharmacy
8.469156,8.163605,pharmacy
8.46722,8.166939,pharmacy
8.470999,8.162774,pharmacy
8.473584,8.162539,pharmacy
8.471571,8.163643,pharmacy
8.467089,8.16801,pharmacy
8.469505,8.163063,pharmacy
8.469585,8.163688,pharmacy
8.190407,7.877577,pharmacy
8.190927,7.877124,pharmacy
8.287906,7.978492,pharmacy
8.287303,7.981734,pharmacy
8.287356,7.982197,pharmacy
8.28867,7.982481,pharmacy
8.288479,7.980761,pharmacy
8.28746,7.982804,pharmacy
8.286925,7.983425,pharmacy
8.287482,7.976882,pharmacy
8.709491,7.540272,pharmacy
8.709732,7.539359,pharmacy
8.255966,7.879878,pharmacy
8.123066,7.963717,pharmacy
8.122896,7.964551,pharmacy
8.122967,7.965807,pharmacy
8.123443,7.964135,pharmacy
8.259042,7.893858,pharmacy
8.693318,7.585354,pharmacy
8.693752,7.584016,pharmacy
8.693214,7.584008,pharmacy
8.694024,7.585114,pharmacy
8.725553,7.374235,pharmacy
8.718689,7.165606,pharmacy
8.665854,7.054766,pharmacy
8.674082,7.318996,pharmacy
8.86379,7.425355,pharmacy
8.922924,6.960053,pharmacy
8.921843,6.960506,pharmacy
8.740343,7.40239,pharmacy
8.771343,7.074443,pharmacy
8.769858,7.075689,pharmacy
8.791241,7.199299,pharmacy
8.790168,7.198727,pharmacy
8.628778,7.098677,pharmacy
8.683365,7.152687,pharmacy
8.683576,7.152498,pharmacy
8.817217,7.393231,pharmacy
8.665235,7.054474,pharmacy
8.741205,7.051943,pharmacy
8.683919,7.153844,pharmacy
8.683226,7.167715,pharmacy
7.523053,6.883866,pharmacy
7.587639,6.893323,pharmacy
7.523714,6.842706,pharmacy
8.188675,6.593459,pharmacy
8.188551,6.593919,pharmacy
8.549455,6.269748,pharmacy
8.561654,6.245701,pharmacy
8.561224,6.244174,pharmacy
8.562326,6.244574,pharmacy
8.561642,6.244235,pharmacy
8.412835,6.432627,pharmacy
8.412916,6.429986,pharmacy
8.412293,6.430202,pharmacy
8.412687,6.430098,pharmacy
8.490012,6.326668,pharmacy
8.490668,6.325062,pharmacy
8.483788,6.386614,pharmacy
8.483573,6.387096,pharmacy
8.561937,6.245358,pharmacy
8.563002,6.24591,pharmacy
8.562547,6.244938,pharmacy
8.562626,6.244396,pharmacy
8.562289,6.244472,pharmacy
8.561914,6.245413,pharmacy
8.562528,6.240962,pharmacy
8.561596,6.243977,pharmacy
8.561741,6.245407,pharmacy
8.562986,6.245871,pharmacy
8.561667,6.243599,pharmacy
8.54831,6.261207,pharmacy
8.548619,6.262982,pharmacy
6.831376,6.757401,pharmacy
6.830027,6.755959,pharmacy
6.830694,6.755887,pharmacy
6.827925,6.757048,pharmacy
6.830867,6.755563,pharmacy
6.638207,6.76493,pharmacy
6.637032,6.764814,pharmacy
6.637251,6.765239,pharmacy
6.812871,6.777254,pharmacy
6.812247,6.77742,pharmacy
6.811359,6.777234,pharmacy
6.813254,6.777283,pharmacy
6.710697,6.799184,pharmacy
6.711797,6.801885,pharmacy
6.711497,6.80037,pharmacy
6.830286,6.758017,pharmacy
6.830024,6.755845,pharmacy
6.83096,6.756579,pharmacy
6.831537,6.756535,pharmacy
6.811416,6.776738,pharmacy
6.810575,6.776879,pharmacy
6.710678,6.799923,pharmacy
6.712558,6.801383,pharmacy
6.710232,6.799154,pharmacy
6.708743,6.797327,pharmacy
6.712866,6.80248,pharmacy
6.71045,6.799664,pharmacy
6.706093,6.798647,pharmacy
6.7103,6.800331,pharmacy
6.70992,6.798698,pharmacy
6.707823,6.799063,pharmacy
6.70537,6.797546,pharmacy
6.710776,6.801709,pharmacy
6.711708,6.80231,pharmacy
6.711556,6.801244,pharmacy
6.712165,6.801314,pharmacy
6.70984,6.800688,pharmacy
6.71175,6.800553,pharmacy
6.711295,6.800093,pharmacy
7.936895,7.413323,pharmacy
7.937602,7.413416,pharmacy
7.936352,7.417901,pharmacy
7.224087,7.056572,pharmacy
7.221123,7.055351,pharmacy
7.800475,7.319214,pharmacy
7.74672,7.290153,pharmacy
7.198786,7.25792,pharmacy
7.198899,7.256526,pharmacy
7.738112,7.259964,pharmacy
7.735857,7.260129,pharmacy
7.739373,7.260592,pharmacy
7.738115,7.260543,pharmacy
7.176633,7.049178,pharmacy
7.173441,7.04926,pharmacy
7.188384,7.262331,pharmacy
7.993914,7.311215,pharmacy
7.316437,7.725104,pharmacy
7.998003,7.318088,pharmacy
7.996605,7.319609,pharmacy
7.173274,7.04824,pharmacy
7.205194,7.286957,pharmacy
7.930026,7.650498,pharmacy
7.929841,7.651062,pharmacy
7.930498,7.649234,pharmacy
7.930804,7.648716,pharmacy
7.74347,7.28732,pharmacy
7.74642,7.289019,pharmacy
7.747706,7.290514,pharmacy
7.800963,7.319936,pharmacy
8.029696,7.564144,pharmacy
7.973238,7.361405,pharmacy
8.89926,5.236959,pharmacy
8.955056,5.267256,pharmacy
8.955474,5.266963,pharmacy
9.494851,3.604434,pharmacy
9.494784,3.60204,pharmacy
9.494844,3.604075,pharmacy
9.495395,3.604092,pharmacy
9.524793,3.337419,pharmacy
9.413444,3.290556,pharmacy
9.413211,3.291167,pharmacy
9.487132,3.50826,pharmacy
9.487405,3.505304,pharmacy
9.488491,3.506335,pharmacy
9.490875,3.50447,pharmacy
9.488322,3.507955,pharmacy
9.486629,3.509325,pharmacy
9.487459,3.507985,pharmacy
9.486461,3.508583,pharmacy
9.524379,3.3376,pharmacy
9.523452,3.33669,pharmacy
9.522618,3.336677,pharmacy
9.667327,3.44412,pharmacy
9.667451,3.442641,pharmacy
9.667709,3.44413,pharmacy
9.83626,3.482281,pharmacy
9.006089,2.879488,pharmacy
9.007614,2.879807,pharmacy
9.006216,2.879596,pharmacy
9.180053,3.538685,pharmacy
9.181716,3.533868,pharmacy
9.1811,3.536433,pharmacy
9.178525,3.536909,pharmacy
9.316063,3.675007,pharmacy
9.316156,3.675565,pharmacy
9.315426,3.675778,pharmacy
8.732475,2.912288,pharmacy
9.108238,3.11127,pharmacy
9.106737,3.110763,pharmacy
8.97192,3.168112,pharmacy
9.108418,3.108676,pharmacy
9.10396,3.111538,pharmacy
9.106105,3.113056,pharmacy
9.105507,3.111352,pharmacy
9.106959,3.109262,pharmacy
9.3177,3.486169,pharmacy
9.083763,3.533064,pharmacy
9.084188,3.532975,pharmacy
9.084318,3.532298,pharmacy
9.241491,3.723847,pharmacy
9.238859,3.724719,pharmacy
9.241841,3.723644,pharmacy
9.236283,3.726922,pharmacy
9.237366,3.725883,pharmacy
9.317864,3.486242,pharmacy
9.015474,3.536654,pharmacy
9.01705,3.536952,pharmacy
9.017505,3.536785,pharmacy
9.016498,3.536621,pharmacy
9.015671,3.536414,pharmacy
9.014474,3.536368,pharmacy
9.179673,3.536586,pharmacy
9.182368,3.535629,pharmacy
9.178692,3.537153,pharmacy
9.084807,3.532853,pharmacy
9.083282,3.533021,pharmacy
9.083358,3.53278,pharmacy
9.018339,3.537339,pharmacy
9.017425,3.536774,pharmacy
9.014538,3.536377,pharmacy
9.016234,3.536935,pharmacy
8.952148,2.923885,pharmacy
8.732825,2.912861,pharmacy
8.733217,2.912203,pharmacy
8.73308,2.912772,pharmacy
8.848838,3.003932,pharmacy
9.056482,2.931336,pharmacy
9.057807,2.929235,pharmacy
9.057431,2.92747,pharmacy
9.050216,3.651379,pharmacy
9.050287,3.652019,pharmacy
9.050408,3.65092,pharmacy
9.049785,3.652985,pharmacy
9.05803,2.939213,pharmacy
9.050384,3.650269,pharmacy
8.993199,3.113904,pharmacy
8.991514,3.112679,pharmacy
9.05405,2.926846,pharmacy
9.05755,2.927302,pharmacy
9.055975,2.929345,pharmacy
9.08413,3.127045,pharmacy
9.084675,3.128265,pharmacy
4.86636,7.034746,pharmacy
11.426801,9.376399,pharmacy
11.653119,9.545545,pharmacy
11.653002,9.545793,pharmacy
7.729502,7.973385,pharmacy
7.729213,7.972957,pharmacy
7.729998,7.973446,pharmacy
7.843784,8.09126,pharmacy
7.545068,7.745284,pharmacy
7.544549,7.744467,pharmacy
7.544381,7.745714,pharmacy
7.545144,7.747295,pharmacy
7.546452,7.745253,pharmacy
7.758429,7.995912,pharmacy
7.74597,7.996525,pharmacy
7.752745,7.999186,pharmacy
7.86942,8.061445,pharmacy
7.869138,8.061087,pharmacy
7.868428,8.062169,pharmacy
7.867032,8.061346,pharmacy
7.772654,8.03164,pharmacy
7.772356,8.031268,pharmacy
7.872927,8.044527,pharmacy
7.87291,8.044781,pharmacy
7.873012,8.042941,pharmacy
7.796222,8.032753,pharmacy
7.796611,8.032689,pharmacy
7.758189,7.996879,pharmacy
7.794723,7.764027,pharmacy
7.795198,7.763326,pharmacy
7.7977,7.765078,pharmacy
7.79713,7.764621,pharmacy
7.796125,7.764311,pharmacy
7.797444,7.764771,pharmacy
7.914551,8.073696,pharmacy
7.914491,8.074343,pharmacy
7.626576,7.795314,pharmacy
7.545116,7.747353,pharmacy
7.545516,7.745337,pharmacy
7.544834,7.748248,pharmacy
7.752101,7.999066,pharmacy
7.744887,7.996544,pharmacy
7.74973,7.998049,pharmacy
7.75436,7.999324,pharmacy
7.753194,7.999281,pharmacy
7.683719,7.753565,pharmacy
7.866906,8.095392,pharmacy
8.006526,7.699429,pharmacy
8.006543,7.699373,pharmacy
8.004921,7.699265,pharmacy
7.62675,7.79431,pharmacy
6.865937,8.169837,pharmacy
6.866927,8.169426,pharmacy
6.878883,8.150783,pharmacy
6.728264,8.120592,pharmacy
6.728255,8.119921,pharmacy
6.728213,8.120737,pharmacy
6.727461,8.120611,pharmacy
6.727677,8.119648,pharmacy
7.091932,8.43238,pharmacy
7.092529,8.432482,pharmacy
7.091122,8.432075,pharmacy
6.8478,8.602692,pharmacy
6.828694,8.133023,pharmacy
6.969352,7.932304,pharmacy
6.772363,8.324827,pharmacy
6.769679,8.327833,pharmacy
6.769561,8.326893,pharmacy
6.772245,8.325219,pharmacy
6.798812,8.340939,pharmacy
7.152862,8.405718,pharmacy
7.152761,8.405742,pharmacy
6.728106,8.120462,pharmacy
6.968879,7.943659,pharmacy
6.967893,7.942737,pharmacy
6.967389,7.942344,pharmacy
6.802092,8.603794,pharmacy
6.802306,8.601342,pharmacy
6.801767,8.602198,pharmacy
6.752505,8.095077,pharmacy
6.752202,8.095748,pharmacy
6.752133,8.095416,pharmacy
6.752176,8.095018,pharmacy
7.124052,8.420446,pharmacy
6.881287,8.149741,pharmacy
6.879887,8.150271,pharmacy
6.879838,8.150896,pharmacy
6.880916,8.150223,pharmacy
6.965719,7.935104,pharmacy
6.969314,7.932924,pharmacy
6.969683,7.931802,pharmacy
6.802537,8.602235,pharmacy
6.802266,8.602114,pharmacy
6.80265,8.601535,pharmacy
6.802752,8.602134,pharmacy
6.80169,8.60196,pharmacy
6.802082,8.601948,pharmacy
6.80174,8.601688,pharmacy
7.513866,9.792907,pharmacy
7.566178,9.822409,pharmacy
7.56666,9.823116,pharmacy
7.566519,9.822391,pharmacy
7.566651,9.8234,pharmacy
7.566481,9.823718,pharmacy
7.666938,9.630353,pharmacy
6.848306,8.204144,pharmacy
7.153042,8.274357,pharmacy
7.568189,9.783583,pharmacy
7.568586,9.784102,pharmacy
7.568993,9.783819,pharmacy
7.5692,9.783906,pharmacy
7.715566,9.604862,pharmacy
12.141573,9.44191,pharmacy
12.281442,8.918559,pharmacy
12.281205,8.917151,pharmacy
12.142256,9.442726,pharmacy
9.348863,9.139258,pharmacy
9.349585,9.138976,pharmacy
9.34751,9.137184,pharmacy
9.518854,10.266327,pharmacy
9.503593,10.112761,pharmacy
9.503053,10.112342,pharmacy
9.468048,10.218468,pharmacy
9.468062,10.217962,pharmacy
9.479992,10.169544,pharmacy
9.479952,10.169481,pharmacy
9.493452,10.312617,pharmacy
9.494879,10.312708,pharmacy
9.490063,10.139022,pharmacy
9.467119,10.220043,pharmacy
9.468623,10.217214,pharmacy
9.468252,10.217897,pharmacy
9.470501,10.356466,pharmacy
9.470853,10.356361,pharmacy
9.480436,10.099183,pharmacy
8.538497,9.003865,pharmacy
9.67048,9.004697,pharmacy
9.497409,10.09197,pharmacy
9.498247,10.092073,pharmacy
9.49671,10.09118,pharmacy
9.498266,10.092121,pharmacy
9.628652,9.071771,pharmacy
9.628283,9.071983,pharmacy
8.643087,8.980236,pharmacy
8.64329,8.979875,pharmacy
8.634648,8.966013,pharmacy
8.632881,8.964452,pharmacy
8.632475,8.964435,pharmacy
9.425809,9.098657,pharmacy
9.425787,9.098463,pharmacy
9.424863,9.09785,pharmacy
9.677267,9.150406,pharmacy
9.676699,9.149872,pharmacy
9.676899,9.14877,pharmacy
9.676097,9.148175,pharmacy
9.288639,9.091162,pharmacy
9.288419,9.092747,pharmacy
9.66251,9.062918,pharmacy
9.669356,9.005361,pharmacy
9.672759,9.004958,pharmacy
9.671165,9.006771,pharmacy
9.673627,9.007804,pharmacy
9.669349,9.005457,pharmacy
9.495503,10.312731,pharmacy
9.496054,10.312892,pharmacy
9.497762,10.314825,pharmacy
9.496858,10.313472,pharmacy
8.828976,7.572846,pharmacy
9.44716,10.282968,pharmacy
9.447297,10.282359,pharmacy
9.446971,10.282189,pharmacy
9.447347,10.282099,pharmacy
9.443354,10.282224,pharmacy
9.447178,10.28311,pharmacy
10.012157,8.681193,pharmacy
10.013241,8.680273,pharmacy
9.675831,9.084717,pharmacy
8.551143,9.13964,pharmacy
8.550667,9.140348,pharmacy
8.550343,9.139903,pharmacy
8.55107,9.140565,pharmacy
8.549954,9.137531,pharmacy
8.550653,9.139547,pharmacy
9.123807,8.87549,pharmacy
9.123943,8.875902,pharmacy
9.124776,8.874464,pharmacy
9.461533,10.089521,pharmacy
9.453363,10.089326,pharmacy
9.454028,10.08892,pharmacy
9.455011,10.088912,pharmacy
8.328598,3.235461,pharmacy
8.329223,3.235879,pharmacy
8.344374,3.250082,pharmacy
8.330116,3.236172,pharmacy
8.329144,3.235338,pharmacy
8.475043,3.009323,pharmacy
8.475098,3.010846,pharmacy
8.475597,3.011742,pharmacy
8.475492,3.011332,pharmacy
8.47524,3.009831,pharmacy
8.344098,3.250235,pharmacy
8.342605,3.249691,pharmacy
8.344181,3.249244,pharmacy
8.342858,3.249915,pharmacy
8.342445,3.250584,pharmacy
8.341502,3.250488,pharmacy
8.47554,3.01156,pharmacy
8.43744,9.100286,pharmacy
8.438218,9.099906,pharmacy
8.438442,9.10021,pharmacy
8.438293,9.100281,pharmacy
8.438022,9.100447,pharmacy
8.43827,9.100846,pharmacy
8.437893,9.100758,pharmacy
7.94254,8.074808,pharmacy
7.943067,8.073998,pharmacy
7.94202,8.075062,pharmacy
7.941418,8.07519,pharmacy
7.966017,8.056046,pharmacy
7.940883,8.075731,pharmacy
7.967269,8.054008,pharmacy
7.966993,8.054961,pharmacy
7.967207,8.054764,pharmacy
7.968023,8.052331,pharmacy
7.967517,8.053663,pharmacy
8.422004,9.013805,pharmacy
8.525032,8.316328,pharmacy
8.395385,9.113832,pharmacy
8.430821,9.063854,pharmacy
8.430826,9.063667,pharmacy
8.430754,9.063466,pharmacy
8.432392,8.235188,pharmacy
8.432308,8.234561,pharmacy
8.525994,8.317155,pharmacy
8.526243,8.316951,pharmacy
8.528767,8.312531,pharmacy
8.633904,8.679368,pharmacy
8.623426,8.681617,pharmacy
8.635079,8.678319,pharmacy
8.637731,8.678888,pharmacy
8.69247,8.805818,pharmacy
8.690612,8.806863,pharmacy
8.692747,8.804501,pharmacy
8.692473,8.807374,pharmacy
8.692748,8.805387,pharmacy
8.679711,8.684431,pharmacy
8.674322,8.68145,pharmacy
8.676688,8.762474,pharmacy
8.677262,8.763417,pharmacy
8.676057,8.762373,pharmacy
8.675685,8.761886,pharmacy
8.150059,8.265294,pharmacy
8.150605,8.265531,pharmacy
8.150644,8.265055,pharmacy
8.151537,8.265053,pharmacy
8.148829,8.265165,pharmacy
8.761527,8.800946,pharmacy
8.745596,8.756357,pharmacy
8.769341,8.794615,pharmacy
8.76962,8.794351,pharmacy
8.757417,8.755336,pharmacy
8.758762,8.755273,pharmacy
8.756076,8.755356,pharmacy
8.756597,8.75579,pharmacy
8.754119,8.756303,pharmacy
8.755489,8.7557,pharmacy
11.999185,9.53326,pharmacy
12.556941,9.111253,pharmacy
12.611113,8.677375,pharmacy
12.609537,8.677234,pharmacy
12.2417,9.488648,pharmacy
12.612989,9.141724,pharmacy
12.613048,9.141911,pharmacy
11.84327,9.544617,pharmacy
11.914192,9.476835,pharmacy
11.914389,9.477878,pharmacy
12.068473,9.852317,pharmacy
11.842764,9.545771,pharmacy
11.843254,9.545633,pharmacy
12.008003,9.68079,pharmacy
11.538476,8.073387,pharmacy
12.746729,9.182025,pharmacy
8.01712,8.119098,pharmacy
8.012393,8.119079,pharmacy
8.018615,8.119429,pharmacy
8.009903,8.119103,pharmacy
8.018407,8.119438,pharmacy
8.010582,8.119364,pharmacy
8.010552,8.11938,pharmacy
8.01247,8.119102,pharmacy
8.012873,8.119253,pharmacy
8.010437,8.11961,pharmacy
9.141784,7.372297,pharmacy
9.141684,7.372619,clinic
9.139519,7.369375,pharmacy
9.146846,7.37064,hospital
6.576026,3.386916,hospital
11.857838,13.156342,hospital
9.085441,7.527253,hospital
6.236989,8.103405,clinic
6.320863,8.091614,hospital
7.553273,7.999699,clinic
8.188115,7.878967,clinic
8.010231,7.895487,clinic
8.004101,7.846735,clinic
8.454572,7.895417,clinic
8.420499,7.907471,clinic
8.610772,7.769082,clinic
8.62864,7.784771,clinic
8.680043,7.810694,clinic
8.686363,8.007615,clinic
8.77359,7.906908,clinic
6.324298,8.12427,hospital
9.008412,7.403382,hospital
8.830258,7.569695,pharmacy
5.94061,6.991555,hospital
6.366809,7.111281,hospital
9.612093,6.544214,hospital
5.517933,5.734385,hospital
9.016028,7.422454,clinic
9.016648,7.4224,pharmacy
9.017879,7.421503,clinic
9.017318,7.420008,clinic
9.019924,7.419518,clinic
9.016157,7.41903,pharmacy
9.014786,7.420489,pharmacy
8.992541,7.42661,pharmacy
8.995682,7.423712,pharmacy
8.995833,7.423943,pharmacy
8.992371,7.427249,clinic
8.944876,7.443505,pharmacy
8.939289,7.428845,clinic
8.942336,7.440841,clinic
8.949682,7.44134,clinic
8.944191,7.442456,clinic
5.556086,6.752758,clinic
9.929179,8.898784,pharmacy
9.97129,8.848851,hospital
4.841853,7.03899,pharmacy
5.035191,6.808792,hospital
4.829487,6.98187,pharmacy
9.92632,8.912971,pharmacy
10.271199,9.794659,clinic
10.281616,9.799994,hospital
10.32334,9.829213,hospital
10.333638,9.841302,hospital
10.278917,9.793627,clinic
7.533751,3.219639,hospital
7.544407,3.220943,hospital
7.555652,3.228247,hospital
7.555677,3.228468,hospital
7.555432,3.228145,hospital
7.552954,3.226331,hospital
7.562028,3.234459,hospital
6.235152,6.447615,hospital
10.306073,11.175488,clinic
10.291141,9.800709,clinic
9.903676,8.936016,clinic
9.907711,8.944102,pharmacy
9.910499,8.947907,pharmacy
9.909882,8.951863,pharmacy
9.910278,8.951901,pharmacy
9.910315,8.952021,pharmacy
9.9066,8.943607,clinic
6.473152,3.629558,hospital
6.473607,3.630971,hospital
6.472261,3.632504,hospital
5.35152,5.343665,hospital
10.308573,11.175631,clinic
10.715629,13.560012,hospital
10.312977,11.147689,clinic
10.292906,11.180098,hospital
10.308556,11.174857,clinic
10.30463,11.147866,pharmacy
10.296883,11.138738,hospital
9.724103,11.34667,clinic
9.724905,11.346811,clinic
9.830596,11.320801,hospital
10.300334,11.146391,pharmacy
10.295984,11.146828,pharmacy
10.298427,11.146587,pharmacy
10.295772,11.181449,pharmacy
11.070792,10.5706,hospital
5.522008,5.757173,clinic
9.599584,6.570725,health_post
8.851294,6.702034,health_post
10.742382,4.380436,health_post
10.40573,6.393845,clinic
12.547911,10.141981,hospital
12.55087,10.140862,hospital
7.318648,5.167404,hospital
7.340137,5.179828,clinic
10.288473,11.132265,clinic
9.493459,7.688933,hospital
9.930319,8.916478,clinic
9.071295,7.468912,pharmacy
8.970218,7.437373,pharmacy
9.105701,7.485665,pharmacy
12.830715,9.34414,health_post
8.984954,7.446125,hospital
9.053074,7.479241,pharmacy
12.837899,9.191949,health_post
12.822577,9.43404,health_post
12.952175,8.662874,health_post
13.036911,8.591693,health_post
12.837944,8.984703,clinic
12.897715,8.817073,health_post
13.610426,6.419843,clinic
12.828613,9.481727,health_post
12.907249,9.72139,clinic
10.704553,6.801212,hospital
7.830043,4.129675,pharmacy
7.832529,4.136416,hospital
10.491128,7.41455,hospital
10.505038,7.405644,hospital
10.50448,7.410938,hospital
10.50523,7.412197,hospital
10.468405,7.41352,hospital
10.504414,7.393812,hospital
10.478184,7.410222,hospital
10.478448,7.411049,hospital
10.476061,7.410198,hospital
10.472499,7.405934,hospital
10.466879,7.410379,hospital
10.468806,7.411255,hospital
10.469173,7.412215,hospital
10.512109,7.406704,hospital
10.512407,7.401827,hospital
10.497989,7.392957,hospital
10.500251,7.385913,hospital
10.501755,7.386664,hospital
10.503501,7.38863,hospital
10.504432,7.393777,hospital
10.508444,7.399275,hospital
10.507125,7.398523,hospital
10.508037,7.396959,hospital
10.500054,7.405829,hospital
10.501202,7.405689,hospital
10.502733,7.408588,hospital
10.5051,7.405658,hospital
10.505197,7.41216,hospital
10.510962,7.41336,hospital
10.506959,7.406993,hospital
10.514691,7.409687,hospital
10.512274,7.410982,hospital
10.473498,7.402694,hospital
10.495236,7.40269,hospital
10.491198,7.414618,hospital
10.496787,7.418722,hospital
10.49642,7.418717,hospital
10.480227,7.408924,hospital
10.476153,7.397936,hospital
10.47803,7.39695,hospital
10.465356,7.402348,hospital
10.471249,7.395411,hospital
10.468279,7.397334,hospital
10.468395,7.411589,hospital
10.470716,7.39693,hospital
10.47056,7.398766,hospital
10.503429,7.396043,hospital
8.962,7.483366,pharmacy
10.460085,7.397979,hospital
10.461178,7.398064,hospital
7.749405,4.43901,hospital
8.969266,7.256619,pharmacy
10.550987,7.459931,hospital
10.549194,7.464899,hospital
10.548039,7.470572,hospital
10.551398,7.467278,hospital
10.561682,7.467839,hospital
10.561257,7.472085,hospital
10.55143,7.467313,hospital
10.559333,7.457633,hospital
10.551005,7.459846,hospital
10.55664,7.440913,hospital
10.533668,7.462265,hospital
10.550498,7.470238,hospital
10.551144,7.4477,hospital
10.54657,7.441261,hospital
10.547021,7.438082,hospital
10.582029,7.452638,hospital
10.582448,7.417547,hospital
10.572318,7.442111,hospital
10.581655,7.448693,hospital
10.585219,7.41851,hospital
10.577808,7.435791,hospital
10.584568,7.441344,hospital
10.583426,7.446912,hospital
10.586229,7.437873,hospital
10.590801,7.445893,hospital
10.593095,7.450772,hospital
10.589325,7.453339,hospital
10.577676,7.443562,hospital
10.571865,7.458128,hospital
10.577378,7.448991,hospital
10.600445,7.455149,hospital
10.542333,7.472323,hospital
10.535237,7.465467,hospital
10.54233,7.472366,hospital
10.526698,7.462284,hospital
10.522299,7.462544,hospital
10.539514,7.46059,hospital
10.531655,7.45995,hospital
10.527277,7.46055,hospital
10.551016,7.459856,hospital
10.50938,7.457885,hospital
10.536386,7.451547,hospital
10.502001,7.446393,hospital
10.504612,7.449235,hospital
10.518987,7.449543,hospital
10.545726,7.446898,hospital
10.513457,7.445371,hospital
10.519702,7.441108,hospital
10.514543,7.441303,hospital
10.513288,7.441489,hospital
10.522399,7.438927,hospital
10.515588,7.435657,hospital
10.504059,7.432207,hospital
10.544039,7.432203,hospital
10.509201,7.431859,hospital
10.514181,7.432612,hospital
10.501339,7.440142,hospital
10.509915,7.444307,hospital
10.503851,7.440683,hospital
10.502143,7.443603,hospital
10.500788,7.443197,hospital
10.51423,7.426346,hospital
10.531653,7.424132,hospital
10.49966,7.437063,hospital
10.510083,7.425641,hospital
10.503886,7.426363,hospital
10.546565,7.426414,hospital
10.438763,7.419922,hospital
10.450628,7.39901,hospital
10.442851,7.415694,hospital
10.440348,7.415578,hospital
10.442427,7.413529,hospital
10.439753,7.407504,hospital
10.451514,7.432702,hospital
10.455302,7.419972,hospital
10.455139,7.425952,hospital
10.461164,7.398077,hospital
10.463594,7.43166,hospital
10.463395,7.428627,hospital
10.458799,7.419486,hospital
10.456256,7.412668,hospital
10.464787,7.413484,hospital
10.463344,7.414273,hospital
10.460916,7.409888,hospital
10.448411,7.433319,hospital
10.446274,7.427562,hospital
10.482847,7.438609,hospital
10.484344,7.425822,hospital
10.481435,7.429668,hospital
10.481613,7.428131,hospital
10.475382,7.42215,clinic
10.474815,7.423099,hospital
10.468189,7.437621,hospital
10.46677,7.439294,hospital
10.477278,7.437103,hospital
10.466878,7.420755,hospital
10.552714,7.414876,hospital
10.557017,7.414009,hospital
10.535716,7.408418,hospital
10.537046,7.422617,hospital
10.538868,7.409349,hospital
10.542567,7.411967,hospital
10.531653,7.424102,hospital
10.535039,7.422118,hospital
10.532775,7.401616,hospital
10.52849,7.418729,hospital
10.527648,7.403531,hospital
10.530319,7.40368,hospital
10.520118,7.395768,hospital
10.524061,7.415849,hospital
10.524699,7.410474,hospital
10.524136,7.400267,hospital
10.519478,7.406928,hospital
10.51501,7.399051,hospital
10.516318,7.416856,hospital
10.517101,7.414762,hospital
10.457944,7.637923,hospital
10.476227,7.637448,hospital
10.476497,7.635541,hospital
10.477199,7.643368,hospital
10.476474,7.644583,hospital
10.480949,7.650792,hospital
10.506629,7.655986,hospital
10.480221,7.633462,hospital
10.478217,7.634232,hospital
10.475687,7.633486,hospital
10.528491,7.616022,hospital
10.45891,7.580022,hospital
10.448064,7.566434,hospital
10.443537,7.570564,hospital
10.442526,7.556064,hospital
10.44264,7.55116,hospital
10.429486,7.527496,hospital
10.431095,7.522046,hospital
10.432216,7.52865,hospital
10.433578,7.532837,hospital
10.428114,7.5281,hospital
10.42608,7.532854,hospital
10.554428,7.528588,hospital
10.559139,7.494003,hospital
10.55649,7.493655,hospital
10.536178,7.505167,hospital
10.524099,7.488864,hospital
10.509012,7.47471,hospital
10.502006,7.446439,hospital
10.495617,7.467251,hospital
10.395091,7.423248,hospital
10.385213,7.455715,hospital
10.342028,7.454682,hospital
10.398631,7.395352,hospital
10.36927,7.397447,hospital
10.379889,7.396771,hospital
10.375752,7.395242,hospital
10.37484,7.395279,hospital
10.435297,7.420618,hospital
10.435342,7.416287,hospital
10.436481,7.397874,hospital
10.431153,7.397157,hospital
10.431206,7.401866,hospital
10.419632,7.39532,hospital
10.424586,7.415338,hospital
10.421743,7.416797,hospital
10.415367,7.424499,hospital
10.407754,7.405803,hospital
10.404823,7.407027,hospital
9.023356,7.485045,pharmacy
10.401363,7.497767,hospital
10.397937,7.49678,hospital
10.399158,7.508341,hospital
10.456252,7.456273,hospital
10.451346,7.469168,hospital
10.476634,7.457297,hospital
10.484789,7.463113,hospital
10.456514,7.486255,hospital
10.456669,7.488556,hospital
10.467183,7.484673,hospital
10.471781,7.492831,hospital
6.565792,3.37226,hospital
10.447192,7.434595,hospital
10.446943,7.469054,hospital
10.433545,7.458634,hospital
10.42824,7.356049,hospital
10.419667,7.388469,hospital
10.477687,7.37449,hospital
10.478206,7.379028,hospital
10.475548,7.371719,hospital
10.48571,7.319923,hospital
10.456626,7.387619,hospital
10.435049,7.384494,hospital
6.505941,3.170226,hospital
6.502325,3.171618,hospital
6.499745,3.170768,hospital
6.495593,3.171892,hospital
6.495507,3.17179,hospital
6.496422,3.171111,hospital
6.492257,3.174011,hospital
6.490239,3.199983,hospital
6.492766,3.200044,hospital
6.502986,3.206596,hospital
6.500451,3.206787,hospital
6.502325,3.198207,hospital
6.497168,3.19645,hospital
6.49443,3.143879,hospital
6.494383,3.125436,hospital
6.496169,3.125313,hospital
6.494343,3.118444,hospital
6.497404,3.118625,hospital
6.49372,3.141532,hospital
6.494906,3.139472,hospital
6.476915,3.124096,hospital
6.476958,3.12327,hospital
6.460731,3.10537,hospital
6.466611,3.115045,hospital
6.476846,3.158218,hospital
6.476697,3.142341,hospital
6.488448,3.153971,hospital
6.486936,3.153277,hospital
6.404256,3.029231,hospital
6.407811,3.073602,hospital
6.473009,3.151241,hospital
6.470073,3.142988,hospital
6.460178,3.140227,hospital
6.467034,3.141299,hospital
6.461015,3.144339,hospital
6.461792,3.144273,hospital
6.46585,3.152945,hospital
6.464834,3.15341,hospital
6.461653,3.153821,hospital
6.459373,3.140517,hospital
6.457593,3.153517,hospital
6.453469,3.143994,hospital
6.454711,3.139276,hospital
6.458484,3.131361,hospital
6.46035,3.140153,hospital
6.443889,3.146526,hospital
6.418177,3.144909,hospital
6.487065,3.165326,hospital
6.486447,3.173692,hospital
6.478045,3.158724,hospital
6.476177,3.162803,hospital
6.471193,3.178383,hospital
6.470939,3.161692,hospital
6.458141,3.159327,hospital
6.46757,3.180044,hospital
6.464724,3.172021,hospital
6.462144,3.172858,hospital
6.461715,3.175395,hospital
6.458735,3.177001,hospital
6.451579,3.162762,hospital
6.464884,3.188913,hospital
6.466552,3.181698,hospital
6.466994,3.185367,hospital
6.465955,3.183157,hospital
6.46718,3.187225,hospital
6.470227,3.194979,hospital
6.470704,3.191083,hospital
6.482183,3.188253,hospital
6.483547,3.187285,hospital
6.483593,3.186786,hospital
6.486294,3.185263,hospital
6.456827,3.202193,hospital
6.45608,3.202269,hospital
6.458504,3.184985,hospital
6.453572,3.189558,hospital
6.45908,3.229042,hospital
6.459233,3.222984,hospital
6.458503,3.220091,hospital
6.456224,3.221182,hospital
6.446307,3.227615,hospital
6.445714,3.221843,hospital
6.44454,3.214263,hospital
6.469641,3.227679,hospital
6.579739,3.088894,hospital
6.577246,3.093524,hospital
6.576424,3.091446,hospital
6.565789,3.081402,hospital
6.561049,3.07909,hospital
6.588285,3.08052,hospital
6.598714,3.071587,hospital
6.617403,3.09171,hospital
6.552142,3.042701,hospital
6.501102,3.087477,hospital
6.506117,3.088598,hospital
6.511804,3.091721,hospital
6.529645,3.07743,hospital
6.504108,3.102409,hospital
6.50289,3.101179,hospital
6.503951,3.100921,hospital
6.527689,3.134124,hospital
6.52427,3.136395,hospital
6.531857,3.178694,hospital
6.536787,3.135505,hospital
6.540664,3.129312,hospital
6.561595,3.188558,hospital
6.578188,3.17542,hospital
6.679888,3.252066,hospital
6.678567,3.261055,hospital
6.677867,3.259765,hospital
6.672748,3.254153,hospital
6.669856,3.254056,hospital
6.666925,3.251009,hospital
6.650362,3.244609,hospital
6.646175,3.271031,hospital
6.6487,3.269599,hospital
6.649939,3.262253,hospital
6.654261,3.260118,hospital
6.657991,3.257559,hospital
6.638922,3.258907,hospital
6.629885,3.259816,hospital
6.642411,3.269002,hospital
6.644653,3.263725,hospital
6.644288,3.261734,hospital
6.642913,3.254904,hospital
6.614013,3.259712,hospital
6.616978,3.272567,hospital
6.621639,3.274517,hospital
6.6212,3.276159,hospital
6.607017,3.258235,hospital
6.605812,3.254755,hospital
6.601612,3.271224,hospital
6.598635,3.268025,hospital
6.600599,3.267526,hospital
6.606336,3.254319,hospital
6.593108,3.233741,hospital
6.606425,3.234947,hospital
6.604597,3.261463,hospital
6.604318,3.254208,hospital
6.603487,3.259754,hospital
6.601206,3.254257,hospital
6.600791,3.246178,hospital
6.59906,3.245379,hospital
6.592446,3.236608,hospital
6.593064,3.233781,hospital
6.595057,3.228073,hospital
6.593248,3.221828,hospital
6.634159,3.280934,hospital
6.638243,3.283527,hospital
6.639939,3.278027,hospital
6.653967,3.288064,hospital
6.663646,3.281828,hospital
6.585612,3.245602,hospital
6.584319,3.247262,hospital
6.583432,3.25195,hospital
6.583503,3.24624,hospital
6.580177,3.23907,hospital
6.5858,3.237276,hospital
6.599811,3.307895,hospital
6.602584,3.306225,hospital
6.600378,3.300346,hospital
6.60392,3.30192,hospital
6.606349,3.299809,hospital
6.605661,3.297406,hospital
6.603077,3.292481,hospital
6.604936,3.286001,hospital
6.60949,3.284577,hospital
6.607036,3.280182,hospital
6.609058,3.285632,hospital
6.612179,3.301522,hospital
6.615353,3.295917,hospital
6.614634,3.296002,hospital
6.617027,3.29706,hospital
6.624037,3.291465,hospital
6.624484,3.282127,hospital
6.625721,3.281415,hospital
6.5915,3.306496,hospital
6.594275,3.304206,hospital
6.59248,3.290391,hospital
6.592557,3.289846,hospital
6.597607,3.288686,hospital
6.594758,3.282662,hospital
6.579813,3.207436,hospital
6.579428,3.208378,hospital
6.5779,3.20684,hospital
6.577243,3.209531,hospital
6.575323,3.214541,hospital
6.569937,3.302941,hospital
6.577603,3.282238,hospital
6.570635,3.287826,hospital
6.571902,3.292043,hospital
6.591681,3.299662,hospital
6.588459,3.298052,hospital
6.586979,3.306116,hospital
6.584641,3.305345,hospital
6.585339,3.297199,hospital
6.574993,3.258216,hospital
6.577612,3.263113,hospital
6.576087,3.264192,hospital
6.579693,3.279016,hospital
6.578218,3.281228,hospital
6.577412,3.281683,hospital
6.576854,3.280571,hospital
6.574232,3.281397,hospital
6.565835,3.256065,hospital
6.562267,3.269685,hospital
6.557921,3.28039,hospital
6.551665,3.254725,hospital
6.552349,3.26917,hospital
6.552292,3.265429,hospital
6.549912,3.259699,hospital
6.549175,3.266133,hospital
6.549284,3.262541,hospital
6.54869,3.260721,hospital
6.547542,3.262312,hospital
6.546758,3.264523,hospital
6.546488,3.265733,hospital
6.54583,3.272528,hospital
6.544512,3.274728,hospital
6.539785,3.256218,hospital
6.541176,3.280299,hospital
6.541885,3.281747,hospital
6.54141,3.28326,hospital
6.537752,3.272728,hospital
6.532028,3.279375,hospital
6.521819,3.2578,hospital
6.528865,3.253554,hospital
6.528763,3.258977,hospital
6.53061,3.259392,hospital
6.53025,3.259989,hospital
6.529355,3.266241,hospital
6.529504,3.27097,hospital
6.523058,3.270503,hospital
6.515772,3.255286,hospital
6.515555,3.259801,hospital
6.506705,3.26182,hospital
6.561348,3.251159,hospital
6.562978,3.250977,hospital
6.563959,3.250497,hospital
6.568295,3.24608,hospital
6.564901,3.239451,hospital
6.562614,3.22455,hospital
6.538929,3.254705,hospital
6.531633,3.245253,hospital
6.536923,3.243274,hospital
6.537696,3.245459,hospital
6.538931,3.245496,hospital
6.548273,3.247663,hospital
6.551785,3.24374,hospital
6.55342,3.248217,hospital
6.555874,3.248163,hospital
6.558885,3.245221,hospital
6.560821,3.236961,hospital
6.556956,3.226875,hospital
6.510892,3.252598,hospital
6.514041,3.251728,hospital
6.514,3.25218,hospital
6.522556,3.250624,hospital
6.524076,3.249145,hospital
6.504528,3.224206,hospital
6.525849,3.216382,hospital
6.52553,3.215142,hospital
6.527687,3.214319,hospital
6.536059,3.220142,hospital
6.552665,3.221733,hospital
6.551811,3.226538,hospital
6.550374,3.235959,hospital
6.548732,3.23155,hospital
6.5405,3.223657,hospital
6.542368,3.2243,hospital
6.541796,3.228344,hospital
6.540172,3.230693,hospital
6.535851,3.22721,hospital
6.534138,3.236737,hospital
6.551744,3.218898,hospital
6.549468,3.218218,hospital
6.547154,3.218953,hospital
6.532616,3.236773,hospital
6.528417,3.238786,hospital
6.522861,3.238179,hospital
6.495324,3.244399,hospital
6.498367,3.247498,hospital
6.526532,3.341711,hospital
6.524273,3.341108,hospital
6.524477,3.339478,hospital
6.530542,3.342798,hospital
6.528931,3.344301,hospital
6.52841,3.344219,hospital
6.527828,3.344485,hospital
6.527556,3.34637,hospital
6.527188,3.34894,hospital
6.527697,3.351165,hospital
6.525535,3.35485,hospital
6.524927,3.354694,hospital
6.525302,3.353314,hospital
6.524914,3.349666,hospital
6.520809,3.351666,hospital
6.521715,3.345722,hospital
6.521464,3.344334,hospital
6.521118,3.344951,hospital
6.520875,3.344999,hospital
6.520835,3.345251,hospital
6.515725,3.359659,hospital
6.515322,3.360228,hospital
6.514705,3.35614,hospital
6.519203,3.351263,hospital
6.517423,3.347374,hospital
6.516985,3.346552,hospital
6.516477,3.34428,hospital
6.516268,3.344127,hospital
6.51456,3.344745,hospital
6.515014,3.342896,hospital
6.514369,3.341574,hospital
6.524056,3.339184,hospital
6.521147,3.339273,hospital
6.520144,3.337537,hospital
6.518085,3.339195,hospital
6.512085,3.333571,hospital
6.512499,3.334732,hospital
6.509944,3.337237,hospital
6.508036,3.335241,hospital
6.509022,3.329419,hospital
6.508514,3.3291,hospital
6.504102,3.331738,hospital
6.503314,3.329013,hospital
6.501837,3.327821,hospital
6.499539,3.327302,hospital
6.542515,3.359904,hospital
6.54535,3.359617,hospital
6.546773,3.361187,hospital
6.546614,3.361343,hospital
6.548528,3.361646,hospital
6.548339,3.359448,hospital
6.548815,3.359791,hospital
6.550619,3.360349,hospital
6.553618,3.360339,hospital
6.557295,3.36406,hospital
6.556756,3.36216,hospital
6.55613,3.356165,hospital
6.554672,3.354435,hospital
6.553074,3.346673,hospital
6.550697,3.350141,hospital
6.548287,3.348651,hospital
6.547752,3.344951,hospital
6.544485,3.344256,hospital
6.527287,3.355556,hospital
6.541438,3.362462,hospital
6.540538,3.366691,hospital
6.528958,3.356712,hospital
6.539225,3.364005,hospital
6.538961,3.363447,hospital
6.538807,3.36378,hospital
6.537408,3.350277,hospital
6.537472,3.354794,hospital
6.539001,3.354859,hospital
6.536774,3.353429,hospital
6.529824,3.354458,hospital
6.533568,3.356299,hospital
6.534615,3.355395,hospital
6.535614,3.351894,hospital
6.534355,3.352517,hospital
6.532827,3.352733,hospital
6.533107,3.354054,hospital
6.533118,3.355202,hospital
6.532606,3.364637,hospital
6.530782,3.365869,hospital
6.528809,3.358576,hospital
6.528142,3.358719,hospital
6.527146,3.365767,hospital
6.520313,3.367095,hospital
6.521126,3.364874,hospital
6.538146,3.345535,hospital
6.538795,3.343846,hospital
6.536528,3.349811,hospital
6.536302,3.350674,hospital
6.532644,3.347712,hospital
6.53423,3.346091,hospital
6.534071,3.346579,hospital
6.534346,3.344854,hospital
6.534046,3.344701,hospital
6.531344,3.34767,hospital
6.53195,3.346006,hospital
6.531525,3.346252,hospital
6.531879,3.343709,hospital
6.531663,3.342735,hospital
6.531447,3.340732,hospital
6.532839,3.341961,hospital
6.536556,3.339659,hospital
6.534878,3.339172,hospital
7.291875,5.150266,pharmacy
7.292593,5.150207,hospital
7.286372,5.152778,clinic
7.290569,5.152623,hospital
7.289514,5.152675,pharmacy
7.288654,5.148282,clinic
7.634774,4.181621,pharmacy
6.491828,3.319778,hospital
6.462861,3.315637,hospital
6.4725,3.311925,hospital
6.470834,3.304267,hospital
6.470259,3.307349,hospital
6.469961,3.306067,hospital
6.467713,3.312242,hospital
6.465195,3.313966,hospital
6.459237,3.305786,hospital
6.464183,3.306499,hospital
6.463174,3.311706,hospital
6.459251,3.30418,hospital
6.458542,3.300014,hospital
6.457457,3.303339,hospital
6.456239,3.306356,hospital
6.470154,3.295723,hospital
6.475653,3.289445,hospital
6.470094,3.292911,hospital
6.468101,3.288932,hospital
6.468389,3.286482,hospital
6.467739,3.285931,hospital
6.467138,3.285003,hospital
6.466685,3.285925,hospital
6.468351,3.295779,hospital
6.464953,3.298492,hospital
6.465227,3.287325,hospital
6.465778,3.293549,hospital
6.464654,3.295251,hospital
6.463335,3.295504,hospital
6.458965,3.295154,hospital
6.458977,3.295986,hospital
6.457724,3.294123,hospital
6.458321,3.292935,hospital
6.459093,3.291282,hospital
6.458157,3.286736,hospital
6.456789,3.296875,hospital
6.455682,3.292713,hospital
6.452259,3.291634,hospital
6.470852,3.274162,hospital
6.470647,3.27408,hospital
6.470129,3.278299,hospital
6.469036,3.278097,hospital
6.464558,3.271473,hospital
6.469454,3.28377,hospital
6.468134,3.283304,hospital
6.46838,3.283021,hospital
6.467506,3.284099,hospital
6.463274,3.283866,hospital
6.462663,3.284125,hospital
6.456897,3.276619,hospital
6.451651,3.28212,hospital
7.653906,4.176462,hospital
7.638901,4.169878,hospital
9.894911,8.886863,hospital
7.901402,4.31482,pharmacy
7.905117,4.314286,pharmacy
6.420623,3.332555,hospital
6.417724,3.328643,hospital
6.426724,3.346549,hospital
6.424923,3.254429,hospital
6.421362,3.245427,hospital
6.413753,3.252321,hospital
6.422323,3.274355,hospital
6.426645,3.233809,hospital
6.418288,3.200255,hospital
6.448514,3.320669,hospital
6.443242,3.330775,hospital
6.446278,3.310946,hospital
6.44289,3.311947,hospital
6.441606,3.312039,hospital
6.438812,3.311898,hospital
6.44675,3.277497,hospital
6.44817,3.279812,hospital
6.455781,3.260893,hospital
6.455723,3.261967,hospital
6.453204,3.262547,hospital
6.454257,3.260566,hospital
6.467537,3.242087,hospital
6.46519,3.241753,hospital
6.453116,3.245456,hospital
6.452955,3.252037,hospital
6.451758,3.256296,hospital
6.450987,3.256494,hospital
6.448684,3.256643,hospital
6.44841,3.260827,hospital
6.449733,3.26468,hospital
6.44574,3.261462,hospital
6.442049,3.266308,hospital
6.441307,3.265099,hospital
6.44132,3.26363,hospital
6.434597,3.259295,hospital
6.454837,3.231658,hospital
10.319711,9.828023,clinic
9.92909,8.917768,clinic
10.467882,7.408177,hospital
9.014978,7.407602,hospital
7.505207,4.521631,hospital
6.552749,3.386842,hospital
12.041577,13.91204,hospital
5.510806,7.500204,hospital
5.516807,7.500738,hospital
9.06128,7.468539,pharmacy
9.059619,7.466706,pharmacy
9.902569,8.872448,clinic
6.601651,3.413855,pharmacy
6.600975,3.42079,hospital
6.60725,3.420851,hospital
6.605541,3.430037,hospital
6.608035,3.423843,hospital
6.607272,3.431091,hospital
6.606851,3.414957,hospital
6.606418,3.423046,hospital
6.606741,3.422435,hospital
6.607054,3.41495,pharmacy
6.608205,3.425013,pharmacy
6.605523,3.430757,pharmacy
6.605088,3.410075,pharmacy
6.606035,3.421733,pharmacy
6.60523,3.410125,pharmacy
6.607275,3.420809,clinic
6.598865,3.421583,clinic
6.601154,3.418121,clinic
12.048882,8.570315,pharmacy
12.044052,8.564318,pharmacy
12.049793,8.576876,pharmacy
12.054462,8.583571,pharmacy
12.038112,8.566466,pharmacy
12.040026,8.57107,pharmacy
12.045233,8.563733,pharmacy
12.041113,8.572315,pharmacy
12.041422,8.563359,hospital
12.04774,8.579003,pharmacy
12.048987,8.580039,hospital
12.050088,8.580558,pharmacy
12.055523,8.583793,pharmacy
12.055192,8.582188,pharmacy
12.054891,8.580647,pharmacy
12.046276,8.56701,clinic
12.052472,8.575903,clinic
11.956016,8.468858,pharmacy
11.959313,8.471059,pharmacy
11.965271,8.468977,pharmacy
11.958543,8.470518,pharmacy
11.957977,8.472443,pharmacy
11.958974,8.473161,clinic
11.963053,8.479553,clinic
11.962913,8.466691,pharmacy
11.959664,8.471794,pharmacy
11.965373,8.476252,clinic
11.965009,8.476863,hospital
11.962689,8.473906,clinic
6.525001,3.233786,hospital
6.528564,3.238842,hospital
6.528053,3.235785,pharmacy
6.522521,3.233248,pharmacy
6.52261,3.23442,pharmacy
6.523647,3.234255,pharmacy
6.520434,3.237261,hospital
6.530344,3.23735,clinic
6.53262,3.236809,hospital
6.52923,3.235344,pharmacy
6.529012,3.237055,hospital
4.944117,8.328866,hospital
5.493196,7.057945,hospital
5.490648,7.054657,pharmacy
9.939163,8.877308,clinic
6.194669,6.721921,pharmacy
6.194277,6.720192,pharmacy
9.889578,8.87658,clinic
10.325866,9.833594,hospital
9.916006,8.921203,clinic
11.431778,4.512682,clinic
9.962791,8.933908,clinic
10.271464,9.792005,clinic
10.299327,9.795701,clinic
5.588889,8.820556,clinic
5.463333,8.729444,clinic
4.721857,6.780479,doctors
10.612907,7.446148,hospital
8.483507,4.540869,hospital
8.495487,4.510959,hospital
8.47917,4.550415,hospital
8.469627,4.568457,hospital
8.477356,4.512111,hospital
8.510716,4.587742,hospital
8.526504,4.524976,hospital
8.500589,4.555087,pharmacy
8.500392,4.555042,pharmacy
8.452882,4.585473,hospital
8.482752,4.61006,hospital
8.49709,4.554401,hospital
8.483637,4.541837,hospital
8.478288,4.562465,pharmacy
8.4904,4.5642,pharmacy
8.460543,4.575276,hospital
8.485029,4.601335,hospital
8.480566,4.558522,hospital
8.470327,4.531756,pharmacy
8.488426,4.568583,hospital
8.469891,4.568636,hospital
8.479142,4.53415,hospital
8.535872,4.619474,hospital
8.482977,4.601796,hospital
6.711219,3.868777,clinic
8.504051,4.535211,hospital
8.499273,4.587861,hospital
10.317077,9.819461,clinic
11.945821,8.557736,clinic
9.957105,11.344024,hospital
12.04144,5.74463,hospital
12.04358,5.74262,hospital
9.101617,7.472814,pharmacy
6.163871,5.609273,hospital
5.492843,7.038707,pharmacy
9.586081,8.7181,clinic
12.46701,7.487044,hospital
7.56185,4.882938,hospital
7.569528,4.891295,clinic
4.933629,6.277722,hospital
6.318865,8.092749,hospital
10.574893,7.403655,hospital
6.339238,5.597824,hospital
6.309646,5.602479,hospital
6.335529,5.605153,hospital
6.346931,5.599143,hospital
6.334434,5.604332,hospital
7.402129,3.902375,hospital
6.325276,5.615675,clinic
6.308351,5.617766,hospital
6.311915,5.603215,hospital
6.330446,5.623668,clinic
6.312649,5.616663,hospital
6.331073,5.597369,pharmacy
6.332357,5.598191,hospital
6.338631,5.629436,pharmacy
6.34206,5.609056,hospital
6.351542,5.628847,pharmacy
6.319624,5.611792,hospital
6.3269,5.619617,hospital
9.040105,7.462133,hospital
6.328267,5.593631,hospital
6.325885,5.595472,hospital
6.391812,5.602295,hospital
6.390588,5.602892,pharmacy
11.963018,8.551335,hospital
12.020183,8.501155,hospital
6.361111,5.630898,hospital
6.36033,5.624978,hospital
6.37749,5.63507,hospital
6.361162,5.580891,hospital
9.908492,8.960997,hospital
11.991664,8.568019,hospital
9.895257,8.884366,hospital
10.260547,11.171217,hospital
10.191536,6.257828,hospital
11.154944,7.652064,hospital
6.497692,8.552861,hospital
12.005128,8.518349,hospital
12.265792,8.321562,hospital
12.187761,8.508438,hospital
12.195197,8.040998,hospital
12.372058,8.305709,hospital
12.429932,8.352551,hospital
6.255206,5.724131,hospital
11.08041,7.714362,hospital
12.247465,8.596283,hospital
12.21143,8.589018,hospital
12.223081,8.624053,hospital
12.238079,8.643126,hospital
12.275195,8.570483,hospital
12.25601,8.545747,hospital
11.996574,8.548859,hospital
11.815235,7.86607,hospital
12.297284,8.6735,hospital
11.835247,7.859741,hospital
12.217087,8.662946,hospital
12.251164,8.699916,hospital
12.493283,8.497989,hospital
11.857773,9.004725,hospital
11.437106,9.136961,hospital
12.517365,8.632777,hospital
12.408028,8.738679,hospital
11.397094,7.811956,hospital
11.493239,7.772036,hospital
11.380577,7.761407,hospital
11.479935,7.831156,hospital
11.452888,7.781803,hospital
11.400597,7.858847,hospital
11.407174,7.757453,hospital
11.487087,7.747248,hospital
11.405079,7.74368,hospital
11.515958,7.735501,hospital
11.511714,7.694588,hospital
11.450943,7.727565,hospital
11.450922,7.727748,hospital
11.552278,7.830767,hospital
11.552306,7.831197,hospital
11.542614,7.82061,hospital
11.624969,7.883471,hospital
11.627464,7.871788,hospital
11.574636,7.799435,hospital
11.541257,7.825937,hospital
11.594526,8.080928,hospital
11.55678,7.935734,hospital
11.598423,7.987133,hospital
11.455908,7.918073,hospital
11.480043,7.954729,hospital
11.69768,8.04795,hospital
11.719912,7.94902,hospital
11.806302,8.063931,hospital
11.785646,7.959636,hospital
11.837746,8.022251,hospital
11.733242,7.930929,hospital
11.798861,7.941183,hospital
11.81147,8.029323,hospital
11.816177,8.002058,hospital
11.835147,7.949122,hospital
11.72563,7.982999,hospital
11.824918,7.932619,hospital
11.843666,8.057346,hospital
11.83284,8.039603,hospital
11.85622,8.031332,hospital
11.843281,7.959114,hospital
11.827331,7.990827,hospital
10.75018,8.727669,hospital
10.74999,8.727831,hospital
11.823768,8.092398,hospital
11.851204,8.168121,hospital
11.850911,8.167886,hospital
11.831878,8.123093,hospital
11.846916,8.242544,hospital
11.719062,8.105212,hospital
11.71735,8.227326,hospital
11.842688,8.147873,hospital
11.788355,8.113187,hospital
11.710856,8.197403,hospital
11.730162,8.182037,hospital
11.826435,8.15051,hospital
11.750313,8.205528,hospital
11.866319,8.153895,hospital
11.820294,8.23089,hospital
11.786185,8.223141,hospital
11.70936,8.167268,hospital
11.860306,8.192109,hospital
11.865773,8.235561,hospital
11.748474,8.13865,hospital
11.802723,8.207056,hospital
11.655688,8.192864,hospital
11.680947,8.202667,hospital
11.677136,8.128874,hospital
11.588936,8.190447,hospital
11.605176,8.258304,hospital
11.533019,8.254913,hospital
11.533211,8.254809,hospital
11.623035,8.171945,hospital
11.53611,8.157269,hospital
11.373528,8.169093,hospital
11.486527,8.1866,hospital
11.434548,8.237071,hospital
11.459917,8.203529,hospital
10.638724,8.647105,hospital
11.76765,7.888218,hospital
11.72531,7.903111,hospital
11.803093,7.893599,hospital
11.771777,7.867312,hospital
12.363465,8.405469,hospital
12.267462,8.341677,hospital
12.331013,8.273749,hospital
12.222641,8.428333,hospital
12.248705,8.396992,hospital
12.299956,8.335542,hospital
12.262747,8.41885,hospital
12.275566,8.396308,hospital
12.244394,8.287588,hospital
12.299898,8.335124,hospital
12.26916,8.293135,hospital
12.234982,8.309403,hospital
12.372991,8.281896,hospital
12.303414,8.392464,hospital
12.311903,8.284977,hospital
12.233549,8.413641,hospital
12.346885,8.328895,hospital
12.299732,8.334935,hospital
12.2127,8.388875,hospital
12.235269,8.309342,hospital
12.331114,8.273746,hospital
12.233449,8.41356,hospital
12.303157,8.392534,hospital
12.330237,8.389782,hospital
12.231914,8.332929,hospital
12.270797,8.381376,hospital
12.275557,8.396162,hospital
12.357998,8.192942,hospital
12.381544,8.101261,hospital
12.340023,8.148062,hospital
12.345544,8.220963,hospital
12.255506,8.169046,hospital
12.274401,8.155857,hospital
12.300408,8.149203,hospital
12.24285,8.174441,hospital
12.309468,8.216608,hospital
12.288563,8.092799,hospital
12.309373,8.21645,hospital
12.365392,8.257412,hospital
12.377949,8.210186,hospital
12.380529,8.147541,hospital
12.266582,8.201145,hospital
12.345811,8.110184,hospital
12.321516,8.159506,hospital
12.234973,8.236294,hospital
11.999064,8.522288,hospital
11.758996,8.394897,hospital
11.769762,8.288374,hospital
11.121043,8.575952,hospital
12.081448,8.189725,hospital
12.130544,8.20203,hospital
12.078469,8.136198,hospital
12.043279,8.201513,hospital
12.157435,8.208646,hospital
12.19066,8.224534,hospital
12.128792,8.137793,hospital
12.176755,8.236137,hospital
12.193342,8.132554,hospital
12.089338,8.214017,hospital
12.063166,8.197202,hospital
12.0671,8.243156,hospital
12.211105,8.13303,hospital
12.084851,8.253586,hospital
12.083788,8.106005,hospital
12.073364,8.170373,hospital
12.122667,8.188232,hospital
11.993271,9.171833,hospital
11.997014,9.205924,hospital
12.080383,9.191737,hospital
11.929992,9.155127,hospital
11.939393,9.190068,hospital
11.843926,9.178416,hospital
11.664258,9.169338,hospital
11.648126,9.168328,hospital
11.66452,9.207163,hospital
11.618921,9.214737,hospital
11.636308,9.255851,hospital
11.575818,9.278824,hospital
12.240461,7.891672,hospital
12.254409,7.957996,hospital
12.248574,7.991511,hospital
12.286922,7.884415,hospital
11.802316,8.868813,hospital
11.899347,8.45718,hospital
12.019668,8.747738,hospital
11.929673,8.687559,hospital
11.898077,8.342764,hospital
11.899217,8.278456,hospital
12.025882,8.316894,hospital
11.92212,8.377158,hospital
11.917586,8.425079,hospital
12.036636,8.411813,hospital
11.880636,8.370619,hospital
12.033019,8.424842,hospital
12.019782,8.307294,hospital
11.920005,8.266634,hospital
12.034057,8.288625,hospital
11.919129,8.331999,hospital
12.027542,8.368609,hospital
12.020486,8.278754,hospital
11.89193,8.41083,hospital
11.990366,8.395166,hospital
11.990105,8.304477,hospital
11.972455,8.308581,hospital
11.955423,8.425001,hospital
11.953103,8.310049,hospital
11.972642,8.332515,hospital
11.921486,8.301913,hospital
11.984304,8.283175,hospital
11.883562,8.350132,hospital
11.992742,8.359837,hospital
11.913069,8.188961,hospital
11.920347,8.12933,hospital
11.963432,8.179604,hospital
12.007561,8.099409,hospital
12.033445,8.113881,hospital
11.880177,8.163134,hospital
12.035037,8.221469,hospital
11.971929,8.247473,hospital
11.90435,8.231204,hospital
11.965935,8.208619,hospital
11.96854,8.116533,hospital
12.028937,8.258833,hospital
11.889103,8.257091,hospital
11.95996,8.146783,hospital
12.011067,8.231155,hospital
11.996044,8.228153,hospital
12.03879,8.16742,hospital
11.91382,8.16561,hospital
11.892898,8.132011,hospital
12.01059,8.132084,hospital
11.955651,8.098101,hospital
11.924382,8.246095,hospital
11.874599,8.210244,hospital
11.913339,8.105283,hospital
11.967318,8.195368,hospital
12.002288,7.973077,hospital
11.945201,8.030155,hospital
11.91752,7.934531,hospital
11.981861,7.988162,hospital
11.9539,8.06656,hospital
12.026794,7.945764,hospital
11.869833,7.975731,hospital
11.539102,8.625069,hospital
11.487444,9.106478,hospital
11.371457,9.059433,hospital
11.626863,9.087779,hospital
11.613617,9.001602,hospital
11.523928,9.065872,hospital
11.644741,9.009313,hospital
11.610288,8.96863,hospital
11.53069,9.01912,hospital
11.573857,8.982138,hospital
11.669415,8.986329,hospital
11.6542,9.090657,hospital
11.683542,9.028632,hospital
11.565959,9.108526,hospital
11.604021,9.047699,hospital
11.69262,9.003523,hospital
11.63118,9.106744,hospital
11.541618,9.117929,hospital
11.653391,9.050287,hospital
11.667595,9.128072,hospital
11.557668,9.058025,hospital
11.523769,8.998732,hospital
11.611581,9.085983,hospital
11.58048,9.155791,hospital
11.553942,9.190596,hospital
11.539839,9.231851,hospital
11.535258,9.175705,hospital
11.53801,9.249194,hospital
11.716483,8.967006,hospital
11.730068,9.099666,hospital
11.782421,8.978683,hospital
11.803352,9.11586,hospital
11.796429,9.131497,hospital
11.771906,9.017156,hospital
11.720551,9.024255,hospital
11.75953,8.978526,hospital
12.031497,9.030097,hospital
12.00755,9.006032,hospital
11.94262,9.000954,hospital
11.989668,8.970702,hospital
12.021866,9.001373,hospital
11.961631,9.118151,hospital
11.956976,9.074125,hospital
11.974838,9.063828,hospital
11.982885,9.010333,hospital
11.984654,9.133019,hospital
11.981408,9.094345,hospital
11.932763,9.034583,hospital
11.729466,9.223538,hospital
12.158151,7.872437,hospital
12.203377,7.876378,hospital
12.043251,7.88936,hospital
12.125388,7.875343,hospital
12.094561,7.879971,hospital
12.050213,9.003391,hospital
12.046749,8.980721,hospital
12.314458,7.897144,hospital
12.366018,8.017949,hospital
12.371121,8.076843,hospital
12.310957,8.022443,hospital
12.369582,7.991815,hospital
12.328429,7.928614,hospital
12.236498,8.074611,hospital
12.212706,8.077943,hospital
12.126561,7.936253,hospital
12.193995,7.98407,hospital
12.124336,8.077523,hospital
12.129737,7.984828,hospital
12.102394,7.994026,hospital
12.105281,8.065353,hospital
12.114754,7.965999,hospital
12.170405,7.917328,hospital
12.194144,8.063759,hospital
12.051641,8.076111,hospital
12.192012,8.01619,hospital
12.090454,8.038789,hospital
12.412734,8.080096,hospital
12.382833,8.062233,hospital
12.424557,8.173196,hospital
12.50569,8.245347,hospital
12.513433,8.191527,hospital
12.407625,8.222331,hospital
12.48945,8.220902,hospital
12.43589,8.222364,hospital
12.397944,8.153621,hospital
12.486172,8.23816,hospital
12.529952,8.22634,hospital
12.453003,8.235197,hospital
12.440701,8.167368,hospital
12.502176,8.274727,hospital
12.433147,8.309643,hospital
12.473378,8.269205,hospital
12.413761,8.329863,hospital
12.423289,8.276668,hospital
12.550388,8.267634,hospital
12.41045,8.356225,hospital
12.421996,8.39522,hospital
12.455435,8.346595,hospital
12.422916,8.428381,hospital
12.580799,8.499298,hospital
12.572608,8.46967,hospital
12.473143,8.537814,hospital
12.435427,8.574271,hospital
12.546116,8.52127,hospital
12.501591,8.439515,hospital
12.425037,8.517193,hospital
12.507485,8.469211,hospital
12.384908,8.460361,hospital
12.533946,8.496781,hospital
12.401047,8.488255,hospital
12.554065,8.591379,hospital
12.46494,8.574278,hospital
12.461773,8.460158,hospital
12.545479,8.479847,hospital
12.488225,8.476031,hospital
12.477299,8.505964,hospital
12.524694,8.558919,hospital
12.404917,8.594709,hospital
12.431118,8.677474,hospital
12.511476,8.65467,hospital
12.533911,8.687264,hospital
12.410281,8.651041,hospital
12.357943,8.749216,hospital
12.367378,8.686921,hospital
12.217954,8.721275,hospital
12.332563,8.665387,hospital
12.236866,8.781366,hospital
12.316491,8.684478,hospital
12.314804,8.72915,hospital
12.262226,8.74152,hospital
12.274357,8.630991,hospital
12.379133,8.771436,hospital
12.264138,8.619921,hospital
12.22313,8.809637,hospital
12.256387,8.887737,hospital
12.244968,8.826222,hospital
12.27087,8.811557,hospital
12.105912,8.822814,hospital
12.10498,8.885013,hospital
12.113463,8.897035,hospital
12.164901,8.888797,hospital
12.162235,8.854408,hospital
12.049564,8.878569,hospital
12.135938,8.893412,hospital
12.204287,8.884341,hospital
12.083232,8.906997,hospital
12.138899,8.862176,hospital
12.154959,8.798418,hospital
12.207093,8.842643,hospital
12.175835,8.906333,hospital
12.058009,8.660227,hospital
12.093425,8.685239,hospital
12.145571,8.741805,hospital
12.116155,8.730618,hospital
12.10069,8.750895,hospital
12.166065,8.754404,hospital
12.068313,8.751029,hospital
12.132754,8.649572,hospital
12.155209,8.616655,hospital
12.153909,8.674754,hospital
12.052784,8.701271,hospital
12.123429,8.721696,hospital
12.142393,8.783459,hospital
12.196393,8.626327,hospital
12.080659,8.714989,hospital
12.05948,8.619854,hospital
12.196704,8.75889,hospital
12.290225,8.530188,hospital
12.335823,8.444983,hospital
12.363863,8.465254,hospital
12.316958,8.560427,hospital
12.346654,8.538596,hospital
12.345743,8.517774,hospital
12.368299,8.51657,hospital
12.371299,8.486588,hospital
12.300916,8.443255,hospital
12.305295,8.487573,hospital
12.268063,8.529704,hospital
12.301899,8.540824,hospital
12.245296,8.499613,hospital
12.368056,8.593975,hospital
12.254759,8.470635,hospital
12.374931,8.56696,hospital
12.281479,8.498244,hospital
12.270571,8.445116,hospital
12.235491,8.480095,hospital
12.321343,8.60675,hospital
12.372229,8.437969,hospital
12.354951,8.496234,hospital
12.087543,8.448349,hospital
12.06182,8.448766,hospital
12.054758,8.477297,hospital
12.19619,8.59025,hospital
12.064045,8.472431,hospital
12.042546,8.573508,hospital
12.055375,8.605601,hospital
12.175744,8.446399,hospital
12.044824,8.481362,hospital
12.101023,8.521201,hospital
12.16426,8.475061,hospital
12.169463,8.529683,hospital
12.057969,8.463484,hospital
12.069004,8.596659,hospital
12.05825,8.488981,hospital
12.04986,8.486953,hospital
12.047911,8.608939,hospital
12.13813,8.551426,hospital
12.045078,8.531615,hospital
12.184278,8.462422,hospital
12.055104,8.562138,hospital
12.124776,8.598622,hospital
12.04579,8.567207,hospital
12.064668,8.570935,hospital
12.156484,8.482742,hospital
12.115023,8.519097,hospital
12.043774,8.546071,hospital
12.078805,8.535272,hospital
12.072826,8.581276,hospital
12.047382,8.481014,hospital
12.070222,8.486279,hospital
12.059267,8.546301,hospital
12.159584,8.510427,hospital
12.208035,8.497115,hospital
12.095921,8.468918,hospital
12.181763,8.594289,hospital
12.088781,8.55221,hospital
12.196147,8.473928,hospital
12.075645,8.456546,hospital
12.06577,8.500907,hospital
12.094692,8.43733,hospital
12.176919,8.381608,hospital
12.181689,8.288748,hospital
12.081089,8.282306,hospital
12.125707,8.368071,hospital
12.137673,8.326069,hospital
12.13926,8.393014,hospital
12.117145,8.29584,hospital
12.102439,8.333973,hospital
12.058343,8.394678,hospital
12.162994,8.357679,hospital
12.135361,8.422171,hospital
12.206657,8.319678,hospital
12.154335,8.320303,hospital
12.128778,8.271487,hospital
12.090675,8.264568,hospital
12.127485,8.337674,hospital
12.179917,8.356991,hospital
12.189416,8.313276,hospital
12.201944,8.29186,hospital
12.046602,8.394772,hospital
12.118402,8.338951,hospital
12.148792,8.373635,hospital
12.174708,8.333182,hospital
12.165584,8.264892,hospital
12.193936,8.339391,hospital
12.120632,8.402535,hospital
12.080935,8.416575,hospital
12.057917,8.334716,hospital
12.185216,8.319343,hospital
12.178351,8.301763,hospital
12.072352,8.372604,hospital
12.108046,8.331497,hospital
12.055104,8.297706,hospital
12.042474,8.316517,hospital
12.183474,8.4211,hospital
12.023044,8.553733,hospital
12.021582,8.556845,hospital
12.029029,8.534878,hospital
12.010347,8.534342,hospital
9.500017,8.173194,hospital
11.967088,8.548525,pharmacy
11.957799,8.560179,hospital
9.062711,7.468639,hospital
11.961972,8.580776,hospital
12.401544,10.282708,hospital
12.436774,10.355971,hospital
12.38944,10.387011,hospital
12.395808,10.474212,hospital
12.417629,10.411017,hospital
12.391107,10.578954,hospital
12.464094,10.616656,hospital
12.436763,10.666228,hospital
12.401644,10.751353,hospital
12.223708,10.596122,hospital
12.371931,10.552298,hospital
12.248246,10.241042,hospital
12.270744,10.306539,hospital
12.377572,10.363647,hospital
12.284589,10.345466,hospital
12.305131,10.288041,hospital
12.371781,10.274892,hospital
12.332034,10.348507,hospital
12.256791,10.175369,hospital
12.12437,10.291087,hospital
12.191562,10.283732,hospital
11.83457,10.046857,hospital
11.800644,10.16849,hospital
11.858556,10.039561,hospital
11.700069,10.041783,hospital
11.703122,10.173513,hospital
11.744298,10.106111,hospital
11.832514,9.843667,hospital
11.790397,9.983181,hospital
11.717719,9.95794,hospital
12.334652,10.351697,hospital
11.833438,9.752493,hospital
11.852841,9.963368,hospital
11.711024,9.958621,hospital
11.832554,9.902684,hospital
11.881839,9.859885,hospital
11.768437,9.703748,hospital
11.759325,9.661825,hospital
11.731584,9.689807,hospital
11.760641,9.799214,hospital
11.856559,9.965079,hospital
11.815765,9.900874,hospital
11.734254,9.691921,hospital
11.8356,9.89737,hospital
11.752447,9.948041,hospital
11.95363,10.005568,hospital
11.727459,9.869431,hospital
11.737199,9.897274,hospital
11.555468,10.253957,hospital
11.62483,10.200598,hospital
11.66667,10.199489,hospital
11.544332,10.320468,hospital
11.596608,10.243718,hospital
11.56181,10.352619,hospital
11.624153,10.201555,hospital
11.539064,10.288419,hospital
11.673006,10.198756,hospital
11.575692,10.20179,hospital
11.648498,10.322214,hospital
11.662296,10.232276,hospital
11.604579,10.865571,hospital
11.756309,10.830085,hospital
11.816992,10.406104,hospital
11.556564,10.413245,hospital
11.656102,10.60187,hospital
11.648919,10.883387,hospital
11.793259,10.211318,hospital
11.774746,10.892705,hospital
11.682828,10.765805,hospital
11.825909,10.791561,hospital
11.825021,10.833752,hospital
11.669909,10.90526,hospital
11.681558,10.483537,hospital
11.616606,10.67527,hospital
11.752067,10.631346,hospital
11.587559,10.794965,hospital
11.784154,10.30164,hospital
11.699591,10.778309,hospital
11.564854,10.64652,hospital
11.597917,10.914277,hospital
11.761231,10.202284,hospital
11.626717,10.718636,hospital
11.740056,10.53987,hospital
11.713934,10.913148,hospital
11.705507,10.361939,hospital
11.724322,10.784103,hospital
11.60651,10.685702,hospital
11.576225,10.636944,hospital
11.59384,10.879225,hospital
11.830095,10.792948,hospital
11.85931,10.530698,hospital
11.62438,10.562863,hospital
11.523829,10.875564,hospital
11.7055,10.862085,hospital
11.643146,10.565422,hospital
11.568011,10.489784,hospital
11.579748,10.465138,hospital
11.601662,10.865502,hospital
11.747906,10.290049,hospital
11.676046,10.707962,hospital
11.628379,10.625427,hospital
11.666593,9.926757,hospital
11.642572,10.152587,hospital
11.381178,9.956217,hospital
11.664945,9.933281,hospital
11.672767,10.188265,hospital
11.513474,9.821824,hospital
11.582458,9.919768,hospital
11.674986,10.194729,hospital
11.617445,9.833172,hospital
11.668554,10.179556,hospital
11.677384,10.184173,hospital
11.621,9.903752,hospital
11.67333,10.183274,hospital
11.684145,9.962939,hospital
11.673914,10.036682,hospital
11.672898,9.933552,hospital
11.591148,9.834967,hospital
11.666699,9.901833,hospital
11.67692,9.997951,hospital
11.65942,10.094896,hospital
11.674197,10.184567,hospital
11.669064,10.14788,hospital
11.539884,9.916455,hospital
11.497367,9.80492,hospital
11.667788,9.922325,hospital
11.610876,9.845784,hospital
11.467355,10.220764,hospital
10.479736,9.704599,hospital
11.46299,10.580248,hospital
11.279375,9.466388,hospital
11.018282,8.890975,hospital
11.122512,9.51443,hospital
11.070261,10.430007,hospital
11.130555,9.742356,hospital
11.063188,9.569778,hospital
11.159665,9.153412,hospital
11.064307,9.636104,hospital
10.844402,10.42778,hospital
10.951389,10.436905,hospital
10.994984,10.409225,hospital
10.506933,8.775588,hospital
10.89868,9.104194,hospital
10.362678,10.755977,hospital
7.373713,3.892875,hospital
10.306163,9.844405,hospital
10.293521,9.847458,hospital
10.296811,9.84316,hospital
10.287996,10.588981,hospital
7.360409,3.889426,hospital
7.386791,3.829086,hospital
10.044904,9.871918,hospital
10.061943,9.09806,hospital
10.032621,9.64078,hospital
10.103735,9.664399,hospital
10.067871,9.838463,hospital
10.064395,9.895688,hospital
10.002858,9.519288,hospital
10.073512,9.288067,hospital
10.224624,9.259346,hospital
9.971767,9.604887,hospital
10.254639,9.017136,hospital
10.060174,9.096235,hospital
10.13095,9.273796,hospital
10.139781,9.289944,hospital
10.12359,9.042905,hospital
10.103043,9.293782,hospital
10.018252,9.467029,hospital
9.971854,9.473063,hospital
10.005791,9.525584,hospital
10.081789,9.818882,hospital
10.269457,9.082945,hospital
10.1022,9.223615,hospital
10.12455,9.299052,hospital
10.021965,9.376152,hospital
9.977315,9.508327,hospital
10.061875,9.456066,hospital
10.105427,9.348624,hospital
10.013399,9.556375,hospital
10.014593,9.773501,hospital
10.28226,8.977098,hospital
10.16459,9.292619,hospital
10.06768,8.964444,hospital
10.069458,9.126148,hospital
10.026637,9.3347,hospital
10.066644,9.837444,hospital
10.038433,9.421721,hospital
10.211365,9.310419,hospital
10.031719,9.551779,hospital
10.033416,9.968577,hospital
10.074274,9.288126,hospital
10.008961,9.261887,hospital
10.17204,9.093435,hospital
9.973372,9.522108,hospital
10.08424,9.101693,hospital
10.104035,9.441021,hospital
10.30421,9.283655,hospital
10.036688,9.019926,hospital
10.122454,9.301211,hospital
10.066449,9.698178,hospital
10.043638,8.994368,hospital
10.058344,9.064514,hospital
10.138646,9.283113,hospital
10.300724,9.196592,hospital
10.02924,9.645016,hospital
10.071079,9.502279,hospital
10.213885,9.045556,hospital
10.082242,9.164205,hospital
10.249644,9.015971,hospital
10.014299,9.454048,hospital
10.05978,9.098579,hospital
9.982234,9.495782,hospital
9.974883,9.484168,hospital
9.970013,9.788478,hospital
10.102812,9.293406,hospital
10.031022,9.419948,hospital
10.13627,9.282944,hospital
10.02397,9.517268,hospital
10.093954,9.393765,hospital
10.01032,10.160944,hospital
10.120253,10.149474,hospital
10.137491,10.114971,hospital
10.014575,10.131505,hospital
10.054372,10.147128,hospital
10.074646,10.036063,hospital
9.960044,10.183946,hospital
9.874941,10.175044,hospital
9.838765,9.747071,hospital
9.941275,9.346547,hospital
9.94758,9.865328,hospital
9.926256,9.545592,hospital
10.050168,10.278909,hospital
9.899722,9.402829,hospital
10.055984,10.33881,hospital
9.94567,9.570423,hospital
9.798625,9.89231,hospital
9.87562,10.934819,hospital
9.818472,9.830724,hospital
9.892852,10.04076,hospital
10.072825,10.267296,hospital
9.947639,9.326199,hospital
10.016869,10.682663,hospital
9.816359,9.437205,hospital
9.886178,9.874707,hospital
9.962159,9.941878,hospital
9.837754,9.747133,hospital
9.929911,9.501245,hospital
9.879203,9.538451,hospital
9.935977,9.863342,hospital
9.93239,9.289994,hospital
9.873958,9.363884,hospital
9.99323,10.731745,hospital
9.880302,9.572463,hospital
9.966675,9.493762,hospital
9.833306,9.38218,hospital
10.074526,10.351139,hospital
9.917595,9.813078,hospital
9.930051,9.534229,hospital
9.958741,9.508031,hospital
9.743315,9.157587,hospital
9.724778,9.277173,hospital
9.680096,9.299115,hospital
9.660396,9.597413,hospital
9.624072,10.659642,hospital
9.698777,10.273921,hospital
9.685689,9.441098,hospital
9.626736,9.561608,hospital
9.608965,9.325433,hospital
9.604558,9.786415,hospital
9.693491,9.462385,hospital
9.714923,9.528864,hospital
9.655273,9.570616,hospital
9.653075,10.751716,hospital
9.494249,9.544831,hospital
9.486885,9.452814,hospital
9.735611,9.741386,hospital
9.503819,9.461306,hospital
9.550607,9.752987,hospital
9.632523,9.420976,hospital
9.686081,9.553995,hospital
9.584415,9.319081,hospital
9.656618,10.745517,hospital
9.724932,9.802833,hospital
9.660129,9.596769,hospital
9.702402,10.191218,hospital
9.625434,9.45797,hospital
9.669056,9.574972,hospital
9.63277,9.426841,hospital
9.5388,9.544476,hospital
9.631054,9.425142,hospital
9.635351,9.940537,hospital
9.713094,9.33746,hospital
13.05249,5.246085,hospital
12.886405,11.91895,hospital
13.059895,5.218397,hospital
11.850237,13.081748,doctors
12.370336,14.210742,hospital
12.370085,14.210471,hospital
9.54992,13.56381,hospital
10.04628,11.912762,hospital
10.141331,11.921217,hospital
10.328999,12.178293,hospital
12.68631,13.605738,hospital
12.530274,13.698476,hospital
12.304338,13.419002,hospital
11.834114,13.087822,hospital
11.598827,13.020125,hospital
11.824584,13.185086,hospital
11.798135,13.142003,hospital
11.531431,13.688143,hospital
11.586844,13.479755,hospital
11.805654,13.689041,hospital
11.823675,13.597641,hospital
11.685799,11.628067,hospital
10.679516,13.267337,hospital
11.474683,12.881218,hospital
11.970134,8.532953,hospital
11.97807,8.542459,hospital
11.978449,8.539799,pharmacy
7.759337,4.530442,pharmacy
7.764217,4.546091,hospital
7.780665,4.556457,pharmacy
10.828438,13.570291,hospital
12.361732,14.207516,hospital
6.552534,3.387725,hospital
8.479698,4.532607,hospital
11.191358,4.993914,hospital
11.191577,4.993554,hospital
11.037184,5.034735,hospital
11.038407,5.034811,hospital
9.086354,7.471807,hospital
12.129806,12.137764,hospital
12.135564,13.267475,hospital
12.905145,7.594043,hospital
10.815294,4.194886,pharmacy
8.951542,7.06311,hospital
7.725078,8.568366,hospital
10.906609,12.717546,hospital
10.37505,11.809252,hospital
10.446369,11.746504,hospital
7.240585,5.183774,clinic
7.240883,5.184188,clinic
7.241287,5.184217,clinic
7.241182,5.184319,clinic
7.241062,5.184405,clinic
11.866025,13.24501,hospital
12.677982,13.620539,hospital
10.519305,7.441541,hospital
10.533873,7.420585,hospital
7.252192,5.202656,clinic
11.835082,13.171508,hospital
11.983419,11.437395,hospital
10.509253,7.432179,hospital
12.358153,12.22193,hospital
8.916625,12.596976,hospital
5.900819,5.681359,hospital
6.330439,5.622619,hospital
8.042849,3.38022,hospital
9.558488,12.147064,hospital
7.239305,5.189719,clinic
10.071103,6.181117,health_post
10.272971,6.028517,pharmacy
12.199804,14.016519,hospital
12.200017,14.016521,hospital
11.646528,10.987169,hospital
11.615841,10.989459,hospital
4.8756,6.915664,hospital
6.531397,3.370867,hospital
7.83102,3.928524,hospital
6.445843,3.450107,pharmacy
10.006529,5.181186,health_post
9.064589,5.921784,health_post
8.801969,5.749854,hospital
9.344173,5.986448,health_post
9.497995,5.955267,hospital
9.107924,5.864818,doctors
6.445845,3.437406,hospital
12.050646,11.513255,hospital
9.53244,6.446066,hospital
8.883631,6.002967,health_post
6.583465,3.357097,hospital
6.321656,8.092681,hospital
8.958451,6.209502,clinic
9.703883,6.224754,doctors
9.278741,5.949559,health_post
9.186947,6.435038,health_post
9.316346,6.628794,doctors
7.29763,5.166994,pharmacy
7.261605,5.261233,clinic
9.289433,6.584005,health_post
7.227932,5.199379,clinic
9.596534,6.576016,clinic
9.566751,6.549774,hospital
9.581902,6.549859,doctors
13.001074,7.602868,hospital
12.995441,7.594443,hospital
13.050786,5.246393,hospital
13.050333,5.246157,hospital
6.432946,3.420291,hospital
6.439527,3.456254,hospital
6.439589,3.456317,hospital
10.177777,6.598743,doctors
7.383429,3.891199,hospital
9.599285,6.555287,health_post
7.392036,3.964284,hospital
9.901592,6.635804,hospital
9.901451,6.635765,hospital
10.08489,6.739943,doctors
7.793672,6.731342,hospital
7.520332,4.516251,hospital
6.44679,3.472636,pharmacy
5.422666,7.107019,hospital
13.157622,11.672024,hospital
13.068468,12.370743,hospital
4.739537,6.859028,hospital
12.987205,11.969195,hospital
12.975625,12.235702,hospital
13.205463,11.407434,hospital
7.800548,6.74432,pharmacy
13.094123,12.103687,hospital
12.828249,9.682382,hospital
12.827859,9.681581,hospital
13.080643,11.512617,hospital
12.948363,9.826983,hospital
12.947639,9.827178,hospital
13.135143,10.054041,hospital
13.04637,10.480429,hospital
12.559466,10.882938,hospital
13.025878,10.415194,hospital
6.434763,3.505264,hospital
12.894497,10.909781,hospital
6.430646,3.423376,pharmacy
6.442768,3.429007,hospital
11.464572,11.41928,hospital
11.462402,11.466403,hospital
12.878093,10.490595,hospital
9.601353,6.527526,hospital
9.386929,6.714035,hospital
11.678637,9.336835,hospital
7.574785,6.638249,hospital
5.545669,5.782432,hospital
4.953283,8.350295,hospital
4.953449,8.335602,hospital
5.001596,8.332757,hospital
6.447484,3.396626,hospital
13.06306,11.595441,hospital
10.308425,7.041148,doctors
6.456849,3.400432,clinic
12.487826,13.21285,hospital
13.132511,10.045242,hospital
12.910234,9.835415,hospital
13.025577,9.845358,hospital
13.135078,10.052878,hospital
13.024047,9.846253,hospital
12.878154,9.7292,hospital
10.141067,10.183186,hospital
11.652815,11.069773,hospital
12.403119,13.569511,hospital
6.847863,4.211745,clinic
7.908398,4.315214,clinic
7.909092,4.315146,clinic
8.672491,3.396721,hospital
8.662483,3.399716,hospital
6.589956,3.341859,hospital
6.561711,3.251805,hospital
13.195452,10.560128,hospital
6.444569,3.405504,hospital
6.44929,3.397718,hospital
6.448692,3.39735,hospital
13.068939,9.933751,hospital
13.066421,9.934165,hospital
6.45512,3.392331,hospital
6.514728,3.396398,clinic
6.461571,3.301891,hospital
6.475671,3.289507,hospital
6.517515,3.355379,hospital
6.508197,3.357454,hospital
11.864869,13.118724,hospital
13.008652,11.85046,hospital
13.058142,11.826441,hospital
12.968811,12.0477,hospital
13.073463,11.673312,hospital
13.023968,9.845751,hospital
13.048089,10.165564,hospital
13.047918,10.165859,hospital
13.040409,12.052123,hospital
13.079683,12.139563,hospital
6.414869,2.897013,hospital
9.171225,7.680849,hospital
13.065794,9.933168,hospital
13.009897,10.230044,hospital
13.009638,10.230433,hospital
12.878194,9.728607,hospital
9.174314,7.686162,hospital
6.608666,3.500159,hospital
6.612486,3.502032,clinic
8.975687,7.264306,hospital
6.399204,9.405834,clinic
6.624858,3.549534,hospital
6.564747,3.596549,hospital
12.876837,10.978199,hospital
4.780298,7.013922,hospital
12.493135,13.213745,hospital
4.801117,7.019903,hospital
7.793489,6.731674,hospital
4.748393,7.100715,hospital
6.488093,3.384902,clinic
6.580015,3.627729,clinic
4.736133,7.078939,clinic
6.631572,3.508456,clinic
6.628189,3.506342,clinic
9.07044,7.486588,hospital
6.509417,3.611484,hospital
6.527881,3.319456,hospital
13.698077,13.309797,hospital
10.545287,7.445179,hospital
10.590636,7.449783,hospital
10.467334,7.421014,hospital
7.54011,6.679044,hospital
6.366714,5.625791,hospital
6.37053,5.634117,hospital
6.602605,3.306299,clinic
11.866072,8.300886,hospital
11.789801,8.378176,hospital
6.372271,5.635485,hospital
6.379734,5.631739,hospital
6.372223,5.583912,hospital
6.366332,5.582827,hospital
6.307567,5.618783,hospital
6.313904,5.625781,hospital
7.44571,6.062048,hospital
6.320597,5.627737,hospital
6.328516,5.612443,hospital
11.821826,8.400702,hospital
11.733746,8.30895,hospital
11.770325,8.426313,hospital
11.740238,8.264318,hospital
11.166667,8.546753,hospital
11.317826,8.718068,hospital
11.287119,8.787764,hospital
11.20217,8.805855,hospital
11.336785,8.308371,hospital
11.991574,8.930883,hospital
8.271947,4.787301,hospital
6.337047,5.630581,hospital
6.327911,5.62492,hospital
6.341749,5.597355,hospital
6.341048,5.61025,hospital
6.338447,5.597995,hospital
6.332387,5.606615,hospital
6.33031,5.604226,hospital
6.351168,5.610706,hospital
6.315003,5.606204,hospital
6.329533,5.626378,hospital
6.34121,5.596424,hospital
6.326771,5.580241,hospital
6.336989,5.615864,hospital
7.350861,3.862635,hospital
6.479706,7.515782,hospital
6.479064,7.494289,hospital
6.478579,7.493865,hospital
6.479869,7.486763,hospital
6.449442,7.477395,hospital
6.455299,7.495419,hospital
6.476845,7.490403,hospital
6.473226,7.50459,hospital
6.482507,7.509157,hospital
8.320708,4.828075,hospital
6.448071,7.496233,hospital
6.414542,7.50937,hospital
6.424218,7.487326,hospital
6.427274,7.517529,hospital
11.870199,8.92216,hospital
10.73571,8.590648,hospital
10.781083,8.593044,hospital
11.704447,8.632163,hospital
11.863925,8.703295,hospital
11.779651,8.721829,hospital
11.794545,8.516232,hospital
11.839746,8.601544,hospital
11.775697,8.588206,hospital
11.82446,8.513594,hospital
11.7501,8.555238,hospital
11.825241,8.497312,hospital
11.817773,8.900858,hospital
11.784803,8.875964,hospital
6.433505,7.501548,hospital
6.435784,7.489082,hospital
6.443269,7.513577,hospital
6.451336,7.523867,hospital
12.992971,7.608209,hospital
7.441376,3.908415,hospital
12.214689,8.181904,hospital
11.760272,8.851713,hospital
11.744059,8.881931,hospital
11.798727,8.845693,hospital
12.033922,8.552261,hospital
11.936502,8.523471,hospital
11.986282,8.504196,hospital
11.670776,8.267892,hospital
11.66877,8.415555,hospital
11.644688,8.411049,hospital
11.554912,8.263394,hospital
11.598688,8.314855,hospital
11.592275,8.35795,hospital
11.926938,8.580344,hospital
11.994937,8.49974,hospital
11.893038,8.499754,hospital
12.032951,8.517407,hospital
11.99912,8.503319,hospital
11.926567,8.492195,hospital
12.033231,8.507793,hospital
11.952148,8.47564,hospital
12.013598,8.505987,hospital
12.020516,8.485759,hospital
11.927686,8.513242,hospital
12.013004,8.444217,hospital
11.976104,8.461826,hospital
11.926405,7.937334,hospital
12.006331,8.053735,hospital
11.974585,8.582554,hospital
11.969966,8.582425,hospital
11.960551,8.572328,hospital
12.010272,8.577228,hospital
11.986247,8.51054,hospital
12.007842,8.60598,hospital
11.953017,8.515047,hospital
11.919642,8.465854,hospital
11.869407,7.873167,hospital
11.983117,7.867046,hospital
11.40863,8.272627,hospital
11.876922,8.746936,hospital
11.894355,8.395246,hospital
11.894725,8.375639,hospital
11.997768,8.326277,hospital
12.311103,8.022403,hospital
12.299097,7.979374,hospital
11.549818,8.578945,hospital
11.560114,8.574521,hospital
11.666008,8.712296,hospital
11.570772,8.718509,hospital
11.533704,8.661124,hospital
11.506025,8.71311,hospital
12.18373,7.937926,hospital
12.147824,8.07076,hospital
12.066775,8.056563,hospital
11.500151,8.671954,hospital
11.644281,8.80196,hospital
11.659846,8.918144,hospital
11.642577,8.800573,hospital
11.656932,8.803028,hospital
11.601044,8.862235,hospital
11.524596,8.957917,hospital
11.959313,8.37896,hospital
12.007499,8.352888,hospital
11.891308,8.427116,hospital
11.939355,8.226296,hospital
11.95559,8.098236,hospital
11.997742,8.066477,hospital
11.356565,8.946218,hospital
11.476213,8.824912,hospital
12.178219,7.984546,hospital
12.123813,8.049583,hospital
12.092178,8.490362,hospital
12.058444,8.47072,hospital
12.188106,8.31063,hospital
12.060073,8.394435,hospital
12.062733,8.272346,hospital
12.153284,8.137194,hospital
11.810542,9.023087,hospital
11.822907,9.120655,hospital
11.970361,9.042166,hospital
11.868128,8.988103,hospital
11.936065,9.11207,hospital
11.47683,9.914707,hospital
11.384765,9.958153,hospital
11.522147,9.971341,hospital
11.412116,10.01411,hospital
11.406348,10.016298,hospital
11.428233,9.963527,hospital
11.381555,10.158804,hospital
11.385692,10.164922,hospital
11.501506,10.085003,hospital
11.390233,10.122743,hospital
11.426982,10.10567,hospital
11.444313,10.034465,hospital
11.387188,10.185686,hospital
11.504792,10.189292,hospital
11.460976,10.109252,hospital
11.424809,10.187442,hospital
11.487594,10.152898,hospital
11.397577,10.07075,hospital
11.460332,10.110628,hospital
11.467272,10.075188,hospital
11.388799,10.211206,hospital
11.501321,10.335991,hospital
11.068496,10.354721,hospital
11.513399,10.257011,hospital
11.498107,10.296732,hospital
11.432509,10.30222,hospital
11.519693,10.20412,hospital
11.519181,10.205715,hospital
11.446003,10.370497,hospital
11.395047,10.589306,hospital
11.375174,10.719359,hospital
11.465372,10.627522,hospital
11.386381,10.655439,hospital
11.51952,10.426682,hospital
11.413021,10.461852,hospital
11.430142,10.416607,hospital
11.453125,10.449656,hospital
11.49953,10.426808,hospital
11.485834,10.497431,hospital
11.382214,10.73409,hospital
11.429583,10.803606,hospital
11.213766,10.91976,hospital
11.248988,10.895921,hospital
11.243125,10.838712,hospital
11.241026,10.553632,hospital
11.247636,10.579757,hospital
10.339696,9.633427,hospital
10.374802,9.523154,hospital
10.375577,9.523036,hospital
10.322854,9.831412,hospital
10.31794,9.842368,hospital
10.419392,9.726599,hospital
10.472343,9.690204,hospital
10.319224,9.82727,hospital
10.322966,9.816166,hospital
11.336201,10.537008,hospital
11.314878,10.450555,hospital
11.303478,10.462497,hospital
11.181855,10.489223,hospital
11.292434,10.418295,hospital
11.31617,10.472043,hospital
11.249985,10.245763,hospital
11.322119,9.956803,hospital
11.319564,10.043425,hospital
11.330356,9.998138,hospital
11.213357,9.674887,hospital
11.224242,9.789134,hospital
11.203468,9.711956,hospital
11.2129,9.674691,hospital
11.192171,9.751979,hospital
11.221953,9.838724,hospital
11.231818,9.624562,hospital
11.226671,9.603578,hospital
11.302975,9.514237,hospital
11.222297,9.651208,hospital
11.194963,9.645876,hospital
11.323088,9.135613,hospital
11.268662,9.028216,hospital
11.317128,9.118538,hospital
10.520448,9.573277,hospital
10.543454,9.132277,hospital
10.576115,9.028085,hospital
10.576578,9.029568,hospital
10.608857,8.80833,hospital
10.520582,8.890408,hospital
10.484265,8.939327,hospital
10.478545,8.897932,hospital
10.406186,8.828068,hospital
10.339809,9.08319,hospital
10.318669,8.979207,hospital
10.393577,9.015069,hospital
10.383993,9.22242,hospital
10.47206,9.147129,hospital
10.316297,9.881202,hospital
10.315461,9.851683,hospital
10.46661,9.846486,hospital
10.327208,9.846992,hospital
10.379425,9.935301,hospital
10.465223,10.024147,hospital
10.351665,10.065597,hospital
10.348536,10.360401,hospital
10.462314,10.397324,hospital
10.362065,10.384571,hospital
10.393361,10.40324,hospital
10.407471,10.420622,hospital
10.394718,10.398944,hospital
10.450531,10.431584,hospital
10.459705,10.669397,hospital
10.565102,10.088459,hospital
9.904686,9.694366,hospital
9.886291,9.681925,hospital
9.893683,9.612358,hospital
9.943171,9.604154,hospital
9.685067,9.601311,hospital
6.592536,3.522359,hospital
10.32838,10.636614,hospital
10.316166,10.569306,hospital
10.374535,10.782485,hospital
10.452947,8.759525,hospital
10.371151,10.725327,hospital
10.344562,10.811119,hospital
10.406359,10.793805,hospital
10.42502,10.782122,hospital
10.307295,10.738524,hospital
10.265125,10.668872,hospital
10.176294,10.71812,hospital
10.290645,10.433815,hospital
10.265117,10.314353,hospital
10.268269,10.330015,hospital
10.268756,10.335473,hospital
10.280287,10.313954,hospital
10.271111,10.338828,hospital
10.238246,10.286551,hospital
10.302197,10.286773,hospital
10.249576,10.204083,hospital
10.272766,10.340006,hospital
10.17699,10.088197,hospital
10.25327,10.090084,hospital
10.237971,10.1467,hospital
10.154163,10.129195,hospital
10.282675,9.871218,hospital
10.294545,9.843792,hospital
10.270468,9.853725,hospital
10.239176,9.933509,hospital
10.261065,9.996602,hospital
10.154455,9.874551,hospital
10.308375,9.857104,hospital
7.373957,3.891126,hospital
7.408186,3.865117,hospital
10.314544,9.817621,hospital
10.314944,9.805154,hospital
10.22502,9.735001,hospital
10.284819,9.722425,hospital
10.16148,9.690769,hospital
10.313595,9.84006,hospital
10.266164,9.792885,hospital
10.308915,9.744235,hospital
10.313722,9.770029,hospital
10.286916,9.828566,hospital
10.153457,9.799079,hospital
10.302562,9.839759,hospital
10.285235,9.6647,hospital
10.247255,9.661396,hospital
10.295203,9.645243,hospital
10.30709,9.530331,hospital
10.239007,9.624582,hospital
10.224177,9.58627,hospital
10.232004,9.513046,hospital
10.222723,9.398354,hospital
7.374609,3.894046,hospital
7.402309,3.885631,hospital
7.359099,3.913182,hospital
7.43671,3.884689,hospital
7.394984,3.917969,hospital
7.447859,3.91109,hospital
7.449652,3.913699,hospital
7.426557,3.930751,hospital
7.415288,3.93226,hospital
7.399745,3.869591,hospital
7.396941,3.870781,hospital
7.404482,3.933715,hospital
7.415954,3.938952,hospital
7.37816,3.915724,hospital
7.382012,3.916218,hospital
7.385982,3.918341,hospital
7.384469,3.9222,hospital
7.387337,3.923142,hospital
7.389354,3.917106,hospital
7.386602,3.927297,hospital
7.37754,3.927864,hospital
10.205801,9.360674,hospital
10.188125,9.331432,hospital
9.93275,11.119369,hospital
9.887754,11.226761,hospital
12.987785,7.576969,hospital
10.510549,7.451607,hospital
7.552943,4.458899,hospital
11.822105,13.147485,hospital
10.936892,11.680496,hospital
8.492008,4.469582,hospital
5.493146,7.192442,hospital
9.157433,7.340947,hospital
11.037104,7.085162,hospital
6.427801,3.415134,hospital
4.723538,7.207853,hospital
13.033757,5.199208,hospital
10.583929,7.459489,hospital
12.15021,8.097627,hospital
10.306199,9.822442,hospital
6.511302,3.371019,hospital
12.305883,10.287062,hospital
11.964704,10.0634,hospital
12.001418,10.121417,hospital
11.874175,10.084358,hospital
10.435515,9.413812,hospital
11.93555,10.295154,hospital
11.938936,10.295666,hospital
12.036832,10.275196,hospital
11.955032,10.244598,hospital
11.956115,10.21302,hospital
11.898125,10.246658,hospital
11.964204,10.450469,hospital
11.942062,10.63094,hospital
11.942883,10.630046,hospital
11.963438,10.741835,hospital
11.884962,10.808183,hospital
12.042001,10.74149,hospital
12.119334,10.746356,hospital
12.174328,10.65171,hospital
12.135011,10.450527,hospital
12.054181,10.50605,hospital
12.133506,10.533186,hospital
12.133669,10.533623,hospital
12.089724,10.265006,hospital
12.064591,10.316567,hospital
12.174732,10.35662,hospital
12.209305,10.329051,hospital
12.206362,10.196419,hospital
12.133224,10.213624,hospital
12.121313,10.294465,hospital
12.293893,4.468239,hospital
7.440986,3.952162,hospital
12.282393,10.651781,hospital
12.315652,10.691013,hospital
12.283403,10.553464,hospital
12.314084,10.690371,hospital
12.281893,10.384672,hospital
12.309443,10.468488,hospital
12.221612,10.411576,hospital
12.366573,10.413053,hospital
12.233545,10.355582,hospital
12.3089,10.206773,hospital
12.288191,10.344624,hospital
12.357275,10.237064,hospital
12.286452,10.356392,hospital
12.455046,10.718633,hospital
12.386811,10.577343,hospital
12.385734,10.578979,hospital
12.416254,10.409527,hospital
11.747186,9.738478,hospital
11.828104,9.690628,hospital
11.860028,9.80433,hospital
11.713931,9.9275,hospital
11.739229,9.954331,hospital
11.852021,9.968232,hospital
11.852843,9.96389,hospital
11.856084,9.967824,hospital
11.785964,9.943574,hospital
11.707908,9.848252,hospital
11.833783,10.164951,hospital
11.842913,10.590031,hospital
11.706393,10.859893,hospital
11.732897,10.728974,hospital
11.55688,10.838775,hospital
11.67614,10.69878,hospital
11.591917,10.646998,hospital
11.542733,10.556343,hospital
11.647294,10.511926,hospital
11.673862,10.19785,hospital
11.581351,10.360401,hospital
11.557515,10.212028,hospital
11.692345,10.201283,hospital
11.663382,10.063555,hospital
11.674991,10.182978,hospital
11.657621,10.033537,hospital
11.682086,10.181237,hospital
11.689008,10.191865,hospital
11.658941,10.195243,hospital
11.677693,10.193608,hospital
11.657338,9.930482,hospital
11.600992,9.88757,hospital
11.614556,9.871908,hospital
11.667367,9.902137,hospital
11.644267,9.980465,hospital
11.430809,9.893709,hospital
6.502258,3.583372,clinic
9.748965,9.963816,hospital
9.795424,9.900113,hospital
9.702444,10.193008,hospital
9.694964,10.255246,hospital
9.700293,10.954323,hospital
9.596518,9.671403,hospital
9.597819,9.806506,hospital
9.606148,9.785522,hospital
9.554508,9.503454,hospital
9.585306,9.649901,hospital
9.617119,9.592003,hospital
9.568765,9.491117,hospital
9.579902,9.464654,hospital
7.778035,4.551204,hospital
13.038983,5.223186,hospital
7.898369,4.320368,hospital
9.034635,7.479913,hospital
7.769424,4.548838,hospital
10.865516,12.852844,hospital
10.338831,11.591302,hospital
10.454109,12.163059,hospital
10.227288,12.053523,hospital
10.476207,13.188823,hospital
12.924785,13.579808,hospital
13.095545,12.504296,hospital
12.687096,13.60588,hospital
12.646256,12.739954,hospital
12.500542,12.77511,hospital
12.48647,13.207442,hospital
12.364117,13.824,hospital
12.043586,13.912969,hospital
11.918677,13.597351,hospital
11.809542,12.505916,hospital
11.816647,13.159176,hospital
11.853317,13.144332,hospital
11.826379,13.143726,hospital
11.808585,13.166267,hospital
11.827719,13.16781,hospital
11.809654,13.181123,hospital
11.858002,13.123361,hospital
11.821769,13.161836,hospital
11.80104,13.1608,hospital
11.791385,13.171543,hospital
11.811529,13.164744,hospital
10.52686,12.298731,hospital
10.6026,12.203146,hospital
10.62362,12.186939,hospital
10.595184,12.192708,hospital
10.656844,12.906233,hospital
7.433853,3.943677,hospital
7.435298,3.94546,hospital
9.059413,7.391234,hospital
7.426606,3.932989,hospital
7.778515,4.376359,hospital
11.969716,8.531549,hospital
10.632612,12.169967,hospital
6.428568,3.464217,hospital
4.811786,6.981695,hospital
12.064448,8.856512,hospital
12.343601,8.477288,hospital
5.478319,7.27249,hospital
6.361753,5.620755,hospital
4.853326,7.014368,hospital
4.855113,7.015109,hospital
6.510954,3.373162,hospital
6.510003,3.373354,hospital
5.823281,7.396543,hospital
5.827953,7.422577,hospital
4.789454,7.039593,hospital
6.320615,5.571244,hospital
8.174868,10.152106,hospital
11.1504,7.655408,hospital
6.412864,5.680066,hospital
5.779234,7.042473,hospital
5.670167,6.924981,hospital
5.129654,7.158989,hospital
6.46476,3.153226,hospital
6.529171,3.380331,hospital
6.497877,3.330003,hospital
4.67288,7.376198,hospital
4.770004,7.017297,hospital
6.49272,3.387381,hospital
6.484175,3.380637,hospital
10.004277,12.649567,hospital
9.884807,12.023322,hospital
9.189994,12.478826,hospital
9.20413,12.483382,hospital
9.461879,12.089344,hospital
6.480827,5.370018,hospital
10.547409,7.453456,hospital
10.548061,7.470481,hospital
5.123301,7.383869,hospital
11.952784,8.390649,hospital
10.288568,11.157398,hospital
10.301832,11.159819,hospital
6.293862,5.564839,hospital
5.54453,5.774302,hospital
5.544334,5.774089,hospital
9.877096,8.873197,hospital
4.926983,6.312854,hospital
4.925019,6.307049,hospital
4.929149,6.305039,hospital
4.93367,6.312389,hospital
8.992685,7.487184,hospital
4.936923,6.319219,hospital
4.932248,6.308993,hospital
4.952965,6.355832,hospital
4.944955,6.337334,hospital
4.949887,6.336366,hospital
5.564107,5.764646,hospital
5.565607,5.761424,hospital
5.531081,5.748647,hospital
5.53536,5.759693,hospital
5.528847,5.749685,hospital
5.534385,5.755533,hospital
4.828906,7.036706,hospital
4.829469,7.038257,hospital
4.858836,7.072379,hospital
11.839413,13.149894,hospital
5.528078,5.75957,hospital
5.518942,7.494844,hospital
12.990066,7.585095,hospital
5.530337,5.742994,hospital
5.517976,5.735293,hospital
5.5171,5.734609,hospital
5.517561,5.733721,hospital
5.516853,5.73408,hospital
7.162975,3.362553,hospital
6.272565,5.633508,hospital
13.364427,4.949742,hospital
13.067683,5.215464,hospital
12.11017,5.927986,hospital
12.326744,7.703223,hospital
12.969209,7.634819,hospital
9.900147,11.093884,hospital
5.510216,5.766951,hospital
9.293782,7.254061,health_post
11.115265,10.438914,hospital
11.127698,10.512277,hospital
11.055052,10.59946,hospital
10.854785,10.171145,hospital
10.905909,9.831546,hospital
10.887237,9.826245,hospital
10.875409,9.751966,hospital
10.935193,9.599059,hospital
10.975159,9.572089,hospital
10.865499,9.057657,hospital
10.686816,9.75603,hospital
10.810488,9.980579,hospital
10.711145,10.058109,hospital
10.506964,10.446044,hospital
10.524552,10.326592,hospital
10.616036,10.175878,hospital
10.613121,9.920621,hospital
10.515041,9.761699,hospital
10.495146,9.621285,hospital
10.258798,9.013606,hospital
10.258424,9.012063,hospital
10.013619,8.999737,hospital
10.068669,9.13128,hospital
10.131102,9.028126,hospital
10.068683,9.127024,hospital
10.040146,8.986666,hospital
10.140547,9.290908,hospital
10.025802,9.59858,hospital
10.034423,9.50763,hospital
10.002072,9.510875,hospital
9.988793,9.719513,hospital
10.075616,9.956274,hospital
10.082257,9.957063,hospital
10.00186,10.084676,hospital
10.049974,10.024667,hospital
10.070079,10.277829,hospital
9.846346,9.991002,hospital
9.961489,9.879025,hospital
9.805688,9.712295,hospital
9.893615,9.612271,hospital
9.870368,9.660397,hospital
9.966716,9.439094,hospital
9.77007,9.547269,hospital
9.638935,9.711074,hospital
9.35976,7.279477,hospital
9.208998,7.167488,hospital
12.950388,9.975448,hospital
12.987604,7.57449,hospital
12.988589,7.578963,hospital
12.988691,7.578377,hospital
12.988755,7.578615,hospital
12.987436,7.57475,hospital
12.988108,7.575629,hospital
12.988429,7.577624,hospital
12.987204,7.576854,hospital
12.987407,7.577469,hospital
12.987556,7.577964,hospital
12.986763,7.574998,hospital
12.987728,7.575212,hospital
12.987956,7.575244,hospital
12.987981,7.576079,hospital
12.988034,7.577062,hospital
12.98817,7.577851,hospital
12.988389,7.578648,hospital
12.988374,7.578553,hospital
12.987758,7.576862,hospital
12.98755,7.575813,hospital
12.987088,7.573576,hospital
12.987299,7.573355,hospital
12.985633,7.573258,hospital
12.985474,7.57328,hospital
12.98725,7.57621,hospital
12.986098,7.575543,hospital
12.985999,7.574922,hospital
12.986092,7.575318,hospital
12.987042,7.578024,hospital
12.987648,7.573134,hospital
12.985789,7.574476,hospital
12.986375,7.579208,hospital
11.113753,7.72064,hospital
6.448438,7.484676,hospital
12.019766,8.599087,hospital
9.236257,7.216785,health_post
11.637946,4.58031,doctors
6.448624,3.328676,clinic
11.743494,13.100305,hospital
6.556469,3.340164,clinic
12.959974,5.741193,doctors
13.555623,6.470289,doctors
12.987705,7.575037,hospital
4.860639,6.346396,hospital
9.564016,7.239214,doctors
13.068875,11.174874,hospital
9.237618,11.936578,hospital
11.972232,13.707974,hospital
11.974772,13.710173,clinic
10.362486,12.86659,hospital
11.7463,13.364089,hospital
11.83215,13.407555,hospital
12.108259,13.698848,hospital
12.887362,10.44424,hospital
11.876585,13.143743,hospital
10.467489,12.843895,hospital
10.396971,12.748238,hospital
10.325521,12.851702,hospital
10.410682,12.743226,hospital
10.406131,13.047839,hospital
10.413267,12.976588,hospital
10.378938,13.083797,hospital
10.403891,13.083342,hospital
10.465804,12.985393,hospital
10.444246,13.003209,hospital
10.379172,13.03972,hospital
10.348485,12.976448,hospital
10.384102,12.918823,hospital
10.423173,12.974381,hospital
10.442214,12.987795,hospital
10.360271,13.16283,hospital
10.402119,13.168756,hospital
10.389235,13.209398,hospital
10.393864,13.178841,hospital
10.397537,13.185777,hospital
10.22813,12.927905,hospital
10.189963,12.791541,hospital
10.23419,12.91867,hospital
10.049883,13.059087,hospital
10.215542,13.035237,hospital
10.183043,13.046385,hospital
10.105719,13.076087,hospital
10.130459,13.082662,hospital
12.666686,13.618051,hospital
12.666702,13.618166,hospital
12.670706,13.616126,hospital
12.678656,13.620523,hospital
12.717117,13.689751,hospital
12.717112,13.689953,hospital
12.716732,13.690333,hospital
12.716541,13.689869,hospital
12.716727,13.689808,hospital
12.716967,13.689879,hospital
12.716926,13.689995,hospital
12.35937,14.282666,hospital
11.260867,14.154746,hospital
12.370329,14.210722,hospital
12.211433,14.298205,hospital
12.211338,14.298252,hospital
12.224379,14.279504,hospital
8.66599,12.427371,hospital
8.664826,12.428476,hospital
8.664827,12.428568,hospital
8.668222,12.426611,hospital
8.667944,12.426564,hospital
8.667927,12.426469,hospital
8.668102,12.427036,hospital
8.668658,12.426524,hospital
8.668681,12.426768,hospital
8.669111,12.426514,hospital
8.669395,12.425714,hospital
8.671267,12.426193,hospital
8.671669,12.425914,hospital
8.758014,12.358913,hospital
8.758865,12.359174,hospital
8.759552,12.359457,hospital
8.759693,12.359383,hospital
9.094496,12.046998,hospital
9.095832,12.047369,hospital
9.095509,12.047149,hospital
10.300115,13.249154,hospital
9.216669,12.663856,hospital
9.114781,12.059305,hospital
10.433615,11.770526,hospital
9.127715,12.113457,hospital
11.735792,11.921997,hospital
11.720815,10.990745,hospital
11.669063,11.938215,hospital
11.662902,11.933681,hospital
11.740715,12.001026,hospital
11.283613,11.308218,hospital
11.883015,13.305292,hospital
11.281229,11.309306,hospital
9.018072,11.897708,hospital
9.02267,11.891164,hospital
9.265639,11.900172,hospital
9.029395,11.81186,hospital
10.382801,11.694448,hospital
9.258014,11.897463,hospital
9.211825,11.887798,hospital
9.308368,11.905963,hospital
9.2326,11.804916,hospital
11.708698,11.086137,hospital
11.706057,11.087118,hospital
9.357811,12.181576,hospital
9.36355,12.182852,hospital
12.421083,14.128269,hospital
12.486024,13.207819,hospital
9.249673,11.861855,hospital
9.535045,12.203763,hospital
11.40486,11.413932,hospital
8.753287,12.089533,hospital
9.548912,12.246417,hospital
9.454338,12.151653,hospital
12.287368,14.535542,hospital
11.660296,13.113462,hospital
11.689329,13.220517,hospital
11.847442,12.932958,hospital
11.954639,13.001635,hospital
11.840908,13.072029,hospital
11.836623,13.065896,hospital
12.036277,13.071594,hospital
11.755776,13.263212,hospital
11.745913,13.301058,hospital
11.769518,13.238776,hospital
8.859609,12.146762,hospital
12.4879,13.212424,hospital
11.531929,12.991017,hospital
11.547156,12.97373,hospital
11.924677,12.663552,hospital
11.767188,12.85447,hospital
11.615551,13.656355,hospital
11.591378,13.57845,hospital
11.576162,13.533133,hospital
11.562098,13.660136,hospital
8.832037,12.244926,hospital
9.321771,12.231533,hospital
9.323764,12.231946,hospital
8.829438,12.088403,hospital
9.395058,12.160997,hospital
9.394028,12.16045,hospital
9.394329,12.160567,hospital
8.748726,12.046192,hospital
10.114757,13.195833,clinic
10.723759,11.690736,hospital
10.723166,11.690595,hospital
10.723114,11.69031,hospital
8.701508,12.040281,hospital
10.282969,13.076327,hospital
9.289085,6.963684,hospital
11.722211,13.453906,hospital
11.682323,13.366092,hospital
11.534654,13.481554,hospital
11.601446,13.488909,hospital
11.733458,13.432593,hospital
11.645252,13.424834,hospital
11.653311,13.414784,hospital
11.657286,13.406587,hospital
13.095094,13.815133,hospital
13.096343,13.822666,hospital
12.894935,13.693176,hospital
9.172962,12.480904,hospital
9.173106,12.480234,hospital
10.032004,11.88747,hospital
10.186932,12.079509,hospital
10.075515,12.053031,hospital
11.715058,11.087369,hospital
9.457695,12.216227,hospital
9.457322,12.216389,hospital
9.458112,12.21599,hospital
9.476775,12.288731,hospital
9.459567,12.199074,health_post
10.657495,11.644999,hospital
10.71055,11.758666,hospital
9.396312,12.36378,hospital
9.461668,12.175749,hospital
9.54046,12.055202,hospital
9.540454,12.05543,hospital
9.540456,12.055686,hospital
9.540852,12.055505,hospital
8.646448,12.080184,hospital
9.536851,12.159908,hospital
9.500593,12.108315,hospital
9.500829,12.108234,hospital
9.500028,12.108189,hospital
8.671249,11.994317,hospital
8.735111,12.065916,hospital
8.646641,12.027625,hospital
10.728886,11.690169,hospital
10.729167,11.68969,hospital
10.728908,11.68969,hospital
10.7287,11.68967,hospital
10.728632,11.690166,hospital
10.810205,11.732572,hospital
12.205024,10.877849,hospital
12.201919,10.87886,hospital
12.202404,10.879639,hospital
12.202143,10.878809,hospital
12.12184,10.824533,hospital
12.51445,10.792727,hospital
12.531659,10.848429,hospital
12.592766,10.891927,hospital
12.593458,10.891776,hospital
12.428445,10.839721,hospital
12.430978,10.839701,hospital
12.584908,10.97075,hospital
12.584569,10.9695,hospital
12.559271,10.926503,hospital
12.452219,10.990638,hospital
12.598658,10.62906,hospital
12.598005,10.629116,hospital
12.638826,10.703439,hospital
12.53117,10.678954,hospital
12.533112,10.679174,hospital
12.337981,11.195988,hospital
12.338622,11.197377,hospital
12.385148,11.212125,hospital
12.385629,11.211646,hospital
12.367157,10.774224,hospital
12.369957,10.774054,hospital
12.376575,10.77247,hospital
12.374373,10.778716,hospital
12.706103,11.020072,hospital
9.95672,13.227615,hospital
9.920447,13.237529,hospital
9.924193,13.236983,hospital
9.924051,13.236965,hospital
9.92446,13.236597,hospital
9.952034,13.18606,hospital
9.951728,13.186069,hospital
8.579631,12.138209,hospital
8.583345,12.135989,hospital
10.00755,13.14269,hospital
11.724595,11.086732,hospital
11.722252,11.067664,hospital
11.651753,11.175151,hospital
9.745829,13.248922,hospital
9.746328,13.249499,hospital
11.774914,11.235544,hospital
11.686423,11.184446,hospital
9.712093,13.11351,hospital
8.506028,12.375667,hospital
10.241275,11.998266,hospital
11.762148,11.258716,hospital
11.603482,11.203744,hospital
12.672261,13.605089,hospital
11.608241,11.215162,hospital
11.658075,11.101579,hospital
11.69182,11.105351,hospital
11.725244,11.100457,hospital
12.147571,11.776719,hospital
12.147476,11.774633,hospital
12.096881,11.796452,hospital
9.891677,13.204196,clinic
9.903812,13.222599,hospital
8.520774,12.360207,hospital
9.410289,11.995507,hospital
12.70665,11.019835,hospital
12.727967,10.968165,hospital
12.728174,10.967328,hospital
12.810521,10.90366,hospital
12.810021,10.904336,hospital
9.402748,11.916311,hospital
12.772064,10.895384,hospital
12.772094,10.896008,hospital
12.627747,10.818317,hospital
12.627091,10.817223,hospital
12.766166,10.934149,hospital
12.797892,11.024719,hospital
12.229111,11.057489,hospital
12.066568,10.827106,hospital
12.12564,10.920175,hospital
12.124546,10.92024,hospital
9.791794,13.106053,hospital
12.169299,10.988488,hospital
12.147777,10.961387,hospital
12.148002,10.962509,hospital
12.246449,11.084625,hospital
12.246684,11.08644,hospital
12.281921,11.135887,hospital
12.747179,10.780616,hospital
12.747416,10.780075,hospital
12.711827,10.71683,hospital
12.812373,10.854025,hospital
12.768618,10.815814,hospital
12.766828,10.815297,hospital
12.723527,10.8502,hospital
12.723558,10.85128,hospital
12.694426,10.833183,hospital
12.696255,10.834445,hospital
12.696059,10.834062,hospital
12.940115,10.829482,hospital
12.974861,10.905519,hospital
12.975093,10.905983,hospital
13.004516,10.866346,hospital
13.005464,10.867749,hospital
13.00331,10.72602,hospital
12.887915,10.699029,hospital
12.926195,10.947723,hospital
12.925677,10.946193,hospital
12.898184,10.796122,hospital
12.986479,10.648226,hospital
9.393881,11.919581,hospital
12.914103,10.596498,hospital
12.933215,10.561003,hospital
13.121181,10.897948,hospital
13.120892,10.897004,hospital
8.645999,12.327968,hospital
9.3497,11.888767,hospital
13.160819,10.898421,hospital
9.385817,11.937907,hospital
8.55164,12.410226,hospital
12.807484,10.474924,hospital
12.806691,10.476228,hospital
12.825067,10.52931,hospital
12.825947,10.529884,hospital
9.37277,11.860546,hospital
12.961597,11.018089,hospital
9.404983,11.937683,hospital
12.896552,9.763358,hospital
12.895655,9.763852,hospital
9.093851,11.841886,hospital
12.910411,9.835359,hospital
13.106793,9.996808,hospital
13.10648,9.995537,hospital
13.185369,10.072058,hospital
13.048072,10.16555,hospital
9.40095,11.879862,hospital
12.842735,9.817687,hospital
12.842651,9.81839,hospital
12.842311,9.817613,hospital
12.842557,9.817037,hospital
12.842127,9.817166,hospital
12.842314,9.818783,hospital
12.842513,9.819225,hospital
12.842779,9.817937,hospital
12.842274,9.818207,hospital
12.842707,9.817474,hospital
12.841463,9.817578,hospital
9.400198,11.880234,hospital
8.617106,12.407446,hospital
9.454558,12.061431,hospital
9.454317,12.061693,hospital
8.570017,12.43291,hospital
8.569919,12.432921,hospital
9.484771,12.122143,hospital
9.359149,12.078481,hospital
7.125731,3.297933,hospital
11.699065,10.990198,hospital
11.684212,11.000905,hospital
11.949704,10.879363,hospital
12.063637,11.666289,hospital
12.063828,11.940401,hospital
12.029838,11.820926,hospital
12.236679,11.994941,hospital
12.469625,11.581662,hospital
12.475505,11.542621,hospital
12.491527,11.612165,hospital
12.262663,11.511595,hospital
11.754111,11.499802,hospital
12.26852,11.512102,hospital
12.284188,11.891264,hospital
12.381528,11.632323,hospital
12.26458,11.731991,hospital
12.361993,12.228014,hospital
12.361243,12.227542,hospital
12.42923,11.440673,hospital
11.674615,11.943742,hospital
11.673306,11.943295,hospital
11.672809,11.946003,hospital
11.672085,11.944981,hospital
11.672298,11.944323,hospital
11.672545,11.943664,hospital
11.673959,11.946417,hospital
11.674491,11.94586,hospital
11.674985,11.944513,hospital
12.431977,11.441172,hospital
12.147139,11.688551,hospital
12.056808,11.967953,hospital
9.398718,12.363754,hospital
9.434041,12.075184,hospital
9.434234,12.075276,hospital
9.460502,12.100473,hospital
13.016393,12.098129,hospital
13.090593,12.242289,hospital
9.286593,12.342482,hospital
9.287603,12.3413,hospital
9.63092,12.213621,hospital
11.754185,11.499739,hospital
9.630964,12.213785,hospital
11.754331,11.499721,hospital
9.608114,12.19555,hospital
9.562735,12.182859,hospital
9.374152,12.338816,hospital
9.562751,12.183292,hospital
11.529569,11.458642,hospital
11.525886,11.456484,hospital
9.629036,12.121053,hospital
13.115243,11.601787,hospital
11.690636,11.074796,hospital
13.090859,11.777642,hospital
12.995652,11.671613,hospital
9.312084,11.80167,hospital
13.099482,12.105437,hospital
13.019405,11.930392,hospital
12.917739,11.885941,hospital
12.956634,11.630977,hospital
13.137817,11.905392,hospital
13.229185,11.836035,hospital
9.248584,11.687497,hospital
9.312489,11.659566,hospital
9.312006,11.660482,hospital
9.26522,11.85547,hospital
9.268593,11.692303,hospital
9.320417,11.823798,hospital
9.237488,11.682842,hospital
9.329494,11.838472,hospital
9.288257,11.662162,hospital
9.288672,11.662992,hospital
9.334587,11.865296,hospital
11.459676,11.02641,hospital
11.546399,10.987218,hospital
11.546585,10.987111,hospital
11.546225,10.987342,hospital
9.225989,11.751765,hospital
9.498031,12.251763,hospital
9.498014,12.251007,hospital
9.495105,12.266515,hospital
9.494906,12.266883,hospital
9.511272,12.192503,hospital
9.510586,12.192211,hospital
9.508621,12.212452,hospital
9.511375,12.201075,hospital
9.512209,12.20103,hospital
9.500042,12.146322,hospital
9.499894,12.146232,hospital
9.499993,12.146535,hospital
9.511547,12.168125,hospital
9.498409,12.143352,hospital
9.086191,11.838257,hospital
9.040655,11.761362,hospital
10.123191,13.218485,hospital
10.122832,13.218575,hospital
13.293507,11.589925,hospital
13.15262,11.540533,hospital
13.062879,11.827484,hospital
12.977063,11.817283,hospital
12.958653,11.852822,hospital
13.351857,11.232002,hospital
13.171071,10.257325,hospital
13.031568,11.364569,hospital
13.037258,10.941233,hospital
13.038745,10.942179,hospital
9.931694,13.177587,hospital
9.791532,13.105944,hospital
13.19427,10.558479,hospital
13.165613,10.51867,hospital
13.280255,10.909945,hospital
13.370932,11.008478,hospital
9.568985,11.832852,hospital
9.568677,11.832865,hospital
9.569064,11.833278,hospital
9.568875,11.833372,hospital
9.571448,11.88441,hospital
9.571179,11.884515,hospital
9.570933,11.883894,hospital
9.570926,11.884255,hospital
9.569455,11.889178,hospital
10.657298,12.906936,hospital
9.651106,11.810234,hospital
9.650931,11.809846,hospital
9.650753,11.809725,hospital
9.650513,11.809808,hospital
9.65067,11.810538,hospital
9.651116,11.810511,hospital
9.646683,11.829321,hospital
9.645715,11.815328,hospital
9.658907,11.820401,hospital
9.589462,11.808292,hospital
9.589243,11.809177,hospital
9.607246,11.790334,hospital
9.572832,11.794057,hospital
9.627869,11.816312,hospital
9.523024,11.824252,hospital
9.506634,11.733996,hospital
9.520293,11.802125,hospital
9.519963,11.80231,hospital
9.527555,11.871583,hospital
9.527571,11.871265,hospital
9.5102,11.9269,hospital
9.517411,11.896487,hospital
9.511562,12.16812,hospital
9.509715,11.568815,hospital
9.446751,12.036974,hospital
9.452518,12.036473,hospital
9.457781,12.044313,hospital
9.4939,11.551846,hospital
9.332306,12.002552,hospital
9.604048,11.51885,hospital
9.604022,11.519393,hospital
9.603722,11.519004,hospital
9.603883,11.51996,hospital
9.60358,11.519947,hospital
9.603564,11.520072,hospital
9.629645,6.330065,doctors
9.452376,12.045637,hospital
9.452084,12.046396,hospital
9.459427,12.040518,hospital
9.441684,12.029895,hospital
9.458396,12.035028,hospital
9.070623,12.662904,hospital
9.070686,12.663027,hospital
9.184542,12.636205,hospital
9.109563,12.668028,hospital
9.109347,12.668238,hospital
9.071068,12.663349,hospital
9.091223,12.701102,hospital
9.161929,12.633994,hospital
9.162011,12.63324,hospital
8.905337,12.720355,hospital
9.089805,12.702677,hospital
9.157749,12.598447,hospital
9.651194,12.970476,hospital
9.578159,12.998118,hospital
10.815419,13.638684,hospital
9.577933,12.915474,hospital
9.578758,12.998298,hospital
9.594805,13.053448,hospital
9.594549,13.052935,hospital
9.639185,13.036367,hospital
10.838083,13.646388,hospital
10.837877,13.645441,hospital
9.638575,13.036431,hospital
9.667309,12.946988,hospital
9.667934,12.947336,hospital
10.763594,13.398324,hospital
9.509085,13.010015,hospital
9.644787,12.860969,hospital
9.622345,12.918991,hospital
9.218289,12.650974,hospital
9.218364,12.651238,hospital
9.223472,12.64893,hospital
9.22236,12.738049,hospital
8.676967,11.911037,hospital
8.663657,11.88734,hospital
8.644266,11.873671,hospital
10.460075,13.163075,hospital
10.415997,13.195766,hospital
10.475725,13.190044,hospital
10.845897,13.480399,hospital
10.886556,13.379998,hospital
9.242766,12.872996,hospital
10.857705,13.389715,hospital
9.111461,12.885302,hospital
10.805521,13.455251,hospital
10.783719,13.486464,hospital
9.085973,12.880968,hospital
10.867797,13.525205,hospital
9.111599,12.884197,hospital
9.193139,12.878948,hospital
9.181176,12.722105,hospital
9.181094,12.72234,hospital
9.087171,12.881591,hospital
9.311078,12.891954,hospital
9.052117,12.860727,hospital
9.117484,12.872725,hospital
8.834396,12.61536,hospital
10.78486,13.351242,hospital
10.72988,13.378807,hospital
10.719231,13.495099,hospital
8.798968,12.484404,hospital
8.946673,12.576465,hospital
8.945882,12.573207,hospital
8.841875,12.572267,hospital
8.977113,12.617167,hospital
8.832812,12.497143,hospital
8.927007,12.220427,hospital
9.074171,12.262436,hospital
9.074819,12.261869,hospital
9.037151,12.256295,hospital
8.889516,12.227918,hospital
11.748364,11.588161,hospital
11.82738,11.608356,hospital
10.687574,13.541114,hospital
10.735604,13.531356,hospital
10.707739,13.533336,hospital
10.79106,13.573985,hospital
10.814987,13.571851,hospital
10.765575,13.535461,hospital
10.89127,13.582044,hospital
10.929199,13.649019,hospital
10.800651,13.592088,hospital
10.728795,13.625252,hospital
10.741765,13.631709,hospital
9.666699,13.224991,hospital
9.667168,13.225084,hospital
9.667061,13.224624,hospital
9.637125,13.219717,hospital
9.560539,13.167402,hospital
8.889514,12.227922,hospital
10.176277,13.173345,hospital
9.027155,12.171743,hospital
10.132137,13.107702,hospital
10.206356,13.125862,hospital
9.551797,13.106038,hospital
9.024548,12.063027,hospital
9.031029,12.209222,hospital
9.626965,13.099721,hospital
9.535078,13.128344,hospital
9.021196,12.07819,hospital
10.014829,13.213856,hospital
10.070507,13.108891,hospital
9.030923,12.216066,hospital
9.095989,12.219704,hospital
9.095709,12.219606,hospital
10.061327,13.109577,hospital
10.039118,13.134,hospital
10.093202,13.130779,hospital
9.115425,12.230911,hospital
10.016432,13.096275,clinic
9.115006,12.230058,hospital
9.026884,12.171331,hospital
8.926615,12.220719,hospital
8.979901,12.224611,hospital
9.192269,12.2338,hospital
9.344681,12.683684,hospital
9.413287,12.722981,hospital
9.371815,12.639516,hospital
9.450986,12.722708,hospital
9.509261,12.643807,hospital
9.388037,12.787798,hospital
9.511293,12.702072,hospital
9.451044,12.72194,hospital
11.879385,11.461011,hospital
11.822923,11.68372,hospital
12.314921,11.228768,hospital
12.256843,11.180811,hospital
11.864746,11.264324,hospital
11.792897,11.232099,hospital
11.885221,11.284735,hospital
11.855584,11.122874,hospital
11.930695,11.233659,hospital
12.017545,11.127322,hospital
12.069595,11.002042,hospital
12.068114,10.999952,hospital
9.379125,12.700205,hospital
9.379303,12.700212,hospital
9.379066,12.700308,hospital
9.45806,12.621081,hospital
9.53828,12.749618,hospital
9.296439,12.699005,hospital
9.316317,12.864788,hospital
9.316049,12.864424,hospital
9.265845,12.648426,hospital
9.265618,12.649548,hospital
9.265518,12.649595,hospital
9.252313,12.6337,hospital
9.252223,12.632969,hospital
9.345247,12.780059,hospital
9.34491,12.779909,hospital
9.29252,12.792192,hospital
9.298727,12.703262,hospital
9.268368,12.681064,hospital
8.985398,12.500703,hospital
9.105705,12.474477,hospital
9.10572,12.473946,hospital
9.077774,12.583242,hospital
9.028633,12.599507,hospital
9.062569,12.455693,hospital
9.062231,12.456232,hospital
9.088537,12.387451,hospital
9.052176,12.481755,hospital
9.377661,12.847041,hospital
9.566516,12.745256,hospital
9.397395,12.841609,hospital
9.537755,12.856817,hospital
9.555729,12.781979,hospital
9.555565,12.782065,hospital
9.561547,12.779556,hospital
9.397314,12.877168,hospital
9.386203,12.794649,hospital
9.38611,12.794592,hospital
9.391362,12.795146,hospital
9.39193,12.793996,hospital
9.391994,12.793931,hospital
11.689674,11.075356,hospital
11.722238,11.105024,hospital
12.160678,11.770561,hospital
12.032113,11.821199,hospital
12.031916,11.821275,hospital
12.431764,11.440005,hospital
12.147978,11.685597,hospital
11.910067,11.058871,hospital
12.05196,11.23565,hospital
8.886055,12.460032,hospital
12.16272,11.468979,hospital
11.970289,11.377111,hospital
11.979413,11.441044,hospital
8.890835,12.393405,hospital
11.613395,11.313905,hospital
8.796285,9.457972,hospital
8.847309,12.469772,hospital
11.562944,11.324625,hospital
9.005217,12.338621,hospital
11.63159,11.372196,hospital
11.668042,11.414028,hospital
11.664792,11.50231,hospital
8.79959,12.420679,hospital
11.462843,11.46239,hospital
11.737195,11.344952,hospital
11.706011,11.325739,hospital
11.666708,11.269339,hospital
8.980827,12.433801,hospital
11.641902,11.336035,hospital
11.738769,11.261472,hospital
8.850722,12.399216,hospital
11.760752,11.293345,hospital
11.67635,11.332687,hospital
8.851343,12.400139,hospital
11.679627,11.337824,hospital
12.270196,11.315334,hospital
12.183559,11.251856,hospital
11.922849,11.639156,hospital
11.280849,11.43676,hospital
11.216938,11.400576,hospital
11.326231,11.463842,hospital
11.276286,11.522111,hospital
11.35233,11.421018,hospital
11.442788,11.51867,hospital
11.351076,11.462573,hospital
8.972724,12.4014,hospital
8.97288,12.402206,hospital
8.639452,12.186574,hospital
8.545139,12.271659,hospital
8.545242,12.271844,hospital
8.545106,12.271893,hospital
8.545787,12.271337,hospital
8.545894,12.271286,hospital
8.62921,12.245459,hospital
8.572506,12.251777,hospital
8.324906,12.056489,hospital
8.264662,12.067694,hospital
8.210864,12.034701,hospital
8.348187,11.976253,hospital
8.324021,11.978381,hospital
8.348267,11.975853,hospital
8.308011,12.030531,hospital
8.308191,12.030173,hospital
8.433296,12.049807,hospital
8.430694,12.052713,hospital
8.430739,12.052963,hospital
8.446684,12.049743,hospital
8.431229,12.052882,hospital
8.447734,12.051239,hospital
8.465586,12.057829,hospital
8.462559,12.055497,hospital
8.462478,12.055203,hospital
8.468813,12.091038,hospital
8.442608,12.106893,hospital
8.442589,12.107039,hospital
9.919387,11.940394,hospital
9.66603,11.832389,hospital
9.682757,11.873177,hospital
9.700409,11.884524,hospital
9.71097,11.877159,hospital
9.884901,11.902917,hospital
9.906124,11.929797,hospital
9.90192,11.919699,hospital
9.909108,11.949073,hospital
9.901858,11.909426,hospital
9.713083,11.93786,hospital
9.901574,11.892154,hospital
9.68667,11.899722,hospital
9.731744,11.937274,hospital
9.856825,11.933074,hospital
9.850061,11.917277,hospital
9.695805,11.916019,hospital
12.165117,11.472127,hospital
9.088698,11.858726,hospital
9.089723,11.857931,hospital
10.529668,13.273457,hospital
10.560165,13.310254,hospital
10.293592,12.958788,hospital
10.314552,12.97074,hospital
10.314975,12.969972,hospital
10.149593,13.00188,hospital
10.142514,12.988465,hospital
10.177913,12.853581,hospital
10.13195,12.96191,hospital
10.178224,12.885246,hospital
10.439253,12.852319,hospital
10.382977,12.823621,hospital
10.382942,12.823742,hospital
9.196962,11.728554,hospital
10.299267,10.302993,hospital
10.299238,10.302857,hospital
10.299136,10.303138,hospital
11.962914,10.87326,hospital
11.941483,10.840391,hospital
12.011857,10.937945,hospital
12.023462,10.955872,hospital
11.600573,11.019023,hospital
11.57917,10.941899,hospital
11.575318,11.00781,hospital
11.611502,11.046948,hospital
11.975246,10.950173,hospital
11.97773,10.957707,hospital
11.905752,10.927508,hospital
11.72413,10.994611,hospital
11.77685,10.928631,hospital
11.66319,10.92921,hospital
11.755892,10.965507,hospital
11.680681,10.939282,hospital
11.641053,10.947114,hospital
11.64231,10.948525,hospital
11.629093,11.008256,hospital
11.613581,10.946635,hospital
11.6387,10.962641,hospital
11.946293,11.016751,hospital
11.796975,11.029448,hospital
11.804119,10.994699,hospital
11.871052,10.986861,hospital
10.194674,12.991058,hospital
10.249289,13.014212,hospital
9.910997,11.963738,hospital
9.918169,11.959057,hospital
11.923804,10.968637,hospital
11.816712,11.011084,hospital
11.828781,11.024543,hospital
11.835388,10.994157,hospital
11.924337,10.864112,hospital
11.887826,10.85676,hospital
11.887129,10.852911,hospital
11.863972,11.069365,hospital
11.83699,11.132692,hospital
11.855764,11.073929,hospital
11.848289,11.074575,hospital
11.820881,11.184361,hospital
11.591728,11.536049,hospital
11.557643,11.407068,hospital
11.474323,11.53308,hospital
11.551076,11.606674,hospital
11.578953,11.699151,hospital
12.82805,11.722052,hospital
12.857619,11.788354,hospital
10.324928,13.020972,hospital
10.234653,12.99322,hospital
10.26667,13.094631,hospital
10.345121,12.903926,hospital
10.339366,13.047533,hospital
10.228712,12.979892,hospital
9.688781,6.897669,doctors
9.24347,7.167773,hospital
11.824202,11.204536,hospital
11.741778,11.146676,hospital
11.795124,11.126436,hospital
11.846328,11.179656,hospital
11.858929,11.192577,hospital
11.879032,10.966316,hospital
11.839276,10.95613,hospital
11.756587,11.011887,hospital
11.852092,10.901313,hospital
11.771464,11.086226,hospital
12.861465,10.55394,hospital
11.714811,11.048158,hospital
11.639662,11.025528,hospital
11.709327,11.068382,hospital
11.710507,11.068259,hospital
11.707306,11.069559,hospital
11.706823,11.071428,hospital
11.704811,11.096786,hospital
11.700189,11.086408,hospital
11.705132,11.099024,hospital
8.452376,12.130886,hospital
8.435926,12.061366,hospital
8.436319,12.061319,hospital
8.477755,11.915071,hospital
8.458354,11.883386,hospital
8.448351,11.955082,hospital
8.420114,11.957957,hospital
8.420425,11.957443,hospital
8.434133,11.920111,hospital
8.4408,11.989035,hospital
8.45138,11.938298,hospital
8.451462,11.938577,hospital
8.391546,11.922125,hospital
8.425994,11.955963,hospital
8.402778,11.990011,hospital
8.515198,12.151798,hospital
8.515937,12.151956,hospital
8.471103,12.246755,hospital
8.432603,12.121576,hospital
8.432754,12.121541,hospital
8.489243,12.191489,hospital
8.465902,12.162984,hospital
8.456011,12.043419,hospital
8.444979,12.046036,hospital
8.409072,12.058744,hospital
8.373587,12.006519,hospital
8.409071,12.027446,hospital
8.363116,12.150352,hospital
8.298699,12.236373,hospital
8.330786,12.226399,hospital
11.830478,13.083018,hospital
11.692556,4.836208,doctors
12.834005,4.751809,hospital
11.590357,3.916142,hospital
11.366903,5.806472,hospital
11.6378,4.069072,hospital
11.296637,5.940004,hospital
13.031484,4.664744,hospital
11.487905,4.102713,hospital
12.188561,4.414423,doctors
12.735626,4.52724,hospital
12.534217,4.385015,doctors
12.386006,4.484188,doctors
11.971801,4.200477,hospital
11.906643,4.147509,doctors
11.895307,4.39282,doctors
11.797765,4.479631,doctors
11.44884,4.570836,doctors
11.214733,4.576615,doctors
12.140984,6.926463,hospital
12.295074,4.467897,hospital
12.079283,4.002254,hospital
12.549014,3.823071,hospital
11.997842,5.831193,hospital
11.719242,6.594144,hospital
12.833798,11.844116,hospital
12.833816,11.844186,hospital
12.858233,11.807802,hospital
12.85815,11.807861,hospital
12.862459,11.83402,hospital
12.86245,11.83409,hospital
12.547268,12.425359,hospital
12.84547,12.319319,hospital
12.845283,12.319155,hospital
12.565261,11.802025,hospital
12.88829,11.919589,hospital
12.888739,11.919196,hospital
12.889062,11.925096,hospital
12.878594,11.92476,hospital
12.893007,11.928854,hospital
12.869266,11.899218,hospital
12.793996,11.898952,hospital
12.794072,11.898936,hospital
12.807692,11.828269,hospital
11.099343,12.043118,hospital
11.208824,12.027351,hospital
11.278232,12.001845,hospital
11.278558,12.001736,hospital
11.277616,12.002087,hospital
11.260971,12.005659,hospital
11.521256,12.237027,hospital
11.612504,12.271603,hospital
11.503724,11.933556,hospital
11.376663,12.185073,hospital
11.271137,11.726867,hospital
11.537017,12.093327,hospital
11.353019,11.80719,hospital
10.93743,11.680758,hospital
10.931195,11.680334,hospital
10.923204,11.75982,hospital
11.06962,11.804495,hospital
11.070299,11.794069,hospital
11.067703,11.79701,hospital
11.105575,11.897354,hospital
11.150888,11.87772,hospital
11.095763,11.864966,hospital
11.032153,11.730441,hospital
12.2296,4.374415,hospital
12.223676,4.371169,hospital
11.414613,4.238169,hospital
11.851469,3.664467,hospital
11.18893,4.12353,hospital
10.629427,11.568895,hospital
10.610738,11.586819,hospital
10.957474,11.615276,hospital
10.76559,11.672526,hospital
10.890772,11.656427,hospital
10.910794,11.545937,hospital
10.880507,11.673141,hospital
10.876793,11.599732,hospital
10.87631,11.634196,hospital
10.869427,11.56712,hospital
11.054161,11.56055,hospital
11.022185,11.507464,hospital
11.071121,11.659604,hospital
11.047514,11.722715,hospital
11.058479,11.92651,hospital
11.048734,11.913211,hospital
11.048571,11.913731,hospital
11.021634,11.78882,hospital
11.021302,11.789904,hospital
11.033208,11.730516,hospital
11.095647,11.864733,hospital
11.150793,11.877489,hospital
11.105578,11.897356,hospital
11.106175,11.896771,hospital
11.070097,11.7935,hospital
11.069844,11.793801,hospital
11.070304,11.806439,hospital
10.923373,11.759203,hospital
12.634923,6.822869,hospital
12.326354,6.406519,hospital
12.43223,6.607787,hospital
12.132798,5.470523,hospital
11.869393,13.154889,hospital
10.392559,5.470191,health_post
6.316547,5.609297,hospital
9.65307,6.528782,hospital
6.715349,11.248185,hospital
9.539149,6.581184,health_post
9.530371,6.592051,hospital
6.447449,3.336988,hospital
10.101647,6.619404,doctors
7.394971,5.183967,clinic
7.111717,5.108945,clinic
7.111309,5.126922,clinic
10.176349,11.472039,hospital
10.223964,11.383202,hospital
5.05871,6.710225,hospital
12.793701,11.898488,hospital
12.793724,11.899056,hospital
12.840446,11.802416,hospital
7.108885,5.109153,clinic
7.169356,5.238543,clinic
8.829619,7.572795,clinic
6.860061,7.412446,hospital
5.50419,6.755303,clinic
5.263556,6.653197,hospital
8.992209,7.425984,clinic
6.457525,7.523986,hospital
13.512832,12.943754,hospital
6.471016,3.649018,clinic
6.076497,6.747221,hospital
9.508809,11.645529,hospital
11.986346,8.504461,hospital
11.986242,8.503903,hospital
12.011382,8.501521,hospital
9.607051,11.800389,hospital
9.474669,11.637872,hospital
4.791486,6.779003,hospital
11.956599,8.586747,hospital
8.645193,12.077257,hospital
8.136035,4.232715,hospital
7.335539,5.195329,clinic
7.335658,5.195203,clinic
5.528078,5.75957,hospital
5.678752,7.239484,hospital
5.67895,7.240396,hospital
5.678823,7.240107,hospital
5.679124,7.240068,hospital
5.679365,7.239779,hospital
5.679331,7.239936,hospital
5.679597,7.239794,hospital
5.679033,7.239491,hospital
4.976173,7.592478,hospital
5.470317,7.110728,hospital
9.451101,12.046857,hospital
9.315478,7.794689,clinic
7.241072,5.063546,clinic
7.240995,5.06364,clinic
5.533782,6.073961,hospital
11.656148,9.930049,hospital
11.656701,9.929711,hospital
11.65687,9.930013,hospital
11.656501,9.930047,hospital
11.656876,9.93036,hospital
11.656511,9.93038,hospital
8.825949,7.570324,hospital
6.171835,6.615377,hospital
6.465726,7.522684,hospital
6.456644,7.531919,pharmacy
12.139497,10.531526,hospital
6.424133,7.506873,hospital
9.098371,7.484785,hospital
9.99643,11.157003,clinic
7.534341,4.458264,hospital
9.970548,8.88655,hospital
9.72585,8.797726,clinic
9.018444,7.585746,hospital
5.949507,6.987787,hospital
6.414985,7.482412,hospital
13.295537,5.416636,hospital
5.518411,5.734483,hospital
8.93965,7.427235,hospital
8.928667,7.486861,clinic
8.928697,7.486627,clinic
8.928479,7.48658,clinic
9.867806,8.928456,hospital
7.297648,5.145135,hospital
9.863645,8.859415,hospital
9.864576,8.864163,hospital
9.85469,8.85371,hospital
9.870915,8.857066,hospital
6.182675,8.358803,hospital
6.330946,7.508675,hospital
4.760785,8.243037,hospital
4.692178,5.573795,hospital
4.692521,5.573718,hospital
4.692466,5.574305,hospital
4.759927,8.243641,hospital
9.015151,7.407798,hospital
9.077117,7.398371,hospital
9.046261,7.523282,hospital
10.292087,11.16601,clinic
10.30845,11.174841,hospital
10.293431,11.181551,hospital
7.168102,5.133593,clinic
7.199518,5.217098,clinic
8.907426,11.39174,hospital
9.85135,8.866742,hospital
7.398124,5.271395,clinic
7.397765,5.271271,clinic
7.260531,5.160651,clinic
7.311543,5.225101,clinic
7.24792,5.176716,clinic
7.271458,5.284602,clinic
7.095958,5.14428,clinic
7.209904,5.045317,clinic
7.254159,5.251478,clinic
7.254193,5.251372,clinic
7.410812,5.054743,clinic
7.40364,5.069663,clinic
7.34781,5.11523,clinic
7.347937,5.115328,clinic
7.420728,5.01134,clinic
7.361994,5.181849,clinic
7.362429,5.181944,clinic
7.362698,5.182047,clinic
7.362356,5.182218,clinic
7.281674,5.227224,clinic
7.239385,5.189677,clinic
7.368612,5.244171,clinic
7.107913,5.210236,clinic
7.265626,5.322889,clinic
7.38541,5.091651,clinic
7.411882,5.053411,clinic
7.140463,5.09608,clinic
7.346637,5.101631,clinic
7.347049,5.101695,clinic
7.357657,5.252888,clinic
7.268026,5.093569,clinic
7.241024,5.184017,clinic
7.133105,5.099831,hospital
7.27353,5.30494,clinic
7.373651,5.173515,clinic
7.399798,5.074295,clinic
10.509584,7.433559,pharmacy
10.514153,7.432659,hospital
10.514984,7.432749,pharmacy
10.5192,7.449605,clinic
7.775853,4.527899,hospital
6.428415,3.464268,hospital
7.63483,4.181581,pharmacy
9.193667,12.490588,hospital
7.453484,5.063959,clinic
7.253449,5.182482,hospital
9.893867,8.864805,pharmacy
10.261455,11.176268,hospital
8.99292,7.36313,pharmacy
8.95659,11.369158,clinic
8.89989,11.36855,hospital
8.903881,11.313987,hospital
9.07294,7.415819,hospital
9.101267,7.417048,hospital
9.121188,7.383479,hospital
9.099061,7.409701,hospital
9.046028,7.523007,hospital
9.033907,7.485116,hospital
9.07384,7.443082,hospital
5.502193,7.037537,hospital
5.51302,6.998228,hospital
4.480184,7.409766,hospital
9.198345,9.881085,hospital
4.61861,6.277098,hospital
8.973706,7.503167,hospital
12.983049,7.595286,clinic
4.758128,7.031846,hospital
9.542593,7.923354,clinic
4.901873,6.908997,clinic
4.901842,6.909192,clinic
4.901641,6.909153,clinic
4.901607,6.909053,clinic
11.848596,13.017379,clinic
7.181626,4.703609,hospital
11.854806,12.986946,hospital
