cell_id,latitude,longitude,rwi,population,is_urban,smod_class,smod_label,travel_time_cities,travel_time_50k,parish_name,subregion,moderate_prevalence,severe_prevalence,uniform_moderate,uniform_severe,rwi_moderate,rwi_severe,heuristic_moderate,heuristic_severe,heuristic_moderate_depth,heuristic_severe_depth,ridge_raw_score,ridge_moderate,ridge_severe,ridge_moderate_depth,ridge_severe_depth,ridge_moderate_lower,ridge_moderate_upper,gbm_raw_score,gbm_moderate,gbm_severe,gbm_moderate_depth,gbm_severe_depth,gbm_moderate_lower,gbm_moderate_upper
0,18.4691886,-77.7062988,0.263,0.5399979948997498,0,12,Low Density Rural,27.0,49.0,Trelawny,Rural,34.64603058204654,7.93809499227347,34.64603058204654,7.93809499227347,32.05953579118197,7.3454775696720205,27.175054879500593,6.226345801515998,0.33772928601316676,0.06962922639555888,32.90346650784345,32.99959947563056,7.560864865144951,0.4101162341361938,0.084553153362157,0.5466901230196521,1.1993336732824342,34.65074619627431,34.62673574216793,7.933674160528997,0.4303381461794455,0.08872227979010838,34.60755501469312,34.63432822689843
1,18.2815179,-77.1569824,-0.668,1.1715630292892456,0,12,Low Density Rural,24.0,128.0,Saint Ann,Rural,34.64603058204654,7.93809499227347,34.64603058204654,7.93809499227347,81.33648352175149,18.63580680632795,50.467959061929676,11.563213631386853,0.6272115311673098,0.12931142044889507,47.682012156849545,47.82132311174867,10.956816672498594,0.5943193631935966,0.12253008313131006,0.0,0.0,34.650875350738104,34.626864807137046,7.933703731881553,0.4303397501879769,0.08872261048655018,34.60753138898199,34.63507636031139
2,18.1980434,-77.3327637,-0.484,,0,11,Very Low Density Rural,52.0,72.0,Clarendon,Rural,34.64603058204654,7.93809499227347,34.64603058204654,7.93809499227347,67.66673279910316,15.503794915381,50.467959061929676,11.563213631386853,0.6272115311673098,0.12931142044889507,,,,,,,,,,,,,,
3,18.260653,-78.3654785,1.055,12.531205177307129,1,21,Suburban / Peri-urban,74.0,158.0,Westmoreland,Urban,22.91662051591443,5.07397966218306,22.91662051591443,5.07397966218306,17.26571550343032,3.822810141513072,18.645000109351066,4.128198190939641,0.2172023027032337,0.04722374302752002,26.75162525289948,29.717775219732534,6.579826504764802,0.3461930367973413,0.07526868179648921,9.582736280529433,11.649998623095938,22.22909447327799,20.61138999691521,4.5635774952526,0.24010948474058216,0.05220418229797467,19.571519686601878,22.15899484345454
4,18.0727566,-76.8493652,0.706,4.10788106918335,0,12,Low Density Rural,4.0,16.0,Saint Andrew,Rural,34.64603058204654,7.93809499227347,34.64603058204654,7.93809499227347,20.58565898740707,4.7165840869881475,27.175054879500593,6.226345801515998,0.33772928601316676,0.06962922639555888,35.34062932135376,35.44388286697382,8.120898826396886,0.4404935816055055,0.09081601326751564,14.214467494926419,15.410400196456749,34.00085106086014,33.97729093694967,7.784873433015565,0.4222669010119967,0.08705824122332433,33.76169850776284,34.77000867381977
5,17.9473804,-76.5856934,-0.519,,0,11,Very Low Density Rural,89.0,74.0,Saint Thomas,Rural,34.64603058204654,7.93809499227347,34.64603058204654,7.93809499227347,70.07700211682914,16.056035575555953,50.467959061929676,11.563213631386853,0.6272115311673098,0.12931142044889507,,,,,,,,,,,,,,
6,17.8846589,-77.7502441,0.966,0.0,0,12,Low Density Rural,92.0,224.0,Saint Elizabeth,Rural,34.64603058204654,7.93809499227347,34.64603058204654,7.93809499227347,15.872605007051657,3.636729639848077,27.175054879500593,6.226345801515998,0.33772928601316676,0.06962922639555888,40.739759679437185,40.85878768531567,9.361561265931618,0.5077895611807804,0.10469034158731388,23.721339241650206,25.96969604384484,34.83800515590305,34.8138649449184,7.976549184371738,0.4326637721006208,0.0892017511906744,34.39542501511807,35.477254602656735
7,18.0727566,-77.8820801,0.231,1.6817489862442017,0,12,Low Density Rural,61.0,166.0,Saint Elizabeth,Rural,34.64603058204654,7.93809499227347,34.64603058204654,7.93809499227347,33.102031916351365,7.584334175512459,38.821506970715134,8.894779716451426,0.4824704085902382,0.09947032342222697,31.839035590873884,31.932058646122503,7.316270019201569,0.39684892690394125,0.08181784914901293,0.0,0.0,34.650875350738104,34.626864807137046,7.933703731881553,0.4303397501879769,0.08872261048655018,34.60753138898199,34.63502886222999
8,17.9473804,-77.4865723,0.106,0.3988809883594513,0,12,Low Density Rural,66.0,81.0,Manchester,Rural,34.64603058204654,7.93809499227347,34.64603058204654,7.93809499227347,37.509516259382266,8.594176538523806,38.821506970715134,8.894779716451426,0.4824704085902382,0.09947032342222697,32.613656762206105,32.708943002462696,7.494269683666317,0.406503980045324,0.0838084194338069,0.0,0.0,34.649961136348615,34.62595122623183,7.9334944123177555,0.4303283962816756,0.08872026966582462,34.60753138898199,34.63432822689843
9,18.3649523,-77.2009277,0.035,,0,11,Very Low Density Rural,30.0,114.0,Saint Ann,Rural,34.64603058204654,7.93809499227347,34.64603058204654,7.93809499227347,40.26951244747669,9.226546583557464,38.821506970715134,8.894779716451426,0.4824704085902382,0.09947032342222697,,,,,,,,,,,,,,
10,18.3023803,-78.1677246,0.17,,0,12,Low Density Rural,55.0,53.0,Westmoreland,Rural,34.64603058204654,7.93809499227347,34.64603058204654,7.93809499227347,35.184113781279756,8.06138055998503,38.821506970715134,8.894779716451426,0.4824704085902382,0.09947032342222697,,,,,,,,,,,,,,
11,18.2397857,-77.7502441,-1.037,,0,11,Very Low Density Rural,68.0,136.0,Saint Elizabeth,Rural,34.64603058204654,7.93809499227347,34.64603058204654,7.93809499227347,100.0,26.95273636846945,50.467959061929676,11.563213631386853,0.6272115311673098,0.12931142044889507,,,,,,,,,,,,,,
12,18.1145288,-77.442627,0.661,4.16392707824707,0,12,Low Density Rural,58.0,36.0,Manchester,Rural,34.64603058204654,7.93809499227347,34.64603058204654,7.93809499227347,21.533172815408058,4.933678358591721,27.175054879500593,6.226345801515998,0.33772928601316676,0.06962922639555888,36.64247251658458,36.749529614329504,8.420048475945283,0.45672004906712155,0.09416140386074061,14.735142648802922,15.678348510202058,34.647788678583744,34.62378027382263,7.932997003923247,0.4303014158685586,0.0887147071476452,34.5768409879156,34.80276853311027
13,18.3440975,-77.1789551,-0.08,1.4586989879608154,0,11,Very Low Density Rural,26.0,49.0,Saint Ann,Rural,34.64603058204654,7.93809499227347,34.64603058204654,7.93809499227347,45.177296358796646,10.351017532613238,38.821506970715134,8.894779716451426,0.4824704085902382,0.09947032342222697,33.72831172534592,33.826854616072445,7.75040547852411,0.42039729112654844,0.0866727860810653,0.0,0.0,34.65074619627431,34.62673574216793,7.933674160528997,0.4303381461794455,0.08872227979010838,34.60755501469312,34.63512114144663
14,18.2189158,-76.739502,-0.259,0.0,0,12,Low Density Rural,53.0,40.0,Saint Mary,Rural,34.64603058204654,7.93809499227347,34.64603058204654,7.93809499227347,54.03298361054098,12.380031692250894,50.467959061929676,11.563213631386853,0.6272115311673098,0.12931142044889507,36.52959902739589,36.63632634640769,8.39411135474835,0.45531316841797037,0.09387134902899154,0.0,0.0,34.649961136348615,34.62595122623183,7.9334944123177555,0.4303283962816756,0.08872026966582462,34.6055047351195,34.63137820946334
15,18.0309744,-77.6403809,0.115,1.2321900129318237,0,12,Low Density Rural,73.0,119.0,Saint Elizabeth,Rural,34.64603058204654,7.93809499227347,34.64603058204654,7.93809499227347,37.17344520128584,8.517175971979663,38.821506970715134,8.894779716451426,0.4824704085902382,0.09947032342222697,32.06338150187743,32.15706002114017,7.367822311290346,0.39964522498222105,0.08239435844218221,0.0,0.0,34.650875350738104,34.626864807137046,7.933703731881553,0.4303397501879769,0.08872261048655018,34.60753138898199,34.63502886222999
16,18.2397857,-77.0251465,0.252,0.0,0,12,Low Density Rural,22.0,54.0,Saint Ann,Rural,34.64603058204654,7.93809499227347,34.64603058204654,7.93809499227347,32.41413741827479,7.426723858294076,27.175054879500593,6.226345801515998,0.33772928601316676,0.06962922639555888,32.809355462665145,32.90521346933008,7.539239153010909,0.408943212824596,0.08431131301885648,0.015774746106313464,0.874073486568156,34.650309286624534,34.62629913526486,7.9335741251999075,0.4303327200657431,0.08872116109500233,34.60889248380942,34.64270116714976
17,18.2815179,-78.1237793,0.459,,0,11,Very Low Density Rural,48.0,50.0,Westmoreland,Rural,34.64603058204654,7.93809499227347,34.64603058204654,7.93809499227347,26.3533306584548,6.038072431824593,27.175054879500593,6.226345801515998,0.33772928601316676,0.06962922639555888,,,,,,,,,,,,,,
18,18.0100796,-77.7062988,-0.06,0.9874860048294067,0,12,Low Density Rural,76.0,208.0,Saint Elizabeth,Rural,34.64603058204654,7.93809499227347,34.64603058204654,7.93809499227347,44.28272595447858,10.14605365284246,38.821506970715134,8.894779716451426,0.4824704085902382,0.09947032342222697,32.20512661595648,32.29921926722207,7.400393823249148,0.4014119680814458,0.08275860566720347,0.0,0.0,34.650875350738104,34.626864807137046,7.933703731881553,0.4303397501879769,0.08872261048655018,34.60753138898199,34.63452707933807
19,18.260653,-78.2336426,0.428,,0,11,Very Low Density Rural,63.0,67.0,Westmoreland,Rural,34.64603058204654,7.93809499227347,34.64603058204654,7.93809499227347,27.183078553324396,6.228184184843912,27.175054879500593,6.226345801515998,0.33772928601316676,0.06962922639555888,,,,,,,,,,,,,,
20,18.3440975,-78.013916,-0.283,1.192931056022644,0,12,Low Density Rural,27.0,92.0,Hanover,Rural,34.64603058204654,7.93809499227347,34.64603058204654,7.93809499227347,55.345461959019765,12.680746597551638,50.467959061929676,11.563213631386853,0.6272115311673098,0.12931142044889507,35.97002678880139,36.07511922414601,8.265527636151676,0.44833853371907534,0.09243339727713562,0.0,0.0,34.65074619627431,34.62673574216793,7.933674160528997,0.4303381461794455,0.08872227979010838,34.60753138898199,34.63507636031139
21,18.0727566,-77.5964355,-0.245,1.2234699726104736,0,12,Low Density Rural,78.0,225.0,Manchester,Rural,34.64603058204654,7.93809499227347,34.64603058204654,7.93809499227347,53.28179244754992,12.207918849625008,50.467959061929676,11.563213631386853,0.6272115311673098,0.12931142044889507,34.342251588551804,34.442588207032784,7.891482296066078,0.4280495761714712,0.08825044816102925,0.0,0.0,34.650875350738104,34.626864807137046,7.933703731881553,0.4303397501879769,0.08872261048655018,34.60723214781113,34.63502886222999
22,18.2189158,-77.2668457,-0.398,,0,11,Very Low Density Rural,57.0,252.0,Saint Ann,Rural,34.64603058204654,7.93809499227347,34.64603058204654,7.93809499227347,62.090603661972445,14.226192776373916,50.467959061929676,11.563213631386853,0.6272115311673098,0.12931142044889507,,,,,,,,,,,,,,
23,18.4275017,-77.1789551,0.627,5.6339640617370605,1,21,Suburban / Peri-urban,28.0,60.0,Saint Ann,Urban,22.91662051591443,5.07397966218306,22.91662051591443,5.07397966218306,26.488820403308946,5.864902109291059,26.635714441930098,5.89742598705663,0.31028900386176245,0.06746249003931432,21.532495422190706,23.91996197715979,5.296129964189789,0.27865222802585066,0.0605840778231435,0.0,0.0,22.89118553732852,21.22529791615245,4.699503134659148,0.24726111857936145,0.05375907796172309,21.08958899191919,21.99148634214453
24,18.093644,-77.4645996,-0.12,0.3267810046672821,0,12,Low Density Rural,48.0,33.0,Manchester,Rural,34.64603058204654,7.93809499227347,34.64603058204654,7.93809499227347,47.0210167991181,10.773450571798168,38.821506970715134,8.894779716451426,0.4824704085902382,0.09947032342222697,34.51243071413409,34.613264539327126,7.930587639908481,0.43017072720872623,0.08868776322936611,0.0,0.0,34.650309286624534,34.62629913526486,7.9335741251999075,0.4303327200657431,0.08872116109500233,34.602729891972594,34.633170684247986
25,18.0309744,-76.3000488,-0.281,0.000506000011228025,0,11,Very Low Density Rural,79.0,318.0,Portland,Rural,34.64603058204654,7.93809499227347,34.64603058204654,7.93809499227347,55.23488165226858,12.65541044895052,50.467959061929676,11.563213631386853,0.6272115311673098,0.12931142044889507,34.9023085921123,35.004281510582196,8.020177408469797,0.4350302530903326,0.08968964562985256,0.0,0.0,34.65009029081241,34.62608029120094,7.9335239836703115,0.430330000290207,0.08872060036226642,34.60644292342364,34.6347454699361
26,18.0518668,-77.5524902,0.264,,0,11,Very Low Density Rural,81.0,45.0,Manchester,Rural,34.64603058204654,7.93809499227347,34.64603058204654,7.93809499227347,32.02749227981677,7.338135763617193,27.175054879500593,6.226345801515998,0.33772928601316676,0.06962922639555888,,,,,,,,,,,,,,
27,18.3023803,-78.2116699,-0.307,0.9622650146484375,0,11,Very Low Density Rural,53.0,59.0,Westmoreland,Rural,34.64603058204654,7.93809499227347,34.64603058204654,7.93809499227347,56.68982082380765,12.988765963496583,50.467959061929676,11.563213631386853,0.6272115311673098,0.12931142044889507,37.30064346044528,37.40962351442733,8.57128912299107,0.4649236402859881,0.09585272804816333,0.0,0.0,34.65074619627431,34.62673574216793,7.933674160528997,0.4303381461794455,0.08872227979010838,34.60753138898199,34.634619358554716
28,18.093644,-76.8054199,0.943,3.626899003982544,1,21,Suburban / Peri-urban,3.0,11.0,Saint Andrew,Kingston Metropolitan Area (KMA),34.567489297207274,6.3937660639451295,34.567489297207274,6.3937660639451295,38.27449607861569,7.079431544420116,45.619430075878164,8.437985222699773,0.5666944528027779,0.08508429749345968,43.162066535561266,38.82585687125036,7.181413840404286,0.48230321329433334,0.07241367879820798,3.7466636417282326,5.334623840135717,30.603267967942838,34.091239935435866,6.305676732924042,0.42348877503393806,0.06358319680370757,26.202292265394483,36.775146244469724
29,18.1145288,-77.5964355,0.181,1.0851589441299438,0,12,Low Density Rural,74.0,209.0,Manchester,Rural,34.64603058204654,7.93809499227347,34.64603058204654,7.93809499227347,34.79920938497684,7.973191303973132,38.821506970715134,8.894779716451426,0.4824704085902382,0.09947032342222697,31.41261158470534,31.504388771065372,7.218282341060557,0.3915338818306987,0.08072205292394712,0.0,0.0,34.650875350738104,34.626864807137046,7.933703731881553,0.4303397501879769,0.08872261048655018,34.60753138898199,34.63452707933807
30,18.0518668,-76.9592285,-0.071,,0,12,Low Density Rural,2.0,10.0,Saint Catherine,Rural,34.64603058204654,7.93809499227347,34.64603058204654,7.93809499227347,44.772524895356646,10.258276336205784,38.821506970715134,8.894779716451426,0.4824704085902382,0.09947032342222697,,,,,,,,,,,,,,
31,18.1980434,-77.1569824,-0.109,,0,12,Low Density Rural,44.0,63.0,Saint Ann,Rural,34.64603058204654,7.93809499227347,34.64603058204654,7.93809499227347,46.50661998363704,10.65559202591535,38.821506970715134,8.894779716451426,0.4824704085902382,0.09947032342222697,,,,,,,,,,,,,,
32,18.1562911,-76.9152832,0.035,,0,11,Very Low Density Rural,18.0,227.0,Saint Catherine,Rural,34.64603058204654,7.93809499227347,34.64603058204654,7.93809499227347,40.26951244747669,9.226546583557464,38.821506970715134,8.894779716451426,0.4824704085902382,0.09947032342222697,,,,,,,,,,,,,,
33,17.9055685,-77.7282715,0.049,1.4111579656600952,0,12,Low Density Rural,88.0,72.0,Saint Elizabeth,Rural,34.64603058204654,7.93809499227347,34.64603058204654,7.93809499227347,39.70966733311952,9.098274928072914,38.821506970715134,8.894779716451426,0.4824704085902382,0.09947032342222697,32.41007649143037,32.50476793795579,7.4474891137170065,0.40396650959445013,0.08328527231031743,0.0,0.0,34.65074619627431,34.62673574216793,7.933674160528997,0.4303381461794455,0.08872227979010838,34.60723214781113,34.635073643365224
34,17.9473804,-77.6403809,0.212,,0,11,Very Low Density Rural,87.0,93.0,Saint Elizabeth,Rural,34.64603058204654,7.93809499227347,34.64603058204654,7.93809499227347,33.73698346109305,7.729814208664138,38.821506970715134,8.894779716451426,0.4824704085902382,0.09947032342222697,,,,,,,,,,,,,,
35,18.4900283,-77.9260254,1.21,27.597558975219727,1,30,Urban Centre,1.0,2.0,Saint James,Urban,22.91662051591443,5.07397966218306,22.91662051591443,5.07397966218306,14.786620807251856,3.273912625830075,18.645000109351066,4.128198190939641,0.2172023027032337,0.04722374302752002,25.160698997109414,27.95045123796378,6.188522475719347,0.32560484499195214,0.07079243330778238,10.385818231319242,12.801386245470509,26.835863544206763,24.882905152909675,5.509335662918352,0.2898698989252111,0.06302300412054318,22.31803711731867,29.3484881948982
36,18.3023803,-77.8381348,-0.072,,0,11,Very Low Density Rural,24.0,122.0,Saint James,Rural,34.64603058204654,7.93809499227347,34.64603058204654,7.93809499227347,44.8173198139784,10.268539743390296,38.821506970715134,8.894779716451426,0.4824704085902382,0.09947032342222697,,,,,,,,,,,,,,
37,18.1145288,-76.7175293,-0.6,2.5156450271606445,0,12,Low Density Rural,13.0,86.0,Portland,Rural,34.64603058204654,7.93809499227347,34.64603058204654,7.93809499227347,75.98946161413677,17.410697692373407,50.467959061929676,11.563213631386853,0.6272115311673098,0.12931142044889507,44.37038251052867,44.50001798682627,10.19583958112522,0.5530424637192163,0.11402007615993862,0.0,0.0,34.647893920034804,34.623885442349,7.933021100125279,0.43030272289411853,0.08871497661547754,34.57640345917671,34.65977658955231
38,17.9473804,-76.7175293,0.979,5.826817035675049,1,23,Dense Urban Cluster,0.0,72.0,Saint Andrew,Kingston Metropolitan Area (KMA),34.567489297207274,6.3937660639451295,34.567489297207274,6.3937660639451295,36.921121130194486,6.8291049227031,35.09186928913705,6.49075786361521,0.4359188098482907,0.06544945961035359,39.565975056150386,35.59104111096938,6.583087041099532,0.4421196304626063,0.0663804594873466,0.9933403759322383,3.503000856679941,33.51513344600048,37.334981903651844,6.9056545658021005,0.4637832411562479,0.06963306428685358,33.863930992503455,38.55806722079016
39,18.3023803,-76.8493652,0.75,9.572629928588867,0,13,Rural Cluster,39.0,39.0,Saint Mary,Rural,34.64603058204654,7.93809499227347,34.64603058204654,7.93809499227347,19.699527835189784,4.513553807797704,27.175054879500593,6.226345801515998,0.33772928601316676,0.06962922639555888,37.37381543305381,37.48300927116356,8.588103260087454,0.46583567227031936,0.09604076054681528,16.922912420450537,18.345998196239698,34.60961343603863,34.585631483951985,7.92425635708013,0.42982730593124985,0.08861696049217758,34.318297392241995,35.047541409359276
40,18.0309744,-77.2009277,-0.326,,0,11,Very Low Density Rural,23.0,65.0,Clarendon,Rural,34.64603058204654,7.93809499227347,34.64603058204654,7.93809499227347,57.777225047033745,13.237911908182124,50.467959061929676,11.563213631386853,0.6272115311673098,0.12931142044889507,,,,,,,,,,,,,,
41,17.8428322,-77.244873,0.222,,0,12,Low Density Rural,21.0,23.0,Clarendon,Rural,34.64603058204654,7.93809499227347,34.64603058204654,7.93809499227347,33.401294866853604,7.652901272199887,38.821506970715134,8.894779716451426,0.4824704085902382,0.09947032342222697,,,,,,,,,,,,,,
42,18.1562911,-76.4538574,0.344,,0,11,Very Low Density Rural,86.0,200.0,Portland,Rural,34.64603058204654,7.93809499227347,34.64603058204654,7.93809499227347,29.56510165727064,6.77395307539941,27.175054879500593,6.226345801515998,0.33772928601316676,0.06962922639555888,,,,,,,,,,,,,,
43,18.0727566,-76.7175293,0.54,,0,11,Very Low Density Rural,7.0,15.0,Saint Andrew,Rural,34.64603058204654,7.93809499227347,34.64603058204654,7.93809499227347,24.302875281780796,5.568272305114243,27.175054879500593,6.226345801515998,0.33772928601316676,0.06962922639555888,,,,,,,,,,,,,,
44,18.1145288,-77.6843262,0.021,,0,11,Very Low Density Rural,78.0,83.0,Saint Elizabeth,Rural,34.64603058204654,7.93809499227347,34.64603058204654,7.93809499227347,40.837250515190554,9.356626671709837,38.821506970715134,8.894779716451426,0.4824704085902382,0.09947032342222697,,,,,,,,,,,,,,
45,18.0727566,-76.7614746,0.189,2.5003280639648438,0,11,Very Low Density Rural,6.0,13.0,Saint Andrew,Rural,34.64603058204654,7.93809499227347,34.64603058204654,7.93809499227347,34.52192632099439,7.909660236642666,38.821506970715134,8.894779716451426,0.4824704085902382,0.09947032342222697,31.584579769029748,31.676859389135483,7.257798791476846,0.3936773320999752,0.08116396539718537,0.0,0.0,34.57470004914711,34.55074228950553,7.916262548408051,0.4293937059704687,0.0885275657281323,34.30808471510447,34.89866329849707
46,18.4483464,-78.079834,1.182,7.23859977722168,0,13,Rural Cluster,21.0,26.0,Hanover,Rural,34.64603058204654,7.93809499227347,34.64603058204654,7.93809499227347,12.789118186875273,2.9302414541952215,27.175054879500593,6.226345801515998,0.33772928601316676,0.06962922639555888,45.905768973602186,46.03989033765147,10.548654977044201,0.5721798671909537,0.11796561080600662,32.077130416840824,34.1285662906454,34.50032036383324,34.47641414391927,7.899232491274494,0.42846996205713206,0.08833711859565965,33.89855746778387,35.55963865223036
47,18.2189158,-77.5085449,-0.106,,0,11,Very Low Density Rural,66.0,48.0,Trelawny,Rural,34.64603058204654,7.93809499227347,34.64603058204654,7.93809499227347,46.36730919435313,10.623673152087498,38.821506970715134,8.894779716451426,0.4824704085902382,0.09947032342222697,,,,,,,,,,,,,,
48,18.4691886,-77.5964355,0.465,,0,11,Very Low Density Rural,36.0,98.0,Trelawny,Rural,34.64603058204654,7.93809499227347,34.64603058204654,7.93809499227347,26.195684087157392,6.001952465492475,27.175054879500593,6.226345801515998,0.33772928601316676,0.06962922639555888,,,,,,,,,,,,,,
49,17.9473804,-77.0690918,0.665,40.66327667236328,1,22,Semi-dense Urban Cluster,1.0,15.0,Saint Catherine,Urban,22.91662051591443,5.07397966218306,22.91662051591443,5.07397966218306,25.501130191208365,5.646217157674593,26.635714441930098,5.89742598705663,0.31028900386176245,0.06746249003931432,17.806337835510888,19.78065782096651,4.379644695800012,0.23043198726203667,0.050100117799631305,0.0,0.0,25.772021096703295,23.89648298411076,5.290931469362134,0.2783787128032444,0.060524610624012924,21.600123791325434,27.70805507230221
50,18.1562911,-76.4978027,-0.508,,0,11,Very Low Density Rural,88.0,185.0,Portland,Rural,34.64603058204654,7.93809499227347,34.64603058204654,7.93809499227347,69.31037924941312,15.880387022386607,50.467959061929676,11.563213631386853,0.6272115311673098,0.12931142044889507,,,,,,,,,,,,,,
51,17.8846589,-77.7062988,0.899,6.036441802978516,1,21,Suburban / Peri-urban,89.0,69.0,Saint Elizabeth,Urban,22.91662051591443,5.07397966218306,22.91662051591443,5.07397966218306,20.18062069550435,4.468200662838169,18.645000109351066,4.128198190939641,0.2172023027032337,0.04722374302752002,24.862330274711972,27.61900017504771,6.115135740922338,0.32174365251801385,0.0699529396242454,4.5732751370918265,6.281608442438028,22.565961009951604,20.92374134224944,4.632735352650499,0.24374817774466648,0.0529953005377094,20.87289062075829,21.614820170047828
52,18.1562911,-76.5197754,-0.715,,0,11,Very Low Density Rural,83.0,82.0,Portland,Rural,34.64603058204654,7.93809499227347,34.64603058204654,7.93809499227347,85.25055852029246,19.53259927066877,50.467959061929676,11.563213631386853,0.6272115311673098,0.12931142044889507,,,,,,,,,,,,,,
53,18.4275017,-78.1018066,-0.137,,0,11,Very Low Density Rural,48.0,32.0,Hanover,Rural,34.64603058204654,7.93809499227347,34.64603058204654,7.93809499227347,47.82720728819953,10.958164854406697,50.467959061929676,11.563213631386853,0.6272115311673098,0.12931142044889507,,,,,,,,,,,,,,
54,18.3232401,-78.0358887,-0.159,,0,12,Low Density Rural,33.0,98.0,Westmoreland,Rural,34.64603058204654,7.93809499227347,34.64603058204654,7.93809499227347,48.891065378941214,11.201915911619649,50.467959061929676,11.563213631386853,0.6272115311673098,0.12931142044889507,,,,,,,,,,,,,,
55,18.4066544,-76.9152832,0.263,,0,11,Very Low Density Rural,54.0,115.0,Saint Mary,Rural,34.64603058204654,7.93809499227347,34.64603058204654,7.93809499227347,32.05953579118197,7.3454775696720205,27.175054879500593,6.226345801515998,0.33772928601316676,0.06962922639555888,,,,,,,,,,,,,,
56,17.9891824,-77.5524902,0.439,,0,12,Low Density Rural,60.0,46.0,Manchester,Rural,34.64603058204654,7.93809499227347,34.64603058204654,7.93809499227347,26.885703251923776,6.160049586126062,27.175054879500593,6.226345801515998,0.33772928601316676,0.06962922639555888,,,,,,,,,,,,,,
57,17.9891824,-77.5964355,0.303,0.8490300178527832,0,12,Low Density Rural,65.0,50.0,Saint Elizabeth,Rural,34.64603058204654,7.93809499227347,34.64603058204654,7.93809499227347,30.802463412293566,7.057457274471152,27.175054879500593,6.226345801515998,0.33772928601316676,0.06962922639555888,33.20293084945176,33.29993875228252,7.629678569569994,0.4138488252906608,0.085322697033079,2.136345529409445,2.8633636913086002,34.65074619627431,34.62673574216793,7.933674160528997,0.4303381461794455,0.08872227979010838,34.60755501469312,34.634571860473315
58,18.1771685,-77.7722168,0.201,,0,12,Low Density Rural,63.0,39.0,Saint Elizabeth,Rural,34.64603058204654,7.93809499227347,34.64603058204654,7.93809499227347,34.11013887127829,7.815311538175422,38.821506970715134,8.894779716451426,0.4824704085902382,0.09947032342222697,,,,,,,,,,,,,,
59,18.3023803,-77.8820801,-0.336,1.2507950067520142,0,11,Very Low Density Rural,26.0,25.0,Saint James,Rural,34.64603058204654,7.93809499227347,34.64603058204654,7.93809499227347,58.357895812416025,13.370955134704854,50.467959061929676,11.563213631386853,0.6272115311673098,0.12931142044889507,37.972267797807525,38.08321011436071,8.725621216046614,0.47329491763840814,0.09757862387695723,0.0,0.0,34.65058665738557,34.62657631382807,7.933637632324032,0.43033616481750775,0.08872187129518465,34.602729891972594,34.640256236851776
60,18.0727566,-77.5744629,0.153,,0,11,Very Low Density Rural,101.0,81.0,Manchester,Rural,34.64603058204654,7.93809499227347,34.64603058204654,7.93809499227347,35.78735675278774,8.199595528072402,38.821506970715134,8.894779716451426,0.4824704085902382,0.09947032342222697,,,,,,,,,,,,,,
61,18.3232401,-77.2888184,-0.165,,0,12,Low Density Rural,64.0,112.0,Saint Ann,Rural,34.64603058204654,7.93809499227347,34.64603058204654,7.93809499227347,49.18529357311333,11.26932944545038,50.467959061929676,11.563213631386853,0.6272115311673098,0.12931142044889507,,,,,,,,,,,,,,
62,18.3440975,-77.442627,-0.183,1.1530239582061768,0,11,Very Low Density Rural,75.0,60.0,Saint Ann,Rural,34.64603058204654,7.93809499227347,34.64603058204654,7.93809499227347,50.07864489900686,11.474014010096901,50.467959061929676,11.563213631386853,0.6272115311673098,0.12931142044889507,34.98766402467037,35.08988632327919,8.039791174421289,0.4360941424697522,0.08990898637857445,0.0,0.0,34.65074619627431,34.62673574216793,7.933674160528997,0.4303381461794455,0.08872227979010838,34.60753138898199,34.63432822689843
63,18.2815179,-77.1130371,0.568,2.909430980682373,0,13,Rural Cluster,18.0,40.0,Saint Ann,Rural,34.64603058204654,7.93809499227347,34.64603058204654,7.93809499227347,23.63183320382522,5.414523212674653,27.175054879500593,6.226345801515998,0.33772928601316676,0.06962922639555888,34.60492046733471,34.706024516774875,7.9518407964776765,0.431323540371126,0.08892543728370733,10.590773704815495,11.453338593617666,34.65074619627431,34.62673574216793,7.933674160528997,0.4303381461794455,0.08872227979010838,34.56921562299801,34.646130609040526
64,18.3858046,-77.7502441,-0.366,,0,11,Very Low Density Rural,32.0,60.0,Trelawny,Rural,34.64603058204654,7.93809499227347,34.64603058204654,7.93809499227347,60.13515833189104,13.778161341845673,50.467959061929676,11.563213631386853,0.6272115311673098,0.12931142044889507,,,,,,,,,,,,,,
65,18.4066544,-77.4206543,0.285,,0,11,Very Low Density Rural,63.0,66.0,Saint Ann,Rural,34.64603058204654,7.93809499227347,34.64603058204654,7.93809499227347,31.361927827998535,7.185641704319349,27.175054879500593,6.226345801515998,0.33772928601316676,0.06962922639555888,,,,,,,,,,,,,,
66,17.8846589,-77.6184082,0.431,2.2282071113586426,1,21,Suburban / Peri-urban,79.0,61.0,Saint Elizabeth,Urban,22.91662051591443,5.07397966218306,22.91662051591443,5.07397966218306,32.224362711193926,7.134811213104555,34.62642877450913,7.66665378317362,0.40337570502029124,0.08770123705110862,20.49426113300975,22.7666109960655,5.040765984262324,0.26521642821627733,0.05766288983535589,0.0,0.0,22.839266383708196,21.177157137189784,4.688844262282718,0.2467003093552642,0.05363714780556625,21.03658582407995,21.299574985129844
67,18.1354112,-77.2009277,0.271,1.2065680027008057,0,12,Low Density Rural,33.0,23.0,Clarendon,Rural,34.64603058204654,7.93809499227347,34.64603058204654,7.93809499227347,31.804082679713535,7.286948178834413,27.175054879500593,6.226345801515998,0.33772928601316676,0.06962922639555888,33.22813698133474,33.32521852808578,7.635470669222923,0.41416300020844715,0.08538747008470444,1.1925024417361758,1.809154924345839,34.65058665738557,34.62657631382807,7.933637632324032,0.43033616481750775,0.08872187129518465,34.60359882226809,34.70809605381525
68,18.0309744,-76.6516113,0.911,0.07349999994039536,0,12,Low Density Rural,12.0,25.0,Saint Andrew,Rural,34.64603058204654,7.93809499227347,34.64603058204654,7.93809499227347,16.770051850651683,3.8423525690936757,27.175054879500593,6.226345801515998,0.33772928601316676,0.06962922639555888,40.629045779753596,40.74775031650005,9.336120395316929,0.5064095981427236,0.10440583632592942,23.342579370550624,24.68909404411257,34.46367522311254,34.439794395623444,7.8908421782810025,0.428014854919326,0.08824328972370539,34.16093366551514,35.08067935282683
69,17.9891824,-76.9592285,0.908,7.819491863250732,1,30,Urban Centre,0.0,1.0,Saint Catherine,Urban,22.91662051591443,5.07397966218306,22.91662051591443,5.07397966218306,19.999809977944526,4.428167277332388,18.645000109351066,4.128198190939641,0.2172023027032337,0.04722374302752002,19.07139186538526,21.18597772004624,4.690797231656679,0.24680306349290812,0.05365948842963293,0.0,0.4171480486221918,23.25919916733964,21.566529650151242,4.7750554124131455,0.25123624960351115,0.05462334396465609,20.63168779642402,25.44733864222544
70,18.3649523,-77.1789551,-0.488,,0,11,Very Low Density Rural,43.0,50.0,Saint Ann,Rural,34.64603058204654,7.93809499227347,34.64603058204654,7.93809499227347,67.93794178666282,15.565934290941168,50.467959061929676,11.563213631386853,0.6272115311673098,0.12931142044889507,,,,,,,,,,,,,,
71,18.093644,-76.3000488,0.235,,0,11,Very Low Density Rural,,,,Unknown,,,,,,,,,,,,,,,,,,,,,,,,
72,18.3440975,-77.9260254,-0.263,2.2419168949127197,0,11,Very Low Density Rural,33.0,16.0,Saint James,Rural,34.64603058204654,7.93809499227347,34.64603058204654,7.93809499227347,54.24954838578066,12.429650991459265,50.467959061929676,11.563213631386853,0.6272115311673098,0.12931142044889507,36.64885296280798,36.755928702091204,8.42151463428039,0.45679957638916296,0.09417779990970758,0.0,0.0,34.61937094499398,34.59538223166128,7.926490447400486,0.4299484873999372,0.08864194432469559,34.3480604532763,34.71192982360484
73,18.3023803,-77.9919434,0.135,,0,11,Very Low Density Rural,33.0,105.0,Westmoreland,Rural,34.64603058204654,7.93809499227347,34.64603058204654,7.93809499227347,36.43736166854175,8.34852458805464,38.821506970715134,8.894779716451426,0.4824704085902382,0.09947032342222697,,,,,,,,,,,,,,
74,18.2189158,-77.244873,-0.704,,0,11,Very Low Density Rural,73.0,160.0,Saint Ann,Rural,34.64603058204654,7.93809499227347,34.64603058204654,7.93809499227347,84.31794117583637,19.31891807985522,50.467959061929676,11.563213631386853,0.6272115311673098,0.12931142044889507,,,,,,,,,,,,,,
75,18.3440975,-78.2995605,0.439,9.24215030670166,1,21,Suburban / Peri-urban,62.0,115.0,Hanover,Urban,22.91662051591443,5.07397966218306,22.91662051591443,5.07397966218306,31.967596244789686,7.077960429737043,34.62642877450913,7.66665378317362,0.40337570502029124,0.08770123705110862,19.748691848093085,21.93837494646366,4.8573858533111585,0.25556800901004056,0.05556514748388713,0.0,0.0,23.06536714149997,21.386803594135948,4.7352621823270304,0.2491425562276278,0.05416813682950787,21.132371465756638,22.222914629705524
76,18.3649523,-76.9152832,0.431,3.579802989959717,0,12,Low Density Rural,50.0,53.0,Saint Mary,Rural,34.64603058204654,7.93809499227347,34.64603058204654,7.93809499227347,27.10165151928575,6.209527631112391,27.175054879500593,6.226345801515998,0.33772928601316676,0.06962922639555888,33.80168117723109,33.90043842905398,7.767264994247212,0.4213117845371625,0.08686132604890927,6.412599495599629,7.0470228462453335,34.65074619627431,34.62673574216793,7.933674160528997,0.4303381461794455,0.08872227979010838,34.61014147967423,34.68563941933072
77,17.8846589,-76.4758301,-0.143,,0,11,Very Low Density Rural,32.0,95.0,Saint Thomas,Rural,34.64603058204654,7.93809499227347,34.64603058204654,7.93809499227347,48.115033146025155,11.024111485586902,50.467959061929676,11.563213631386853,0.6272115311673098,0.12931142044889507,,,,,,,,,,,,,,
78,17.9473804,-77.5744629,0.532,2.942049026489258,1,21,Suburban / Peri-urban,68.0,52.0,Manchester,Urban,22.91662051591443,5.07397966218306,22.91662051591443,5.07397966218306,29.128665918343668,6.449391538929671,26.635714441930098,5.89742598705663,0.31028900386176245,0.06746249003931432,21.164087177963598,23.510705594134954,5.205516317092716,0.27388465343386076,0.059547520132020484,0.0,0.0,22.8735372053884,21.20893392737863,4.695879976254404,0.24707048859694056,0.053717631525883575,21.089580648193742,21.53240316670284
79,18.260653,-77.310791,0.848,5.165989875793457,0,12,Low Density Rural,70.0,202.0,Saint Ann,Rural,34.64603058204654,7.93809499227347,34.64603058204654,7.93809499227347,17.86055531624467,4.092208611874124,27.175054879500593,6.226345801515998,0.33772928601316676,0.06962922639555888,38.20087170881544,38.31248192984026,8.778151951018335,0.4761442883899374,0.09816607509709033,19.344681700496743,21.11385258096885,34.573939180541075,34.54998194812625,7.916088339068804,0.42938425651204865,0.0885256175450552,34.07533362662629,34.752819620326484
80,18.260653,-77.3986816,-0.11,,0,11,Very Low Density Rural,82.0,217.0,Saint Ann,Rural,34.64603058204654,7.93809499227347,34.64603058204654,7.93809499227347,46.55314986468371,10.666252947513655,38.821506970715134,8.894779716451426,0.4824704085902382,0.09947032342222697,,,,,,,,,,,,,,
81,17.8637468,-77.3327637,-0.101,0.6765869855880737,0,11,Very Low Density Rural,36.0,18.0,Clarendon,Rural,34.64603058204654,7.93809499227347,34.64603058204654,7.93809499227347,46.13605127496696,10.57068736119132,38.821506970715134,8.894779716451426,0.4824704085902382,0.09947032342222697,34.63559850069566,34.73679218112933,7.958890280595566,0.4317059183041532,0.08900427166606639,0.0,0.0,34.61937094499398,34.59538223166128,7.926490447400486,0.4299484873999372,0.08864194432469559,34.29244175636899,34.74511897892484
82,18.1145288,-76.3439941,0.008,,0,12,Low Density Rural,86.0,245.0,Portland,Rural,34.64603058204654,7.93809499227347,34.64603058204654,7.93809499227347,41.371600521521124,9.479056890644413,38.821506970715134,8.894779716451426,0.4824704085902382,0.09947032342222697,,,,,,,,,,,,,,
83,18.1354112,-76.8054199,-0.68,,0,11,Very Low Density Rural,19.0,20.0,Saint Andrew,Rural,34.64603058204654,7.93809499227347,34.64603058204654,7.93809499227347,82.31840104617706,18.86078364934636,50.467959061929676,11.563213631386853,0.6272115311673098,0.12931142044889507,,,,,,,,,,,,,,
84,18.0518668,-77.0910645,0.667,1.0168169736862183,0,12,Low Density Rural,14.0,26.0,Saint Catherine,Rural,34.64603058204654,7.93809499227347,34.64603058204654,7.93809499227347,21.404360601593464,4.904164917304304,27.175054879500593,6.226345801515998,0.33772928601316676,0.06962922639555888,36.389873204984866,36.496192291691365,8.362003854428615,0.45357159422592797,0.09351229084622661,14.689009192252588,15.480227481520748,34.644936402344236,34.6209299740037,7.932343943519529,0.43026599258323167,0.08870740397301437,34.55787627642661,34.80120669748165
85,18.260653,-76.9812012,0.33,4.221116065979004,0,12,Low Density Rural,29.0,57.0,Saint Mary,Rural,34.64603058204654,7.93809499227347,34.64603058204654,7.93809499227347,29.981924028998023,6.869455374684202,27.175054879500593,6.226345801515998,0.33772928601316676,0.06962922639555888,32.75415334558412,32.84985007005279,7.526554296616826,0.40825516117604954,0.08416945826715867,2.40195906443213,3.165333123961535,34.65074619627431,34.62673574216793,7.933674160528997,0.4303381461794455,0.08872227979010838,34.57346691692275,34.63456797760599
86,18.1771685,-76.9592285,0.191,1.1701879501342773,0,12,Low Density Rural,19.0,28.0,Saint Catherine,Rural,34.64603058204654,7.93809499227347,34.64603058204654,7.93809499227347,34.45295146619881,7.893856724948911,38.821506970715134,8.894779716451426,0.4824704085902382,0.09947032342222697,32.52032268692188,32.61533623610349,7.472822510908119,0.40534064306187806,0.08356857569638365,0.0,0.0,34.65058665738557,34.62657631382807,7.933637632324032,0.43033616481750775,0.08872187129518465,34.602729891972594,34.65898152061431
87,18.0309744,-76.8493652,1.364,118.80557250976562,1,30,Urban Centre,0.0,7.0,Saint Andrew,Kingston Metropolitan Area (KMA),34.567489297207274,6.3937660639451295,34.567489297207274,6.3937660639451295,25.123000362427476,4.646868789361204,24.564308502395935,4.543530504530647,0.30514316689380344,0.04581462172724751,38.49038058391803,34.623504559029854,6.404126911301582,0.4301006816077854,0.06457591770144323,10.120966556535771,14.436722505525871,35.15506101401453,39.16181831394847,7.2435548554097,0.48647659918749275,0.07304027679141643,33.28884748342655,40.04640494817712
88,18.2189158,-76.9592285,0.051,,0,12,Low Density Rural,31.0,141.0,Saint Catherine,Rural,34.64603058204654,7.93809499227347,34.64603058204654,7.93809499227347,39.63032736486819,9.080096562641655,38.821506970715134,8.894779716451426,0.4824704085902382,0.09947032342222697,,,,,,,,,,,,,,
89,18.4066544,-77.2009277,0.448,1.269355058670044,0,12,Low Density Rural,35.0,56.0,Saint Ann,Rural,34.64603058204654,7.93809499227347,34.64603058204654,7.93809499227347,26.644817534361888,6.104857875094118,27.175054879500593,6.226345801515998,0.33772928601316676,0.06962922639555888,34.10369339444328,34.203333025353544,7.836664173249214,0.4250761329883101,0.08763741708214738,7.16627248082118,7.821260161905281,34.65074619627431,34.62673574216793,7.933674160528997,0.4303381461794455,0.08872227979010838,34.60723214781113,34.63600837841529
90,18.3232401,-76.8273926,-0.756,,0,11,Very Low Density Rural,45.0,108.0,Saint Mary,Rural,34.64603058204654,7.93809499227347,34.64603058204654,7.93809499227347,88.81847389329484,20.350079676922356,50.467959061929676,11.563213631386853,0.6272115311673098,0.12931142044889507,,,,,,,,,,,,,,
91,18.0309744,-76.7834473,1.453,22.385860443115234,1,30,Urban Centre,0.0,3.0,Saint Andrew,Kingston Metropolitan Area (KMA),34.567489297207274,6.3937660639451295,34.567489297207274,6.3937660639451295,22.98366567647613,4.251167342928371,24.564308502395935,4.543530504530647,0.30514316689380344,0.04581462172724751,41.143855457439656,37.010402219871196,6.8456187746759465,0.4597512419404526,0.06902769428707078,15.235758942969445,17.371920147001838,29.932157517286264,33.34364044963985,6.167397201523665,0.4142019321072697,0.06218885722187532,29.32807262976589,37.39877129954011
92,17.8846589,-77.5524902,0.13,1.310194969177246,0,11,Very Low Density Rural,67.0,47.0,Manchester,Rural,34.64603058204654,7.93809499227347,34.64603058204654,7.93809499227347,36.620004703966856,8.390371741697487,38.821506970715134,8.894779716451426,0.4824704085902382,0.09947032342222697,32.99485952785884,33.09125951560408,7.581866004152269,0.411255377368598,0.08478800910405125,0.0,0.0,34.65074619627431,34.62673574216793,7.933674160528997,0.4303381461794455,0.08872227979010838,34.60755501469312,34.635073643365224
93,18.0309744,-77.1350098,0.072,4.301140785217285,0,12,Low Density Rural,20.0,255.0,Saint Catherine,Rural,34.64603058204654,7.93809499227347,34.64603058204654,7.93809499227347,38.806768127774944,8.891402754260671,38.821506970715134,8.894779716451426,0.4824704085902382,0.09947032342222697,30.4491492811247,30.538111551598224,6.996889003118551,0.379525070188239,0.07824621117961626,0.0,0.0,34.650875350738104,34.626864807137046,7.933703731881553,0.4303397501879769,0.08872261048655018,34.57334918002715,34.64201992043605
94,18.1771685,-76.673584,-0.516,,0,11,Very Low Density Rural,27.0,62.0,Portland,Rural,34.64603058204654,7.93809499227347,34.64603058204654,7.93809499227347,69.86708614187803,16.00793964879137,50.467959061929676,11.563213631386853,0.6272115311673098,0.12931142044889507,,,,,,,,,,,,,,
95,17.8428322,-77.2888184,0.193,,0,13,Rural Cluster,33.0,21.0,Clarendon,Rural,34.64603058204654,7.93809499227347,34.64603058204654,7.93809499227347,34.384114423255035,7.878084788692582,38.821506970715134,8.894779716451426,0.4824704085902382,0.09947032342222697,,,,,,,,,,,,,,
96,18.3440975,-77.947998,0.031,,0,12,Low Density Rural,16.0,51.0,Hanover,Rural,34.64603058204654,7.93809499227347,34.64603058204654,7.93809499227347,40.430913083337536,9.263526680779355,38.821506970715134,8.894779716451426,0.4824704085902382,0.09947032342222697,,,,,,,,,,,,,,
97,18.1771685,-77.5744629,0.406,,0,11,Very Low Density Rural,64.0,83.0,Manchester,Rural,34.64603058204654,7.93809499227347,34.64603058204654,7.93809499227347,27.787733093907537,6.366722571493772,27.175054879500593,6.226345801515998,0.33772928601316676,0.06962922639555888,,,,,,,,,,,,,,
98,18.093644,-76.8493652,0.577,2.2794060707092285,0,12,Low Density Rural,7.0,18.0,Saint Andrew,Rural,34.64603058204654,7.93809499227347,34.64603058204654,7.93809499227347,23.42010092941656,5.366011135563659,27.175054879500593,6.226345801515998,0.33772928601316676,0.06962922639555888,34.31381468683281,34.41406822216034,7.884947800041793,0.4276951322091394,0.08817737289062827,10.57714694370889,11.29812810376045,34.5167440048289,34.49282640452283,7.902992866749556,0.4286739322452358,0.08837917087538072,34.21333239654173,34.72916087051147
99,18.4483464,-78.145752,0.915,,0,11,Very Low Density Rural,31.0,35.0,Hanover,Rural,34.64603058204654,7.93809499227347,34.64603058204654,7.93809499227347,16.703105624962067,3.827013856693712,27.175054879500593,6.226345801515998,0.33772928601316676,0.06962922639555888,,,,,,,,,,,,,,
100,17.9473804,-77.4645996,0.109,0.7703260183334351,0,12,Low Density Rural,61.0,30.0,Manchester,Rural,34.64603058204654,7.93809499227347,34.64603058204654,7.93809499227347,37.397156334760986,8.568432644057852,38.821506970715134,8.894779716451426,0.4824704085902382,0.09947032342222697,33.057019107039686,33.15360070436766,7.596149610961558,0.41203014839532437,0.0849477426819754,0.0,0.0,34.65058665738557,34.62657631382807,7.933637632324032,0.43033616481750775,0.08872187129518465,34.60257868686505,34.63550157680634
101,18.4691886,-77.4206543,0.261,,0,12,Low Density Rural,60.0,130.0,Saint Ann,Rural,34.64603058204654,7.93809499227347,34.64603058204654,7.93809499227347,32.12371902460335,7.360183225565374,27.175054879500593,6.226345801515998,0.33772928601316676,0.06962922639555888,,,,,,,,,,,,,,
102,18.1771685,-77.0910645,0.547,5.8725690841674805,1,22,Semi-dense Urban Cluster,14.0,27.0,Saint Catherine,Urban,22.91662051591443,5.07397966218306,22.91662051591443,5.07397966218306,28.694996580869162,6.35337260817459,26.635714441930098,5.89742598705663,0.31028900386176245,0.06746249003931432,20.289631701942746,22.539292790973196,4.990435354199252,0.26256831680287746,0.057087142104607844,0.0,0.0,23.039982407472635,21.363266213716145,4.730050759924315,0.24886836082956934,0.05410852174782555,20.663516394069415,21.948673502987873
103,18.093644,-77.8161621,0.355,,0,11,Very Low Density Rural,55.0,73.0,Saint Elizabeth,Rural,34.64603058204654,7.93809499227347,34.64603058204654,7.93809499227347,29.241667687162217,6.6998479171658065,27.175054879500593,6.226345801515998,0.33772928601316676,0.06962922639555888,,,,,,,,,,,,,,
104,18.093644,-77.310791,0.223,,0,11,Very Low Density Rural,60.0,55.0,Clarendon,Rural,34.64603058204654,7.93809499227347,34.64603058204654,7.93809499227347,33.36791026706869,7.645252196103158,38.821506970715134,8.894779716451426,0.4824704085902382,0.09947032342222697,,,,,,,,,,,,,,
105,17.9473804,-76.9592285,-0.589,,0,12,Low Density Rural,8.0,41.0,Saint Catherine,Rural,34.64603058204654,7.93809499227347,34.64603058204654,7.93809499227347,75.15815808806829,17.220229513292512,50.467959061929676,11.563213631386853,0.6272115311673098,0.12931142044889507,,,,,,,,,,,,,,
106,18.260653,-77.9919434,-0.852,,0,11,Very Low Density Rural,62.0,110.0,Westmoreland,Rural,34.64603058204654,7.93809499227347,34.64603058204654,7.93809499227347,97.76774018815688,22.400534657371946,50.467959061929676,11.563213631386853,0.6272115311673098,0.12931142044889507,,,,,,,,,,,,,,
107,18.1354112,-76.9592285,-0.229,1.3735300302505493,0,12,Low Density Rural,11.0,120.0,Saint Catherine,Rural,34.64603058204654,7.93809499227347,34.64603058204654,7.93809499227347,52.436067609149234,12.014146460933858,50.467959061929676,11.563213631386853,0.6272115311673098,0.12931142044889507,33.90437401554483,34.00343130163053,7.790862710704331,0.42259177125564246,0.08712521931696561,0.0,0.0,34.648023074498596,34.624014507318115,7.933050671477835,0.43030432690264997,0.08871530731191934,34.54912213141164,34.67209894860095
108,17.9055685,-77.2668457,-0.155,,0,12,Low Density Rural,17.0,11.0,Clarendon,Rural,34.64603058204654,7.93809499227347,34.64603058204654,7.93809499227347,48.69589172496487,11.157197743932752,50.467959061929676,11.563213631386853,0.6272115311673098,0.12931142044889507,,,,,,,,,,,,,,
109,18.2815179,-77.947998,0.369,1.0609229803085327,0,12,Low Density Rural,27.0,59.0,Westmoreland,Rural,34.64603058204654,7.93809499227347,34.64603058204654,7.93809499227347,28.835136696461337,6.606703578051851,27.175054879500593,6.226345801515998,0.33772928601316676,0.06962922639555888,33.29948229992909,33.396772293933324,7.651865060753797,0.41505226436479936,0.08557080856860984,4.1907976252775025,4.814706814315977,34.65074619627431,34.62673574216793,7.933674160528997,0.4303381461794455,0.08872227979010838,34.60753138898199,34.63462091390798
110,18.2815179,-78.0358887,0.2,0.9175119996070862,0,12,Low Density Rural,54.0,38.0,Westmoreland,Rural,34.64603058204654,7.93809499227347,34.64603058204654,7.93809499227347,34.144266070905445,7.823130758672244,38.821506970715134,8.894779716451426,0.4824704085902382,0.09947032342222697,32.99064042723282,33.087028088171564,7.580896499930634,0.4112027895459814,0.08477716713813871,0.0,0.0,34.65058665738557,34.62657631382807,7.933637632324032,0.43033616481750775,0.08872187129518465,34.602729891972594,34.634619358554716
111,17.8009957,-77.2229004,-0.38,,0,11,Very Low Density Rural,43.0,29.0,Clarendon,Rural,34.64603058204654,7.93809499227347,34.64603058204654,7.93809499227347,60.98297139239294,13.972412183771604,50.467959061929676,11.563213631386853,0.6272115311673098,0.12931142044889507,,,,,,,,,,,,,,
112,17.9682826,-77.1130371,0.364,1.4293700456619263,0,12,Low Density Rural,5.0,22.0,Saint Catherine,Rural,34.64603058204654,7.93809499227347,34.64603058204654,7.93809499227347,28.979673420636033,6.639819817548716,27.175054879500593,6.226345801515998,0.33772928601316676,0.06962922639555888,31.84885586339883,31.941907610212272,7.318526612848998,0.3969713289975067,0.08184308463624228,2.536304054424842,3.2760373734890917,34.367420806243906,34.34360667608495,7.868803657793684,0.4268194420678335,0.08799683294450418,34.330867412102876,34.84532171829207
113,18.4275017,-78.2116699,-0.514,,0,12,Low Density Rural,45.0,66.0,Hanover,Rural,34.64603058204654,7.93809499227347,34.64603058204654,7.93809499227347,69.727491610657,15.975955764039833,50.467959061929676,11.563213631386853,0.6272115311673098,0.12931142044889507,,,,,,,,,,,,,,
114,18.4066544,-77.376709,0.434,,0,12,Low Density Rural,55.0,62.0,Saint Ann,Rural,34.64603058204654,7.93809499227347,34.64603058204654,7.93809499227347,27.02046840029371,6.190926963171464,27.175054879500593,6.226345801515998,0.33772928601316676,0.06962922639555888,,,,,,,,,,,,,,
115,18.3440975,-78.0578613,-0.383,,0,11,Very Low Density Rural,37.0,186.0,Hanover,Rural,34.64603058204654,7.93809499227347,34.64603058204654,7.93809499227347,61.1661950045707,14.014392359100789,50.467959061929676,11.563213631386853,0.6272115311673098,0.12931142044889507,,,,,,,,,,,,,,
116,18.093644,-77.9040527,-0.21,1.3172980546951294,0,11,Very Low Density Rural,92.0,217.0,Saint Elizabeth,Rural,34.64603058204654,7.93809499227347,34.64603058204654,7.93809499227347,51.4491873752657,11.788032562430748,50.467959061929676,11.563213631386853,0.6272115311673098,0.12931142044889507,33.9243265497081,34.0234421304517,7.795447589762277,0.4228404641455105,0.08717649202042584,0.0,0.0,34.650875350738104,34.626864807137046,7.933703731881553,0.4303397501879769,0.08872261048655018,34.60625248260303,34.63502886222999
117,17.9264757,-76.3439941,-0.111,,0,11,Very Low Density Rural,76.0,98.0,Saint Thomas,Rural,34.64603058204654,7.93809499227347,34.64603058204654,7.93809499227347,46.59972629888412,10.676924535365796,38.821506970715134,8.894779716451426,0.4824704085902382,0.09947032342222697,,,,,,,,,,,,,,
118,18.0727566,-76.9592285,-0.058,1.1356799602508545,0,12,Low Density Rural,7.0,39.0,Saint Catherine,Rural,34.64603058204654,7.93809499227347,34.64603058204654,7.93809499227347,44.19424900900741,10.12578182412277,38.821506970715134,8.894779716451426,0.4824704085902382,0.09947032342222697,32.07091170902741,32.16461222904685,7.369552672395429,0.39973908318399687,0.08241370907078086,0.0,0.0,34.59907537010552,34.5751007201343,7.9218435495486,0.4296964304882714,0.08858997806504981,34.49823827610029,34.84725247101263
119,17.9682826,-76.9812012,0.136,,0,11,Very Low Density Rural,1.0,6.0,Saint Catherine,Rural,34.64603058204654,7.93809499227347,34.64603058204654,7.93809499227347,36.40094251948266,8.340180236337806,38.821506970715134,8.894779716451426,0.4824704085902382,0.09947032342222697,,,,,,,,,,,,,,
120,18.1145288,-77.947998,-0.103,0.0,0,12,Low Density Rural,50.0,128.0,Westmoreland,Rural,34.64603058204654,7.93809499227347,34.64603058204654,7.93809499227347,46.22841571116495,10.591849891389725,38.821506970715134,8.894779716451426,0.4824704085902382,0.09947032342222697,33.58960124756936,33.68773887248936,7.718531293547332,0.41866837241923255,0.08631633706382927,0.0,0.0,34.650438441088326,34.626428200233974,7.9336036965524634,0.4303343240742745,0.08872149179144413,34.60830162113958,34.6323312710219
121,17.9055685,-77.3547363,-0.274,,0,11,Very Low Density Rural,34.0,86.0,Clarendon,Rural,34.64603058204654,7.93809499227347,34.64603058204654,7.93809499227347,54.84958758322716,12.56713191116053,50.467959061929676,11.563213631386853,0.6272115311673098,0.12931142044889507,,,,,,,,,,,,,,
122,17.9682826,-77.7062988,0.249,,0,11,Very Low Density Rural,78.0,71.0,Saint Elizabeth,Rural,34.64603058204654,7.93809499227347,34.64603058204654,7.93809499227347,32.51152584012108,7.449037483571659,27.175054879500593,6.226345801515998,0.33772928601316676,0.06962922639555888,,,,,,,,,,,,,,
123,17.8846589,-77.4645996,-0.025,,0,11,Very Low Density Rural,54.0,168.0,Manchester,Rural,34.64603058204654,7.93809499227347,34.64603058204654,7.93809499227347,42.75964002829403,9.797084360824545,38.821506970715134,8.894779716451426,0.4824704085902382,0.09947032342222697,,,,,,,,,,,,,,
124,18.1354112,-77.6184082,0.032,0.4618470072746277,0,11,Very Low Density Rural,69.0,85.0,Manchester,Rural,34.64603058204654,7.93809499227347,34.64603058204654,7.93809499227347,40.39050237897394,9.254267784318381,38.821506970715134,8.894779716451426,0.4824704085902382,0.09947032342222697,33.03280962395972,33.1293204892432,7.590586530549378,0.4117283959332009,0.08488553075256697,0.0,0.0,34.649961136348615,34.62595122623183,7.9334944123177555,0.4303283962816756,0.08872026966582462,34.60753138898199,34.63432822689843
125,18.0100796,-77.0910645,-0.193,,0,12,Low Density Rural,30.0,40.0,Saint Catherine,Rural,34.64603058204654,7.93809499227347,34.64603058204654,7.93809499227347,50.5819436475906,11.589329768024461,50.467959061929676,11.563213631386853,0.6272115311673098,0.12931142044889507,,,,,,,,,,,,,,
126,18.1354112,-76.3220215,-0.058,,0,10,Water,,,,Unknown,,,,,,,,,,,,,,,,,,,,,,,,
127,18.1771685,-77.3547363,0.371,5.066929817199707,0,13,Rural Cluster,48.0,33.0,Clarendon,Rural,34.64603058204654,7.93809499227347,34.64603058204654,7.93809499227347,28.777524054914178,6.5935033754983685,27.175054879500593,6.226345801515998,0.33772928601316676,0.06962922639555888,33.13099618735615,33.22779392106834,7.613148753202618,0.4129522154238713,0.0851378440931988,4.025746590860202,4.857914302300674,34.65058665738557,34.62657631382807,7.933637632324032,0.43033616481750775,0.08872187129518465,34.56568187095191,34.64121012402944
128,18.260653,-78.3215332,-0.371,,0,12,Low Density Rural,75.0,99.0,Westmoreland,Rural,34.64603058204654,7.93809499227347,34.64603058204654,7.93809499227347,60.436587067413036,13.847224662975867,50.467959061929676,11.563213631386853,0.6272115311673098,0.12931142044889507,,,,,,,,,,,,,,
129,18.4900283,-77.8381348,0.061,,0,11,Very Low Density Rural,8.0,14.0,Saint James,Rural,34.64603058204654,7.93809499227347,34.64603058204654,7.93809499227347,39.23599901901285,8.989748092269762,38.821506970715134,8.894779716451426,0.4824704085902382,0.09947032342222697,,,,,,,,,,,,,,
130,18.3440975,-77.0031738,-0.292,,0,11,Very Low Density Rural,39.0,234.0,Saint Mary,Rural,34.64603058204654,7.93809499227347,34.64603058204654,7.93809499227347,55.84581934749125,12.795388431350363,50.467959061929676,11.563213631386853,0.6272115311673098,0.12931142044889507,,,,,,,,,,,,,,
131,18.3858046,-77.0690918,0.009,,0,12,Low Density Rural,37.0,55.0,Saint Ann,Rural,34.64603058204654,7.93809499227347,34.64603058204654,7.93809499227347,41.33024959990632,9.469582571702766,38.821506970715134,8.894779716451426,0.4824704085902382,0.09947032342222697,,,,,,,,,,,,,,
132,18.3232401,-77.3986816,0.901,,0,11,Very Low Density Rural,70.0,53.0,Saint Ann,Rural,34.64603058204654,7.93809499227347,34.64603058204654,7.93809499227347,16.938593673760895,3.8809688544093497,27.175054879500593,6.226345801515998,0.33772928601316676,0.06962922639555888,,,,,,,,,,,,,,
133,18.1980434,-77.5085449,0.508,5.17151403427124,1,21,Suburban / Peri-urban,63.0,69.0,Manchester,Urban,22.91662051591443,5.07397966218306,22.91662051591443,5.07397966218306,29.836210473229954,6.6060493096113575,26.635714441930098,5.89742598705663,0.31028900386176245,0.06746249003931432,20.703599945822585,22.999160746786277,5.092254933288798,0.2679254837836347,0.058251887936978004,0.0,0.0,22.822085564545567,21.161226638326994,4.685317083081836,0.2465147292525066,0.05359679930569044,21.08138463929619,21.567299628886214
134,18.4691886,-77.8161621,-0.053,,0,11,Very Low Density Rural,39.0,52.0,Saint James,Rural,34.64603058204654,7.93809499227347,34.64603058204654,7.93809499227347,43.9738292725112,10.075279276584599,38.821506970715134,8.894779716451426,0.4824704085902382,0.09947032342222697,,,,,,,,,,,,,,
135,18.1771685,-77.5305176,0.057,1.100193977355957,0,11,Very Low Density Rural,66.0,64.0,Manchester,Rural,34.64603058204654,7.93809499227347,34.64603058204654,7.93809499227347,39.393257322017234,9.025779098610194,38.821506970715134,8.894779716451426,0.4824704085902382,0.09947032342222697,33.013101573751825,33.10955485867807,7.58605783129084,0.411482750346542,0.08483488630781522,0.0,0.0,34.65074619627431,34.62673574216793,7.933674160528997,0.4303381461794455,0.08872227979010838,34.60753138898199,34.634571860473315
136,18.093644,-77.2668457,0.456,1.3366860151290894,0,13,Rural Cluster,31.0,16.0,Clarendon,Rural,34.64603058204654,7.93809499227347,34.64603058204654,7.93809499227347,26.43250935909711,6.056213847637726,27.175054879500593,6.226345801515998,0.33772928601316676,0.06962922639555888,34.300163951338696,34.40037760376467,7.8818110069517315,0.4275249863604428,0.08814229413284859,7.501851029991054,8.442384900413225,34.61937094499398,34.59538223166128,7.926490447400486,0.4299484873999372,0.08864194432469559,34.34350772796868,34.68032817208319
137,18.1145288,-77.9260254,-0.402,,0,11,Very Low Density Rural,109.0,202.0,Saint Elizabeth,Rural,34.64603058204654,7.93809499227347,34.64603058204654,7.93809499227347,62.33946346441224,14.283211508919548,50.467959061929676,11.563213631386853,0.6272115311673098,0.12931142044889507,,,,,,,,,,,,,,
138,18.1980434,-77.3986816,0.157,2.2283740043640137,0,12,Low Density Rural,59.0,67.0,Clarendon,Rural,34.64603058204654,7.93809499227347,34.64603058204654,7.93809499227347,35.64449324328023,8.166862655349378,38.821506970715134,8.894779716451426,0.4824704085902382,0.09947032342222697,32.44447180866704,32.53926374685109,7.4553927899317385,0.4043952205928387,0.08337365912307344,0.0,0.0,34.65074619627431,34.62673574216793,7.933674160528997,0.4303381461794455,0.08872227979010838,34.60753138898199,34.63468783382143
139,17.9264757,-77.7502441,0.678,1.9001599550247192,0,12,Low Density Rural,83.0,90.0,Saint Elizabeth,Rural,34.64603058204654,7.93809499227347,34.64603058204654,7.93809499227347,21.170202863620553,4.850514720269378,27.175054879500593,6.226345801515998,0.33772928601316676,0.06962922639555888,36.397040142161714,36.50338016827108,8.363650739977231,0.45366092454875456,0.0935307079676599,14.635925036695635,15.908000687799136,34.64794821747249,34.6239397021625,7.933033532128212,0.43030339723049627,0.08871511564256894,34.57459155943344,34.700492475376585
140,18.3858046,-77.6623535,-0.372,,0,11,Very Low Density Rural,38.0,287.0,Trelawny,Rural,34.64603058204654,7.93809499227347,34.64603058204654,7.93809499227347,60.497053882849265,13.861078813559622,50.467959061929676,11.563213631386853,0.6272115311673098,0.12931142044889507,,,,,,,,,,,,,,
141,18.093644,-77.6623535,0.063,,0,12,Low Density Rural,72.0,79.0,Saint Elizabeth,Rural,34.64603058204654,7.93809499227347,34.64603058204654,7.93809499227347,39.15760544068435,8.971786563601068,38.821506970715134,8.894779716451426,0.4824704085902382,0.09947032342222697,,,,,,,,,,,,,,
142,18.093644,-77.0471191,-0.484,,0,12,Low Density Rural,30.0,166.0,Saint Catherine,Rural,34.64603058204654,7.93809499227347,34.64603058204654,7.93809499227347,67.66673279910316,15.503794915381,50.467959061929676,11.563213631386853,0.6272115311673098,0.12931142044889507,,,,,,,,,,,,,,
143,18.3649523,-77.1350098,-0.001,,0,11,Very Low Density Rural,39.0,169.0,Saint Ann,Rural,34.64603058204654,7.93809499227347,34.64603058204654,7.93809499227347,41.74562551401575,9.564753458765704,38.821506970715134,8.894779716451426,0.4824704085902382,0.09947032342222697,,,,,,,,,,,,,,
144,18.3858046,-77.3547363,0.401,15.122475624084473,1,21,Suburban / Peri-urban,52.0,56.0,Saint Ann,Urban,22.91662051591443,5.07397966218306,22.91662051591443,5.07397966218306,33.20574065951242,7.3520985634459795,34.62642877450913,7.66665378317362,0.40337570502029124,0.08770123705110862,19.94010253300161,22.15100874553163,4.904465202171273,0.2580450565036974,0.05610370279776535,0.0,0.0,23.586578259251034,21.87008399188717,4.842265521131656,0.2547724631531984,0.055392181301473054,20.620454480527734,22.53424874222327
145,18.093644,-77.7722168,0.412,5.195374011993408,0,13,Rural Cluster,58.0,52.0,Saint Elizabeth,Rural,34.64603058204654,7.93809499227347,34.64603058204654,7.93809499227347,27.621505875680132,6.3286366082124745,27.175054879500593,6.226345801515998,0.33772928601316676,0.06962922639555888,33.230047686682944,33.32713481587848,7.635909728886483,0.4141868156712271,0.0853923800890135,5.227188507453817,6.0827853498333475,34.65074619627431,34.62673574216793,7.933674160528997,0.4303381461794455,0.08872227979010838,34.56576769792457,34.63430238140554
146,17.9264757,-77.2229004,-0.301,,0,11,Very Low Density Rural,7.0,6.0,Clarendon,Rural,34.64603058204654,7.93809499227347,34.64603058204654,7.93809499227347,56.35070027786366,12.911066698607923,50.467959061929676,11.563213631386853,0.6272115311673098,0.12931142044889507,,,,,,,,,,,,,,
147,17.9055685,-77.5305176,0.072,0.6346510052680969,0,11,Very Low Density Rural,68.0,44.0,Manchester,Rural,34.64603058204654,7.93809499227347,34.64603058204654,7.93809499227347,38.806768127774944,8.891402754260671,38.821506970715134,8.894779716451426,0.4824704085902382,0.09947032342222697,33.23876000731377,33.3358725910078,7.63791172703266,0.4142954080022768,0.08541476843469929,0.0,0.0,34.65074619627431,34.62673574216793,7.933674160528997,0.4303381461794455,0.08872227979010838,34.60755501469312,34.63432822689843
148,17.9264757,-77.6184082,0.203,1.5986570119857788,0,12,Low Density Rural,78.0,59.0,Saint Elizabeth,Rural,34.64603058204654,7.93809499227347,34.64603058204654,7.93809499227347,34.04198676835602,7.79969653530694,38.821506970715134,8.894779716451426,0.4824704085902382,0.09947032342222697,32.50799573470469,32.60297326863848,7.469989909063841,0.4051869971467741,0.08353689870936894,0.0,0.0,34.65074619627431,34.62673574216793,7.933674160528997,0.4303381461794455,0.08872227979010838,34.60753138898199,34.635073643365224
149,17.9891824,-76.8713379,0.669,120.27725982666016,1,30,Urban Centre,0.0,4.0,Saint Catherine,Urban,22.91662051591443,5.07397966218306,22.91662051591443,5.07397966218306,25.3993294077448,5.623677398615019,26.635714441930098,5.89742598705663,0.31028900386176245,0.06746249003931432,13.731103905086796,15.25357265259738,3.377300652212791,0.17769434621422145,0.0386339925434807,0.0,0.0,26.53721327505045,24.605988916953045,5.448023509654023,0.2866440022369334,0.06232163533050465,21.591643830181255,28.8745535741993
150,17.7591494,-77.2009277,-0.028,,0,12,Low Density Rural,39.0,36.0,Clarendon,Rural,34.64603058204654,7.93809499227347,34.64603058204654,7.93809499227347,42.88811155932182,9.826519744906607,38.821506970715134,8.894779716451426,0.4824704085902382,0.09947032342222697,,,,,,,,,,,,,,
151,18.3649523,-77.1569824,-0.286,,0,11,Very Low Density Rural,22.0,115.0,Saint Ann,Rural,34.64603058204654,7.93809499227347,34.64603058204654,7.93809499227347,55.51174764871711,12.718845957810162,50.467959061929676,11.563213631386853,0.6272115311673098,0.12931142044889507,,,,,,,,,,,,,,
152,17.9264757,-77.4206543,0.232,1.2216310501098633,0,11,Very Low Density Rural,44.0,84.0,Manchester,Rural,34.64603058204654,7.93809499227347,34.64603058204654,7.93809499227347,33.06894642993535,7.576753632240295,38.821506970715134,8.894779716451426,0.4824704085902382,0.09947032342222697,32.85168284322848,32.947664516398625,7.548965532584279,0.40947079085086097,0.08442008312365189,0.0,0.07570412218871045,34.65074619627431,34.62673574216793,7.933674160528997,0.4303381461794455,0.08872227979010838,34.60753138898199,34.63512114144663
153,18.1354112,-76.4978027,-0.463,,0,12,Low Density Rural,72.0,164.0,Portland,Rural,34.64603058204654,7.93809499227347,34.64603058204654,7.93809499227347,66.26054802733609,15.181610003936637,50.467959061929676,11.563213631386853,0.6272115311673098,0.12931142044889507,,,,,,,,,,,,,,
154,18.4691886,-77.6403809,0.696,6.2834320068359375,1,21,Suburban / Peri-urban,30.0,38.0,Trelawny,Urban,22.91662051591443,5.07397966218306,22.91662051591443,5.07397966218306,24.72272280620808,5.473869614648267,26.635714441930098,5.89742598705663,0.31028900386176245,0.06746249003931432,22.487151238708442,24.980467523992292,5.530936993111162,0.29100643802588416,0.06327010845490308,0.0,0.0,22.772151190613986,21.114926198307142,4.6750656810111115,0.24597535879771956,0.053479530329088934,20.83630752711143,21.729788794160676
155,17.9055685,-77.6843262,0.234,1.492982029914856,0,12,Low Density Rural,102.0,112.0,Saint Elizabeth,Rural,34.64603058204654,7.93809499227347,34.64603058204654,7.93809499227347,33.00287463089845,7.56161526838579,38.821506970715134,8.894779716451426,0.4824704085902382,0.09947032342222697,31.83255250267948,31.92555661650415,7.314780274838767,0.39676812022920294,0.08180118933749334,0.0,0.0,34.650875350738104,34.626864807137046,7.933703731881553,0.4303397501879769,0.08872261048655018,34.60625248260303,34.63502886222999
156,18.093644,-76.9372559,0.072,4.1207170486450195,0,12,Low Density Rural,9.0,176.0,Saint Catherine,Rural,34.64603058204654,7.93809499227347,34.64603058204654,7.93809499227347,38.806768127774944,8.891402754260671,38.821506970715134,8.894779716451426,0.4824704085902382,0.09947032342222697,30.19374142714283,30.28195748095272,6.9381990085858085,0.37634160904079783,0.07758988095852905,0.0,0.0,34.701579069482584,34.67753339188167,7.94531291284889,0.4309694550781778,0.08885243595972658,34.53762148815754,34.731560779675725
157,18.4066544,-78.0578613,-0.064,4.867265224456787,0,12,Low Density Rural,22.0,87.0,Hanover,Rural,34.64603058204654,7.93809499227347,34.64603058204654,7.93809499227347,44.46021159292593,10.186719144215933,38.821506970715134,8.894779716451426,0.4824704085902382,0.09947032342222697,32.49818038989186,32.59312924665795,7.467734447751978,0.40506465647332474,0.08351167588504846,0.0,0.0,34.65074619627431,34.62673574216793,7.933674160528997,0.4303381461794455,0.08872227979010838,34.56751356379082,34.641677288441
158,18.3649523,-77.2229004,-0.283,0.9276900291442871,0,11,Very Low Density Rural,32.0,181.0,Saint Ann,Rural,34.64603058204654,7.93809499227347,34.64603058204654,7.93809499227347,55.345461959019765,12.680746597551638,50.467959061929676,11.563213631386853,0.6272115311673098,0.12931142044889507,35.71759185311877,35.82194675767664,8.207520786463578,0.4451921276964184,0.09178470666498839,0.0,0.0,34.650875350738104,34.626864807137046,7.933703731881553,0.4303397501879769,0.08872261048655018,34.60753138898199,34.63457457741948
159,18.4275017,-77.244873,0.58,3.501979112625122,0,11,Very Low Density Rural,37.0,64.0,Saint Ann,Rural,34.64603058204654,7.93809499227347,34.64603058204654,7.93809499227347,23.34994591177103,5.349937225078127,27.175054879500593,6.226345801515998,0.33772928601316676,0.06962922639555888,35.54094826455399,35.644787075392514,8.166929978132966,0.4429904021332708,0.09133077964697042,11.777571326231676,12.649138219773809,34.65074619627431,34.62673574216793,7.933674160528997,0.4303381461794455,0.08872227979010838,34.48967592866673,34.63479784715491
160,18.1980434,-76.8713379,-0.66,,0,12,Low Density Rural,60.0,228.0,Saint Mary,Rural,34.64603058204654,7.93809499227347,34.64603058204654,7.93809499227347,80.68838749419616,18.487315110615043,50.467959061929676,11.563213631386853,0.6272115311673098,0.12931142044889507,,,,,,,,,,,,,,
161,17.9264757,-76.4318848,0.09,,0,11,Very Low Density Rural,46.0,59.0,Saint Thomas,Rural,34.64603058204654,7.93809499227347,34.64603058204654,7.93809499227347,38.114495446864645,8.732789308238099,38.821506970715134,8.894779716451426,0.4824704085902382,0.09947032342222697,,,,,,,,,,,,,,
162,18.3440975,-76.9812012,0.111,,0,12,Low Density Rural,39.0,226.0,Saint Mary,Rural,34.64603058204654,7.93809499227347,34.64603058204654,7.93809499227347,37.32243676656618,8.551312904216159,38.821506970715134,8.894779716451426,0.4824704085902382,0.09947032342222697,,,,,,,,,,,,,,
163,18.3649523,-78.0578613,-0.437,,0,11,Very Low Density Rural,51.0,163.0,Hanover,Rural,34.64603058204654,7.93809499227347,34.64603058204654,7.93809499227347,64.55997699973935,14.791975343590687,50.467959061929676,11.563213631386853,0.6272115311673098,0.12931142044889507,,,,,,,,,,,,,,
164,17.7800738,-77.2668457,0.585,,0,13,Rural Cluster,55.0,64.0,Clarendon,Rural,34.64603058204654,7.93809499227347,34.64603058204654,7.93809499227347,23.23348757068633,5.3232543018502065,27.175054879500593,6.226345801515998,0.33772928601316676,0.06962922639555888,,,,,,,,,,,,,,
165,18.3858046,-77.8820801,-0.337,,0,11,Very Low Density Rural,27.0,98.0,Saint James,Rural,34.64603058204654,7.93809499227347,34.64603058204654,7.93809499227347,58.41628289690509,13.384332777546176,50.467959061929676,11.563213631386853,0.6272115311673098,0.12931142044889507,,,,,,,,,,,,,,
166,18.093644,-76.9592285,-0.033,,0,11,Very Low Density Rural,7.0,112.0,Saint Catherine,Rural,34.64603058204654,7.93809499227347,34.64603058204654,7.93809499227347,43.103089113133244,9.875775380103269,38.821506970715134,8.894779716451426,0.4824704085902382,0.09947032342222697,,,,,,,,,,,,,,
167,18.2815179,-76.9372559,-0.297,,0,11,Very Low Density Rural,67.0,103.0,Saint Mary,Rural,34.64603058204654,7.93809499227347,34.64603058204654,7.93809499227347,56.125747681880895,12.859525582766645,50.467959061929676,11.563213631386853,0.6272115311673098,0.12931142044889507,,,,,,,,,,,,,,
168,18.1771685,-78.0358887,0.48,,0,13,Rural Cluster,,,,Unknown,,,,,,,,,,,,,,,,,,,,,,,,
169,18.4483464,-77.7282715,0.134,1.8648689985275269,0,12,Low Density Rural,25.0,81.0,Trelawny,Rural,34.64603058204654,7.93809499227347,34.64603058204654,7.93809499227347,36.47381725496554,8.356877288296758,38.821506970715134,8.894779716451426,0.4824704085902382,0.09947032342222697,32.08616851833651,32.17991361367015,7.3730585240792275,0.39992924749927616,0.08245291501089119,0.0,0.0,34.65074619627431,34.62673574216793,7.933674160528997,0.4303381461794455,0.08872227979010838,34.60753138898199,34.63512114144663
170,18.1354112,-76.8493652,0.235,18.199176788330078,1,21,Suburban / Peri-urban,16.0,19.0,Saint Andrew,Kingston Metropolitan Area (KMA),34.567489297207274,6.3937660639451295,34.567489297207274,6.3937660639451295,77.69444606834043,14.370731653597518,45.619430075878164,8.437985222699773,0.5666944528027779,0.08508429749345968,58.16274298446342,52.31951376780232,9.677264343225252,0.6499243453115716,0.0975805499263936,0.0,0.0,27.375436217823975,30.495519805814787,5.640595357110236,0.3788219598655259,0.05687685872138088,24.662773588753215,33.97063254138056
171,17.8637468,-77.6623535,-0.097,,0,12,Low Density Rural,111.0,66.0,Saint Elizabeth,Rural,34.64603058204654,7.93809499227347,34.64603058204654,7.93809499227347,45.95187566665114,10.52848906460411,38.821506970715134,8.894779716451426,0.4824704085902382,0.09947032342222697,,,,,,,,,,,,,,
172,18.0727566,-76.4318848,-0.064,,0,12,Low Density Rural,91.0,209.0,Portland,Rural,34.64603058204654,7.93809499227347,34.64603058204654,7.93809499227347,44.46021159292593,10.186719144215933,38.821506970715134,8.894779716451426,0.4824704085902382,0.09947032342222697,,,,,,,,,,,,,,
173,18.0309744,-77.310791,-0.104,,0,11,Very Low Density Rural,23.0,35.0,Clarendon,Rural,34.64603058204654,7.93809499227347,34.64603058204654,7.93809499227347,46.27466724879063,10.602447038971809,38.821506970715134,8.894779716451426,0.4824704085902382,0.09947032342222697,,,,,,,,,,,,,,
174,18.2189158,-76.7614746,-0.532,,0,12,Low Density Rural,57.0,145.0,Saint Mary,Rural,34.64603058204654,7.93809499227347,34.64603058204654,7.93809499227347,70.99395039450091,16.26612667138648,50.467959061929676,11.563213631386853,0.6272115311673098,0.12931142044889507,,,,,,,,,,,,,,
175,18.1980434,-77.3547363,-0.181,1.5446820259094238,0,12,Low Density Rural,49.0,35.0,Clarendon,Rural,34.64603058204654,7.93809499227347,34.64603058204654,7.93809499227347,49.97858769976049,11.45108891481369,50.467959061929676,11.563213631386853,0.6272115311673098,0.12931142044889507,35.008437043689455,35.11072003413959,8.04456459212811,0.4363530620680783,0.08996236750978434,0.0,0.0,34.65058665738557,34.62657631382807,7.933637632324032,0.43033616481750775,0.08872187129518465,34.602729891972594,34.63321612812324
176,18.0100796,-76.9812012,1.092,2.32879900932312,1,30,Urban Centre,0.0,5.0,Saint Catherine,Urban,22.91662051591443,5.07397966218306,22.91662051591443,5.07397966218306,16.63855799038197,3.683950903346485,18.645000109351066,4.128198190939641,0.2172023027032337,0.04722374302752002,22.514729135640017,25.011103185724906,5.537720049297865,0.2913633238523329,0.06334770194423824,5.156568684134529,7.870549878283551,27.399620171161413,25.40563484464211,5.625073488346307,0.29595936484474694,0.0643469651015274,21.873601694656223,28.58400001682228
177,18.0727566,-77.2229004,-0.117,4.434340000152588,0,12,Low Density Rural,35.0,35.0,Clarendon,Rural,34.64603058204654,7.93809499227347,34.64603058204654,7.93809499227347,46.88016513186036,10.741178652166157,38.821506970715134,8.894779716451426,0.4824704085902382,0.09947032342222697,33.83989607896797,33.938764982002944,7.7760463701486975,0.42178810369898934,0.08695952817744511,0.0,0.0,34.65058665738557,34.62657631382807,7.933637632324032,0.43033616481750775,0.08872187129518465,34.56978167424001,34.64186898941144
178,17.9473804,-76.3879395,0.12,,0,12,Low Density Rural,63.0,62.0,Saint Thomas,Rural,34.64603058204654,7.93809499227347,34.64603058204654,7.93809499227347,36.988041869864745,8.474696379599829,38.821506970715134,8.894779716451426,0.4824704085902382,0.09947032342222697,,,,,,,,,,,,,,
179,18.3858046,-77.1130371,0.173,0.5619670152664185,0,12,Low Density Rural,37.0,55.0,Saint Ann,Rural,34.64603058204654,7.93809499227347,34.64603058204654,7.93809499227347,35.078719610238096,8.037232658268573,38.821506970715134,8.894779716451426,0.4824704085902382,0.09947032342222697,32.788343058132426,32.88413967355132,7.534410727072086,0.4086813094711894,0.08425731673057667,0.0,0.0,34.65074619627431,34.62673574216793,7.933674160528997,0.4303381461794455,0.08872227979010838,34.60753138898199,34.63432822689843
180,18.3649523,-77.0910645,0.156,6.08529806137085,0,12,Low Density Rural,28.0,49.0,Saint Ann,Rural,34.64603058204654,7.93809499227347,34.64603058204654,7.93809499227347,35.680155564712365,8.175033602797539,38.821506970715134,8.894779716451426,0.4824704085902382,0.09947032342222697,32.10749101878403,32.201298411360675,7.377958206744345,0.4001950159581655,0.082507708163156,0.0,0.0,34.631211161024545,34.607214243280836,7.929201396695623,0.4300955346406545,0.08867226087122791,34.557370341754854,34.698878585322944
181,18.0518668,-77.8820801,0.865,,0,11,Very Low Density Rural,63.0,89.0,Saint Elizabeth,Rural,34.64603058204654,7.93809499227347,34.64603058204654,7.93809499227347,17.55949216323841,4.023229052972636,27.175054879500593,6.226345801515998,0.33772928601316676,0.06962922639555888,,,,,,,,,,,,,,
182,17.9264757,-77.4645996,-0.191,0.8674529790878296,0,12,Low Density Rural,61.0,29.0,Manchester,Rural,34.64603058204654,7.93809499227347,34.64603058204654,7.93809499227347,50.48088085677383,11.56617427170323,50.467959061929676,11.563213631386853,0.6272115311673098,0.12931142044889507,35.30696152617007,35.41011670570858,8.113162326972711,0.44007393860621513,0.09072949599284327,0.0,0.0,34.65058665738557,34.62657631382807,7.933637632324032,0.43033616481750775,0.08872187129518465,34.60257868686505,34.63550157680634
183,18.4275017,-77.0471191,0.944,,0,10,Water,,,,Unknown,,,,,,,,,,,,,,,,,,,,,,,,
184,18.0100796,-76.8933105,0.994,,0,11,Very Low Density Rural,0.0,8.0,Saint Catherine,Rural,34.64603058204654,7.93809499227347,34.64603058204654,7.93809499227347,15.434336459688254,3.536313594989558,27.175054879500593,6.226345801515998,0.33772928601316676,0.06962922639555888,,,,,,,,,,,,,,
185,18.4275017,-78.013916,0.14,,0,12,Low Density Rural,16.0,40.0,Hanover,Rural,34.64603058204654,7.93809499227347,34.64603058204654,7.93809499227347,36.25562956905614,8.306886147961315,38.821506970715134,8.894779716451426,0.4824704085902382,0.09947032342222697,,,,,,,,,,,,,,
186,17.9682826,-77.5964355,0.439,1.3158570528030396,0,13,Rural Cluster,68.0,51.0,Saint Elizabeth,Rural,34.64603058204654,7.93809499227347,34.64603058204654,7.93809499227347,26.885703251923776,6.160049586126062,27.175054879500593,6.226345801515998,0.33772928601316676,0.06962922639555888,33.79598142061431,33.89472201964716,7.765955251107126,0.4212407414840359,0.08684667919110083,6.569183307832666,7.430031702127815,34.65074619627431,34.62673574216793,7.933674160528997,0.4303381461794455,0.08872227979010838,34.60734054970843,34.63600837841529
187,17.8219152,-77.2229004,0.022,,0,12,Low Density Rural,22.0,27.0,Clarendon,Rural,34.64603058204654,7.93809499227347,34.64603058204654,7.93809499227347,40.796433676496115,9.347274721792415,38.821506970715134,8.894779716451426,0.4824704085902382,0.09947032342222697,,,,,,,,,,,,,,
188,18.4275017,-77.9699707,0.068,,0,11,Very Low Density Rural,31.0,11.0,Saint James,Rural,34.64603058204654,7.93809499227347,34.64603058204654,7.93809499227347,38.9623060687842,8.927039591436294,38.821506970715134,8.894779716451426,0.4824704085902382,0.09947032342222697,,,,,,,,,,,,,,
189,18.0100796,-77.442627,0.093,,0,11,Very Low Density Rural,75.0,56.0,Manchester,Rural,34.64603058204654,7.93809499227347,34.64603058204654,7.93809499227347,38.00032330436689,8.706630198597175,38.821506970715134,8.894779716451426,0.4824704085902382,0.09947032342222697,,,,,,,,,,,,,,
190,18.1980434,-77.5524902,0.212,1.2873849868774414,0,12,Low Density Rural,69.0,49.0,Manchester,Rural,34.64603058204654,7.93809499227347,34.64603058204654,7.93809499227347,33.73698346109305,7.729814208664138,38.821506970715134,8.894779716451426,0.4824704085902382,0.09947032342222697,32.75693995184641,32.85264481785026,7.527194628947054,0.40828989406554733,0.08417661910374101,0.0,0.0,34.65074619627431,34.62673574216793,7.933674160528997,0.4303381461794455,0.08872227979010838,34.60755501469312,34.635073643365224
191,17.9473804,-76.9372559,0.516,,0,11,Very Low Density Rural,3.0,10.0,Saint Catherine,Rural,34.64603058204654,7.93809499227347,34.64603058204654,7.93809499227347,24.89319984803138,5.703527409507012,27.175054879500593,6.226345801515998,0.33772928601316676,0.06962922639555888,,,,,,,,,,,,,,
192,18.1562911,-77.442627,0.089,0.6158260107040405,0,12,Low Density Rural,56.0,67.0,Clarendon,Rural,34.64603058204654,7.93809499227347,34.64603058204654,7.93809499227347,38.152629005913234,8.741526465396818,38.821506970715134,8.894779716451426,0.4824704085902382,0.09947032342222697,32.76577006686682,32.861500731525126,7.529223694984734,0.4083999546124595,0.08419931014966313,0.0,0.0,34.65074619627431,34.62673574216793,7.933674160528997,0.4303381461794455,0.08872227979010838,34.60753138898199,34.63432822689843
193,18.2815179,-78.2116699,0.226,,0,11,Very Low Density Rural,56.0,61.0,Westmoreland,Rural,34.64603058204654,7.93809499227347,34.64603058204654,7.93809499227347,33.26795654182064,7.622350808771884,38.821506970715134,8.894779716451426,0.4824704085902382,0.09947032342222697,,,,,,,,,,,,,,
194,18.1562911,-77.9040527,0.61,1.5571449995040894,0,12,Low Density Rural,44.0,58.0,Saint Elizabeth,Rural,34.64603058204654,7.93809499227347,34.64603058204654,7.93809499227347,22.659850718677443,5.191822684841969,27.175054879500593,6.226345801515998,0.33772928601316676,0.06962922639555888,35.97449041404491,36.079595890615494,8.26655332951644,0.44839416935172305,0.09244486760624748,12.999239106305382,13.734637960569602,34.68976929882425,34.66573180453791,7.942608934360719,0.43082278594778955,0.08882219736773002,34.60021667146677,34.81533530529165
195,18.4275017,-77.1569824,1.101,,1,23,Dense Urban Cluster,,,,Unknown,,,,,,,,,,,,,,,,,,,,,,,,
196,17.9473804,-76.9812012,0.352,1.3524800539016724,0,11,Very Low Density Rural,9.0,99.0,Saint Catherine,Rural,34.64603058204654,7.93809499227347,34.64603058204654,7.93809499227347,29.329524409414546,6.719977640404872,27.175054879500593,6.226345801515998,0.33772928601316676,0.06962922639555888,31.987461213168192,32.080917918639145,7.3503766405335424,0.3986989373656095,0.08219926350247422,2.1182148744433698,3.12265254383827,34.63615119840588,34.612150857574534,7.9303324732589475,0.43015688646600037,0.08868490970067122,34.54122280444478,34.65987921656647
197,18.1145288,-77.0031738,0.531,4.498642921447754,1,21,Suburban / Peri-urban,6.0,15.0,Saint Catherine,Urban,22.91662051591443,5.07397966218306,22.91662051591443,5.07397966218306,29.15780915345097,6.455844156239539,26.635714441930098,5.89742598705663,0.31028900386176245,0.06746249003931432,19.762150802666888,21.9533261945817,4.860696216146835,0.2557421814691706,0.055603015753928745,0.0,0.0,24.08898713462575,22.33593046533251,4.94540880660518,0.2601992760330633,0.05657206942285879,21.031626012736087,24.028037989060767
198,18.2397857,-78.013916,-0.151,,0,11,Very Low Density Rural,63.0,64.0,Westmoreland,Rural,34.64603058204654,7.93809499227347,34.64603058204654,7.93809499227347,48.50149720629498,11.112658091647779,50.467959061929676,11.563213631386853,0.6272115311673098,0.12931142044889507,,,,,,,,,,,,,,
199,18.0309744,-77.4865723,0.45,18.60454559326172,1,30,Urban Centre,51.0,38.0,Manchester,Urban,22.91662051591443,5.07397966218306,22.91662051591443,5.07397966218306,31.617879653650117,7.000529515796749,34.62642877450913,7.66665378317362,0.40337570502029124,0.08770123705110862,17.67915740379925,19.639375956921807,4.348363412231158,0.2287861440858103,0.04974228146801605,0.0,0.0,22.84736828476725,21.184669428913825,4.690507562305411,0.24678782273962843,0.05365617481183299,20.37730898355545,23.50287662617363
200,17.9055685,-77.376709,-0.305,,0,11,Very Low Density Rural,57.0,52.0,Manchester,Rural,34.64603058204654,7.93809499227347,34.64603058204654,7.93809499227347,56.57655448625304,12.962814391791818,50.467959061929676,11.563213631386853,0.6272115311673098,0.12931142044889507,,,,,,,,,,,,,,
201,18.0100796,-77.0471191,0.398,11.616525650024414,1,21,Suburban / Peri-urban,3.0,18.0,Saint Catherine,Urban,22.91662051591443,5.07397966218306,22.91662051591443,5.07397966218306,33.305507456861896,7.374187976689125,34.62642877450913,7.66665378317362,0.40337570502029124,0.08770123705110862,17.90247886746711,19.88745871811045,4.403291532367163,0.23167614927085323,0.0503706213175854,0.0,0.0,25.547461971930172,23.68826596907991,5.244830042720569,0.2759531180131423,0.059997242066538746,21.240884494327066,26.28568454713975
202,18.4066544,-77.0031738,0.562,1.5090899467468262,1,21,Suburban / Peri-urban,48.0,101.0,Saint Mary,Urban,22.91662051591443,5.07397966218306,22.91662051591443,5.07397966218306,28.267783738683267,6.258783213059838,26.635714441930098,5.89742598705663,0.31028900386176245,0.06746249003931432,21.19971335448053,23.550281907561143,5.2142789271507395,0.2743456921229601,0.059647758353755735,0.0,0.0,22.829508972771226,21.168109813988032,4.686841090222901,0.2465949138379032,0.053614232897362404,20.997819248617667,21.315513609669974
203,18.093644,-76.9152832,-0.379,,0,11,Very Low Density Rural,11.0,141.0,Saint Catherine,Rural,34.64603058204654,7.93809499227347,34.64603058204654,7.93809499227347,60.92201890232496,13.958446755465772,50.467959061929676,11.563213631386853,0.6272115311673098,0.12931142044889507,,,,,,,,,,,,,,
204,18.1145288,-77.1130371,0.13,0.448855996131897,0,11,Very Low Density Rural,28.0,51.0,Saint Catherine,Rural,34.64603058204654,7.93809499227347,34.64603058204654,7.93809499227347,36.620004703966856,8.390371741697487,38.821506970715134,8.894779716451426,0.4824704085902382,0.09947032342222697,32.9740137333546,33.0703528166328,7.577075863416929,0.4109955506801967,0.08473444095920996,0.0,0.0,34.650309286624534,34.62629913526486,7.9335741251999075,0.4303327200657431,0.08872116109500233,34.60755501469312,34.63432822689843
205,17.9055685,-77.4865723,0.079,1.2429759502410889,0,12,Low Density Rural,64.0,169.0,Manchester,Rural,34.64603058204654,7.93809499227347,34.64603058204654,7.93809499227347,38.53606930212294,8.829380266944733,38.821506970715134,8.894779716451426,0.4824704085902382,0.09947032342222697,31.815723330322648,31.908678274912102,7.310913110935173,0.3965583576259536,0.08175794284275376,0.0,0.0,34.650875350738104,34.626864807137046,7.933703731881553,0.4303397501879769,0.08872261048655018,34.60753138898199,34.63502886222999
206,18.3232401,-77.0690918,-0.405,,0,11,Very Low Density Rural,28.0,102.0,Saint Ann,Rural,34.64603058204654,7.93809499227347,34.64603058204654,7.93809499227347,62.52676266312917,14.326125482220784,50.467959061929676,11.563213631386853,0.6272115311673098,0.12931142044889507,,,,,,,,,,,,,,
207,18.4275017,-77.8161621,0.714,1.5493470430374146,0,12,Low Density Rural,15.0,71.0,Saint James,Rural,34.64603058204654,7.93809499227347,34.64603058204654,7.93809499227347,20.42163070346018,4.679001943304861,27.175054879500593,6.226345801515998,0.33772928601316676,0.06962922639555888,36.62153177440217,36.72852769027456,8.41523651724849,0.4564590389294262,0.09410759172563184,15.640070264912012,16.715774431248374,34.634744921531244,34.61074555514779,7.930010490510305,0.43013942148617523,0.08868130896752606,34.47243114265299,34.71559044786525
208,17.9473804,-77.8161621,-0.684,,0,11,Very Low Density Rural,84.0,94.0,Saint Elizabeth,Rural,34.64603058204654,7.93809499227347,34.64603058204654,7.93809499227347,82.64833407651184,18.936377871595973,50.467959061929676,11.563213631386853,0.6272115311673098,0.12931142044889507,,,,,,,,,,,,,,
209,18.2189158,-77.2229004,0.245,,0,11,Very Low Density Rural,57.0,55.0,Saint Ann,Rural,34.64603058204654,7.93809499227347,34.64603058204654,7.93809499227347,32.64183238282496,7.4788933053417335,27.175054879500593,6.226345801515998,0.33772928601316676,0.06962922639555888,,,,,,,,,,,,,,
210,18.1980434,-77.376709,-0.477,,0,11,Very Low Density Rural,58.0,110.0,Clarendon,Rural,34.64603058204654,7.93809499227347,34.64603058204654,7.93809499227347,67.19471964294148,15.395647309197342,50.467959061929676,11.563213631386853,0.6272115311673098,0.12931142044889507,,,,,,,,,,,,,,
211,17.9682826,-76.5637207,-0.496,,0,11,Very Low Density Rural,70.0,67.0,Saint Thomas,Rural,34.64603058204654,7.93809499227347,34.64603058204654,7.93809499227347,68.48362514407764,15.690961206119908,50.467959061929676,11.563213631386853,0.6272115311673098,0.12931142044889507,,,,,,,,,,,,,,
212,18.0727566,-77.3547363,0.471,,0,11,Very Low Density Rural,29.0,40.0,Clarendon,Rural,34.64603058204654,7.93809499227347,34.64603058204654,7.93809499227347,26.038980563316265,5.966048570097328,27.175054879500593,6.226345801515998,0.33772928601316676,0.06962922639555888,,,,,,,,,,,,,,
213,18.0309744,-77.2229004,0.184,2.429763078689575,0,12,Low Density Rural,19.0,7.0,Clarendon,Rural,34.64603058204654,7.93809499227347,34.64603058204654,7.93809499227347,34.694968196785084,7.949307573569613,38.821506970715134,8.894779716451426,0.4824704085902382,0.09947032342222697,32.70879224862344,32.80435644307823,7.516130801445802,0.4076897702237811,0.08405289231848946,0.0,0.0,34.349264174240666,34.3254626253109,7.86464649473144,0.42659394933781036,0.08795034338911299,33.75359261187097,34.6906663965578
214,18.3023803,-77.4206543,0.468,,0,11,Very Low Density Rural,78.0,87.0,Saint Ann,Rural,34.64603058204654,7.93809499227347,34.64603058204654,7.93809499227347,26.11721479768209,5.983973589893551,27.175054879500593,6.226345801515998,0.33772928601316676,0.06962922639555888,,,,,,,,,,,,,,
215,17.9473804,-77.1789551,0.471,2.2640039920806885,0,12,Low Density Rural,6.0,7.0,Clarendon,Rural,34.64603058204654,7.93809499227347,34.64603058204654,7.93809499227347,26.038980563316265,5.966048570097328,27.175054879500593,6.226345801515998,0.33772928601316676,0.06962922639555888,33.15959028808283,33.256471564231596,7.6197193718784115,0.41330861875012087,0.08521132332321912,6.7193404550189255,7.81277398124968,34.40885106521137,34.38500822688764,7.878289576889694,0.4273339770431787,0.08810291397973116,33.78947755091309,34.69132484351775
216,18.4066544,-77.6184082,-0.201,,0,11,Very Low Density Rural,38.0,217.0,Trelawny,Rural,34.64603058204654,7.93809499227347,34.64603058204654,7.93809499227347,50.98822214394039,11.682416255658456,50.467959061929676,11.563213631386853,0.6272115311673098,0.12931142044889507,,,,,,,,,,,,,,
217,18.1771685,-77.8820801,0.32,,0,12,Low Density Rural,47.0,135.0,Saint Elizabeth,Rural,34.64603058204654,7.93809499227347,34.64603058204654,7.93809499227347,30.283247374994286,6.9384945489770145,27.175054879500593,6.226345801515998,0.33772928601316676,0.06962922639555888,,,,,,,,,,,,,,
218,17.9682826,-77.5744629,0.083,1.913437008857727,0,12,Low Density Rural,64.0,49.0,Manchester,Rural,34.64603058204654,7.93809499227347,34.64603058204654,7.93809499227347,38.38223290282818,8.794133286833139,38.821506970715134,8.894779716451426,0.4824704085902382,0.09947032342222697,32.69453895240575,32.79006150347729,7.512855546342844,0.4075121139222047,0.0840162651399907,0.0,0.0,34.65074619627431,34.62673574216793,7.933674160528997,0.4303381461794455,0.08872227979010838,34.60755501469312,34.635073643365224
219,18.3023803,-77.1350098,0.302,,0,11,Very Low Density Rural,19.0,43.0,Saint Ann,Rural,34.64603058204654,7.93809499227347,34.64603058204654,7.93809499227347,30.833281282072594,7.0645182616507975,27.175054879500593,6.226345801515998,0.33772928601316676,0.06962922639555888,,,,,,,,,,,,,,
220,17.9682826,-76.2780762,-0.291,7.178528785705566,0,12,Low Density Rural,66.0,195.0,Saint Thomas,Rural,34.64603058204654,7.93809499227347,34.64603058204654,7.93809499227347,55.79000144174812,12.782599438481196,50.467959061929676,11.563213631386853,0.6272115311673098,0.12931142044889507,35.00691663629994,35.10919518462619,8.044215218763169,0.4363341113671607,0.08995846046737141,0.0,0.0,34.59766094802633,34.573687278147034,7.921519701864682,0.4296788643506758,0.08858635647633308,34.44462756809362,34.697310428393266
221,18.1354112,-77.6403809,-0.188,2.2772390842437744,0,12,Low Density Rural,65.0,58.0,Saint Elizabeth,Rural,34.64603058204654,7.93809499227347,34.64603058204654,7.93809499227347,50.32966515117367,11.531527744663572,50.467959061929676,11.563213631386853,0.6272115311673098,0.12931142044889507,34.72343291867208,34.82488322201422,7.9790736908958175,0.4328007063174298,0.08922998274765914,0.0,0.0,34.65074619627431,34.62673574216793,7.933674160528997,0.4303381461794455,0.08872227979010838,34.60723214781113,34.635073643365224
222,17.9682826,-77.4206543,-0.363,1.1204010248184204,0,12,Low Density Rural,43.0,21.0,Manchester,Rural,34.64603058204654,7.93809499227347,34.64603058204654,7.93809499227347,59.955023194702484,13.73688879759092,50.467959061929676,11.563213631386853,0.6272115311673098,0.12931142044889507,38.642387500647914,38.755287683731396,8.879607560173591,0.48164744088649364,0.09930065319541095,0.0,0.0,34.65058665738557,34.62657631382807,7.933637632324032,0.43033616481750775,0.08872187129518465,34.56839867122169,34.732261304289985
223,18.1562911,-76.9812012,0.266,,0,11,Very Low Density Rural,13.0,54.0,Saint Catherine,Rural,34.64603058204654,7.93809499227347,34.64603058204654,7.93809499227347,31.963501307559717,7.323474158582196,27.175054879500593,6.226345801515998,0.33772928601316676,0.06962922639555888,,,,,,,,,,,,,,
224,18.2397857,-77.1789551,-0.599,0.1576409935951233,0,11,Very Low Density Rural,42.0,163.0,Saint Ann,Rural,34.64603058204654,7.93809499227347,34.64603058204654,7.93809499227347,75.9135101345917,17.393295697128824,50.467959061929676,11.563213631386853,0.6272115311673098,0.12931142044889507,45.30184492078025,45.43420181993639,10.40987968565936,0.5646524214676114,0.11641368669353731,0.0,0.0,34.650438441088326,34.626428200233974,7.9336036965524634,0.4303343240742745,0.08872149179144413,34.60786013810286,34.63432822689843
225,18.0309744,-76.8273926,1.04,98.34308624267578,1,30,Urban Centre,0.0,6.0,Saint Andrew,Kingston Metropolitan Area (KMA),34.567489297207274,6.3937660639451295,34.567489297207274,6.3937660639451295,34.736248797872065,6.424980618147827,35.09186928913705,6.49075786361521,0.4359188098482907,0.06544945961035359,36.70132489858465,33.01418356147703,6.106459299642588,0.41010934720103576,0.06157439080181944,0.12618872271052098,3.5856370704024076,31.212138999146006,34.769506336142705,6.431132089483708,0.4319143473430124,0.06484822401078953,29.757220473914288,37.769561106669904
226,18.2397857,-77.1130371,0.018,,0,11,Very Low Density Rural,17.0,69.0,Saint Ann,Rural,34.64603058204654,7.93809499227347,34.64603058204654,7.93809499227347,40.95994621826898,9.384738698681407,38.821506970715134,8.894779716451426,0.4824704085902382,0.09947032342222697,,,,,,,,,,,,,,
227,18.4066544,-78.2336426,-0.025,,0,11,Very Low Density Rural,49.0,108.0,Hanover,Rural,34.64603058204654,7.93809499227347,34.64603058204654,7.93809499227347,42.75964002829403,9.797084360824545,38.821506970715134,8.894779716451426,0.4824704085902382,0.09947032342222697,,,,,,,,,,,,,,
228,18.3023803,-77.3327637,0.312,0.15733300149440765,0,12,Low Density Rural,72.0,69.0,Saint Ann,Rural,34.64603058204654,7.93809499227347,34.64603058204654,7.93809499227347,30.526485007257303,6.994225130465333,27.175054879500593,6.226345801515998,0.33772928601316676,0.06962922639555888,33.186864668861375,33.28382563166468,7.625986733017941,0.4136485727890251,0.08528141122414823,2.246553897770225,3.238693025405661,34.649961136348615,34.62595122623183,7.9334944123177555,0.4303283962816756,0.08872026966582462,34.60786013810286,34.6347454699361
229,18.0100796,-76.2561035,0.453,,0,13,Rural Cluster,,,,Unknown,,,,,,,,,,,,,,,,,,,,,,,,
230,18.0100796,-77.310791,0.13,2.411539077758789,0,12,Low Density Rural,20.0,11.0,Clarendon,Rural,34.64603058204654,7.93809499227347,34.64603058204654,7.93809499227347,36.620004703966856,8.390371741697487,38.821506970715134,8.894779716451426,0.4824704085902382,0.09947032342222697,32.63436772539524,32.729714476186686,7.499028841606794,0.40676212616577717,0.0838616410980468,0.0,0.0,35.014002479597515,34.98974031523156,8.016845731274593,0.43484953634310525,0.08965238748308446,34.45293646393765,35.43735948043683
231,18.3858046,-78.1677246,-0.081,0.4453490078449249,0,12,Low Density Rural,43.0,121.0,Hanover,Rural,34.64603058204654,7.93809499227347,34.64603058204654,7.93809499227347,45.22249625133505,10.361373727380219,38.821506970715134,8.894779716451426,0.4824704085902382,0.09947032342222697,33.28131988749522,33.37855681698089,7.647691532532849,0.41482588395626613,0.08552413600164545,0.0,0.0,34.650438441088326,34.626428200233974,7.9336036965524634,0.4303343240742745,0.08872149179144413,34.60753138898199,34.63432822689843
232,18.2397857,-77.8820801,-0.215,0.9206979870796204,0,12,Low Density Rural,34.0,56.0,Westmoreland,Rural,34.64603058204654,7.93809499227347,34.64603058204654,7.93809499227347,51.70707750018345,11.847120321541231,50.467959061929676,11.563213631386853,0.6272115311673098,0.12931142044889507,35.2917217700991,35.394832424147296,8.109660393940734,0.4398839868463454,0.09069033387501707,0.0,0.0,34.65074619627431,34.62673574216793,7.933674160528997,0.4303381461794455,0.08872227979010838,34.60753138898199,34.634619358554716
233,18.1980434,-77.7062988,0.444,0.744799017906189,0,12,Low Density Rural,61.0,110.0,Saint Elizabeth,Rural,34.64603058204654,7.93809499227347,34.64603058204654,7.93809499227347,26.751610247535435,6.129326210641149,27.175054879500593,6.226345801515998,0.33772928601316676,0.06962922639555888,33.75960898930741,33.85824332021297,7.7575972552144234,0.420787387289565,0.08675321172129141,6.600984519306444,7.449736703329569,34.650875350738104,34.626864807137046,7.933703731881553,0.4303397501879769,0.08872261048655018,34.60723214781113,34.63600837841529
234,18.0727566,-77.7722168,0.28,0.32298800349235535,0,11,Very Low Density Rural,63.0,75.0,Saint Elizabeth,Rural,34.64603058204654,7.93809499227347,34.64603058204654,7.93809499227347,31.51913014542741,7.221659883250432,27.175054879500593,6.226345801515998,0.33772928601316676,0.06962922639555888,33.273431089165264,33.37064497021026,7.6458787710079505,0.4147275561930752,0.08550386388913485,1.4821618425630085,2.2024160422513335,34.649961136348615,34.62595122623183,7.9334944123177555,0.4303283962816756,0.08872026966582462,34.60786013810286,34.63432822689843
235,18.093644,-77.5744629,0.535,1.1944249868392944,0,11,Very Low Density Rural,69.0,144.0,Manchester,Rural,34.64603058204654,7.93809499227347,34.64603058204654,7.93809499227347,24.424693951074143,5.596183386194452,27.175054879500593,6.226345801515998,0.33772928601316676,0.06962922639555888,34.593385186087495,34.69445553327868,7.949190112159329,0.43117976202170255,0.08889579468042301,9.664950172793558,10.717153618386888,34.650875350738104,34.626864807137046,7.933703731881553,0.4303397501879769,0.08872261048655018,34.60464869897081,34.637985047545925
236,17.8846589,-77.244873,0.307,1.9999020099639893,1,21,Suburban / Peri-urban,13.0,16.0,Clarendon,Urban,22.91662051591443,5.07397966218306,22.91662051591443,5.07397966218306,36.478490021905536,8.076719529817234,34.62642877450913,7.66665378317362,0.40337570502029124,0.08770123705110862,20.081397300104094,22.307969905415586,4.939218045962127,0.2598735534284396,0.056501251386458784,0.0,0.0,23.35982206926287,21.65982980129569,4.795713042496812,0.25232313657333044,0.054859653019964934,20.645198163684743,22.567734055731588
237,18.3858046,-77.310791,0.4,,0,12,Low Density Rural,46.0,62.0,Saint Ann,Rural,34.64603058204654,7.93809499227347,34.64603058204654,7.93809499227347,27.954960673527406,6.40503773747525,27.175054879500593,6.226345801515998,0.33772928601316676,0.06962922639555888,,,,,,,,,,,,,,
238,18.3440975,-76.9372559,-0.282,1.618710994720459,1,21,Suburban / Peri-urban,49.0,125.0,Saint Mary,Urban,22.91662051591443,5.07397966218306,22.91662051591443,5.07397966218306,65.74099952973482,14.555745440468161,34.62642877450913,7.66665378317362,0.40337570502029124,0.08770123705110862,27.903734878316897,30.997627735344988,6.8631992485906945,0.36110249841606945,0.07851027074558743,0.0,0.0,22.86833566856832,21.204110928218192,4.69481211375549,0.24701430374752037,0.05370541591463988,21.12624379007854,21.356198311201407
239,18.0100796,-77.2668457,-0.08,,0,12,Low Density Rural,16.0,11.0,Clarendon,Rural,34.64603058204654,7.93809499227347,34.64603058204654,7.93809499227347,45.177296358796646,10.351017532613238,38.821506970715134,8.894779716451426,0.4824704085902382,0.09947032342222697,,,,,,,,,,,,,,
240,17.9891824,-76.6516113,-0.481,5.309933185577393,0,11,Very Low Density Rural,13.0,28.0,Saint Andrew,Rural,34.64603058204654,7.93809499227347,34.64603058204654,7.93809499227347,67.46403679673139,15.457353227997194,50.467959061929676,11.563213631386853,0.6272115311673098,0.12931142044889507,40.76597611579822,40.885080717370094,9.36758552275344,0.5081163287616459,0.1047577108526074,0.0,0.0,34.85261070553185,34.82846037396056,7.979893287584812,0.4328451628595842,0.08923914829760292,34.547119320222336,34.70500267636976
241,18.1354112,-77.9699707,0.129,0.15785600244998932,0,11,Very Low Density Rural,47.0,86.0,Westmoreland,Rural,34.64603058204654,7.93809499227347,34.64603058204654,7.93809499227347,36.656643024778035,8.3987663100238,38.821506970715134,8.894779716451426,0.4824704085902382,0.09947032342222697,32.95311826248107,33.04939629615441,7.5722743075829655,0.4107351048143147,0.08468074515931838,0.0,0.0,34.650309286624534,34.62629913526486,7.9335741251999075,0.4303327200657431,0.08872116109500233,34.60786013810286,34.63432822689843
242,18.1980434,-77.0910645,0.293,1.0863909721374512,0,12,Low Density Rural,16.0,29.0,Saint Catherine,Rural,34.64603058204654,7.93809499227347,34.64603058204654,7.93809499227347,31.112033316191088,7.128385899268964,27.175054879500593,6.226345801515998,0.33772928601316676,0.06962922639555888,32.695523361960824,32.79104878914914,7.5130817531352525,0.40752438382511835,0.08401879481059735,1.3592656102636436,1.940596197099275,34.64773438114606,34.62372601400914,7.932984571920314,0.43030074153218084,0.08871456812055381,34.6055047351195,34.711427395998406
243,18.4066544,-77.8381348,0.383,,0,11,Very Low Density Rural,9.0,33.0,Saint James,Rural,34.64603058204654,7.93809499227347,34.64603058204654,7.93809499227347,28.43425748486446,6.514854173989594,27.175054879500593,6.226345801515998,0.33772928601316676,0.06962922639555888,,,,,,,,,,,,,,
244,18.3649523,-77.0251465,-0.045,,0,12,Low Density Rural,46.0,160.0,Saint Mary,Rural,34.64603058204654,7.93809499227347,34.64603058204654,7.93809499227347,43.62344205592727,9.994998593268374,38.821506970715134,8.894779716451426,0.4824704085902382,0.09947032342222697,,,,,,,,,,,,,,
245,18.2815179,-76.7614746,0.47,,0,10,Water,,,,Unknown,,,,,,,,,,,,,,,,,,,,,,,,
246,17.8009957,-77.2668457,0.094,,0,11,Very Low Density Rural,29.0,26.0,Clarendon,Rural,34.64603058204654,7.93809499227347,34.64603058204654,7.93809499227347,37.96234197489237,8.697927920262934,38.821506970715134,8.894779716451426,0.4824704085902382,0.09947032342222697,,,,,,,,,,,,,,
247,17.9055685,-76.5197754,-0.344,5.163939952850342,0,11,Very Low Density Rural,35.0,190.0,Saint Thomas,Rural,34.64603058204654,7.93809499227347,34.64603058204654,7.93809499227347,58.826631421430825,13.478351789620605,50.467959061929676,11.563213631386853,0.6272115311673098,0.12931142044889507,36.53300597943198,36.63974325242265,8.394894235905895,0.45535563343722874,0.09388010398913947,0.0,0.0,34.650875350738104,34.626864807137046,7.933703731881553,0.4303397501879769,0.08872261048655018,34.56539662742909,34.64201992043605
248,17.9264757,-77.3986816,0.272,,0,11,Very Low Density Rural,35.0,47.0,Manchester,Rural,34.64603058204654,7.93809499227347,34.64603058204654,7.93809499227347,31.772294493775807,7.279664872915481,27.175054879500593,6.226345801515998,0.33772928601316676,0.06962922639555888,,,,,,,,,,,,,,
249,18.1562911,-77.6623535,-0.457,3.2294280529022217,0,12,Low Density Rural,63.0,122.0,Saint Elizabeth,Rural,34.64603058204654,7.93809499227347,34.64603058204654,7.93809499227347,65.86417504723062,15.090793067173951,50.467959061929676,11.563213631386853,0.6272115311673098,0.12931142044889507,39.91948045620115,40.03611187945436,9.173069869224365,0.4975654157736838,0.10258244225866611,0.0,0.0,34.650875350738104,34.626864807137046,7.933703731881553,0.4303397501879769,0.08872261048655018,34.606680452917274,34.63502886222999
250,18.1771685,-76.5856934,-0.377,0.7763239741325378,0,11,Very Low Density Rural,54.0,72.0,Portland,Rural,34.64603058204654,7.93809499227347,34.64603058204654,7.93809499227347,60.80029662736935,13.93055776024639,50.467959061929676,11.563213631386853,0.6272115311673098,0.12931142044889507,38.799670350572384,38.913030061746674,8.915749477731133,0.48360784983276245,0.09970482826698679,0.0,0.0,34.65074619627431,34.62673574216793,7.933674160528997,0.4303381461794455,0.08872227979010838,34.60753138898199,34.634619358554716
251,17.9473804,-76.3000488,-0.386,,0,11,Very Low Density Rural,71.0,73.0,Saint Thomas,Rural,34.64603058204654,7.93809499227347,34.64603058204654,7.93809499227347,61.34996911291637,14.056498664055798,50.467959061929676,11.563213631386853,0.6272115311673098,0.12931142044889507,,,,,,,,,,,,,,
252,18.0518668,-76.3220215,-0.584,,0,12,Low Density Rural,113.0,381.0,Portland,Rural,34.64603058204654,7.93809499227347,34.64603058204654,7.93809499227347,74.78330521076438,17.134343260288176,50.467959061929676,11.563213631386853,0.6272115311673098,0.12931142044889507,,,,,,,,,,,,,,
253,18.260653,-77.0690918,0.224,0.16276100277900696,0,11,Very Low Density Rural,23.0,41.0,Saint Ann,Rural,34.64603058204654,7.93809499227347,34.64603058204654,7.93809499227347,33.334559035196826,7.637610765259263,38.821506970715134,8.894779716451426,0.4824704085902382,0.09947032342222697,33.115478110496625,33.21223050555786,7.609582865028682,0.4127587946108652,0.08509796676500675,0.0,0.24648730700028498,34.650309286624534,34.62629913526486,7.9335741251999075,0.4303327200657431,0.08872116109500233,34.6055047351195,34.63600837841529
254,18.2397857,-78.2556152,0.272,,0,11,Very Low Density Rural,67.0,129.0,Westmoreland,Rural,34.64603058204654,7.93809499227347,34.64603058204654,7.93809499227347,31.772294493775807,7.279664872915481,27.175054879500593,6.226345801515998,0.33772928601316676,0.06962922639555888,,,,,,,,,,,,,,
255,18.2397857,-77.3547363,0.462,0.8396109938621521,0,12,Low Density Rural,56.0,57.0,Saint Ann,Rural,34.64603058204654,7.93809499227347,34.64603058204654,7.93809499227347,26.2743891379663,6.019985358704102,27.175054879500593,6.226345801515998,0.33772928601316676,0.06962922639555888,34.38800269353994,34.48847298150832,7.901995410912621,0.4286198282718337,0.08836801632654846,7.849261825600218,8.589417248608019,34.65074619627431,34.62673574216793,7.933674160528997,0.4303381461794455,0.08872227979010838,34.60723214781113,34.63600837841529
256,18.1562911,-77.2009277,-0.363,,0,11,Very Low Density Rural,36.0,43.0,Clarendon,Rural,34.64603058204654,7.93809499227347,34.64603058204654,7.93809499227347,59.955023194702484,13.73688879759092,50.467959061929676,11.563213631386853,0.6272115311673098,0.12931142044889507,,,,,,,,,,,,,,
257,18.1980434,-76.607666,-0.33,,0,11,Very Low Density Rural,78.0,119.0,Portland,Rural,34.64603058204654,7.93809499227347,34.64603058204654,7.93809499227347,58.00879678192945,13.29096960045583,50.467959061929676,11.563213631386853,0.6272115311673098,0.12931142044889507,,,,,,,,,,,,,,
258,18.0727566,-77.1789551,-0.07,,0,11,Very Low Density Rural,44.0,141.0,Saint Catherine,Rural,34.64603058204654,7.93809499227347,34.64603058204654,7.93809499227347,44.72777474926352,10.24802318729846,38.821506970715134,8.894779716451426,0.4824704085902382,0.09947032342222697,,,,,,,,,,,,,,
259,18.260653,-77.6403809,-0.103,5.841060161590576,0,11,Very Low Density Rural,77.0,302.0,Trelawny,Rural,34.64603058204654,7.93809499227347,34.64603058204654,7.93809499227347,46.22841571116495,10.591849891389725,38.821506970715134,8.894779716451426,0.4824704085902382,0.09947032342222697,31.731570126082353,31.82427920304353,7.291575604199275,0.3955094530916761,0.0815416915008974,0.0,0.0,34.63134031548834,34.60734330824995,7.92923096804818,0.4300971386491859,0.0886725915676697,34.55679445075047,34.65974633548099
260,17.9891824,-76.7175293,0.155,,0,11,Very Low Density Rural,29.0,13.0,Saint Andrew,Rural,34.64603058204654,7.93809499227347,34.64603058204654,7.93809499227347,35.71585356630304,8.183212725279985,38.821506970715134,8.894779716451426,0.4824704085902382,0.09947032342222697,,,,,,,,,,,,,,
261,17.9473804,-77.7941895,0.091,1.1106699705123901,0,11,Very Low Density Rural,79.0,96.0,Saint Elizabeth,Rural,34.64603058204654,7.93809499227347,34.64603058204654,7.93809499227347,38.07640000231467,8.724060883869413,38.821506970715134,8.894779716451426,0.4824704085902382,0.09947032342222697,32.52599792608415,32.62102805642396,7.474126620199251,0.4054113805239171,0.08358315955085807,0.0,0.0,34.650875350738104,34.626864807137046,7.933703731881553,0.4303397501879769,0.08872261048655018,34.60753138898199,34.63432822689843
262,18.1562911,-77.5744629,-0.14,,0,11,Very Low Density Rural,61.0,49.0,Manchester,Rural,34.64603058204654,7.93809499227347,34.64603058204654,7.93809499227347,47.97090434788088,10.99108871006051,50.467959061929676,11.563213631386853,0.6272115311673098,0.12931142044889507,,,,,,,,,,,,,,
263,17.9473804,-76.4318848,-0.063,,0,11,Very Low Density Rural,50.0,58.0,Saint Thomas,Rural,34.64603058204654,7.93809499227347,34.64603058204654,7.93809499227347,44.41577360403061,10.176537516733928,38.821506970715134,8.894779716451426,0.4824704085902382,0.09947032342222697,,,,,,,,,,,,,,
264,17.9891824,-76.6955566,-0.139,,0,11,Very Low Density Rural,55.0,18.0,Saint Andrew,Rural,34.64603058204654,7.93809499227347,34.64603058204654,7.93809499227347,47.92295742099202,10.980103115063415,50.467959061929676,11.563213631386853,0.6272115311673098,0.12931142044889507,,,,,,,,,,,,,,
265,18.3649523,-76.8933105,0.839,38.38447952270508,1,22,Semi-dense Urban Cluster,46.0,50.0,Saint Mary,Urban,22.91662051591443,5.07397966218306,22.91662051591443,5.07397966218306,21.428520586456152,4.744498761099768,18.645000109351066,4.128198190939641,0.2172023027032337,0.04722374302752002,23.244420314361722,25.82170060640771,5.717194803173828,0.3008062643353048,0.06540076947272255,1.1432227672451185,3.2981348308934515,23.29374833691923,21.59856453169491,4.782148270512364,0.2516094354440744,0.054704481374420785,20.107106018232223,22.42989901910521
266,17.9891824,-76.541748,-0.545,,0,11,Very Low Density Rural,57.0,77.0,Saint Thomas,Rural,34.64603058204654,7.93809499227347,34.64603058204654,7.93809499227347,71.92289681876183,16.478966781339427,50.467959061929676,11.563213631386853,0.6272115311673098,0.12931142044889507,,,,,,,,,,,,,,
267,18.4275017,-77.3547363,0.044,,0,11,Very Low Density Rural,55.0,62.0,Saint Ann,Rural,34.64603058204654,7.93809499227347,34.64603058204654,7.93809499227347,39.90871286894666,9.143880220934445,38.821506970715134,8.894779716451426,0.4824704085902382,0.09947032342222697,,,,,,,,,,,,,,
268,18.3649523,-78.2116699,0.33,1.1795480251312256,0,11,Very Low Density Rural,45.0,50.0,Hanover,Rural,34.64603058204654,7.93809499227347,34.64603058204654,7.93809499227347,29.981924028998023,6.869455374684202,27.175054879500593,6.226345801515998,0.33772928601316676,0.06962922639555888,33.620196559378115,33.7184235736068,7.725561769136821,0.4190497192921597,0.08639495887381125,3.527583521366049,3.9856537871828293,34.65074619627431,34.62673574216793,7.933674160528997,0.4303381461794455,0.08872227979010838,34.60755501469312,34.63512114144663
269,18.2397857,-77.1569824,-0.182,,0,11,Very Low Density Rural,51.0,57.0,Saint Ann,Rural,34.64603058204654,7.93809499227347,34.64603058204654,7.93809499227347,50.02859128508595,11.462545731181953,50.467959061929676,11.563213631386853,0.6272115311673098,0.12931142044889507,,,,,,,,,,,,,,
270,18.3232401,-77.2009277,-0.016,,0,11,Very Low Density Rural,33.0,78.0,Saint Ann,Rural,34.64603058204654,7.93809499227347,34.64603058204654,7.93809499227347,42.37652984983268,9.709306195821453,38.821506970715134,8.894779716451426,0.4824704085902382,0.09947032342222697,,,,,,,,,,,,,,
271,17.9264757,-76.6516113,0.708,,0,12,Low Density Rural,3.0,,,Unknown,,,,,,,,,,,,,,,,,,,,,,,,
272,18.260653,-78.3435059,0.447,1.4020899534225464,1,21,Suburban / Peri-urban,76.0,140.0,Westmoreland,Urban,22.91662051591443,5.07397966218306,22.91662051591443,5.07397966218306,31.71287571545674,7.021562638252983,34.62642877450913,7.66665378317362,0.40337570502029124,0.08770123705110862,20.05175241221773,22.275038070198374,4.931926592930714,0.2594899186523886,0.056417842187499206,0.0,0.0,22.839266383708196,21.177157137189784,4.688844262282718,0.2467003093552642,0.05363714780556625,21.02282431535922,21.301852655894645
273,18.4483464,-77.7941895,0.383,8.740676879882812,0,12,Low Density Rural,11.0,16.0,Saint James,Rural,34.64603058204654,7.93809499227347,34.64603058204654,7.93809499227347,28.43425748486446,6.514854173989594,27.175054879500593,6.226345801515998,0.33772928601316676,0.06962922639555888,32.44713993510605,32.54193966866671,7.456005896865127,0.4044284767230737,0.08338051549803727,3.638735184190298,4.657398947068055,35.2232078310286,35.1988007025265,8.064745625882681,0.43744772117282626,0.09018805201446625,34.405854046676,35.94483154744657
274,18.0309744,-77.3986816,0.232,8.249335289001465,0,13,Rural Cluster,32.0,22.0,Manchester,Rural,34.64603058204654,7.93809499227347,34.64603058204654,7.93809499227347,33.06894642993535,7.576753632240295,38.821506970715134,8.894779716451426,0.4824704085902382,0.09947032342222697,32.24026941322115,32.334464740033,7.408469262383745,0.4018499958396385,0.08284891330472813,0.0,0.0,34.71009539647904,34.68604381768115,7.947262820739811,0.43107522193096515,0.088874241780077,34.24276123758777,34.85897823415202
275,18.1354112,-77.8820801,0.356,0.8800150156021118,0,12,Low Density Rural,48.0,54.0,Saint Elizabeth,Rural,34.64603058204654,7.93809499227347,34.64603058204654,7.93809499227347,29.2124406354365,6.693151418056236,27.175054879500593,6.226345801515998,0.33772928601316676,0.06962922639555888,33.530205995624044,33.62817008740459,7.704882899586083,0.41792805659118515,0.0861637070713171,4.095668696861043,4.6915892328506335,34.65074619627431,34.62673574216793,7.933674160528997,0.4303381461794455,0.08872227979010838,34.60755501469312,34.634619358554716
276,18.3858046,-77.3327637,0.308,,0,11,Very Low Density Rural,48.0,61.0,Saint Ann,Rural,34.64603058204654,7.93809499227347,34.64603058204654,7.93809499227347,30.64883548510811,7.022258059467971,27.175054879500593,6.226345801515998,0.33772928601316676,0.06962922639555888,,,,,,,,,,,,,,
277,18.260653,-78.1237793,0.557,,0,11,Very Low Density Rural,47.0,50.0,Westmoreland,Rural,34.64603058204654,7.93809499227347,34.64603058204654,7.93809499227347,23.893218351752637,5.474411751100538,27.175054879500593,6.226345801515998,0.33772928601316676,0.06962922639555888,,,,,,,,,,,,,,
278,18.1771685,-76.5637207,0.003,,0,11,Very Low Density Rural,52.0,70.0,Portland,Rural,34.64603058204654,7.93809499227347,34.64603058204654,7.93809499227347,41.578976532122056,9.526570861036218,38.821506970715134,8.894779716451426,0.4824704085902382,0.09947032342222697,,,,,,,,,,,,,,
279,18.2189158,-77.6403809,-0.193,0.392518013715744,0,11,Very Low Density Rural,94.0,214.0,Saint Elizabeth,Rural,34.64603058204654,7.93809499227347,34.64603058204654,7.93809499227347,50.5819436475906,11.589329768024461,50.467959061929676,11.563213631386853,0.6272115311673098,0.12931142044889507,33.85025494739564,33.949154115593245,7.778426727376979,0.4219172189734683,0.08698614771282491,0.0,0.0,34.65009029081241,34.62608029120094,7.9335239836703115,0.430330000290207,0.08872060036226642,34.606686275806965,34.63432822689843
280,17.8428322,-77.376709,-0.271,,0,10,Water,,94.0,,Unknown,,,,,,,,,,,,,,,,,,,,,,,,
281,18.0727566,-77.7502441,0.4,0.0,0,12,Low Density Rural,61.0,55.0,Saint Elizabeth,Rural,34.64603058204654,7.93809499227347,34.64603058204654,7.93809499227347,27.954960673527406,6.40503773747525,27.175054879500593,6.226345801515998,0.33772928601316676,0.06962922639555888,34.05096994756562,34.15045553812821,7.824548888770855,0.42441897604470985,0.08750193185330178,5.699229818937045,6.716863565487517,34.649961136348615,34.62595122623183,7.9334944123177555,0.4303283962816756,0.08872026966582462,34.60830162113958,34.6323312710219
282,17.9264757,-77.3327637,-0.206,,0,12,Low Density Rural,27.0,89.0,Clarendon,Rural,34.64603058204654,7.93809499227347,34.64603058204654,7.93809499227347,51.24380167102066,11.740974610828149,50.467959061929676,11.563213631386853,0.6272115311673098,0.12931142044889507,,,,,,,,,,,,,,
283,18.3232401,-77.3547363,-0.177,3.978408098220825,0,12,Low Density Rural,64.0,49.0,Saint Ann,Rural,34.64603058204654,7.93809499227347,34.64603058204654,7.93809499227347,49.779072645090785,11.405376045842852,50.467959061929676,11.563213631386853,0.6272115311673098,0.12931142044889507,34.50303485179258,34.60384122540596,7.928428571184255,0.4300536150594928,0.08866361836337328,0.0,0.0,34.65074619627431,34.62673574216793,7.933674160528997,0.4303381461794455,0.08872227979010838,34.59752407398434,34.65719176870728
284,17.9682826,-77.8381348,0.089,4.4279022216796875,0,12,Low Density Rural,81.0,158.0,Saint Elizabeth,Rural,34.64603058204654,7.93809499227347,34.64603058204654,7.93809499227347,38.152629005913234,8.741526465396818,38.821506970715134,8.894779716451426,0.4824704085902382,0.09947032342222697,31.3839870044229,31.475680559295245,7.211704718508678,0.39117709860038574,0.08064849536957905,0.0,0.0,34.650875350738104,34.626864807137046,7.933703731881553,0.4303397501879769,0.08872261048655018,34.573153856395265,34.641894886462275
285,18.1145288,-77.8601074,0.125,0.0,0,12,Low Density Rural,55.0,79.0,Saint Elizabeth,Rural,34.64603058204654,7.93809499227347,34.64603058204654,7.93809499227347,36.80356324141686,8.432428655070876,38.821506970715134,8.894779716451426,0.4824704085902382,0.09947032342222697,32.785088036934546,32.880875142265864,7.53366275799702,0.4086407381521951,0.08424895219225437,0.0,0.0,34.649961136348615,34.62595122623183,7.9334944123177555,0.4303283962816756,0.08872026966582462,34.60830162113958,34.6323312710219
286,18.0518668,-77.8601074,0.347,,0,12,Low Density Rural,63.0,85.0,Saint Elizabeth,Rural,34.64603058204654,7.93809499227347,34.64603058204654,7.93809499227347,29.47653926231305,6.75366166850211,27.175054879500593,6.226345801515998,0.33772928601316676,0.06962922639555888,,,,,,,,,,,,,,
287,18.1980434,-77.442627,0.594,,0,11,Very Low Density Rural,61.0,69.0,Saint Ann,Rural,34.64603058204654,7.93809499227347,34.64603058204654,7.93809499227347,23.025324322268062,5.275559959610011,27.175054879500593,6.226345801515998,0.33772928601316676,0.06962922639555888,,,,,,,,,,,,,,
288,18.5108654,-77.7722168,1.219,23.133867263793945,1,23,Dense Urban Cluster,9.0,61.0,Saint James,Urban,22.91662051591443,5.07397966218306,22.91662051591443,5.07397966218306,14.654138285589882,3.244579608771964,18.645000109351066,4.128198190939641,0.2172023027032337,0.04722374302752002,28.79453719534817,31.987199874326826,7.082300878517758,0.3726303796720219,0.08101664243367525,14.694713735788993,16.789542433590626,23.78667388499644,22.055617819361483,4.883344652611706,0.2569338133446931,0.05586209826259792,21.063920586234275,23.423521050406382
289,18.0518668,-77.1789551,-0.28,,0,11,Very Low Density Rural,77.0,183.0,Clarendon,Rural,34.64603058204654,7.93809499227347,34.64603058204654,7.93809499227347,55.17967437885361,12.642761364098083,50.467959061929676,11.563213631386853,0.6272115311673098,0.12931142044889507,,,,,,,,,,,,,,
290,18.3232401,-77.8161621,0.092,1.2228189706802368,0,12,Low Density Rural,22.0,22.0,Saint James,Rural,34.64603058204654,7.93809499227347,34.64603058204654,7.93809499227347,38.038342634167876,8.715341183562339,38.821506970715134,8.894779716451426,0.4824704085902382,0.09947032342222697,32.73497178510147,32.83061246744049,7.52214657906897,0.40801607787617516,0.08412016676090268,0.0,0.0,34.65058665738557,34.62657631382807,7.933637632324032,0.43033616481750775,0.08872187129518465,34.60787616431029,34.72312728708011
291,17.9891824,-76.5637207,-0.398,,0,11,Very Low Density Rural,37.0,65.0,Saint Thomas,Rural,34.64603058204654,7.93809499227347,34.64603058204654,7.93809499227347,62.090603661972445,14.226192776373916,50.467959061929676,11.563213631386853,0.6272115311673098,0.12931142044889507,,,,,,,,,,,,,,
292,18.1145288,-77.3986816,-0.076,0.0,0,12,Low Density Rural,43.0,79.0,Clarendon,Rural,34.64603058204654,7.93809499227347,34.64603058204654,7.93809499227347,44.99694811032267,10.309696160322513,38.821506970715134,8.894779716451426,0.4824704085902382,0.09947032342222697,33.712300059504514,33.81079616947753,7.7467261688786095,0.42019771810905016,0.0866316403605331,0.0,0.0,34.650309286624534,34.62629913526486,7.9335741251999075,0.4303327200657431,0.08872116109500233,34.60830162113958,34.6323312710219
293,17.8846589,-76.541748,-0.314,,0,11,Very Low Density Rural,23.0,83.0,Saint Thomas,Rural,34.64603058204654,7.93809499227347,34.64603058204654,7.93809499227347,57.08804171663187,13.080006293832858,50.467959061929676,11.563213631386853,0.6272115311673098,0.12931142044889507,,,,,,,,,,,,,,
294,18.260653,-77.6184082,-0.16,,0,11,Very Low Density Rural,88.0,180.0,Trelawny,Rural,34.64603058204654,7.93809499227347,34.64603058204654,7.93809499227347,48.9399808980034,11.213123430356678,50.467959061929676,11.563213631386853,0.6272115311673098,0.12931142044889507,,,,,,,,,,,,,,
295,18.5108654,-77.9260254,0.118,,0,10,Water,,,,Unknown,,,,,,,,,,,,,,,,,,,,,,,,
296,17.7800738,-77.244873,0.359,0.5402010083198547,0,12,Low Density Rural,33.0,30.0,Clarendon,Rural,34.64603058204654,7.93809499227347,34.64603058204654,7.93809499227347,29.1249346381556,6.673102052886843,27.175054879500593,6.226345801515998,0.33772928601316676,0.06962922639555888,33.7630417778572,33.86168613822731,7.758386073326624,0.4208301743409624,0.08676203307440448,4.375415758074297,5.094159401178472,34.65058665738557,34.62657631382807,7.933637632324032,0.43033616481750775,0.08872187129518465,34.602729891972594,34.63550157680634
297,18.3858046,-78.2556152,0.272,0.00035200000274926424,0,12,Low Density Rural,52.0,110.0,Hanover,Rural,34.64603058204654,7.93809499227347,34.64603058204654,7.93809499227347,31.772294493775807,7.279664872915481,27.175054879500593,6.226345801515998,0.33772928601316676,0.06962922639555888,32.805197896264424,32.90104375590537,7.538283788696447,0.4088913919784542,0.0843006291795288,0.582499445268362,1.5290054157035353,34.65009029081241,34.62608029120094,7.9335239836703115,0.430330000290207,0.08872060036226642,34.60786013810286,34.63432822689843
298,17.9682826,-77.0471191,0.317,,0,11,Very Low Density Rural,6.0,13.0,Saint Catherine,Rural,34.64603058204654,7.93809499227347,34.64603058204654,7.93809499227347,30.374233528109333,6.9593412870960725,27.175054879500593,6.226345801515998,0.33772928601316676,0.06962922639555888,,,,,,,,,,,,,,
299,18.2397857,-77.9699707,0.681,1.3411309719085693,0,12,Low Density Rural,32.0,46.0,Westmoreland,Rural,34.64603058204654,7.93809499227347,34.64603058204654,7.93809499227347,21.10678742574807,4.835984981613856,27.175054879500593,6.226345801515998,0.33772928601316676,0.06962922639555888,37.00965856178095,37.11778845482683,8.504423903909231,0.46129673882251254,0.09510497428924033,15.545545474052103,16.358674426953662,34.64794821747249,34.6239397021625,7.933033532128212,0.43030339723049627,0.08871511564256894,34.57459155943344,34.680433335837826
300,18.3858046,-77.4206543,0.368,1.104200005531311,0,12,Low Density Rural,60.0,63.0,Saint Ann,Rural,34.64603058204654,7.93809499227347,34.64603058204654,7.93809499227347,28.863986255533206,6.613313586083085,27.175054879500593,6.226345801515998,0.33772928601316676,0.06962922639555888,33.466486475024375,33.564264399593036,7.690240834914537,0.41713384210247556,0.08599996485904465,4.371057481224751,4.978655292862104,34.65074619627431,34.62673574216793,7.933674160528997,0.4303381461794455,0.08872227979010838,34.60753138898199,34.63457341582658
301,18.4483464,-77.7502441,-0.134,0.3256419897079468,0,11,Very Low Density Rural,20.0,41.0,Saint James,Rural,34.64603058204654,7.93809499227347,34.64603058204654,7.93809499227347,47.68394067370662,10.925339622310542,38.821506970715134,8.894779716451426,0.4824704085902382,0.09947032342222697,34.380291110432765,34.48073886772432,7.900223371551486,0.4285237093591839,0.0883481996100037,0.0,0.0,34.650309286624534,34.62629913526486,7.9335741251999075,0.4303327200657431,0.08872116109500233,34.6055047351195,34.63321612812324
302,17.9891824,-77.0690918,0.163,,0,11,Very Low Density Rural,13.0,17.0,Saint Catherine,Rural,34.64603058204654,7.93809499227347,34.64603058204654,7.93809499227347,35.431266603419665,8.118008189378504,38.821506970715134,8.894779716451426,0.4824704085902382,0.09947032342222697,,,,,,,,,,,,,,
303,18.1980434,-77.0251465,0.375,1.7320590019226074,0,12,Low Density Rural,11.0,136.0,Saint Catherine,Rural,34.64603058204654,7.93809499227347,34.64603058204654,7.93809499227347,28.66264387223342,6.567182039762951,27.175054879500593,6.226345801515998,0.33772928601316676,0.06962922639555888,31.74861610242283,31.841374982048233,7.295492587340674,0.39572191798871864,0.08158549512418374,2.6115645436682997,3.5686326888488704,34.648023074498596,34.624014507318115,7.933050671477835,0.43030432690264997,0.08871530731191934,34.54912213141164,34.67209894860095
304,17.8637468,-76.3439941,0.978,7.363677024841309,1,23,Dense Urban Cluster,47.0,99.0,Saint Thomas,Urban,22.91662051591443,5.07397966218306,22.91662051591443,5.07397966218306,18.647699222728793,4.1287958028944685,18.645000109351066,4.128198190939641,0.2172023027032337,0.04722374302752002,25.58764932525012,28.42474069745377,6.293535126680199,0.33113001324858476,0.07199370568237377,6.941200996941971,8.463870446616841,24.04162621376204,22.292016197402774,4.935685728012487,0.25968770295395766,0.05646084410283772,21.24247286812732,24.1519727479669
305,18.2815179,-78.013916,-0.279,,0,11,Very Low Density Rural,59.0,37.0,Westmoreland,Rural,34.64603058204654,7.93809499227347,34.64603058204654,7.93809499227347,55.12452228511764,12.630124922008068,50.467959061929676,11.563213631386853,0.6272115311673098,0.12931142044889507,,,,,,,,,,,,,,
306,18.0727566,-76.4099121,-0.137,,0,11,Very Low Density Rural,133.0,353.0,Portland,Rural,34.64603058204654,7.93809499227347,34.64603058204654,7.93809499227347,47.82720728819953,10.958164854406697,50.467959061929676,11.563213631386853,0.6272115311673098,0.12931142044889507,,,,,,,,,,,,,,
307,18.3232401,-77.3327637,-0.194,,0,12,Low Density Rural,69.0,85.0,Saint Ann,Rural,34.64603058204654,7.93809499227347,34.64603058204654,7.93809499227347,50.63255089064245,11.60092489438941,50.467959061929676,11.563213631386853,0.6272115311673098,0.12931142044889507,,,,,,,,,,,,,,
308,17.9891824,-77.6184082,-0.08,,0,12,Low Density Rural,75.0,56.0,Saint Elizabeth,Rural,34.64603058204654,7.93809499227347,34.64603058204654,7.93809499227347,45.177296358796646,10.351017532613238,38.821506970715134,8.894779716451426,0.4824704085902382,0.09947032342222697,,,,,,,,,,,,,,
309,18.1354112,-77.9260254,-0.399,0.9452800154685974,0,12,Low Density Rural,50.0,128.0,Westmoreland,Rural,34.64603058204654,7.93809499227347,34.64603058204654,7.93809499227347,62.15272532128727,14.240426084618303,50.467959061929676,11.563213631386853,0.6272115311673098,0.12931142044889507,38.5871095210558,38.699848200298035,8.86690527138543,0.48095844367048385,0.09915860349724653,0.0,0.0,34.650875350738104,34.626864807137046,7.933703731881553,0.4303397501879769,0.08872261048655018,34.60753138898199,34.63457457741948
310,17.9055685,-76.3000488,-0.087,,0,11,Very Low Density Rural,52.0,73.0,Saint Thomas,Rural,34.64603058204654,7.93809499227347,34.64603058204654,7.93809499227347,45.4946468642304,10.423728848041232,38.821506970715134,8.894779716451426,0.4824704085902382,0.09947032342222697,,,,,,,,,,,,,,
311,18.4900283,-77.6403809,1.068,,1,21,Suburban / Peri-urban,,,,Unknown,,,,,,,,,,,,,,,,,,,,,,,,
312,18.3440975,-77.9919434,0.484,,0,12,Low Density Rural,23.0,28.0,Hanover,Rural,34.64603058204654,7.93809499227347,34.64603058204654,7.93809499227347,25.702664606151114,5.888991892303545,27.175054879500593,6.226345801515998,0.33772928601316676,0.06962922639555888,,,,,,,,,,,,,,
313,18.2189158,-77.0251465,-0.037,1.2245949506759644,0,12,Low Density Rural,16.0,138.0,Saint Catherine,Rural,34.64603058204654,7.93809499227347,34.64603058204654,7.93809499227347,43.2758467545251,9.915357593273752,38.821506970715134,8.894779716451426,0.4824704085902382,0.09947032342222697,31.956923018394377,32.050290501433594,7.3433592898281015,0.3983183024122994,0.08212078846807326,0.0,0.0,34.648023074498596,34.624014507318115,7.933050671477835,0.43030432690264997,0.08871530731191934,34.60744231721198,34.711427395998406
314,18.2397857,-76.8273926,-0.07,,0,12,Low Density Rural,52.0,176.0,Saint Mary,Rural,34.64603058204654,7.93809499227347,34.64603058204654,7.93809499227347,44.72777474926352,10.24802318729846,38.821506970715134,8.894779716451426,0.4824704085902382,0.09947032342222697,,,,,,,,,,,,,,
315,17.9682826,-76.6516113,-0.161,0.7723000049591064,0,11,Very Low Density Rural,8.0,26.0,Saint Andrew,Rural,34.64603058204654,7.93809499227347,34.64603058204654,7.93809499227347,48.988945357050554,11.224342162218072,50.467959061929676,11.563213631386853,0.6272115311673098,0.12931142044889507,33.80794061649488,33.90671615631405,7.768703346476569,0.4213898036011435,0.08687741114218983,0.0,0.0,34.6469994366471,34.622991578773416,7.932816298194035,0.43029161403312394,0.08871268631543777,34.49379084326486,34.680006980253076
316,18.260653,-77.1569824,-0.311,,0,11,Very Low Density Rural,50.0,119.0,Saint Ann,Rural,34.64603058204654,7.93809499227347,34.64603058204654,7.93809499227347,56.917034230966074,13.040825076163774,50.467959061929676,11.563213631386853,0.6272115311673098,0.12931142044889507,,,,,,,,,,,,,,
317,17.8637468,-76.5197754,0.256,2.4681549072265625,0,13,Rural Cluster,22.0,84.0,Saint Thomas,Rural,34.64603058204654,7.93809499227347,34.64603058204654,7.93809499227347,32.284739836295714,7.397076297512534,27.175054879500593,6.226345801515998,0.33772928601316676,0.06962922639555888,31.817591848244046,31.910552252020395,7.3113424763790364,0.3965816472551225,0.08176274443660195,0.0,0.018606035457795392,34.65074619627431,34.62673574216793,7.933674160528997,0.4303381461794455,0.08872227979010838,34.60617314967311,34.63469642372866
318,18.0309744,-76.3879395,-0.417,,0,11,Very Low Density Rural,110.0,582.0,Portland,Rural,34.64603058204654,7.93809499227347,34.64603058204654,7.93809499227347,63.28160380385915,14.49907460737383,50.467959061929676,11.563213631386853,0.6272115311673098,0.12931142044889507,,,,,,,,,,,,,,
319,18.0727566,-76.8713379,0.688,,0,12,Low Density Rural,4.0,18.0,Saint Andrew,Rural,34.64603058204654,7.93809499227347,34.64603058204654,7.93809499227347,20.95955582556369,4.80225129240059,27.175054879500593,6.226345801515998,0.33772928601316676,0.06962922639555888,,,,,,,,,,,,,,
320,18.3858046,-77.8381348,0.353,,0,11,Very Low Density Rural,37.0,39.0,Saint James,Rural,34.64603058204654,7.93809499227347,34.64603058204654,7.93809499227347,29.300209544880307,6.7132610216335715,27.175054879500593,6.226345801515998,0.33772928601316676,0.06962922639555888,,,,,,,,,,,,,,
321,18.1771685,-76.607666,-0.28,,0,11,Very Low Density Rural,49.0,69.0,Portland,Rural,34.64603058204654,7.93809499227347,34.64603058204654,7.93809499227347,55.17967437885361,12.642761364098083,50.467959061929676,11.563213631386853,0.6272115311673098,0.12931142044889507,,,,,,,,,,,,,,
322,18.2815179,-77.8381348,-0.186,1.0699269771575928,0,12,Low Density Rural,27.0,121.0,Saint James,Rural,34.64603058204654,7.93809499227347,34.64603058204654,7.93809499227347,50.22910641312895,11.508487736862051,50.467959061929676,11.563213631386853,0.6272115311673098,0.12931142044889507,34.143056269558244,34.24281090567637,7.845709341161137,0.42556676074946326,0.0877385691967909,0.0,0.0,34.650875350738104,34.626864807137046,7.933703731881553,0.4303397501879769,0.08872261048655018,34.60753138898199,34.63457457741948
323,18.0727566,-77.6184082,-0.236,,0,11,Very Low Density Rural,97.0,125.0,Saint Elizabeth,Rural,34.64603058204654,7.93809499227347,34.64603058204654,7.93809499227347,52.80440776891805,12.098540520760995,50.467959061929676,11.563213631386853,0.6272115311673098,0.12931142044889507,,,,,,,,,,,,,,
324,18.2397857,-77.0910645,0.785,,0,12,Low Density Rural,14.0,53.0,Saint Ann,Rural,34.64603058204654,7.93809499227347,34.64603058204654,7.93809499227347,19.021970775375948,4.358312003379426,27.175054879500593,6.226345801515998,0.33772928601316676,0.06962922639555888,,,,,,,,,,,,,,
325,18.2397857,-77.9260254,-0.102,,0,12,Low Density Rural,39.0,138.0,Westmoreland,Rural,34.64603058204654,7.93809499227347,34.64603058204654,7.93809499227347,46.18221040195883,10.581263335658413,38.821506970715134,8.894779716451426,0.4824704085902382,0.09947032342222697,,,,,,,,,,,,,,
326,18.0309744,-77.3547363,0.139,1.9535969495773315,0,12,Low Density Rural,30.0,87.0,Clarendon,Rural,34.64603058204654,7.93809499227347,34.64603058204654,7.93809499227347,36.29190333248409,8.315197188937177,38.821506970715134,8.894779716451426,0.4824704085902382,0.09947032342222697,32.147205085173496,32.24112850902192,7.3870840746569115,0.4006900210466415,0.08260976274592352,0.0,0.0,34.65074619627431,34.62673574216793,7.933674160528997,0.4303381461794455,0.08872227979010838,34.60753138898199,34.63507636031139
327,18.1354112,-77.2229004,-0.042,1.3716620206832886,0,11,Very Low Density Rural,37.0,44.0,Clarendon,Rural,34.64603058204654,7.93809499227347,34.64603058204654,7.93809499227347,43.4927678390904,9.965058530038457,38.821506970715134,8.894779716451426,0.4824704085902382,0.09947032342222697,33.682885590931285,33.78129576162616,7.739967038441419,0.41983108953277254,0.0865560530034458,0.0,0.0,34.65074619627431,34.62673574216793,7.933674160528997,0.4303381461794455,0.08872227979010838,34.60755501469312,34.63512114144663
328,18.260653,-78.2995605,0.082,,0,11,Very Low Density Rural,88.0,94.0,Westmoreland,Rural,34.64603058204654,7.93809499227347,34.64603058204654,7.93809499227347,38.4206343332461,8.802931818652672,38.821506970715134,8.894779716451426,0.4824704085902382,0.09947032342222697,,,,,,,,,,,,,,
329,18.093644,-77.5085449,-0.029,,0,11,Very Low Density Rural,51.0,40.0,Manchester,Rural,34.64603058204654,7.93809499227347,34.64603058204654,7.93809499227347,42.931021122086726,9.836351179549549,38.821506970715134,8.894779716451426,0.4824704085902382,0.09947032342222697,,,,,,,,,,,,,,
330,18.0309744,-77.1569824,-0.281,1.5588990449905396,0,11,Very Low Density Rural,14.0,170.0,Saint Catherine,Rural,34.64603058204654,7.93809499227347,34.64603058204654,7.93809499227347,55.23488165226858,12.65541044895052,50.467959061929676,11.563213631386853,0.6272115311673098,0.12931142044889507,34.96003970097181,35.06218129050945,8.033443400139632,0.4357498266632972,0.08983799921746018,0.0,0.0,34.648023074498596,34.624014507318115,7.933050671477835,0.43030432690264997,0.08871530731191934,34.60616386582964,34.67845629602421
331,17.9055685,-76.607666,-0.251,,0,11,Very Low Density Rural,32.0,31.0,Saint Thomas,Rural,34.64603058204654,7.93809499227347,34.64603058204654,7.93809499227347,53.60244419552448,12.28138654540715,50.467959061929676,11.563213631386853,0.6272115311673098,0.12931142044889507,,,,,,,,,,,,,,
332,17.8846589,-76.5637207,0.535,,1,21,Suburban / Peri-urban,18.0,58.0,Saint Thomas,Urban,22.91662051591443,5.07397966218306,22.91662051591443,5.07397966218306,29.041410868604522,6.430072357574298,26.635714441930098,5.89742598705663,0.31028900386176245,0.06746249003931432,,,,,,,,,,,,,,
333,18.3858046,-77.2668457,0.441,18.822568893432617,0,13,Rural Cluster,40.0,86.0,Saint Ann,Rural,34.64603058204654,7.93809499227347,34.64603058204654,7.93809499227347,26.831985580996744,6.147741798843688,27.175054879500593,6.226345801515998,0.33772928601316676,0.06962922639555888,32.629574987041934,32.72490773504855,7.497927521567622,0.4067023883930356,0.08384932503581928,4.988149280209961,6.55106303670427,35.02944207340331,35.00516921051859,8.020380798188656,0.43504128535014,0.08969192013712093,34.09047538866017,35.912169097535084
334,17.9682826,-77.7722168,-0.028,0.0,0,12,Low Density Rural,78.0,122.0,Saint Elizabeth,Rural,34.64603058204654,7.93809499227347,34.64603058204654,7.93809499227347,42.88811155932182,9.826519744906607,38.821506970715134,8.894779716451426,0.4824704085902382,0.09947032342222697,32.83513921493854,32.93107255313811,7.545163983654789,0.4092645873333197,0.08437757040118138,0.0,0.0,34.65009029081241,34.62608029120094,7.9335239836703115,0.430330000290207,0.08872060036226642,34.60830162113958,34.633440492397064
335,18.0309744,-76.9372559,0.645,,0,12,Low Density Rural,0.0,7.0,Saint Catherine,Rural,34.64603058204654,7.93809499227347,34.64603058204654,7.93809499227347,21.880474585542853,5.013252104732306,27.175054879500593,6.226345801515998,0.33772928601316676,0.06962922639555888,,,,,,,,,,,,,,
336,18.3023803,-77.0031738,0.1,1.131024956703186,0,11,Very Low Density Rural,31.0,199.0,Saint Mary,Rural,34.64603058204654,7.93809499227347,34.64603058204654,7.93809499227347,37.735249880601756,8.64589660278764,38.821506970715134,8.894779716451426,0.4824704085902382,0.09947032342222697,31.74449186713445,31.837238697118277,7.294544882159517,0.39567051258908514,0.08157489693694542,0.0,0.0,34.650875350738104,34.626864807137046,7.933703731881553,0.4303397501879769,0.08872261048655018,34.60753138898199,34.63432822689843
337,18.1145288,-77.5085449,-0.22,0.5559679865837097,0,12,Low Density Rural,52.0,41.0,Manchester,Rural,34.64603058204654,7.93809499227347,34.64603058204654,7.93809499227347,51.96626030473179,11.90650425927679,50.467959061929676,11.563213631386853,0.6272115311673098,0.12931142044889507,35.70220459708053,35.80651454520231,8.203984959515898,0.4450003374636602,0.09174516551149582,0.0,0.0,34.65074619627431,34.62673574216793,7.933674160528997,0.4303381461794455,0.08872227979010838,34.6055047351195,34.63349014704419
338,17.9055685,-77.7941895,0.283,,0,11,Very Low Density Rural,85.0,190.0,Saint Elizabeth,Rural,34.64603058204654,7.93809499227347,34.64603058204654,7.93809499227347,31.42471444934701,7.200027368597045,27.175054879500593,6.226345801515998,0.33772928601316676,0.06962922639555888,,,,,,,,,,,,,,
339,17.9055685,-76.4099121,-0.501,3.949739933013916,0,12,Low Density Rural,40.0,60.0,Saint Thomas,Rural,34.64603058204654,7.93809499227347,34.64603058204654,7.93809499227347,68.82690074363973,15.769612476469637,50.467959061929676,11.563213631386853,0.6272115311673098,0.12931142044889507,41.755136640836135,41.8771312399366,9.594884037272108,0.5204454488374297,0.10729959018782535,0.0,0.0,34.65074619627431,34.62673574216793,7.933674160528997,0.4303381461794455,0.08872227979010838,34.59536180982123,34.66413101207621
340,17.9264757,-77.7722168,-0.747,,0,11,Very Low Density Rural,92.0,90.0,Saint Elizabeth,Rural,34.64603058204654,7.93809499227347,34.64603058204654,7.93809499227347,88.0226940092404,20.167750671075495,50.467959061929676,11.563213631386853,0.6272115311673098,0.12931142044889507,,,,,,,,,,,,,,
341,18.1145288,-76.4538574,0.386,3.614680051803589,0,13,Rural Cluster,74.0,236.0,Portland,Rural,34.64603058204654,7.93809499227347,34.64603058204654,7.93809499227347,28.349082538710295,6.495338899016539,27.175054879500593,6.226345801515998,0.33772928601316676,0.06962922639555888,31.583338878987064,31.67561487362548,7.257513648210163,0.3936618653663664,0.08116077663997466,2.33102704239505,3.9132684719414166,34.650875350738104,34.626864807137046,7.933703731881553,0.4303397501879769,0.08872261048655018,34.60917769606242,34.69197841117918
342,18.1562911,-78.0358887,0.477,,0,10,Water,,,,Unknown,,,,,,,,,,,,,,,,,,,,,,,,
343,18.1562911,-77.244873,0.183,,0,12,Low Density Rural,43.0,115.0,Clarendon,Rural,34.64603058204654,7.93809499227347,34.64603058204654,7.93809499227347,34.72968051824991,7.957260857122185,38.821506970715134,8.894779716451426,0.4824704085902382,0.09947032342222697,,,,,,,,,,,,,,
344,18.3858046,-77.1789551,-0.479,,0,11,Very Low Density Rural,26.0,74.0,Saint Ann,Rural,34.64603058204654,7.93809499227347,34.64603058204654,7.93809499227347,67.32924356130442,15.426469415648151,50.467959061929676,11.563213631386853,0.6272115311673098,0.12931142044889507,,,,,,,,,,,,,,
345,18.4900283,-77.8820801,0.661,0.3917039930820465,1,30,Urban Centre,1.0,8.0,Saint James,Urban,22.91662051591443,5.07397966218306,22.91662051591443,5.07397966218306,25.603338993299012,5.668847256329144,26.635714441930098,5.89742598705663,0.31028900386176245,0.06746249003931432,17.209636099340102,19.117795363036947,4.232880009094849,0.2227100644198041,0.0484212309027545,0.0,0.0,23.84342842191911,22.10824209049469,4.894996217085694,0.25754685237934993,0.05599538413239842,20.305313658134185,24.816154057557977
346,18.0100796,-77.0251465,1.034,2.491250991821289,1,21,Suburban / Peri-urban,1.0,15.0,Saint Catherine,Urban,22.91662051591443,5.07397966218306,22.91662051591443,5.07397966218306,17.632129409403,3.9039380157367303,18.645000109351066,4.128198190939641,0.2172023027032337,0.04722374302752002,24.750964699014837,27.495286676727645,6.087744277421967,0.3203024695438655,0.06963960015417629,6.659403380629123,9.209844627988435,25.400730187927994,23.552212472674665,5.214706374475083,0.274368181969338,0.05965264805664037,21.762178096280948,27.37283102610706
347,18.0309744,-77.7502441,0.202,,0,11,Very Low Density Rural,67.0,60.0,Saint Elizabeth,Rural,34.64603058204654,7.93809499227347,34.64603058204654,7.93809499227347,34.07604578179284,7.807500132990788,38.821506970715134,8.894779716451426,0.4824704085902382,0.09947032342222697,,,,,,,,,,,,,,
348,18.4483464,-77.6623535,0.154,,0,11,Very Low Density Rural,31.0,95.0,Trelawny,Rural,34.64603058204654,7.93809499227347,34.64603058204654,7.93809499227347,35.75158728375026,8.191400030975837,38.821506970715134,8.894779716451426,0.4824704085902382,0.09947032342222697,,,,,,,,,,,,,,
349,17.9055685,-76.4318848,0.316,,0,11,Very Low Density Rural,38.0,59.0,Saint Thomas,Rural,34.64603058204654,7.93809499227347,34.64603058204654,7.93809499227347,30.404622953817846,6.966304109213993,27.175054879500593,6.226345801515998,0.33772928601316676,0.06962922639555888,,,,,,,,,,,,,,
350,18.260653,-76.9372559,0.084,,0,12,Low Density Rural,43.0,39.0,Saint Mary,Rural,34.64603058204654,7.93809499227347,34.64603058204654,7.93809499227347,38.343869854646364,8.785343549147628,38.821506970715134,8.894779716451426,0.4824704085902382,0.09947032342222697,,,,,,,,,,,,,,
351,17.9891824,-76.8493652,0.74,,0,11,Very Low Density Rural,,,,Unknown,,,,,,,,,,,,,,,,,,,,,,,,
352,18.1354112,-77.4206543,0.193,,0,11,Very Low Density Rural,54.0,164.0,Clarendon,Rural,34.64603058204654,7.93809499227347,34.64603058204654,7.93809499227347,34.384114423255035,7.878084788692582,38.821506970715134,8.894779716451426,0.4824704085902382,0.09947032342222697,,,,,,,,,,,,,,
353,18.3858046,-77.0471191,0.698,1.924288034439087,1,21,Suburban / Peri-urban,39.0,59.0,Saint Mary,Urban,22.91662051591443,5.07397966218306,22.91662051591443,5.07397966218306,24.673326773094118,5.462932815863355,26.635714441930098,5.89742598705663,0.31028900386176245,0.06746249003931432,22.78187237923835,25.30786657074074,5.603426569114138,0.2948204271081874,0.06409933925996751,0.0,0.0,22.846436844500676,21.183805773463703,4.690316339948431,0.2467777617071045,0.053653987359818946,20.891262261799156,21.549402956975296
354,18.4275017,-78.1896973,-0.059,0.0,0,12,Low Density Rural,38.0,43.0,Hanover,Rural,34.64603058204654,7.93809499227347,34.64603058204654,7.93809499227347,44.238465362508464,10.135912670525855,38.821506970715134,8.894779716451426,0.4824704085902382,0.09947032342222697,33.86798587227526,33.96693684432854,7.782501104370567,0.4221382212237221,0.08703171147159307,0.0,0.0,34.650309286624534,34.62629913526486,7.9335741251999075,0.4303327200657431,0.08872116109500233,34.6065317403543,34.63432822689843
355,18.4275017,-77.9040527,0.299,,0,11,Very Low Density Rural,33.0,8.0,Saint James,Rural,34.64603058204654,7.93809499227347,34.64603058204654,7.93809499227347,30.92592001453847,7.085743638582116,27.175054879500593,6.226345801515998,0.33772928601316676,0.06962922639555888,,,,,,,,,,,,,,
356,18.3858046,-77.2009277,0.422,0.6550260186195374,0,12,Low Density Rural,33.0,54.0,Saint Ann,Rural,34.64603058204654,7.93809499227347,34.64603058204654,7.93809499227347,27.34666730011878,6.265665621819659,27.175054879500593,6.226345801515998,0.33772928601316676,0.06962922639555888,33.973485736982774,34.072744944494865,7.806743845485836,0.4234531953528281,0.08730281805053589,6.3396401200163925,7.0469076637832515,34.65074619627431,34.62673574216793,7.933674160528997,0.4303381461794455,0.08872227979010838,34.60755501469312,34.63432822689843
357,18.4483464,-77.9260254,0.757,,1,30,Urban Centre,1.0,3.0,Saint James,Urban,22.91662051591443,5.07397966218306,22.91662051591443,5.07397966218306,23.259712166620925,5.14994374496484,26.635714441930098,5.89742598705663,0.31028900386176245,0.06746249003931432,,,,,,,,,,,,,,
358,18.3023803,-76.9372559,-0.428,,0,11,Very Low Density Rural,68.0,117.0,Saint Mary,Rural,34.64603058204654,7.93809499227347,34.64603058204654,7.93809499227347,63.98154405939034,14.65944484731127,50.467959061929676,11.563213631386853,0.6272115311673098,0.12931142044889507,,,,,,,,,,,,,,
359,18.1771685,-76.6955566,-0.54,,0,11,Very Low Density Rural,23.0,27.0,Portland,Rural,34.64603058204654,7.93809499227347,34.64603058204654,7.93809499227347,71.56417987435569,16.3967775916344,50.467959061929676,11.563213631386853,0.6272115311673098,0.12931142044889507,,,,,,,,,,,,,,
360,18.0727566,-77.1569824,-0.042,1.144191026687622,0,11,Very Low Density Rural,28.0,217.0,Saint Catherine,Rural,34.64603058204654,7.93809499227347,34.64603058204654,7.93809499227347,43.4927678390904,9.965058530038457,38.821506970715134,8.894779716451426,0.4824704085902382,0.09947032342222697,32.18206037047334,32.27608562985384,7.395093446615497,0.40112446519080197,0.08269933155420507,0.0,0.0,34.650875350738104,34.626864807137046,7.933703731881553,0.4303397501879769,0.08872261048655018,34.60753138898199,34.63432822689843
361,18.1562911,-77.2229004,0.181,2.5891029834747314,0,11,Very Low Density Rural,36.0,46.0,Clarendon,Rural,34.64603058204654,7.93809499227347,34.64603058204654,7.93809499227347,34.79920938497684,7.973191303973132,38.821506970715134,8.894779716451426,0.4824704085902382,0.09947032342222697,32.8482918725953,32.9442636384789,7.54818632378228,0.409428525027416,0.0844113692314568,0.0,0.0,34.65074619627431,34.62673574216793,7.933674160528997,0.4303381461794455,0.08872227979010838,34.60629210321901,34.63512114144663
362,18.0518668,-77.5964355,-0.262,,0,11,Very Low Density Rural,130.0,187.0,Manchester,Rural,34.64603058204654,7.93809499227347,34.64603058204654,7.93809499227347,54.195325953129746,12.417227553222212,50.467959061929676,11.563213631386853,0.6272115311673098,0.12931142044889507,,,,,,,,,,,,,,
363,18.0518668,-76.4099121,-0.142,,0,12,Low Density Rural,99.0,351.0,Portland,Rural,34.64603058204654,7.93809499227347,34.64603058204654,7.93809499227347,48.06694216237854,11.013092884320166,50.467959061929676,11.563213631386853,0.6272115311673098,0.12931142044889507,,,,,,,,,,,,,,
364,17.9264757,-77.376709,-0.313,,0,11,Very Low Density Rural,30.0,42.0,Clarendon,Rural,34.64603058204654,7.93809499227347,34.64603058204654,7.93809499227347,57.030982209423804,13.066932825362716,50.467959061929676,11.563213631386853,0.6272115311673098,0.12931142044889507,,,,,,,,,,,,,,
365,18.093644,-77.6184082,0.079,,0,11,Very Low Density Rural,73.0,93.0,Saint Elizabeth,Rural,34.64603058204654,7.93809499227347,34.64603058204654,7.93809499227347,38.53606930212294,8.829380266944733,38.821506970715134,8.894779716451426,0.4824704085902382,0.09947032342222697,,,,,,,,,,,,,,
366,18.3649523,-77.9260254,0.68,2.7412939071655273,0,12,Low Density Rural,13.0,15.0,Saint James,Rural,34.64603058204654,7.93809499227347,34.64603058204654,7.93809499227347,21.127904770086207,4.840823385394159,27.175054879500593,6.226345801515998,0.33772928601316676,0.06962922639555888,36.438707678852936,36.54516944362353,8.373225494482526,0.4541802781320453,0.09363778244928743,14.831318050366862,15.879982634583966,34.61429162843466,34.59030643469996,7.925327481318555,0.42988540582415763,0.08862893887475906,34.25345730254711,34.802650958776375
367,17.9473804,-77.5524902,-0.116,,0,11,Very Low Density Rural,89.0,54.0,Manchester,Rural,34.64603058204654,7.93809499227347,34.64603058204654,7.93809499227347,46.833308398999655,10.730442842313566,38.821506970715134,8.894779716451426,0.4824704085902382,0.09947032342222697,,,,,,,,,,,,,,
368,18.4691886,-77.442627,0.345,,0,12,Low Density Rural,,127.0,Saint Ann,Rural,34.64603058204654,7.93809499227347,34.64603058204654,7.93809499227347,29.535551333237912,6.767182508171838,27.175054879500593,6.226345801515998,0.33772928601316676,0.06962922639555888,,,,,,,,,,,,,,
369,18.3440975,-77.8820801,-0.107,,0,11,Very Low Density Rural,16.0,146.0,Saint James,Rural,34.64603058204654,7.93809499227347,34.64603058204654,7.93809499227347,46.4136996949319,10.634302138847218,38.821506970715134,8.894779716451426,0.4824704085902382,0.09947032342222697,,,,,,,,,,,,,,
370,17.8219152,-77.1789551,0.318,1.1040220260620117,0,12,Low Density Rural,17.0,28.0,Clarendon,Rural,34.64603058204654,7.93809499227347,34.64603058204654,7.93809499227347,30.343874476636884,6.9523854243200205,27.175054879500593,6.226345801515998,0.33772928601316676,0.06962922639555888,32.89845303074657,32.99457135082378,7.559712821702205,0.4100537450259231,0.08454027006009676,2.355609366728826,2.9024006226605326,34.65058665738557,34.62657631382807,7.933637632324032,0.43033616481750775,0.08872187129518465,34.602729891972594,34.684974653498834
371,18.4066544,-78.1018066,0.251,,0,12,Low Density Rural,29.0,34.0,Hanover,Rural,34.64603058204654,7.93809499227347,34.64603058204654,7.93809499227347,32.44656776816548,7.434154296752396,27.175054879500593,6.226345801515998,0.33772928601316676,0.06962922639555888,,,,,,,,,,,,,,
372,18.2815179,-77.8161621,-0.232,,0,11,Very Low Density Rural,35.0,26.0,Saint James,Rural,34.64603058204654,7.93809499227347,34.64603058204654,7.93809499227347,52.5936120104203,12.050243018079964,50.467959061929676,11.563213631386853,0.6272115311673098,0.12931142044889507,,,,,,,,,,,,,,
373,18.0100796,-77.5085449,0.607,1.8816579580307007,1,21,Suburban / Peri-urban,53.0,41.0,Manchester,Urban,22.91662051591443,5.07397966218306,22.91662051591443,5.07397966218306,27.02393007118386,5.983380991024484,26.635714441930098,5.89742598705663,0.31028900386176245,0.06746249003931432,22.07425408251474,24.521789415255654,5.429380858619076,0.285663132001059,0.062108376247217836,0.0,0.0,22.89860894555418,21.232181091813487,4.701027141800213,0.24734130316475808,0.05377651155339506,21.047282459730475,21.46499792400423
374,18.1771685,-77.7282715,0.689,,0,12,Low Density Rural,54.0,77.0,Saint Elizabeth,Rural,34.64603058204654,7.93809499227347,34.64603058204654,7.93809499227347,20.938606746023655,4.797451441433661,27.175054879500593,6.226345801515998,0.33772928601316676,0.06962922639555888,,,,,,,,,,,,,,
375,18.2189158,-77.9699707,0.052,2.8663671016693115,0,12,Low Density Rural,34.0,67.0,Westmoreland,Rural,34.64603058204654,7.93809499227347,34.64603058204654,7.93809499227347,39.59071684606359,9.071021004614323,38.821506970715134,8.894779716451426,0.4824704085902382,0.09947032342222697,32.448429356572866,32.54323285739349,7.456302192134274,0.4044445483633083,0.08338382896809388,0.0,0.0,34.65074619627431,34.62673574216793,7.933674160528997,0.4303381461794455,0.08872227979010838,34.605418159809105,34.63512114144663
376,18.2815179,-77.376709,-0.192,,0,11,Very Low Density Rural,73.0,140.0,Saint Ann,Rural,34.64603058204654,7.93809499227347,34.64603058204654,7.93809499227347,50.531386986486616,11.577746230990249,50.467959061929676,11.563213631386853,0.6272115311673098,0.12931142044889507,,,,,,,,,,,,,,
377,18.3858046,-77.6843262,-0.261,,0,11,Very Low Density Rural,32.0,181.0,Trelawny,Rural,34.64603058204654,7.93809499227347,34.64603058204654,7.93809499227347,54.14115771580929,12.404816532213745,50.467959061929676,11.563213631386853,0.6272115311673098,0.12931142044889507,,,,,,,,,,,,,,
378,18.2397857,-77.3327637,-0.04,0.07757700234651566,0,12,Low Density Rural,64.0,158.0,Saint Ann,Rural,34.64603058204654,7.93809499227347,34.64603058204654,7.93809499227347,43.40586923098652,9.945148329815336,38.821506970715134,8.894779716451426,0.4824704085902382,0.09947032342222697,32.73925931921823,32.8349125283036,7.523131808575221,0.4080695186692684,0.08413118458267636,0.0,0.0,34.65009029081241,34.62608029120094,7.9335239836703115,0.430330000290207,0.08872060036226642,34.60786013810286,34.6347454699361
379,17.9264757,-76.7834473,0.139,,0,13,Rural Cluster,8.0,,,Unknown,,,,,,,,,,,,,,,,,,,,,,,,
380,18.3440975,-78.3435059,0.705,,0,13,Rural Cluster,,,,Unknown,,,,,,,,,,,,,,,,,,,,,,,,
381,18.093644,-77.376709,0.379,,0,12,Low Density Rural,36.0,51.0,Clarendon,Rural,34.64603058204654,7.93809499227347,34.64603058204654,7.93809499227347,28.548222292466086,6.5409657790802695,27.175054879500593,6.226345801515998,0.33772928601316676,0.06962922639555888,,,,,,,,,,,,,,
382,17.9264757,-77.1789551,0.833,,0,11,Very Low Density Rural,3.0,8.0,Clarendon,Rural,34.64603058204654,7.93809499227347,34.64603058204654,7.93809499227347,18.130483042811697,4.15405442504638,27.175054879500593,6.226345801515998,0.33772928601316676,0.06962922639555888,,,,,,,,,,,,,,
383,18.1771685,-76.8933105,-0.512,,0,12,Low Density Rural,48.0,204.0,Saint Mary,Rural,34.64603058204654,7.93809499227347,34.64603058204654,7.93809499227347,69.5881759894954,15.944035783132655,50.467959061929676,11.563213631386853,0.6272115311673098,0.12931142044889507,,,,,,,,,,,,,,
384,17.9891824,-77.8381348,0.322,,0,12,Low Density Rural,,,,Unknown,,,,,,,,,,,,,,,,,,,,,,,,
385,18.2815179,-77.5305176,0.23,,0,11,Very Low Density Rural,63.0,56.0,Trelawny,Rural,34.64603058204654,7.93809499227347,34.64603058204654,7.93809499227347,33.13515050480206,7.591922303119432,38.821506970715134,8.894779716451426,0.4824704085902382,0.09947032342222697,,,,,,,,,,,,,,
386,17.9473804,-77.1350098,0.253,,0,11,Very Low Density Rural,3.0,15.0,Saint Catherine,Rural,34.64603058204654,7.93809499227347,34.64603058204654,7.93809499227347,32.38173948252422,7.419300846560233,27.175054879500593,6.226345801515998,0.33772928601316676,0.06962922639555888,,,,,,,,,,,,,,
387,17.9891824,-77.5744629,0.564,,0,11,Very Low Density Rural,62.0,47.0,Manchester,Rural,34.64603058204654,7.93809499227347,34.64603058204654,7.93809499227347,23.726549843631314,5.436224679523768,27.175054879500593,6.226345801515998,0.33772928601316676,0.06962922639555888,,,,,,,,,,,,,,
388,18.3232401,-78.1677246,-0.494,,0,11,Very Low Density Rural,54.0,53.0,Westmoreland,Rural,34.64603058204654,7.93809499227347,34.64603058204654,7.93809499227347,68.34679476977391,15.659610644719256,50.467959061929676,11.563213631386853,0.6272115311673098,0.12931142044889507,,,,,,,,,,,,,,
389,18.0100796,-77.5305176,0.404,1.6969059705734253,0,12,Low Density Rural,54.0,42.0,Manchester,Rural,34.64603058204654,7.93809499227347,34.64603058204654,7.93809499227347,27.843364172630384,6.379468758575112,27.175054879500593,6.226345801515998,0.33772928601316676,0.06962922639555888,33.87916004008564,33.97814365933474,7.7850688086814355,0.4222774985737515,0.08706042610943647,5.869864412698353,6.414775328239651,34.65074619627431,34.62673574216793,7.933674160528997,0.4303381461794455,0.08872227979010838,34.6055047351195,34.6351226967999
390,18.1771685,-77.6184082,0.639,,0,11,Very Low Density Rural,67.0,57.0,Manchester,Rural,34.64603058204654,7.93809499227347,34.64603058204654,7.93809499227347,22.0121520704787,5.043422036646701,27.175054879500593,6.226345801515998,0.33772928601316676,0.06962922639555888,,,,,,,,,,,,,,
391,18.1562911,-76.8493652,-0.062,,0,12,Low Density Rural,40.0,20.0,Saint Andrew,Rural,34.64603058204654,7.93809499227347,34.64603058204654,7.93809499227347,44.37138003091261,10.166366065790289,38.821506970715134,8.894779716451426,0.4824704085902382,0.09947032342222697,,,,,,,,,,,,,,
392,18.4483464,-77.310791,0.699,1.5553499460220337,0,12,Low Density Rural,51.0,70.0,Saint Ann,Rural,34.64603058204654,7.93809499227347,34.64603058204654,7.93809499227347,20.730264127839924,4.749716002011102,27.175054879500593,6.226345801515998,0.33772928601316676,0.06962922639555888,37.158118390468324,37.266682033676226,8.538538385504665,0.4631471756403857,0.09548647654402953,15.971211428965436,16.917206297510873,34.63759719777075,34.61359585496672,7.930663550914023,0.43017484477150214,0.0886886121421569,34.50599041446538,34.65877246904393
393,17.9055685,-77.442627,-0.165,0.34162700176239014,0,12,Low Density Rural,58.0,48.0,Manchester,Rural,34.64603058204654,7.93809499227347,34.64603058204654,7.93809499227347,49.18529357311333,11.26932944545038,50.467959061929676,11.563213631386853,0.6272115311673098,0.12931142044889507,34.872940387662545,34.97482750202266,8.013428909033617,0.43466420116053356,0.08961417715925177,0.0,0.0,34.649961136348615,34.62595122623183,7.9334944123177555,0.4303283962816756,0.08872026966582462,34.60795234513289,34.63432822689843
394,18.1562911,-77.3986816,0.388,0.3988170027732849,0,12,Low Density Rural,50.0,101.0,Clarendon,Rural,34.64603058204654,7.93809499227347,34.64603058204654,7.93809499227347,28.29244103401807,6.48236120324018,27.175054879500593,6.226345801515998,0.33772928601316676,0.06962922639555888,33.46221281608897,33.55997825444993,7.689258793776634,0.4170805742527749,0.08598898269279488,4.848794223773486,5.628498962088409,34.650438441088326,34.626428200233974,7.9336036965524634,0.4303343240742745,0.08872149179144413,34.60753138898199,34.63432822689843
395,18.0518668,-77.4645996,0.41,1.2663439512252808,1,21,Suburban / Peri-urban,44.0,31.0,Manchester,Urban,22.91662051591443,5.07397966218306,22.91662051591443,5.07397966218306,32.908229800637336,7.286226545093078,34.62642877450913,7.66665378317362,0.40337570502029124,0.08770123705110862,21.026938946664394,23.358350727056667,5.171783354745454,0.27210981686838104,0.059161638284356215,0.0,0.0,22.320308255728253,20.69596576969067,4.582303456642854,0.24109473829338435,0.05241839439432639,20.731069813803114,21.32292111361065
396,18.3232401,-76.8933105,0.46,0.696727991104126,0,12,Low Density Rural,42.0,46.0,Saint Mary,Rural,34.64603058204654,7.93809499227347,34.64603058204654,7.93809499227347,26.32699050007055,6.03203737742289,27.175054879500593,6.226345801515998,0.33772928601316676,0.06962922639555888,34.49021283803504,34.590981749995706,7.925482209490218,0.42989379858559545,0.088630669199935,7.864032794475299,8.626817498532649,34.65074619627431,34.62673574216793,7.933674160528997,0.4303381461794455,0.08872227979010838,34.60734054970843,34.63572016089688
397,18.0309744,-77.1130371,0.032,,0,12,Low Density Rural,45.0,191.0,Saint Catherine,Rural,34.64603058204654,7.93809499227347,34.64603058204654,7.93809499227347,40.39050237897394,9.254267784318381,38.821506970715134,8.894779716451426,0.4824704085902382,0.09947032342222697,,,,,,,,,,,,,,
398,18.3023803,-77.947998,0.45,8.818978309631348,0,13,Rural Cluster,21.0,36.0,Westmoreland,Rural,34.64603058204654,7.93809499227347,34.64603058204654,7.93809499227347,26.591581153419565,6.092660360923937,27.175054879500593,6.226345801515998,0.33772928601316676,0.06962922639555888,33.119773815725566,33.216538761406426,7.610569972169165,0.4128123372505452,0.08510900558436442,6.043091115477886,7.14137452418665,34.722192918543215,34.698132957039896,7.9500326831163175,0.43122546473350026,0.08890521715161055,34.53652424383377,35.29011886148875
399,18.3023803,-77.2229004,0.023,,0,11,Very Low Density Rural,41.0,45.0,Saint Ann,Rural,34.64603058204654,7.93809499227347,34.64603058204654,7.93809499227347,40.75565763423875,9.337932119150494,38.821506970715134,8.894779716451426,0.4824704085902382,0.09947032342222697,,,,,,,,,,,,,,
400,17.9264757,-77.0910645,0.221,0.7353289723396301,1,21,Suburban / Peri-urban,1.0,18.0,Saint Catherine,Urban,22.91662051591443,5.07397966218306,22.91662051591443,5.07397966218306,39.754489272888144,8.802060055540444,34.62642877450913,7.66665378317362,0.40337570502029124,0.08770123705110862,17.699057579738035,19.66148261211719,4.353258057093055,0.2290436724518786,0.049798272832887173,0.0,0.0,25.249119862384095,23.411635466665665,5.183581153853442,0.2727305499375223,0.059296596977615836,21.571618448113497,25.76410768965039
401,18.1980434,-77.5305176,-0.16,,0,11,Very Low Density Rural,93.0,73.0,Manchester,Rural,34.64603058204654,7.93809499227347,34.64603058204654,7.93809499227347,48.9399808980034,11.213123430356678,50.467959061929676,11.563213631386853,0.6272115311673098,0.12931142044889507,,,,,,,,,,,,,,
402,18.4691886,-77.7941895,-0.533,,0,11,Very Low Density Rural,38.0,91.0,Saint James,Rural,34.64603058204654,7.93809499227347,34.64603058204654,7.93809499227347,71.06497985370589,16.2824009338329,50.467959061929676,11.563213631386853,0.6272115311673098,0.12931142044889507,,,,,,,,,,,,,,
403,17.9055685,-77.6403809,0.148,0.9031810164451599,0,12,Low Density Rural,81.0,62.0,Saint Elizabeth,Rural,34.64603058204654,7.93809499227347,34.64603058204654,7.93809499227347,35.96674162501392,8.240696171695518,38.821506970715134,8.894779716451426,0.4824704085902382,0.09947032342222697,32.50207636844996,32.59703660796751,7.4686297019765835,0.4051132168295457,0.08352168751322875,0.0,0.0,34.65074619627431,34.62673574216793,7.933674160528997,0.4303381461794455,0.08872227979010838,34.60753138898199,34.634571860473315
404,17.9264757,-76.2561035,0.499,1.4989969730377197,0,13,Rural Cluster,62.0,79.0,Saint Thomas,Rural,34.64603058204654,7.93809499227347,34.64603058204654,7.93809499227347,25.32000178313251,5.8013162253338555,27.175054879500593,6.226345801515998,0.33772928601316676,0.06962922639555888,34.14975556122372,34.24952977044032,7.847248766770375,0.42565026223307045,0.08775578459369973,8.485915883606456,9.307630244964479,34.65074619627431,34.62673574216793,7.933674160528997,0.4303381461794455,0.08872227979010838,34.60723214781113,34.63604669939723
405,18.3440975,-77.0690918,-0.568,,0,12,Low Density Rural,31.0,69.0,Saint Ann,Rural,34.64603058204654,7.93809499227347,34.64603058204654,7.93809499227347,73.59629374194598,16.86237531365474,50.467959061929676,11.563213631386853,0.6272115311673098,0.12931142044889507,,,,,,,,,,,,,,
406,18.2189158,-76.9812012,0.023,1.4436290264129639,0,12,Low Density Rural,27.0,146.0,Saint Catherine,Rural,34.64603058204654,7.93809499227347,34.64603058204654,7.93809499227347,40.75565763423875,9.337932119150494,38.821506970715134,8.894779716451426,0.4824704085902382,0.09947032342222697,31.958801393111223,32.05217436413561,7.34379092025819,0.39834171489879183,0.08212561539126287,0.0,0.0,34.650875350738104,34.626864807137046,7.933703731881553,0.4303397501879769,0.08872261048655018,34.60753138898199,34.63507636031139
407,17.9891824,-77.3547363,0.298,,0,12,Low Density Rural,26.0,15.0,Clarendon,Rural,34.64603058204654,7.93809499227347,34.64603058204654,7.93809499227347,30.956861402668622,7.092832926273769,27.175054879500593,6.226345801515998,0.33772928601316676,0.06962922639555888,,,,,,,,,,,,,,
408,18.0727566,-76.8933105,0.378,,0,11,Very Low Density Rural,33.0,74.0,Saint Catherine,Rural,34.64603058204654,7.93809499227347,34.64603058204654,7.93809499227347,28.576784793628924,6.547510016432673,27.175054879500593,6.226345801515998,0.33772928601316676,0.06962922639555888,,,,,,,,,,,,,,
409,18.2815179,-76.8273926,0.02,0.0,0,12,Low Density Rural,34.0,38.0,Saint Mary,Rural,34.64603058204654,7.93809499227347,34.64603058204654,7.93809499227347,40.87810819113891,9.36598797825471,38.821506970715134,8.894779716451426,0.4824704085902382,0.09947032342222697,33.36391415857932,33.46139240100992,7.666670813094463,0.41585535759577336,0.08573638130012015,0.0,0.0,34.650309286624534,34.62629913526486,7.9335741251999075,0.4303327200657431,0.08872116109500233,34.60278536910365,34.633810809229026
410,17.9891824,-76.739502,0.768,65.8740234375,1,30,Urban Centre,1.0,11.0,Saint Andrew,Kingston Metropolitan Area (KMA),34.567489297207274,6.3937660639451295,34.567489297207274,6.3937660639451295,45.59434864639548,8.433346043056646,45.619430075878164,8.437985222699773,0.5666944528027779,0.08508429749345968,39.11587745642818,35.18616186426997,6.50819866360457,0.4370901326635787,0.06562532365557926,0.0,0.0,29.434778608552122,32.78957335673191,6.064914335460558,0.4073191905318216,0.061155472778319044,27.82880264466202,36.966522944067336
411,17.9264757,-77.1569824,0.694,4.217525005340576,1,21,Suburban / Peri-urban,3.0,11.0,Clarendon,Urban,22.91662051591443,5.07397966218306,22.91662051591443,5.07397966218306,24.772217730246226,5.484828308918937,26.635714441930098,5.89742598705663,0.31028900386176245,0.06746249003931432,20.571679044867277,22.85261280271512,5.059807684479341,0.26621829414984566,0.0578807137663457,0.0,0.0,27.45060248581468,25.45290696234025,5.635540030026051,0.2965100547217905,0.0644666951270276,21.653128011097632,28.15158353212323
412,18.3440975,-77.0910645,-0.016,0.609449028968811,0,11,Very Low Density Rural,26.0,48.0,Saint Ann,Rural,34.64603058204654,7.93809499227347,34.64603058204654,7.93809499227347,42.37652984983268,9.709306195821453,38.821506970715134,8.894779716451426,0.4824704085902382,0.09947032342222697,33.40253906139141,33.500130152920654,7.675546402860117,0.41633678710355465,0.08583563702231861,0.0,0.0,34.65074619627431,34.62673574216793,7.933674160528997,0.4303381461794455,0.08872227979010838,34.60755501469312,34.63432822689843
413,18.1771685,-76.6296387,0.098,6.188385963439941,0,12,Low Density Rural,41.0,41.0,Portland,Rural,34.64603058204654,7.93809499227347,34.64603058204654,7.93809499227347,37.81079590120156,8.66320569932005,38.821506970715134,8.894779716451426,0.4824704085902382,0.09947032342222697,32.4094621108206,32.50415176233055,7.447347935620616,0.4039588518158405,0.0832836935156361,0.0,0.0,34.59753179356254,34.57355821317792,7.921490130512126,0.42967726034214443,0.08858602577989128,34.47567421825955,34.6677399368307
414,18.0309744,-76.9812012,1.051,2.146688938140869,1,30,Urban Centre,0.0,5.0,Saint Catherine,Urban,22.91662051591443,5.07397966218306,22.91662051591443,5.07397966218306,17.334916675520017,3.838132005377707,18.645000109351066,4.128198190939641,0.2172023027032337,0.04722374302752002,21.752264688130143,24.164098682262818,5.350184386203057,0.28149626418630974,0.06120242316815578,3.5701948415531546,6.236424476699959,22.987826537316234,21.314905945072976,4.719343290235112,0.24830499469135328,0.053986035671893515,20.210696415161678,26.095512612768783
415,18.4483464,-77.8820801,0.895,3.2911570072174072,1,21,Suburban / Peri-urban,1.0,6.0,Saint James,Urban,22.91662051591443,5.07397966218306,22.91662051591443,5.07397966218306,20.261504838727316,4.48610925880333,18.645000109351066,4.128198190939641,0.2172023027032337,0.04722374302752002,22.49137185646848,24.98515611276757,5.531975095743859,0.2910610570804536,0.06328198363378143,1.5197107983396014,3.791316367909272,25.412200205588597,23.562847769022806,5.2170611404116345,0.2744920763562085,0.0596795849565503,21.47062085598146,27.241626238479906
416,18.093644,-77.7502441,0.231,3.270927906036377,0,12,Low Density Rural,59.0,53.0,Saint Elizabeth,Rural,34.64603058204654,7.93809499227347,34.64603058204654,7.93809499227347,33.102031916351365,7.584334175512459,38.821506970715134,8.894779716451426,0.4824704085902382,0.09947032342222697,32.59589287580799,32.69112721590633,7.490187732468138,0.4062825669552631,0.08376277097270723,0.0,0.0,34.65074619627431,34.62673574216793,7.933674160528997,0.4303381461794455,0.08872227979010838,34.606680452917274,34.63600837841529
417,18.3440975,-77.3327637,0.204,,0,12,Low Density Rural,61.0,165.0,Saint Ann,Rural,34.64603058204654,7.93809499227347,34.64603058204654,7.93809499227347,34.00796179690881,7.791900737320277,38.821506970715134,8.894779716451426,0.4824704085902382,0.09947032342222697,,,,,,,,,,,,,,
418,18.3440975,-77.4206543,0.098,,0,11,Very Low Density Rural,89.0,79.0,Saint Ann,Rural,34.64603058204654,7.93809499227347,34.64603058204654,7.93809499227347,37.81079590120156,8.66320569932005,38.821506970715134,8.894779716451426,0.4824704085902382,0.09947032342222697,,,,,,,,,,,,,,
419,18.093644,-77.1130371,0.544,7.19229793548584,0,12,Low Density Rural,27.0,30.0,Saint Catherine,Rural,34.64603058204654,7.93809499227347,34.64603058204654,7.93809499227347,24.205857944684283,5.54604370273667,27.175054879500593,6.226345801515998,0.33772928601316676,0.06962922639555888,34.75103228109384,34.85256322057862,7.985415729342901,0.433144711000896,0.0893009057649342,10.096634446959747,11.080117428413686,34.59737225467379,34.573398784838055,7.921453602307161,0.42967527898020674,0.08858561728496754,34.3955534686442,34.67976682184696
420,18.1354112,-77.310791,0.176,5.708442211151123,0,12,Low Density Rural,38.0,26.0,Clarendon,Rural,34.64603058204654,7.93809499227347,34.64603058204654,7.93809499227347,34.97364114790971,8.013157091700293,38.821506970715134,8.894779716451426,0.4824704085902382,0.09947032342222697,32.565903077098625,32.66104979699583,7.483296397315948,0.40590876733429443,0.08368570517026454,0.0,0.0,34.6310516221358,34.60705481494097,7.929164868490658,0.4300935532787168,0.08867185237630418,34.556951642397586,34.65989292631921
421,18.3649523,-77.376709,0.425,,0,11,Very Low Density Rural,58.0,114.0,Saint Ann,Rural,34.64603058204654,7.93809499227347,34.64603058204654,7.93809499227347,27.264750235253512,6.2468967922751375,27.175054879500593,6.226345801515998,0.33772928601316676,0.06962922639555888,,,,,,,,,,,,,,
422,18.3649523,-77.8381348,0.1,0.0,0,11,Very Low Density Rural,15.0,36.0,Saint James,Rural,34.64603058204654,7.93809499227347,34.64603058204654,7.93809499227347,37.735249880601756,8.64589660278764,38.821506970715134,8.894779716451426,0.4824704085902382,0.09947032342222697,32.75494283111014,32.85064186219251,7.526735711951098,0.40826500150186323,0.08417148703487963,0.0,0.0,34.647457010385025,34.62344883544592,7.932921064796189,0.43029729678041617,0.0887138579203715,34.60342699232454,34.712177557078235
423,18.3649523,-77.1130371,0.146,1.5632280111312866,0,12,Low Density Rural,29.0,123.0,Saint Ann,Rural,34.64603058204654,7.93809499227347,34.64603058204654,7.93809499227347,36.03874708972684,8.257194056424343,38.821506970715134,8.894779716451426,0.4824704085902382,0.09947032342222697,31.887081879210932,31.980245309708096,7.3273105426461616,0.397447786687676,0.081941315324994,0.0,0.0,34.650875350738104,34.626864807137046,7.933703731881553,0.4303397501879769,0.08872261048655018,34.60753138898199,34.63507636031139
424,18.0309744,-77.3327637,-0.167,2.2412281036376953,0,12,Low Density Rural,23.0,13.0,Clarendon,Rural,34.64603058204654,7.93809499227347,34.64603058204654,7.93809499227347,49.283762596459894,11.29189065803346,50.467959061929676,11.563213631386853,0.6272115311673098,0.12931142044889507,34.677862179695595,34.779179340519725,7.968602022230637,0.4322327023397521,0.08911287807479475,0.0,0.0,34.77762583145774,34.75352745896598,7.962724665746121,0.4319139029231381,0.0890471515960039,34.389117183666784,34.9463259872271
425,18.1562911,-77.9699707,-0.129,0.8606529831886292,0,12,Low Density Rural,46.0,84.0,Westmoreland,Rural,34.64603058204654,7.93809499227347,34.64603058204654,7.93809499227347,47.4461160274216,10.870849263617254,38.821506970715134,8.894779716451426,0.4824704085902382,0.09947032342222697,33.99394408557896,34.09326306557023,7.8114449552933065,0.42370819282796995,0.08735539056249227,0.0,0.0,34.65074619627431,34.62673574216793,7.933674160528997,0.4303381461794455,0.08872227979010838,34.60753138898199,34.634619358554716
426,18.4066544,-77.9699707,0.107,1.2764209508895874,0,11,Very Low Density Rural,15.0,32.0,Saint James,Rural,34.64603058204654,7.93809499227347,34.64603058204654,7.93809499227347,37.47202549163099,8.585586657641548,38.821506970715134,8.894779716451426,0.4824704085902382,0.09947032342222697,32.49261640094691,32.58754900159087,7.4664559025715205,0.4049953056591078,0.08349737791402904,0.0,0.0,34.64773438114606,34.62372601400914,7.932984571920314,0.43030074153218084,0.08871456812055381,34.6055047351195,34.71113003318177
427,18.1562911,-77.0251465,0.586,5.886964797973633,1,21,Suburban / Peri-urban,8.0,21.0,Saint Catherine,Urban,22.91662051591443,5.07397966218306,22.91662051591443,5.07397966218306,27.597433310603485,6.110360611383014,26.635714441930098,5.89742598705663,0.31028900386176245,0.06746249003931432,20.33923706527269,22.594398266741354,5.002636283351453,0.2632102602814617,0.05722671232782171,0.0,0.0,23.53429129079554,21.821602165518215,4.831531137289557,0.25420768094537666,0.0552693873461754,21.167901149760933,23.6069614143997
428,18.0309744,-77.0471191,0.616,2.090251922607422,0,12,Low Density Rural,4.0,20.0,Saint Catherine,Rural,34.64603058204654,7.93809499227347,34.64603058204654,7.93809499227347,22.524298677145854,5.16076501491565,27.175054879500593,6.226345801515998,0.33772928601316676,0.06962922639555888,34.16299659981372,34.262809494934,7.850291415891532,0.4258153015270697,0.08778981053945555,11.202305050365865,12.116294859295394,34.262027838175314,34.238286737699724,7.844672764255895,0.4255105347720979,0.08772697715704361,34.05921843288631,35.060427298553485
429,18.3649523,-77.9919434,0.147,0.0004839999892283231,0,11,Very Low Density Rural,27.0,27.0,Hanover,Rural,34.64603058204654,7.93809499227347,34.64603058204654,7.93809499227347,36.002726356005695,8.24894098958909,38.821506970715134,8.894779716451426,0.4824704085902382,0.09947032342222697,33.34410435807192,33.441524722864806,7.662118732704809,0.41560844377041245,0.08568547538417427,0.0,0.0,34.650309286624534,34.62629913526486,7.9335741251999075,0.4303327200657431,0.08872116109500233,34.60150601078374,34.654076072779056
430,17.9891824,-76.9812012,1.084,27.32027244567871,1,30,Urban Centre,0.0,3.0,Saint Catherine,Urban,22.91662051591443,5.07397966218306,22.91662051591443,5.07397966218306,16.772200310828527,3.7135407119957087,18.645000109351066,4.128198190939641,0.2172023027032337,0.04722374302752002,21.477227798425396,23.858566424386478,5.282536346147201,0.277937009181126,0.060428576198568805,4.170714022573695,6.338920816597799,25.904126008672232,24.01897406733384,5.318052277364389,0.2798056554248925,0.060834853981661816,20.63418521288617,29.454346758079954
431,18.4900283,-77.5524902,0.426,,0,11,Very Low Density Rural,44.0,103.0,Trelawny,Rural,34.64603058204654,7.93809499227347,34.64603058204654,7.93809499227347,27.237499112850386,6.240653017890368,27.175054879500593,6.226345801515998,0.33772928601316676,0.06962922639555888,,,,,,,,,,,,,,
432,18.2189158,-76.6516113,0.356,,0,12,Low Density Rural,32.0,58.0,Portland,Rural,34.64603058204654,7.93809499227347,34.64603058204654,7.93809499227347,29.2124406354365,6.693151418056236,27.175054879500593,6.226345801515998,0.33772928601316676,0.06962922639555888,,,,,,,,,,,,,,
433,18.4691886,-77.9260254,1.251,,1,30,Urban Centre,0.0,,,Unknown,,,,,,,,,,,,,,,,,,,,,,,,
434,17.8846589,-76.9152832,0.857,,0,12,Low Density Rural,8.0,23.0,Saint Catherine,Rural,34.64603058204654,7.93809499227347,34.64603058204654,7.93809499227347,17.700531505705158,4.055543972729389,27.175054879500593,6.226345801515998,0.33772928601316676,0.06962922639555888,,,,,,,,,,,,,,
435,18.0100796,-76.8273926,1.09,244.41506958007812,1,30,Urban Centre,0.0,5.0,Saint Andrew,Kingston Metropolitan Area (KMA),34.567489297207274,6.3937660639451295,34.567489297207274,6.3937660639451295,33.04214195331346,6.111630615828998,35.09186928913705,6.49075786361521,0.4359188098482907,0.06544945961035359,35.22300928738835,31.684384621392613,5.860493407764266,0.39359029640545545,0.059094197418508035,0.0,7.539512346513744,29.886952689408616,33.293283453941505,6.158082933790476,0.4135763865869815,0.0620949369428243,28.512558320274195,37.05195339326032
436,18.1145288,-77.0690918,-0.267,,0,11,Very Low Density Rural,37.0,202.0,Saint Catherine,Rural,34.64603058204654,7.93809499227347,34.64603058204654,7.93809499227347,54.466981154951846,12.479469165348666,50.467959061929676,11.563213631386853,0.6272115311673098,0.12931142044889507,,,,,,,,,,,,,,
437,18.0727566,-77.8161621,0.067,,0,12,Low Density Rural,64.0,145.0,Saint Elizabeth,Rural,34.64603058204654,7.93809499227347,34.64603058204654,7.93809499227347,39.00128786250136,8.935971096035738,38.821506970715134,8.894779716451426,0.4824704085902382,0.09947032342222697,,,,,,,,,,,,,,
438,18.1145288,-77.0471191,0.151,,1,21,Suburban / Peri-urban,6.0,116.0,Saint Catherine,Urban,22.91662051591443,5.07397966218306,22.91662051591443,5.07397966218306,42.637014986755524,9.44028142145807,34.62642877450913,7.66665378317362,0.40337570502029124,0.08770123705110862,,,,,,,,,,,,,,
439,17.9264757,-77.0690918,-0.115,,1,21,Suburban / Peri-urban,1.0,17.0,Saint Catherine,Urban,22.91662051591443,5.07397966218306,22.91662051591443,5.07397966218306,55.630008250979884,12.31706613444721,34.62642877450913,7.66665378317362,0.40337570502029124,0.08770123705110862,,,,,,,,,,,,,,
440,18.1771685,-76.8493652,-0.458,0.9299439787864685,0,12,Low Density Rural,38.0,66.0,Saint Mary,Rural,34.64603058204654,7.93809499227347,34.64603058204654,7.93809499227347,65.93007216534548,15.105891408153422,50.467959061929676,11.563213631386853,0.6272115311673098,0.12931142044889507,40.69371892831416,40.81261241845572,9.350981593499599,0.5072156988656084,0.1045720291083024,0.0,0.0,34.65074619627431,34.62673574216793,7.933674160528997,0.4303381461794455,0.08872227979010838,34.60753138898199,34.634619358554716
441,18.2189158,-77.8601074,-0.106,2.6694369316101074,0,12,Low Density Rural,35.0,36.0,Saint Elizabeth,Rural,34.64603058204654,7.93809499227347,34.64603058204654,7.93809499227347,46.36730919435313,10.623673152087498,38.821506970715134,8.894779716451426,0.4824704085902382,0.09947032342222697,33.86530822163407,33.964251370484206,7.781885808877331,0.42210484638168116,0.08702483062196402,0.0,0.0,34.65058665738557,34.62657631382807,7.933637632324032,0.43033616481750775,0.08872187129518465,34.60094096421962,34.63430962603775
442,18.1771685,-77.7502441,0.012,,0,11,Very Low Density Rural,46.0,40.0,Saint Elizabeth,Rural,34.64603058204654,7.93809499227347,34.64603058204654,7.93809499227347,41.20644465138308,9.441216394528048,38.821506970715134,8.894779716451426,0.4824704085902382,0.09947032342222697,,,,,,,,,,,,,,
443,18.3232401,-78.1896973,0.301,2.824460983276367,0,13,Rural Cluster,50.0,54.0,Westmoreland,Rural,34.64603058204654,7.93809499227347,34.64603058204654,7.93809499227347,30.864129985135467,7.071586313349292,27.175054879500593,6.226345801515998,0.33772928601316676,0.06962922639555888,32.653970161191864,32.74937418377042,7.503533271802641,0.4070064553505727,0.08391201414186542,1.5533859147349633,2.1891080340893856,34.65074619627431,34.62673574216793,7.933674160528997,0.4303381461794455,0.08872227979010838,34.60576783958495,34.63512114144663
444,18.4275017,-77.8601074,0.364,8.722128868103027,0,12,Low Density Rural,4.0,9.0,Saint James,Rural,34.64603058204654,7.93809499227347,34.64603058204654,7.93809499227347,28.979673420636033,6.639819817548716,27.175054879500593,6.226345801515998,0.33772928601316676,0.06962922639555888,31.277627697034518,31.36901050544285,7.187264486652795,0.3898514121836959,0.08037518025164281,1.844154722084352,3.114922232189365,34.85472909044792,34.83057729098952,7.980378315398512,0.432871471725561,0.08924457236374458,34.2220521760215,35.99430751641764
445,17.9682826,-76.8493652,0.471,2.386152982711792,1,30,Urban Centre,,66.0,,Unknown,,,,,,,,,,,,,,,,,,,,,,,,
446,18.3023803,-77.0910645,0.044,,0,12,Low Density Rural,23.0,63.0,Saint Ann,Rural,34.64603058204654,7.93809499227347,34.64603058204654,7.93809499227347,39.90871286894666,9.143880220934445,38.821506970715134,8.894779716451426,0.4824704085902382,0.09947032342222697,,,,,,,,,,,,,,
447,18.3232401,-77.9040527,0.051,3.651710033416748,0,12,Low Density Rural,20.0,20.0,Saint James,Rural,34.64603058204654,7.93809499227347,34.64603058204654,7.93809499227347,39.63032736486819,9.080096562641655,38.821506970715134,8.894779716451426,0.4824704085902382,0.09947032342222697,32.51527613068068,32.61027493550615,7.4716628662316245,0.40527774164568525,0.0835556073897248,0.0,0.0,34.65058665738557,34.62657631382807,7.933637632324032,0.43033616481750775,0.08872187129518465,34.566613999119404,34.84314324377999
448,18.2815179,-77.2668457,-0.107,,0,11,Very Low Density Rural,60.0,98.0,Saint Ann,Rural,34.64603058204654,7.93809499227347,34.64603058204654,7.93809499227347,46.4136996949319,10.634302138847218,38.821506970715134,8.894779716451426,0.4824704085902382,0.09947032342222697,,,,,,,,,,,,,,
449,18.2397857,-76.9812012,-0.015,,0,11,Very Low Density Rural,46.0,62.0,Saint Catherine,Rural,34.64603058204654,7.93809499227347,34.64603058204654,7.93809499227347,42.33417450118677,9.699601742660915,38.821506970715134,8.894779716451426,0.4824704085902382,0.09947032342222697,,,,,,,,,,,,,,
450,17.9055685,-76.8933105,1.006,0.0,1,23,Dense Urban Cluster,4.0,46.0,Saint Catherine,Urban,22.91662051591443,5.07397966218306,22.91662051591443,5.07397966218306,18.132805791790133,4.014793007632394,18.645000109351066,4.128198190939641,0.2172023027032337,0.04722374302752002,25.102032406593192,27.885279849930814,6.174092848226678,0.32484564008618083,0.07062736831109881,6.805388006152477,8.939220877231502,24.00853565344785,22.26133377600805,4.928892318747136,0.2593302724074112,0.05638313218141597,21.17232754427649,24.880425759168862
451,17.9473804,-76.8493652,0.642,,0,10,Water,,,,Unknown,,,,,,,,,,,,,,,,,,,,,,,,
452,18.0727566,-77.0251465,0.301,,0,12,Low Density Rural,11.0,102.0,Saint Catherine,Rural,34.64603058204654,7.93809499227347,34.64603058204654,7.93809499227347,30.864129985135467,7.071586313349292,27.175054879500593,6.226345801515998,0.33772928601316676,0.06962922639555888,,,,,,,,,,,,,,
453,18.4066544,-77.7722168,0.239,,0,11,Very Low Density Rural,69.0,112.0,Saint James,Rural,34.64603058204654,7.93809499227347,34.64603058204654,7.93809499227347,32.838272106975545,7.523901554897785,38.821506970715134,8.894779716451426,0.4824704085902382,0.09947032342222697,,,,,,,,,,,,,,
454,18.4275017,-77.7722168,0.319,,0,11,Very Low Density Rural,15.0,42.0,Saint James,Rural,34.64603058204654,7.93809499227347,34.64603058204654,7.93809499227347,30.313545769041436,6.9454365139299705,27.175054879500593,6.226345801515998,0.33772928601316676,0.06962922639555888,,,,,,,,,,,,,,
455,17.8637468,-77.6843262,-0.229,,0,11,Very Low Density Rural,92.0,,Saint Elizabeth,Rural,34.64603058204654,7.93809499227347,34.64603058204654,7.93809499227347,52.436067609149234,12.014146460933858,50.467959061929676,11.563213631386853,0.6272115311673098,0.12931142044889507,,,,,,,,,,,,,,
456,18.3232401,-76.9152832,-0.347,2.0925960540771484,0,12,Low Density Rural,46.0,68.0,Saint Mary,Rural,34.64603058204654,7.93809499227347,34.64603058204654,7.93809499227347,59.00337630045502,13.51884755827062,50.467959061929676,11.563213631386853,0.6272115311673098,0.12931142044889507,37.63265825810407,37.742608348718605,8.64758257425184,0.4690619476725626,0.09670591772950761,0.0,0.0,34.65074619627431,34.62673574216793,7.933674160528997,0.4303381461794455,0.08872227979010838,34.60753138898199,34.63512114144663
457,18.1771685,-77.9260254,-0.256,1.0127209424972534,0,12,Low Density Rural,40.0,112.0,Westmoreland,Rural,34.64603058204654,7.93809499227347,34.64603058204654,7.93809499227347,53.87112756516943,12.342947251648372,50.467959061929676,11.563213631386853,0.6272115311673098,0.12931142044889507,35.54401148508069,35.64785924562912,8.167633873464146,0.4430285828054027,0.09133865130860565,0.0,0.0,34.650875350738104,34.626864807137046,7.933703731881553,0.4303397501879769,0.08872261048655018,34.60753138898199,34.63457457741948
458,18.1145288,-77.376709,0.157,,0,12,Low Density Rural,42.0,25.0,Clarendon,Rural,34.64603058204654,7.93809499227347,34.64603058204654,7.93809499227347,35.64449324328023,8.166862655349378,38.821506970715134,8.894779716451426,0.4824704085902382,0.09947032342222697,,,,,,,,,,,,,,
459,18.3649523,-76.9812012,-0.407,1.4995169639587402,0,12,Low Density Rural,40.0,179.0,Saint Mary,Rural,34.64603058204654,7.93809499227347,34.64603058204654,7.93809499227347,62.65194132539147,14.354806404547242,50.467959061929676,11.563213631386853,0.6272115311673098,0.12931142044889507,38.28231757318621,38.39416575189412,8.796867339993705,0.47715944802893,0.09837536929590107,0.0,0.0,34.650875350738104,34.626864807137046,7.933703731881553,0.4303397501879769,0.08872261048655018,34.60753138898199,34.63507636031139
460,18.1980434,-77.9040527,-0.822,0.15866699814796448,0,12,Low Density Rural,49.0,61.0,Westmoreland,Rural,34.64603058204654,7.93809499227347,34.64603058204654,7.93809499227347,94.87826679072782,21.738498807345167,50.467959061929676,11.563213631386853,0.6272115311673098,0.12931142044889507,56.77345978510503,56.93933292128001,13.045934149813526,0.7076372187228238,0.14589268431537258,0.0,0.0,34.650309286624534,34.62629913526486,7.9335741251999075,0.4303327200657431,0.08872116109500233,34.60786013810286,34.63432822689843
461,18.0518668,-76.739502,0.31,18.30393409729004,0,12,Low Density Rural,5.0,13.0,Saint Andrew,Rural,34.64603058204654,7.93809499227347,34.64603058204654,7.93809499227347,30.58759907096417,7.008227578506823,27.175054879500593,6.226345801515998,0.33772928601316676,0.06962922639555888,30.784141408683297,30.87408241455541,7.073866612962614,0.38370048768678294,0.07910705180654004,0.0,1.1236564698185707,35.0048894167233,34.980633567049004,8.014759194060101,0.4347363584461245,0.08962905373698009,34.3630061616337,37.44483808046437
462,18.2397857,-77.9040527,0.537,1.9486969709396362,0,12,Low Density Rural,42.0,30.0,Westmoreland,Rural,34.64603058204654,7.93809499227347,34.64603058204654,7.93809499227347,24.375893380009913,5.585002204330988,27.175054879500593,6.226345801515998,0.33772928601316676,0.06962922639555888,35.29011704391446,35.393223009487336,8.109291645018041,0.4398639851769313,0.09068621015573776,10.654365394855878,11.349831070345653,34.65058665738557,34.62657631382807,7.933637632324032,0.43033616481750775,0.08872187129518465,34.59593648884467,34.63783521659482
463,17.9473804,-77.0471191,0.551,0.992393970489502,0,11,Very Low Density Rural,3.0,14.0,Saint Catherine,Rural,34.64603058204654,7.93809499227347,34.64603058204654,7.93809499227347,24.03700860124113,5.5073569583934585,27.175054879500593,6.226345801515998,0.33772928601316676,0.06962922639555888,33.55256720480038,33.65059662858481,7.710021266413276,0.41820677175014703,0.08622116942861613,9.00507611691364,10.112760780299089,34.32690511898017,34.30311906325414,7.859527140072547,0.42631626543638373,0.08789309364489602,33.80621144594396,34.74343999221972
464,18.0309744,-77.5964355,0.769,3.585886001586914,0,12,Low Density Rural,67.0,50.0,Manchester,Rural,34.64603058204654,7.93809499227347,34.64603058204654,7.93809499227347,19.328770157815917,4.42860584658354,27.175054879500593,6.226345801515998,0.33772928601316676,0.06962922639555888,38.17919318931434,38.290740072927086,8.773170458980553,0.47587408242919704,0.09811036707059397,18.373821468037715,19.527804225169902,34.65883803861178,34.63482197744552,7.935526877930816,0.43043864122826664,0.08874299872919893,34.52541214930865,34.76359208501813
465,18.1562911,-76.3439941,-0.119,,0,10,Water,,,,Unknown,,,,,,,,,,,,,,,,,,,,,,,,
466,17.9682826,-77.3327637,0.8,1.9373120069503784,1,21,Suburban / Peri-urban,18.0,10.0,Clarendon,Urban,22.91662051591443,5.07397966218306,22.91662051591443,5.07397966218306,22.280743214086876,4.93318977150628,26.635714441930098,5.89742598705663,0.31028900386176245,0.06746249003931432,24.160765533758138,26.839647777701447,5.942578962270687,0.3126646965336695,0.06797900896592896,1.440907233960919,3.086328181814154,23.866702963679195,22.129822846192738,4.899774422294023,0.2577982543532947,0.05605004350785818,21.20795372448162,23.677745115059047
467,18.1771685,-77.9699707,-0.067,0.9826869964599609,0,11,Very Low Density Rural,44.0,147.0,Westmoreland,Rural,34.64603058204654,7.93809499227347,34.64603058204654,7.93809499227347,44.593792498877974,10.217325187759368,38.821506970715134,8.894779716451426,0.4824704085902382,0.09947032342222697,33.12863463012039,33.22542546414905,7.612606092594908,0.4129227804413901,0.0851317755195097,0.0,0.0,34.650875350738104,34.626864807137046,7.933703731881553,0.4303397501879769,0.08872261048655018,34.60753138898199,34.63457457741948
468,18.0727566,-76.8273926,0.618,,0,12,Low Density Rural,3.0,16.0,Saint Andrew,Rural,34.64603058204654,7.93809499227347,34.64603058204654,7.93809499227347,22.47929509837153,5.150453799538267,27.175054879500593,6.226345801515998,0.33772928601316676,0.06962922639555888,,,,,,,,,,,,,,
469,18.2189158,-76.7175293,-0.501,,0,11,Very Low Density Rural,82.0,39.0,Portland,Rural,34.64603058204654,7.93809499227347,34.64603058204654,7.93809499227347,68.82690074363973,15.769612476469637,50.467959061929676,11.563213631386853,0.6272115311673098,0.12931142044889507,,,,,,,,,,,,,,
470,18.4066544,-76.9592285,1.145,,1,21,Suburban / Peri-urban,,125.0,,Unknown,,,,,,,,,,,,,,,,,,,,,,,,
471,18.2397857,-76.673584,0.35,,0,12,Low Density Rural,33.0,34.0,Portland,Rural,34.64603058204654,7.93809499227347,34.64603058204654,7.93809499227347,29.388242156407788,6.733431044605415,27.175054879500593,6.226345801515998,0.33772928601316676,0.06962922639555888,,,,,,,,,,,,,,
472,18.260653,-77.2009277,-0.438,3.4855239391326904,0,12,Low Density Rural,47.0,39.0,Saint Ann,Rural,34.64603058204654,7.93809499227347,34.64603058204654,7.93809499227347,64.62456926749027,14.806774717387897,50.467959061929676,11.563213631386853,0.6272115311673098,0.12931142044889507,40.11204091667338,40.22923493744316,9.217318204567803,0.49996553282133827,0.10307727140203053,0.0,0.0,34.65074619627431,34.62673574216793,7.933674160528997,0.4303381461794455,0.08872227979010838,34.60330143624169,34.63600837841529
473,18.0100796,-77.4645996,-0.108,1.4805200099945068,0,11,Very Low Density Rural,50.0,34.0,Manchester,Rural,34.64603058204654,7.93809499227347,34.64603058204654,7.93809499227347,46.46013660921423,10.64494175990996,38.821506970715134,8.894779716451426,0.4824704085902382,0.09947032342222697,34.427681440982475,34.528267657032444,7.911113162908744,0.4291143931369823,0.0884699801490207,0.0,0.0,34.65058665738557,34.62657631382807,7.933637632324032,0.43033616481750775,0.08872187129518465,34.602729891972594,34.633170684247986
474,17.9682826,-76.3000488,-0.618,,0,11,Very Low Density Rural,106.0,107.0,Saint Thomas,Rural,34.64603058204654,7.93809499227347,34.64603058204654,7.93809499227347,77.36965641130747,17.726927783489824,50.467959061929676,11.563213631386853,0.6272115311673098,0.12931142044889507,,,,,,,,,,,,,,
475,18.0309744,-77.9040527,-0.202,,0,12,Low Density Rural,,,,Unknown,,,,,,,,,,,,,,,,,,,,,,,,
476,17.8637468,-77.5524902,0.379,,0,11,Very Low Density Rural,64.0,,,Unknown,,,,,,,,,,,,,,,,,,,,,,,,
477,18.3232401,-77.0471191,-0.574,,0,11,Very Low Density Rural,42.0,48.0,Saint Ann,Rural,34.64603058204654,7.93809499227347,34.64603058204654,7.93809499227347,74.03919889113057,16.96385369624949,50.467959061929676,11.563213631386853,0.6272115311673098,0.12931142044889507,,,,,,,,,,,,,,
478,18.0727566,-77.9260254,-0.244,,0,11,Very Low Density Rural,58.0,124.0,Saint Elizabeth,Rural,34.64603058204654,7.93809499227347,34.64603058204654,7.93809499227347,53.22853728712052,12.195717032700664,50.467959061929676,11.563213631386853,0.6272115311673098,0.12931142044889507,,,,,,,,,,,,,,
479,17.9473804,-77.4206543,-0.133,1.5388660430908203,0,11,Very Low Density Rural,41.0,101.0,Manchester,Rural,34.64603058204654,7.93809499227347,34.64603058204654,7.93809499227347,47.636280567057916,10.914419743537607,38.821506970715134,8.894779716451426,0.4824704085902382,0.09947032342222697,34.04078537311377,34.14024120774267,7.822208582435014,0.42429203320969044,0.0874757602070605,0.0,0.0,34.650875350738104,34.626864807137046,7.933703731881553,0.4303397501879769,0.08872261048655018,34.60753138898199,34.63507636031139
480,18.1562911,-78.013916,-0.083,3.067517042160034,0,11,Very Low Density Rural,51.0,162.0,Westmoreland,Rural,34.64603058204654,7.93809499227347,34.64603058204654,7.93809499227347,45.31303174915705,10.382117211404509,38.821506970715134,8.894779716451426,0.4824704085902382,0.09947032342222697,32.90241374124861,32.998543633202445,7.560622950635541,0.4101031122157057,0.08455044803214787,0.0,0.0,34.650875350738104,34.626864807137046,7.933703731881553,0.4303397501879769,0.08872261048655018,34.606680452917274,34.63507636031139
481,18.260653,-78.079834,0.414,7.29222297668457,0,13,Rural Cluster,40.0,44.0,Westmoreland,Rural,34.64603058204654,7.93809499227347,34.64603058204654,7.93809499227347,27.566318070130254,6.315991983835302,27.175054879500593,6.226345801515998,0.33772928601316676,0.06962922639555888,33.184258335781195,33.28121168374751,7.62538782553784,0.41361608686516377,0.08527471364167348,5.209366384282071,6.143024666084955,34.59753179356254,34.57355821317792,7.921490130512126,0.42967726034214443,0.08858602577989128,34.378803205539384,34.6653330163937
482,17.9682826,-77.6403809,0.15,,0,11,Very Low Density Rural,83.0,57.0,Saint Elizabeth,Rural,34.64603058204654,7.93809499227347,34.64603058204654,7.93809499227347,35.89488002731545,8.224231249762367,38.821506970715134,8.894779716451426,0.4824704085902382,0.09947032342222697,,,,,,,,,,,,,,
483,18.4691886,-77.2668457,0.157,,0,10,Water,,,,Unknown,,,,,,,,,,,,,,,,,,,,,,,,
484,17.9682826,-76.7614746,0.973,10.506866455078125,1,30,Urban Centre,0.0,35.0,Kingston,Kingston Metropolitan Area (KMA),34.567489297207274,6.3937660639451295,34.567489297207274,6.3937660639451295,37.14331376831249,6.870202722344919,35.09186928913705,6.49075786361521,0.4359188098482907,0.06544945961035359,37.74452456948835,33.952579805254466,6.280029500428981,0.42176630882890187,0.06332458331933889,0.0,1.6967145782638786,33.950549135300086,37.82002359106624,6.995370166895507,0.46980853417675805,0.07053771020549074,34.0824043391745,38.76856213390361
485,18.0309744,-77.5305176,0.974,10.504770278930664,1,30,Urban Centre,53.0,40.0,Manchester,Urban,22.91662051591443,5.07397966218306,22.91662051591443,5.07397966218306,18.722439400321353,4.145344060557034,18.645000109351066,4.128198190939641,0.2172023027032337,0.04722374302752002,23.9507466541964,26.606342556216287,5.890922744109081,0.3099468402160474,0.06738809742064726,4.365933907032713,7.1855000409657315,24.321984895343746,22.55197200136267,4.993242664099245,0.26271602147849565,0.057119255795662426,21.242679951360735,24.968167651110967
486,18.0518668,-77.9040527,0.661,6.628256797790527,0,12,Low Density Rural,64.0,62.0,Saint Elizabeth,Rural,34.64603058204654,7.93809499227347,34.64603058204654,7.93809499227347,21.533172815408058,4.933678358591721,27.175054879500593,6.226345801515998,0.33772928601316676,0.06962922639555888,36.190837507769785,36.2965750784751,8.31626757890201,0.45109076836579975,0.09300082206748385,14.078692099807897,15.275307578666515,34.54206659876904,34.51813145174186,7.908790756586689,0.42898842123404224,0.08844400867863732,34.42793741807256,34.85759248919558
487,18.4275017,-78.0578613,-0.154,,0,11,Very Low Density Rural,19.0,24.0,Hanover,Rural,34.64603058204654,7.93809499227347,34.64603058204654,7.93809499227347,48.64722017307182,11.146046122928624,50.467959061929676,11.563213631386853,0.6272115311673098,0.12931142044889507,,,,,,,,,,,,,,
488,18.0100796,-76.9372559,1.063,9.19416332244873,1,30,Urban Centre,0.0,5.0,Saint Catherine,Urban,22.91662051591443,5.07397966218306,22.91662051591443,5.07397966218306,17.128140811899907,3.792349664743748,18.645000109351066,4.128198190939641,0.2172023027032337,0.04722374302752002,21.50607718838451,23.89061455895499,5.289632138604847,0.2783103494109355,0.060509747175372164,3.631161257053902,6.167244128423621,24.608446176953723,22.817586293540753,5.052052448707792,0.2658102577645568,0.05779199921237945,21.746149840714768,27.036961652498466
489,17.9682826,-77.5085449,0.511,12.239977836608887,1,21,Suburban / Peri-urban,58.0,40.0,Manchester,Urban,22.91662051591443,5.07397966218306,22.91662051591443,5.07397966218306,29.746835970595082,6.586260859199477,26.635714441930098,5.89742598705663,0.31028900386176245,0.06746249003931432,20.7004665669683,22.995679947111878,5.09148424780558,0.2678849346980839,0.05824307182604263,0.0,0.0,23.776586628637354,22.046264654972987,4.881273764111749,0.2568248549735036,0.05583840872497465,20.843008211102863,22.565949437695394
490,18.0727566,-77.0690918,-0.446,,0,12,Low Density Rural,11.0,87.0,Saint Catherine,Rural,34.64603058204654,7.93809499227347,34.64603058204654,7.93809499227347,65.1436393335236,14.925703997960468,50.467959061929676,11.563213631386853,0.6272115311673098,0.12931142044889507,,,,,,,,,,,,,,
491,18.4066544,-76.8933105,0.805,21.826473236083984,1,21,Suburban / Peri-urban,52.0,114.0,Saint Mary,Urban,22.91662051591443,5.07397966218306,22.91662051591443,5.07397966218306,22.169617543704113,4.908585384874446,26.635714441930098,5.89742598705663,0.31028900386176245,0.06746249003931432,22.82758262069114,25.358645043745344,5.614669454561543,0.295411963777518,0.06422795012327862,0.0,1.7193121378573488,23.181770881829074,21.494736145860312,4.759159579063893,0.25039990128709017,0.05444150658317065,20.07118525688249,22.287981393702847
492,18.4691886,-77.9040527,0.968,26.935068130493164,1,30,Urban Centre,0.0,4.0,Saint James,Urban,22.91662051591443,5.07397966218306,22.91662051591443,5.07397966218306,18.83511171565253,4.170290890569969,18.645000109351066,4.128198190939641,0.2172023027032337,0.04722374302752002,19.31316135610809,21.45455397709109,4.7502628262911255,0.24993180477150434,0.05433973386120138,0.0,1.7384455539543948,25.883164844377866,23.99953833491658,5.31374900276348,0.2795792415975396,0.0607856274851297,22.3031960210273,27.178132569789703
493,18.3232401,-77.9699707,-0.449,3.5589210987091064,0,12,Low Density Rural,24.0,96.0,Hanover,Rural,34.64603058204654,7.93809499227347,34.64603058204654,7.93809499227347,65.33936369126754,14.970548342838416,50.467959061929676,11.563213631386853,0.6272115311673098,0.12931142044889507,39.57275146561627,39.68836986226711,9.093395253724037,0.4932437073649173,0.10169144101692641,0.0,0.0,34.650875350738104,34.626864807137046,7.933703731881553,0.4303397501879769,0.08872261048655018,34.60853762508804,34.651754276725946
494,17.9264757,-77.244873,0.47,2.5307788848876953,1,21,Suburban / Peri-urban,8.0,6.0,Clarendon,Urban,22.91662051591443,5.07397966218306,22.91662051591443,5.07397966218306,30.991803689280495,6.861909743828754,34.62642877450913,7.66665378317362,0.40337570502029124,0.08770123705110862,20.108500948913647,22.338078735639634,4.945884456138219,0.26022430200543123,0.0565775105258002,0.0,0.0,22.890728166916787,21.224873830504666,4.6994092376576075,0.24725617825333832,0.053758003844719335,20.3656833213128,22.422769718884805
495,18.3232401,-77.8381348,-0.699,,0,11,Very Low Density Rural,41.0,93.0,Saint James,Rural,34.64603058204654,7.93809499227347,34.64603058204654,7.93809499227347,83.89740368979169,19.222564573957072,50.467959061929676,11.563213631386853,0.6272115311673098,0.12931142044889507,,,,,,,,,,,,,,
496,17.9891824,-77.5305176,0.308,0.32566899061203003,0,12,Low Density Rural,58.0,44.0,Manchester,Rural,34.64603058204654,7.93809499227347,34.64603058204654,7.93809499227347,30.64883548510811,7.022258059467971,27.175054879500593,6.226345801515998,0.33772928601316676,0.06962922639555888,33.44893185775152,33.546658493576594,7.686206971524253,0.41691503739003194,0.08595485416391069,2.5059053633191057,3.3076406737441704,34.649961136348615,34.62595122623183,7.9334944123177555,0.4303283962816756,0.08872026966582462,34.60795234513289,34.63432822689843
497,18.2189158,-77.3986816,0.365,,0,11,Very Low Density Rural,73.0,43.0,Saint Ann,Rural,34.64603058204654,7.93809499227347,34.64603058204654,7.93809499227347,28.95070823222337,6.6331833165347165,27.175054879500593,6.226345801515998,0.33772928601316676,0.06962922639555888,,,,,,,,,,,,,,
498,18.3232401,-78.1018066,0.024,,0,11,Very Low Density Rural,44.0,44.0,Westmoreland,Rural,34.64603058204654,7.93809499227347,34.64603058204654,7.93809499227347,40.714922347642414,9.32859885444147,38.821506970715134,8.894779716451426,0.4824704085902382,0.09947032342222697,,,,,,,,,,,,,,
499,18.0727566,-77.5085449,0.792,0.07889699935913086,0,11,Very Low Density Rural,49.0,41.0,Manchester,Rural,34.64603058204654,7.93809499227347,34.64603058204654,7.93809499227347,18.88928193270998,4.327910349285086,27.175054879500593,6.226345801515998,0.33772928601316676,0.06962922639555888,39.544731905531904,39.66026843836252,9.086956658346002,0.4928944652429295,0.10161943820347243,20.161638623735165,21.482191932804266,34.65513360450582,34.63112011024373,7.934678706495218,0.43039263473545475,0.08873351362785792,34.354492625763434,34.77498902545789
500,18.093644,-77.947998,0.154,2.835649013519287,1,21,Suburban / Peri-urban,53.0,86.0,Westmoreland,Urban,22.91662051591443,5.07397966218306,22.91662051591443,5.07397966218306,42.509295616639946,9.412003016010669,34.62642877450913,7.66665378317362,0.40337570502029124,0.08770123705110862,20.64723549039824,22.93654674853951,5.078391538664296,0.2671960708299799,0.0580933002541789,0.0,0.0,22.902606490248523,21.235887718407035,4.7018478277271765,0.2473844829891967,0.0537858996349572,21.159363116783712,21.627397957638834
501,18.1980434,-77.8601074,0.103,,0,12,Low Density Rural,63.0,60.0,Saint Elizabeth,Rural,34.64603058204654,7.93809499227347,34.64603058204654,7.93809499227347,37.62221376990308,8.61999778063662,38.821506970715134,8.894779716451426,0.4824704085902382,0.09947032342222697,,,,,,,,,,,,,,
502,18.093644,-77.3327637,-0.089,0.7146810293197632,0,12,Low Density Rural,130.0,49.0,Clarendon,Rural,34.64603058204654,7.93809499227347,34.64603058204654,7.93809499227347,45.58572720794246,10.444597167100268,38.821506970715134,8.894779716451426,0.4824704085902382,0.09947032342222697,32.96707057338239,33.06338937106016,7.575480399477757,0.4109090095669638,0.0847165988856458,0.0,0.0,34.65074619627431,34.62673574216793,7.933674160528997,0.4303381461794455,0.08872227979010838,34.606365180084175,34.63432822689843
503,18.4483464,-78.0578613,0.997,15.1498441696167,0,13,Rural Cluster,17.0,22.0,Hanover,Rural,34.64603058204654,7.93809499227347,34.64603058204654,7.93809499227347,15.388102835420804,3.525720551714284,27.175054879500593,6.226345801515998,0.33772928601316676,0.06962922639555888,41.39040432094258,41.511333293709995,9.5110724491524,0.5158993428681135,0.10636232518042123,25.018312690719103,27.03692813905532,35.590898205303624,35.56623629403849,8.148932431123102,0.4420141796593841,0.09112951307500947,34.11586186730865,36.52106188991824
504,18.4275017,-77.7062988,0.597,,0,11,Very Low Density Rural,26.0,46.0,Trelawny,Rural,34.64603058204654,7.93809499227347,34.64603058204654,7.93809499227347,22.956351859724414,5.2597569960287744,27.175054879500593,6.226345801515998,0.33772928601316676,0.06962922639555888,,,,,,,,,,,,,,
505,18.2397857,-77.8161621,-0.419,,0,11,Very Low Density Rural,53.0,51.0,Saint James,Rural,34.64603058204654,7.93809499227347,34.64603058204654,7.93809499227347,63.40829365909215,14.52810177407956,50.467959061929676,11.563213631386853,0.6272115311673098,0.12931142044889507,,,,,,,,,,,,,,
506,18.1145288,-77.6184082,-0.052,,0,11,Very Low Density Rural,71.0,60.0,Manchester,Rural,34.64603058204654,7.93809499227347,34.64603058204654,7.93809499227347,43.92987742282619,10.065209033268857,38.821506970715134,8.894779716451426,0.4824704085902382,0.09947032342222697,,,,,,,,,,,,,,
507,18.0518668,-77.3547363,0.036,0.6340889930725098,0,12,Low Density Rural,31.0,47.0,Clarendon,Rural,34.64603058204654,7.93809499227347,34.64603058204654,7.93809499227347,40.229263063075535,9.217324648709827,38.821506970715134,8.894779716451426,0.4824704085902382,0.09947032342222697,32.97069427837398,33.06702366331056,7.576313088147387,0.41095417624398917,0.08472591084321175,0.0,0.0,34.65074619627431,34.62673574216793,7.933674160528997,0.4303381461794455,0.08872227979010838,34.60755501469312,34.63432822689843
508,18.1771685,-77.4206543,0.073,1.843377947807312,0,12,Low Density Rural,58.0,67.0,Clarendon,Rural,34.64603058204654,7.93809499227347,34.64603058204654,7.93809499227347,38.76798075656506,8.882515795726258,38.821506970715134,8.894779716451426,0.4824704085902382,0.09947032342222697,32.58905502598077,32.68426938815985,7.48861646767452,0.40619733845144995,0.08374519951819284,0.0,0.0,34.65074619627431,34.62673574216793,7.933674160528997,0.4303381461794455,0.08872227979010838,34.60753138898199,34.63468783382143
509,17.9891824,-76.9372559,1.059,7.614934921264648,1,30,Urban Centre,0.0,1.0,Saint Catherine,Urban,22.91662051591443,5.07397966218306,22.91662051591443,5.07397966218306,17.196790583157018,3.8075494426922543,18.645000109351066,4.128198190939641,0.2172023027032337,0.04722374302752002,21.73030462214125,24.139703741817183,5.344783091034104,0.2812120787635141,0.06114063607284767,3.727084882135065,6.491452020828385,23.811024818996422,22.07819663371967,4.888343838454579,0.2571968420624268,0.055919285504263984,21.065830060010466,26.468379895234126
510,18.1145288,-76.9152832,0.553,,0,11,Very Low Density Rural,50.0,172.0,Saint Catherine,Rural,34.64603058204654,7.93809499227347,34.64603058204654,7.93809499227347,23.988982626022523,5.496353251851115,27.175054879500593,6.226345801515998,0.33772928601316676,0.06962922639555888,,,,,,,,,,,,,,
511,18.260653,-78.145752,0.291,,1,21,Suburban / Peri-urban,52.0,55.0,Westmoreland,Urban,22.91662051591443,5.07397966218306,22.91662051591443,5.07397966218306,37.06684011155822,8.206986398226919,34.62642877450913,7.66665378317362,0.40337570502029124,0.08770123705110862,,,,,,,,,,,,,,
512,18.2397857,-76.607666,0.443,,0,10,Water,,,,Unknown,,,,,,,,,,,,,,,,,,,,,,,,
513,18.1562911,-76.4758301,-0.084,,0,11,Very Low Density Rural,87.0,228.0,Portland,Rural,34.64603058204654,7.93809499227347,34.64603058204654,7.93809499227347,45.35836744497613,10.392504521405304,38.821506970715134,8.894779716451426,0.4824704085902382,0.09947032342222697,,,,,,,,,,,,,,
514,17.8846589,-76.3220215,0.484,,0,12,Low Density Rural,49.0,,,Unknown,,,,,,,,,,,,,,,,,,,,,,,,
515,18.1562911,-76.9372559,-0.524,,0,11,Very Low Density Rural,16.0,132.0,Saint Catherine,Rural,34.64603058204654,7.93809499227347,34.64603058204654,7.93809499227347,70.42826455170403,16.136516788797714,50.467959061929676,11.563213631386853,0.6272115311673098,0.12931142044889507,,,,,,,,,,,,,,
516,17.9055685,-77.4206543,-0.091,,0,12,Low Density Rural,49.0,44.0,Manchester,Rural,34.64603058204654,7.93809499227347,34.64603058204654,7.93809499227347,45.676989894624136,10.465507264561898,38.821506970715134,8.894779716451426,0.4824704085902382,0.09947032342222697,,,,,,,,,,,,,,
517,18.4483464,-77.376709,-0.046,,0,12,Low Density Rural,62.0,66.0,Saint Ann,Rural,34.64603058204654,7.93809499227347,34.64603058204654,7.93809499227347,43.66708731697662,10.004998591027189,38.821506970715134,8.894779716451426,0.4824704085902382,0.09947032342222697,,,,,,,,,,,,,,
518,18.0100796,-77.7502441,0.23,3.840423107147217,0,12,Low Density Rural,70.0,85.0,Saint Elizabeth,Rural,34.64603058204654,7.93809499227347,34.64603058204654,7.93809499227347,33.13515050480206,7.591922303119432,38.821506970715134,8.894779716451426,0.4824704085902382,0.09947032342222697,32.184330865127386,32.27836275813688,7.395615182015388,0.40115276514870835,0.08270516612129075,0.0,0.0,34.65074619627431,34.62673574216793,7.933674160528997,0.4303381461794455,0.08872227979010838,34.61066441390419,34.67448019968618
519,17.8637468,-76.4978027,-0.563,,0,12,Low Density Rural,26.0,,,Unknown,,,,,,,,,,,,,,,,,,,,,,,,
520,17.9264757,-77.2888184,-0.47,,0,11,Very Low Density Rural,18.0,9.0,Clarendon,Rural,34.64603058204654,7.93809499227347,34.64603058204654,7.93809499227347,66.72599904148689,15.28825409281225,50.467959061929676,11.563213631386853,0.6272115311673098,0.12931142044889507,,,,,,,,,,,,,,
521,17.9891824,-77.5085449,0.64,1.3930460214614868,1,21,Suburban / Peri-urban,57.0,42.0,Manchester,Urban,22.91662051591443,5.07397966218306,22.91662051591443,5.07397966218306,26.146694375507955,5.789151825528224,26.635714441930098,5.89742598705663,0.31028900386176245,0.06746249003931432,22.4382614003589,24.926156908735624,5.518912054396415,0.29037375416287575,0.06313255144103848,0.0,0.0,22.89519323677044,21.229013958489986,4.700325905330389,0.24730440809118348,0.053768489891323414,21.061376356692406,21.666416763775644
522,18.3232401,-77.0031738,0.192,,0,12,Low Density Rural,33.0,195.0,Saint Mary,Rural,34.64603058204654,7.93809499227347,34.64603058204654,7.93809499227347,34.41851573546762,7.88596681383701,38.821506970715134,8.894779716451426,0.4824704085902382,0.09947032342222697,,,,,,,,,,,,,,
523,18.0100796,-77.8381348,-0.118,,0,12,Low Density Rural,68.0,,,Unknown,,,,,,,,,,,,,,,,,,,,,,,,
524,18.1145288,-77.7941895,0.751,1.498533010482788,0,12,Low Density Rural,54.0,49.0,Saint Elizabeth,Rural,34.64603058204654,7.93809499227347,34.64603058204654,7.93809499227347,19.67983815383608,4.50904251001474,27.175054879500593,6.226345801515998,0.33772928601316676,0.06962922639555888,38.18511557314338,38.296679759988706,8.77453135947413,0.4759479003581528,0.09812558602109717,18.081651516835745,19.13745857421445,34.63759719777075,34.61359585496672,7.930663550914023,0.43017484477150214,0.0886886121421569,34.467057750360276,34.74764473625571
525,18.093644,-77.5964355,0.007,,0,11,Very Low Density Rural,89.0,238.0,Manchester,Rural,34.64603058204654,7.93809499227347,34.64603058204654,7.93809499227347,41.412992814739894,9.48854068864374,38.821506970715134,8.894779716451426,0.4824704085902382,0.09947032342222697,,,,,,,,,,,,,,
526,18.2189158,-78.1677246,0.634,,0,11,Very Low Density Rural,68.0,56.0,Westmoreland,Rural,34.64603058204654,7.93809499227347,34.64603058204654,7.93809499227347,22.12248844189228,5.068702294808156,27.175054879500593,6.226345801515998,0.33772928601316676,0.06962922639555888,,,,,,,,,,,,,,
527,18.0309744,-76.9592285,0.718,1.587175965309143,0,12,Low Density Rural,0.0,5.0,Saint Catherine,Rural,34.64603058204654,7.93809499227347,34.64603058204654,7.93809499227347,20.340107336078898,4.660323317687704,27.175054879500593,6.226345801515998,0.33772928601316676,0.06962922639555888,33.62039524278093,33.71862283749633,7.72560742445886,0.41905219572694286,0.08639546943728714,12.21821725968689,14.391004921620004,33.95823204904104,33.93470145701485,7.775115335717999,0.4217376025537659,0.08694911641921263,33.097241152642816,34.771033518959975
528,18.1771685,-77.376709,-0.507,5.67661714553833,0,12,Low Density Rural,53.0,59.0,Clarendon,Rural,34.64603058204654,7.93809499227347,34.64603058204654,7.93809499227347,69.24110351380449,15.864514572911663,50.467959061929676,11.563213631386853,0.6272115311673098,0.12931142044889507,41.87887197641574,42.001228088946,9.623317094656432,0.5219877139919352,0.10761755707447804,0.0,0.0,34.65074619627431,34.62673574216793,7.933674160528997,0.4303381461794455,0.08872227979010838,34.56171341759619,34.6464661114968
529,18.3858046,-78.079834,-0.241,,0,12,Low Density Rural,27.0,97.0,Hanover,Rural,34.64603058204654,7.93809499227347,34.64603058204654,7.93809499227347,53.06909096432806,12.159184707489617,50.467959061929676,11.563213631386853,0.6272115311673098,0.12931142044889507,,,,,,,,,,,,,,
530,18.1562911,-77.4865723,0.611,9.224013328552246,1,22,Semi-dense Urban Cluster,56.0,39.0,Manchester,Urban,22.91662051591443,5.07397966218306,22.91662051591443,5.07397966218306,26.91605025437246,5.959495270349355,26.635714441930098,5.89742598705663,0.31028900386176245,0.06746249003931432,21.33793361304765,23.70382766547601,5.2482755651948825,0.27613440180350857,0.06003665646972308,0.0,0.0,23.085021775072864,21.40502787755444,4.7392972294387565,0.24935485745049704,0.05421429498836912,20.604635447323457,22.055217654908464
531,18.4275017,-78.079834,0.606,1.538053035736084,0,12,Low Density Rural,26.0,65.0,Hanover,Rural,34.64603058204654,7.93809499227347,34.64603058204654,7.93809499227347,22.750671642304876,5.212631565597681,27.175054879500593,6.226345801515998,0.33772928601316676,0.06962922639555888,35.60292957270062,35.70694947227331,8.181172620164311,0.44376295114958403,0.09149005511577428,12.38815498263639,13.299008076564824,34.68976929882425,34.66573180453791,7.942608934360719,0.43082278594778955,0.08882219736773002,34.58388880926398,34.7812319105415
532,18.0518668,-77.5305176,0.853,7.3317718505859375,1,30,Urban Centre,52.0,41.0,Manchester,Urban,22.91662051591443,5.07397966218306,22.91662051591443,5.07397966218306,21.130611527490593,4.678538577078672,18.645000109351066,4.128198190939641,0.2172023027032337,0.04722374302752002,22.120669747239674,24.5733515270126,5.4407972498889965,0.28626379755966275,0.06223897189759519,0.0,2.4463786521080095,22.763730599835046,21.107118409251328,4.673336954786042,0.24588440305880843,0.05345975489214485,20.191995009625476,21.440858278860155
533,18.2189158,-76.7834473,-0.441,,0,11,Very Low Density Rural,51.0,76.0,Saint Mary,Rural,34.64603058204654,7.93809499227347,34.64603058204654,7.93809499227347,64.81873407688325,14.851261738706777,50.467959061929676,11.563213631386853,0.6272115311673098,0.12931142044889507,,,,,,,,,,,,,,
534,18.3858046,-77.4645996,-0.146,,0,11,Very Low Density Rural,58.0,92.0,Trelawny,Rural,34.64603058204654,7.93809499227347,34.64603058204654,7.93809499227347,48.25959497979252,11.057233478191078,50.467959061929676,11.563213631386853,0.6272115311673098,0.12931142044889507,,,,,,,,,,,,,,
535,18.1145288,-76.9372559,0.083,,0,11,Very Low Density Rural,13.0,276.0,Saint Catherine,Rural,34.64603058204654,7.93809499227347,34.64603058204654,7.93809499227347,38.38223290282818,8.794133286833139,38.821506970715134,8.894779716451426,0.4824704085902382,0.09947032342222697,,,,,,,,,,,,,,
536,17.9891824,-77.6623535,0.156,2.613780975341797,0,12,Low Density Rural,80.0,109.0,Saint Elizabeth,Rural,34.64603058204654,7.93809499227347,34.64603058204654,7.93809499227347,35.680155564712365,8.175033602797539,38.821506970715134,8.894779716451426,0.4824704085902382,0.09947032342222697,31.876398254537985,31.969530471042958,7.324855559904363,0.3973146235780459,0.08191386125248101,0.0,0.0,34.650875350738104,34.626864807137046,7.933703731881553,0.4303397501879769,0.08872261048655018,34.60624203786627,34.63524654099263
537,17.9473804,-77.244873,0.77,22.98773765563965,1,30,Urban Centre,7.0,5.0,Clarendon,Urban,22.91662051591443,5.07397966218306,22.91662051591443,5.07397966218306,22.959292864809875,5.08342776690176,26.635714441930098,5.89742598705663,0.31028900386176245,0.06746249003931432,19.41583069829298,21.5686070263606,4.775515365250854,0.2512604497050722,0.054628605508217735,0.0,0.0,22.306353924779486,20.683026953956325,4.5794386674020835,0.24094400938186544,0.052385623179215884,20.023977292322964,23.88898074842255
538,18.1354112,-77.0251465,0.74,17.640838623046875,1,23,Dense Urban Cluster,7.0,20.0,Saint Catherine,Urban,22.91662051591443,5.07397966218306,22.91662051591443,5.07397966218306,23.658507428909964,5.23824119042912,26.635714441930098,5.89742598705663,0.31028900386176245,0.06746249003931432,20.80965465556767,23.116974524282163,5.118340136843308,0.26929793879099284,0.058550284693263184,0.0,0.0,24.30606703927843,22.53721255447331,4.989974768063279,0.2625440833807647,0.057081873316550395,20.50771996365711,25.575498076522706
539,18.4066544,-77.2229004,0.484,,0,12,Low Density Rural,39.0,101.0,Saint Ann,Rural,34.64603058204654,7.93809499227347,34.64603058204654,7.93809499227347,25.702664606151114,5.888991892303545,27.175054879500593,6.226345801515998,0.33772928601316676,0.06962922639555888,,,,,,,,,,,,,,
540,18.093644,-77.0031738,0.447,0.3985860049724579,0,11,Very Low Density Rural,4.0,14.0,Saint Catherine,Rural,34.64603058204654,7.93809499227347,34.64603058204654,7.93809499227347,26.67147567874693,6.11096578641588,27.175054879500593,6.226345801515998,0.33772928601316676,0.06962922639555888,32.88797456846692,32.98406227396811,7.557304983085198,0.40992313910667616,0.08451334320034112,5.692826856143648,6.808383509628679,34.034720974478894,34.01113738117466,7.792628326863286,0.42268754176112777,0.08714496420283906,33.881504931855254,34.69691674744952
541,17.9473804,-76.6516113,0.517,1.7207950353622437,0,12,Low Density Rural,1.0,24.0,Saint Andrew,Rural,34.64603058204654,7.93809499227347,34.64603058204654,7.93809499227347,24.868319090635442,5.697826732910859,27.175054879500593,6.226345801515998,0.33772928601316676,0.06962922639555888,31.5671608379268,31.659389565718737,7.253796107317921,0.3934602186105829,0.08111920337940219,5.723768145796499,7.458890021629284,34.765991839195856,34.741901528217,7.9600609336790225,0.43176941683806835,0.08901736307974258,33.952357470181546,35.35959393375119
542,18.1980434,-76.8493652,-0.55,1.5950020551681519,0,12,Low Density Rural,23.0,90.0,Saint Mary,Rural,34.64603058204654,7.93809499227347,34.64603058204654,7.93809499227347,72.28341183933442,16.561567946072266,50.467959061929676,11.563213631386853,0.6272115311673098,0.12931142044889507,43.09802470413811,43.22394277479439,9.90346535873324,0.5371835088000956,0.11075045517001546,0.0,0.0,34.65074619627431,34.62673574216793,7.933674160528997,0.4303381461794455,0.08872227979010838,34.60753138898199,34.63507636031139
543,18.0309744,-76.8054199,0.677,44.3339958190918,1,30,Urban Centre,0.0,4.0,Saint Andrew,Kingston Metropolitan Area (KMA),34.567489297207274,6.3937660639451295,34.567489297207274,6.3937660639451295,49.93807688734523,9.236782531579067,45.619430075878164,8.437985222699773,0.5666944528027779,0.08508429749345968,39.642720498999054,35.66007644265601,6.595856142064781,0.4429772023228673,0.06650921652549932,0.0,0.0,26.53721327505045,29.5617613754598,5.467882988196341,0.36722261016168567,0.055135316138687405,25.94031171703771,34.859686826869485
544,18.0727566,-76.739502,0.693,,0,11,Very Low Density Rural,9.0,16.0,Saint Andrew,Rural,34.64603058204654,7.93809499227347,34.64603058204654,7.93809499227347,20.855019604771556,4.778299964157775,27.175054879500593,6.226345801515998,0.33772928601316676,0.06962922639555888,,,,,,,,,,,,,,
545,17.9682826,-77.0690918,0.288,1.316841959953308,1,21,Suburban / Peri-urban,8.0,16.0,Saint Catherine,Urban,22.91662051591443,5.07397966218306,22.91662051591443,5.07397966218306,37.17820759959935,8.231644325819545,34.62642877450913,7.66665378317362,0.40337570502029124,0.08770123705110862,19.643291096694607,21.82128763649877,4.831461497272317,0.2542040168838648,0.055268590712359275,0.0,0.0,23.438311213837462,21.732606961485274,4.811826667558456,0.25317094385059896,0.055043981788584356,20.540000095527663,22.636912785513417
546,17.9891824,-77.244873,1.008,21.677806854248047,1,30,Urban Centre,12.0,3.0,Clarendon,Urban,22.91662051591443,5.07397966218306,22.91662051591443,5.07397966218306,18.096576421653147,4.006771445852763,18.645000109351066,4.128198190939641,0.2172023027032337,0.04722374302752002,23.88226219849021,26.53026472387966,5.874078315684264,0.30906058222348787,0.0671954087650675,4.999634508539645,8.102198166521617,22.637147369332734,20.989747171566005,4.647349734177881,0.24451710335664353,0.053162478993256886,19.20932353766264,22.86292729771736
547,18.3232401,-78.079834,0.215,,0,11,Very Low Density Rural,43.0,68.0,Westmoreland,Rural,34.64603058204654,7.93809499227347,34.64603058204654,7.93809499227347,33.63592417543271,7.706659515443993,38.821506970715134,8.894779716451426,0.4824704085902382,0.09947032342222697,,,,,,,,,,,,,,
548,18.4900283,-77.9040527,1.038,12.813576698303223,1,30,Urban Centre,0.0,4.0,Saint James,Urban,22.91662051591443,5.07397966218306,22.91662051591443,5.07397966218306,17.56174176091254,3.8883534535775124,18.645000109351066,4.128198190939641,0.2172023027032337,0.04722374302752002,20.93876175816783,23.260396683424688,5.15009530415038,0.2709687150335096,0.058913541928343686,2.6356281780392194,5.035107038861025,23.354074766930704,21.654500754269467,4.794533135703353,0.2522610565905726,0.054846155699188756,20.5332967709386,26.926421571088998
549,18.1771685,-76.4099121,0.453,7.530990123748779,0,12,Low Density Rural,,,Portland,Rural,34.64603058204654,7.93809499227347,34.64603058204654,7.93809499227347,26.51192595250207,6.074409769416368,27.175054879500593,6.226345801515998,0.33772928601316676,0.06962922639555888,,,,,,,,,,,,,,
550,18.260653,-77.2229004,-0.275,,0,11,Very Low Density Rural,51.0,73.0,Saint Ann,Rural,34.64603058204654,7.93809499227347,34.64603058204654,7.93809499227347,54.904464604748064,12.579705328732691,50.467959061929676,11.563213631386853,0.6272115311673098,0.12931142044889507,,,,,,,,,,,,,,
551,18.4275017,-77.2229004,0.357,1.4964590072631836,0,12,Low Density Rural,35.0,60.0,Saint Ann,Rural,34.64603058204654,7.93809499227347,34.64603058204654,7.93809499227347,29.183242796153863,6.686461612098643,27.175054879500593,6.226345801515998,0.33772928601316676,0.06962922639555888,33.28693731974629,33.38419066149763,7.648982358413743,0.41489590089991474,0.08553857130774042,3.8670355512956487,4.3925173995856825,34.65074619627431,34.62673574216793,7.933674160528997,0.4303381461794455,0.08872227979010838,34.60753138898199,34.63512114144663
552,18.2189158,-77.9260254,-0.245,,0,12,Low Density Rural,54.0,135.0,Westmoreland,Rural,34.64603058204654,7.93809499227347,34.64603058204654,7.93809499227347,53.28179244754992,12.207918849625008,50.467959061929676,11.563213631386853,0.6272115311673098,0.12931142044889507,,,,,,,,,,,,,,
553,18.1562911,-77.4206543,0.312,1.9953240156173706,0,12,Low Density Rural,53.0,137.0,Clarendon,Rural,34.64603058204654,7.93809499227347,34.64603058204654,7.93809499227347,30.526485007257303,6.994225130465333,27.175054879500593,6.226345801515998,0.33772928601316676,0.06962922639555888,32.39000708605302,32.48463989646178,7.442877378903418,0.40371635999538735,0.08323369927893627,1.495094368186715,2.2348541559063912,34.650875350738104,34.626864807137046,7.933703731881553,0.4303397501879769,0.08872261048655018,34.60753138898199,34.63507636031139
554,18.1354112,-76.3879395,-0.545,,0,11,Very Low Density Rural,81.0,236.0,Portland,Rural,34.64603058204654,7.93809499227347,34.64603058204654,7.93809499227347,71.92289681876183,16.478966781339427,50.467959061929676,11.563213631386853,0.6272115311673098,0.12931142044889507,,,,,,,,,,,,,,
555,18.3023803,-77.3547363,0.605,4.726195812225342,0,12,Low Density Rural,64.0,47.0,Saint Ann,Rural,34.64603058204654,7.93809499227347,34.64603058204654,7.93809499227347,22.773433693075727,5.21784680434805,27.175054879500593,6.226345801515998,0.33772928601316676,0.06962922639555888,35.673775188289206,35.77800207514938,8.197452185286291,0.4446459868948702,0.09167210949592508,12.516403558835188,13.445778472066884,34.68976929882425,34.66573180453791,7.942608934360719,0.43082278594778955,0.08882219736773002,34.54813297745399,34.77476212641938
556,17.9055685,-77.0910645,0.48,0.9140269756317139,1,21,Suburban / Peri-urban,3.0,53.0,Saint Catherine,Urban,22.91662051591443,5.07397966218306,22.91662051591443,5.07397966218306,30.683430090159007,6.793632601079454,26.635714441930098,5.89742598705663,0.31028900386176245,0.06746249003931432,18.58467187038961,20.645291489976447,4.571083640680584,0.24050441540911485,0.05229004743003065,0.0,0.0,23.519732427172777,21.80810281148913,4.828542239002892,0.25405042212194273,0.05523519640908942,20.83849188857259,23.225273481168127
557,17.9682826,-76.9152832,0.272,,1,30,Urban Centre,1.0,8.0,Saint Catherine,Urban,22.91662051591443,5.07397966218306,22.91662051591443,5.07397966218306,37.777843213935775,8.364409927525553,34.62642877450913,7.66665378317362,0.40337570502029124,0.08770123705110862,,,,,,,,,,,,,,
558,17.9682826,-77.1350098,0.322,0.0,0,12,Low Density Rural,5.0,18.0,Saint Catherine,Rural,34.64603058204654,7.93809499227347,34.64603058204654,7.93809499227347,30.222741406381566,6.924631427621456,27.175054879500593,6.226345801515998,0.33772928601316676,0.06962922639555888,31.959529975133616,32.052905074831955,7.343958340618387,0.398350796109588,0.08212748765318584,1.3443521286693523,2.389769553723636,34.12929306446267,34.10564393955882,7.814281659878441,0.4238620612838361,0.08738711343045882,34.05345289060414,34.833380146268404
559,18.4900283,-77.8601074,0.578,,0,11,Very Low Density Rural,2.0,10.0,Saint James,Rural,34.64603058204654,7.93809499227347,34.64603058204654,7.93809499227347,23.396692534635232,5.360647806539552,27.175054879500593,6.226345801515998,0.33772928601316676,0.06962922639555888,,,,,,,,,,,,,,
560,18.0727566,-77.2009277,-0.421,,0,11,Very Low Density Rural,48.0,47.0,Clarendon,Rural,34.64603058204654,7.93809499227347,34.64603058204654,7.93809499227347,63.53523714758433,14.55718705321176,50.467959061929676,11.563213631386853,0.6272115311673098,0.12931142044889507,,,,,,,,,,,,,,
561,17.9682826,-77.442627,0.075,,0,12,Low Density Rural,63.0,46.0,Manchester,Rural,34.64603058204654,7.93809499227347,34.64603058204654,7.93809499227347,38.690522279348635,8.86476851732896,38.821506970715134,8.894779716451426,0.4824704085902382,0.09947032342222697,,,,,,,,,,,,,,
562,18.4275017,-77.3327637,-0.16,,0,11,Very Low Density Rural,57.0,88.0,Saint Ann,Rural,34.64603058204654,7.93809499227347,34.64603058204654,7.93809499227347,48.9399808980034,11.213123430356678,50.467959061929676,11.563213631386853,0.6272115311673098,0.12931142044889507,,,,,,,,,,,,,,
563,18.0518668,-77.376709,-0.255,,0,11,Very Low Density Rural,61.0,88.0,Clarendon,Rural,34.64603058204654,7.93809499227347,34.64603058204654,7.93809499227347,53.81728336419176,12.330610473813703,50.467959061929676,11.563213631386853,0.6272115311673098,0.12931142044889507,,,,,,,,,,,,,,
564,18.1562911,-77.3327637,0.713,,0,11,Very Low Density Rural,43.0,75.0,Clarendon,Rural,34.64603058204654,7.93809499227347,34.64603058204654,7.93809499227347,20.442062548383447,4.683683285529166,27.175054879500593,6.226345801515998,0.33772928601316676,0.06962922639555888,,,,,,,,,,,,,,
565,18.2397857,-77.9919434,0.306,0.0,0,12,Low Density Rural,35.0,66.0,Westmoreland,Rural,34.64603058204654,7.93809499227347,34.64603058204654,7.93809499227347,30.710194494634845,7.036316629470719,27.175054879500593,6.226345801515998,0.33772928601316676,0.06962922639555888,33.251214201391086,33.34836317209126,7.640773567696178,0.4144506398886488,0.08544677239943567,2.161206519989752,3.022863149651232,34.650309286624534,34.62629913526486,7.9335741251999075,0.4303327200657431,0.08872116109500233,34.60830162113958,34.63432822689843
566,18.3858046,-77.9260254,0.114,,0,13,Rural Cluster,10.0,12.0,Saint James,Rural,34.64603058204654,7.93809499227347,34.64603058204654,7.93809499227347,37.21063723940685,8.525697407959514,38.821506970715134,8.894779716451426,0.4824704085902382,0.09947032342222697,,,,,,,,,,,,,,
567,17.9264757,-77.2668457,0.234,0.0,0,12,Low Density Rural,16.0,8.0,Clarendon,Rural,34.64603058204654,7.93809499227347,34.64603058204654,7.93809499227347,33.00287463089845,7.56161526838579,38.821506970715134,8.894779716451426,0.4824704085902382,0.09947032342222697,33.07834785762238,33.17499177045417,7.601050729840924,0.4122959947573094,0.08500255189542444,0.0,0.7628522694059109,34.23981412925117,34.21608842126484,7.839586688259069,0.42523465597098814,0.08767009956811148,33.59702536699559,34.694727288552585
568,18.1562911,-77.4645996,0.873,84.34395599365234,1,22,Semi-dense Urban Cluster,56.0,43.0,Manchester,Urban,22.91662051591443,5.07397966218306,22.91662051591443,5.07397966218306,20.712197385406707,4.585897306266989,18.645000109351066,4.128198190939641,0.2172023027032337,0.04722374302752002,23.145102761209966,25.711370983738604,5.692766669838434,0.2995209949354891,0.06512132845804346,1.1571817178711792,5.26725376538376,22.99689295395749,21.323312560533275,4.721204602894355,0.24840292637412123,0.05400732780629416,20.05777092946556,22.46968001015721
569,17.9891824,-77.0251465,0.276,1.1444400548934937,0,12,Low Density Rural,5.0,12.0,Saint Catherine,Rural,34.64603058204654,7.93809499227347,34.64603058204654,7.93809499227347,31.64545915559081,7.2506043731706304,27.175054879500593,6.226345801515998,0.33772928601316676,0.06962922639555888,31.554674261966106,31.64686650814282,7.250926825643765,0.39330458310910665,0.08108711620184232,0.0,0.449290977671388,34.37771673334645,34.35389546885672,7.87116102494386,0.42694731031509753,0.08802319538183573,34.42326108883904,34.952921252198514
570,18.0518668,-77.7502441,-0.06,,0,12,Low Density Rural,64.0,57.0,Saint Elizabeth,Rural,34.64603058204654,7.93809499227347,34.64603058204654,7.93809499227347,44.28272595447858,10.14605365284246,38.821506970715134,8.894779716451426,0.4824704085902382,0.09947032342222697,,,,,,,,,,,,,,
571,18.4483464,-77.7722168,-0.376,,0,11,Very Low Density Rural,23.0,39.0,Saint James,Rural,34.64603058204654,7.93809499227347,34.64603058204654,7.93809499227347,60.73952672075944,13.916634165443845,50.467959061929676,11.563213631386853,0.6272115311673098,0.12931142044889507,,,,,,,,,,,,,,
572,18.4483464,-77.442627,0.779,,0,12,Low Density Rural,79.0,87.0,Saint Ann,Rural,34.64603058204654,7.93809499227347,34.64603058204654,7.93809499227347,19.13644568132153,4.384540482150627,27.175054879500593,6.226345801515998,0.33772928601316676,0.06962922639555888,,,,,,,,,,,,,,
573,17.9682826,-76.4318848,-0.619,,0,11,Very Low Density Rural,93.0,88.0,Saint Thomas,Rural,34.64603058204654,7.93809499227347,34.64603058204654,7.93809499227347,77.44706476544516,17.74466357769243,50.467959061929676,11.563213631386853,0.6272115311673098,0.12931142044889507,,,,,,,,,,,,,,
574,18.093644,-76.4538574,-0.436,,0,11,Very Low Density Rural,99.0,236.0,Portland,Rural,34.64603058204654,7.93809499227347,34.64603058204654,7.93809499227347,64.4954492919708,14.777190761770056,50.467959061929676,11.563213631386853,0.6272115311673098,0.12931142044889507,,,,,,,,,,,,,,
575,18.4483464,-77.2888184,0.511,,0,11,Very Low Density Rural,45.0,74.0,Saint Ann,Rural,34.64603058204654,7.93809499227347,34.64603058204654,7.93809499227347,25.017977531526878,5.7321164596193315,27.175054879500593,6.226345801515998,0.33772928601316676,0.06962922639555888,,,,,,,,,,,,,,
576,18.1354112,-76.4758301,-0.174,0.669514000415802,0,11,Very Low Density Rural,70.0,221.0,Portland,Rural,34.64603058204654,7.93809499227347,34.64603058204654,7.93809499227347,49.629959209144495,11.371211190611808,50.467959061929676,11.563213631386853,0.6272115311673098,0.12931142044889507,33.74492767769448,33.84351911469838,7.754223646749127,0.4206043961074827,0.08671548465712113,0.0,0.0,34.650875350738104,34.626864807137046,7.933703731881553,0.4303397501879769,0.08872261048655018,34.60753138898199,34.63432822689843
577,18.5317,-77.8381348,0.781,,1,21,Suburban / Peri-urban,,,,Unknown,,,,,,,,,,,,,,,,,,,,,,,,
578,17.9682826,-77.1789551,-0.002,,0,12,Low Density Rural,30.0,10.0,Clarendon,Rural,34.64603058204654,7.93809499227347,34.64603058204654,7.93809499227347,41.78739201930186,9.574322996195724,38.821506970715134,8.894779716451426,0.4824704085902382,0.09947032342222697,,,,,,,,,,,,,,
579,18.4691886,-77.7282715,-0.01,,0,11,Very Low Density Rural,36.0,134.0,Trelawny,Rural,34.64603058204654,7.93809499227347,34.64603058204654,7.93809499227347,42.123031925001484,9.651224777146698,38.821506970715134,8.894779716451426,0.4824704085902382,0.09947032342222697,,,,,,,,,,,,,,
580,18.1354112,-77.7941895,-0.34,1.4237749576568604,0,11,Very Low Density Rural,51.0,131.0,Saint Elizabeth,Rural,34.64603058204654,7.93809499227347,34.64603058204654,7.93809499227347,58.591794881939386,13.424546065651008,50.467959061929676,11.563213631386853,0.6272115311673098,0.12931142044889507,37.33379460767975,37.44287151827017,8.578906902239483,0.46533684366861205,0.09593791767508544,0.0,0.0,34.650875350738104,34.626864807137046,7.933703731881553,0.4303397501879769,0.08872261048655018,34.60753138898199,34.63507636031139
581,18.3440975,-78.079834,0.056,1.844897985458374,0,12,Low Density Rural,35.0,78.0,Westmoreland,Rural,34.64603058204654,7.93809499227347,34.64603058204654,7.93809499227347,39.4326702825351,9.034809392103027,38.821506970715134,8.894779716451426,0.4824704085902382,0.09947032342222697,32.467366782182594,32.5622256118521,7.460653810098137,0.40468058871101587,0.08343249311269037,0.0,0.0,34.65074619627431,34.62673574216793,7.933674160528997,0.4303381461794455,0.08872227979010838,34.60753138898199,34.63512114144663
582,18.4275017,-77.6403809,0.271,,0,11,Very Low Density Rural,32.0,179.0,Trelawny,Rural,34.64603058204654,7.93809499227347,34.64603058204654,7.93809499227347,31.804082679713535,7.286948178834413,27.175054879500593,6.226345801515998,0.33772928601316676,0.06962922639555888,,,,,,,,,,,,,,
583,17.9055685,-76.2561035,0.42,8.82394027709961,0,13,Rural Cluster,66.0,98.0,Saint Thomas,Rural,34.64603058204654,7.93809499227347,34.64603058204654,7.93809499227347,27.401415364534078,6.278209492752941,27.175054879500593,6.226345801515998,0.33772928601316676,0.06962922639555888,32.65447862468159,32.74988413282107,7.5036501112771,0.4070127929542885,0.08391332075773263,4.638032837031649,5.7766113022455015,34.72235245743196,34.698292385379766,7.950069211321282,0.43122744609543795,0.08890562564653429,34.439116854918765,35.04033783557217
584,17.9473804,-77.7282715,-0.378,1.1578210592269897,0,12,Low Density Rural,82.0,100.0,Saint Elizabeth,Rural,34.64603058204654,7.93809499227347,34.64603058204654,7.93809499227347,60.86112733428095,13.944495285607857,50.467959061929676,11.563213631386853,0.6272115311673098,0.12931142044889507,38.02583782093316,38.13693665124778,8.737931034696848,0.473962626499468,0.09771628458148746,0.0,0.0,34.650875350738104,34.626864807137046,7.933703731881553,0.4303397501879769,0.08872261048655018,34.60753138898199,34.63432822689843
585,18.4900283,-77.4645996,0.201,,0,10,Water,,,,Unknown,,,,,,,,,,,,,,,,,,,,,,,,
586,17.9473804,-77.6843262,-0.059,,0,12,Low Density Rural,83.0,90.0,Saint Elizabeth,Rural,34.64603058204654,7.93809499227347,34.64603058204654,7.93809499227347,44.238465362508464,10.135912670525855,38.821506970715134,8.894779716451426,0.4824704085902382,0.09947032342222697,,,,,,,,,,,,,,
587,17.8846589,-77.6843262,0.233,1.494555950164795,1,21,Suburban / Peri-urban,87.0,67.0,Saint Elizabeth,Urban,22.91662051591443,5.07397966218306,22.91662051591443,5.07397966218306,39.28028630981383,8.697066555791427,34.62642877450913,7.66665378317362,0.40337570502029124,0.08770123705110862,20.33361700352753,22.588155067306374,5.0012539736457935,0.2631375310089726,0.05721089965718304,0.0,0.0,22.86833566856832,21.204110928218192,4.69481211375549,0.24701430374752037,0.05370541591463988,21.12624379007854,21.357457951567476
588,18.093644,-76.8273926,0.705,0.0,0,12,Low Density Rural,5.0,16.0,Saint Andrew,Rural,34.64603058204654,7.93809499227347,34.64603058204654,7.93809499227347,20.60625494265577,4.721303030153472,27.175054879500593,6.226345801515998,0.33772928601316676,0.06962922639555888,36.18835875729578,36.294089085917975,8.315697988540949,0.4510598726603421,0.09299445233835743,15.022586563201504,16.331437872644948,34.11614406595911,34.092504052357604,7.811271050263467,0.4236987598758927,0.08735344578250732,34.03571221761781,34.66467224639275
589,17.8009957,-77.2888184,-0.226,,0,12,Low Density Rural,37.0,26.0,Clarendon,Rural,34.64603058204654,7.93809499227347,34.64603058204654,7.93809499227347,52.278995132840585,11.978158031186995,50.467959061929676,11.563213631386853,0.6272115311673098,0.12931142044889507,,,,,,,,,,,,,,
590,18.4066544,-78.0358887,0.091,,0,11,Very Low Density Rural,19.0,40.0,Hanover,Rural,34.64603058204654,7.93809499227347,34.64603058204654,7.93809499227347,38.07640000231467,8.724060883869413,38.821506970715134,8.894779716451426,0.4824704085902382,0.09947032342222697,,,,,,,,,,,,,,
591,18.3232401,-77.5305176,-0.232,,0,11,Very Low Density Rural,82.0,96.0,Trelawny,Rural,34.64603058204654,7.93809499227347,34.64603058204654,7.93809499227347,52.5936120104203,12.050243018079964,50.467959061929676,11.563213631386853,0.6272115311673098,0.12931142044889507,,,,,,,,,,,,,,
592,18.1980434,-77.0471191,0.445,4.6363301277160645,0,12,Low Density Rural,11.0,119.0,Saint Catherine,Rural,34.64603058204654,7.93809499227347,34.64603058204654,7.93809499227347,26.724872008635533,6.1231999480723145,27.175054879500593,6.226345801515998,0.33772928601316676,0.06962922639555888,32.18930613706145,32.283352566158094,7.396758446320134,0.4012147780612054,0.08271795124624891,4.890582647796391,5.926230182101058,34.7134509455753,34.68939704162525,7.948031111067777,0.43111689551482735,0.0888828335709747,34.543795494115884,34.71136906651883
593,18.4275017,-77.5524902,0.35,,0,12,Low Density Rural,43.0,51.0,Trelawny,Rural,34.64603058204654,7.93809499227347,34.64603058204654,7.93809499227347,29.388242156407788,6.733431044605415,27.175054879500593,6.226345801515998,0.33772928601316676,0.06962922639555888,,,,,,,,,,,,,,
594,18.2189158,-76.673584,0.29,,0,12,Low Density Rural,30.0,32.0,Portland,Rural,34.64603058204654,7.93809499227347,34.64603058204654,7.93809499227347,31.205509560398802,7.149803166805127,27.175054879500593,6.226345801515998,0.33772928601316676,0.06962922639555888,,,,,,,,,,,,,,
595,18.3858046,-77.8161621,-0.275,,0,11,Very Low Density Rural,53.0,123.0,Saint James,Rural,34.64603058204654,7.93809499227347,34.64603058204654,7.93809499227347,54.904464604748064,12.579705328732691,50.467959061929676,11.563213631386853,0.6272115311673098,0.12931142044889507,,,,,,,,,,,,,,
596,17.9891824,-77.2668457,0.57,5.904543876647949,1,21,Suburban / Peri-urban,13.0,6.0,Clarendon,Urban,22.91662051591443,5.07397966218306,22.91662051591443,5.07397966218306,28.042543630485888,6.208912695401803,26.635714441930098,5.89742598705663,0.31028900386176245,0.06746249003931432,21.05698445413239,23.391727601502826,5.179173344120608,0.27249863606624775,0.05924617467119789,0.0,0.0,23.21735424612766,21.527729959433874,4.766464754752161,0.2507842580712741,0.05452507275986992,20.732483294253612,23.765650111302527
597,18.0100796,-76.7614746,1.25,9.802430152893066,1,30,Urban Centre,0.0,5.0,Saint Andrew,Kingston Metropolitan Area (KMA),34.567489297207274,6.3937660639451295,34.567489297207274,6.3937660639451295,28.156656039655942,5.207988069734422,24.564308502395935,4.543530504530647,0.30514316689380344,0.04581462172724751,39.293133933493266,35.34561054595812,6.537691044759391,0.4390708387633501,0.06592270963881335,8.85622468738274,11.08086568008646,31.523275761734098,35.11610455033461,6.495240531976327,0.4362198655182111,0.06549466052957013,31.456407016482824,37.96089132805742
598,17.9473804,-77.376709,-0.096,,0,12,Low Density Rural,28.0,39.0,Clarendon,Rural,34.64603058204654,7.93809499227347,34.64603058204654,7.93809499227347,45.90594675926558,10.517965838029728,38.821506970715134,8.894779716451426,0.4824704085902382,0.09947032342222697,,,,,,,,,,,,,,
599,18.3649523,-78.2775879,0.469,0.34049201011657715,0,11,Very Low Density Rural,59.0,92.0,Hanover,Rural,34.64603058204654,7.93809499227347,34.64603058204654,7.93809499227347,26.091110637140027,5.977992607293373,27.175054879500593,6.226345801515998,0.33772928601316676,0.06962922639555888,34.533479230553695,34.63437455249968,7.935424363972873,0.4304330806688428,0.0887418523155859,8.098376244056066,8.997564012342343,34.649961136348615,34.62595122623183,7.9334944123177555,0.4303283962816756,0.08872026966582462,34.60760326439072,34.63520908982043
600,18.0100796,-77.2888184,-0.18,,0,11,Very Low Density Rural,17.0,37.0,Clarendon,Rural,34.64603058204654,7.93809499227347,34.64603058204654,7.93809499227347,49.9286340930269,11.439643549535296,50.467959061929676,11.563213631386853,0.6272115311673098,0.12931142044889507,,,,,,,,,,,,,,
601,18.4483464,-77.2229004,0.906,,1,22,Semi-dense Urban Cluster,33.0,,,Unknown,,,,,,,,,,,,,,,,,,,,,,,,
602,18.093644,-76.7175293,0.094,,0,12,Low Density Rural,10.0,17.0,Portland,Rural,34.64603058204654,7.93809499227347,34.64603058204654,7.93809499227347,37.96234197489237,8.697927920262934,38.821506970715134,8.894779716451426,0.4824704085902382,0.09947032342222697,,,,,,,,,,,,,,
603,18.1354112,-76.5197754,-0.695,,0,11,Very Low Density Rural,101.0,77.0,Portland,Rural,34.64603058204654,7.93809499227347,34.64603058204654,7.93809499227347,83.5624843602506,19.145827891342023,50.467959061929676,11.563213631386853,0.6272115311673098,0.12931142044889507,,,,,,,,,,,,,,
604,18.1354112,-77.4865723,0.943,1.920333981513977,0,12,Low Density Rural,52.0,38.0,Manchester,Rural,34.64603058204654,7.93809499227347,34.64603058204654,7.93809499227347,16.241905599165587,3.7213437538361402,27.175054879500593,6.226345801515998,0.33772928601316676,0.06962922639555888,41.72945444125784,41.85137400552682,9.588982542351964,0.5201253401044221,0.10723359376890386,24.911408425638403,26.26614948757669,35.50982253856855,35.485216806860535,8.130369254486725,0.4410072763180995,0.09092192106681739,34.49997974509585,36.61557746580484
605,18.2397857,-76.6516113,0.604,,1,22,Semi-dense Urban Cluster,,,,Unknown,,,,,,,,,,,,,,,,,,,,,,,,
606,18.260653,-77.1130371,0.642,,0,11,Very Low Density Rural,16.0,38.0,Saint Ann,Rural,34.64603058204654,7.93809499227347,34.64603058204654,7.93809499227347,21.94621456997114,5.028314443257538,27.175054879500593,6.226345801515998,0.33772928601316676,0.06962922639555888,,,,,,,,,,,,,,
607,18.2397857,-76.9372559,-0.307,0.6329900026321411,0,12,Low Density Rural,34.0,163.0,Saint Mary,Rural,34.64603058204654,7.93809499227347,34.64603058204654,7.93809499227347,56.68982082380765,12.988765963496583,50.467959061929676,11.563213631386853,0.6272115311673098,0.12931142044889507,36.13968237720346,36.2452704896589,8.30451267674668,0.45045315927073354,0.09286936699423176,0.0,0.0,34.650875350738104,34.626864807137046,7.933703731881553,0.4303397501879769,0.08872261048655018,34.60753138898199,34.63432822689843
608,18.4691886,-77.310791,0.314,0.8821139931678772,1,21,Suburban / Peri-urban,46.0,134.0,Saint Ann,Urban,22.91662051591443,5.07397966218306,22.91662051591443,5.07397966218306,36.22403223304832,8.02037991182474,34.62642877450913,7.66665378317362,0.40337570502029124,0.08770123705110862,20.02847152215196,22.249175856170282,4.926200428031904,0.2591886404326535,0.056352338806312685,0.0,0.0,22.835850674924455,21.173990003866283,4.688143025812893,0.24666341428168964,0.05362912614349461,20.99928246576615,21.327951757110778
609,18.1980434,-77.1789551,-0.556,,0,12,Low Density Rural,59.0,128.0,Saint Ann,Rural,34.64603058204654,7.93809499227347,34.64603058204654,7.93809499227347,72.71841601789436,16.661236059083574,50.467959061929676,11.563213631386853,0.6272115311673098,0.12931142044889507,,,,,,,,,,,,,,
610,18.1354112,-77.2668457,-0.178,,0,11,Very Low Density Rural,43.0,121.0,Clarendon,Rural,34.64603058204654,7.93809499227347,34.64603058204654,7.93809499227347,49.82887661557079,11.41678712647809,50.467959061929676,11.563213631386853,0.6272115311673098,0.12931142044889507,,,,,,,,,,,,,,
611,18.0309744,-77.5744629,0.198,0.9806519746780396,0,12,Low Density Rural,63.0,48.0,Manchester,Rural,34.64603058204654,7.93809499227347,34.64603058204654,7.93809499227347,34.21262293712786,7.838792676887165,38.821506970715134,8.894779716451426,0.4824704085902382,0.09947032342222697,32.83302103910037,32.928948188695784,7.544677249490497,0.4092381859115187,0.08437212725292069,0.0,0.0,34.65074619627431,34.62673574216793,7.933674160528997,0.4303381461794455,0.08872227979010838,34.60755501469312,34.634571860473315
612,18.2189158,-77.7062988,0.353,,0,11,Very Low Density Rural,84.0,205.0,Saint Elizabeth,Rural,34.64603058204654,7.93809499227347,34.64603058204654,7.93809499227347,29.300209544880307,6.7132610216335715,27.175054879500593,6.226345801515998,0.33772928601316676,0.06962922639555888,,,,,,,,,,,,,,
613,18.1354112,-77.0471191,0.675,1.4345530271530151,1,21,Suburban / Peri-urban,8.0,49.0,Saint Catherine,Urban,22.91662051591443,5.07397966218306,22.91662051591443,5.07397966218306,25.247389706221732,5.590036358267432,26.635714441930098,5.89742598705663,0.31028900386176245,0.06746249003931432,21.27931809129151,23.638713008573156,5.233858498568254,0.2753758577790471,0.05987173516069271,0.0,0.0,23.081855122004708,21.40209167511708,4.738647123484397,0.24932065257375494,0.0542068582241661,20.850967412208234,22.169414817048292
614,18.1980434,-77.7941895,-0.118,,0,11,Very Low Density Rural,68.0,66.0,Saint Elizabeth,Rural,34.64603058204654,7.93809499227347,34.64603058204654,7.93809499227347,46.92706874489011,10.751925203198294,38.821506970715134,8.894779716451426,0.4824704085902382,0.09947032342222697,,,,,,,,,,,,,,
615,18.1354112,-77.7062988,-0.384,,0,11,Very Low Density Rural,93.0,75.0,Saint Elizabeth,Rural,34.64603058204654,7.93809499227347,34.64603058204654,7.93809499227347,61.22739179286969,14.028413760992384,50.467959061929676,11.563213631386853,0.6272115311673098,0.12931142044889507,,,,,,,,,,,,,,
616,18.0727566,-77.9040527,0.419,1.0658890008926392,0,12,Low Density Rural,75.0,121.0,Saint Elizabeth,Rural,34.64603058204654,7.93809499227347,34.64603058204654,7.93809499227347,27.42883048517434,6.284490842397071,27.175054879500593,6.226345801515998,0.33772928601316676,0.06962922639555888,33.27840517657529,33.37563359024664,7.647021763121735,0.41478955434139736,0.08551664597018142,5.435369760153792,6.260813970289343,34.650875350738104,34.626864807137046,7.933703731881553,0.4303397501879769,0.08872261048655018,34.60753138898199,34.63452863469133
617,18.1562911,-77.2668457,-0.432,,0,11,Very Low Density Rural,67.0,200.0,Clarendon,Rural,34.64603058204654,7.93809499227347,34.64603058204654,7.93809499227347,64.2379827711332,14.7182000587832,50.467959061929676,11.563213631386853,0.6272115311673098,0.12931142044889507,,,,,,,,,,,,,,
618,18.4066544,-77.1789551,-0.429,,0,11,Very Low Density Rural,51.0,59.0,Saint Ann,Rural,34.64603058204654,7.93809499227347,34.64603058204654,7.93809499227347,64.04555760488802,14.674111624324858,50.467959061929676,11.563213631386853,0.6272115311673098,0.12931142044889507,,,,,,,,,,,,,,
619,18.3232401,-78.2775879,-0.112,,0,11,Very Low Density Rural,74.0,139.0,Hanover,Rural,34.64603058204654,7.93809499227347,34.64603058204654,7.93809499227347,46.646349332814715,10.687606800143362,38.821506970715134,8.894779716451426,0.4824704085902382,0.09947032342222697,,,,,,,,,,,,,,
620,18.260653,-77.9040527,0.358,0.0,0,12,Low Density Rural,32.0,27.0,Westmoreland,Rural,34.64603058204654,7.93809499227347,34.64603058204654,7.93809499227347,29.15407414011645,6.679778492603219,27.175054879500593,6.226345801515998,0.33772928601316676,0.06962922639555888,33.93259710466932,34.03173684921929,7.797348074880057,0.42294355020953067,0.08719774514589393,4.418562174098153,5.394863561383152,34.650309286624534,34.62629913526486,7.9335741251999075,0.4303327200657431,0.08872116109500233,34.60278536910365,34.6534250463505
621,18.0518668,-77.6843262,0.956,5.390625,1,22,Semi-dense Urban Cluster,68.0,61.0,Saint Elizabeth,Urban,22.91662051591443,5.07397966218306,22.91662051591443,5.07397966218306,19.062494625108734,4.220635846856503,18.645000109351066,4.128198190939641,0.2172023027032337,0.04722374302752002,25.858523596103204,28.72564879622988,6.360159329507831,0.33463539976362394,0.0727558406594809,7.016186061319987,8.39125330105364,24.782328818645475,22.978814765798624,5.087750120126367,0.26768846614376574,0.05820035597815962,21.511176465793145,24.335727616921975
622,18.4483464,-77.5524902,0.15,,0,11,Very Low Density Rural,55.0,108.0,Trelawny,Rural,34.64603058204654,7.93809499227347,34.64603058204654,7.93809499227347,35.89488002731545,8.224231249762367,38.821506970715134,8.894779716451426,0.4824704085902382,0.09947032342222697,,,,,,,,,,,,,,
623,18.1771685,-77.9040527,-0.337,1.1177279949188232,0,12,Low Density Rural,45.0,139.0,Saint Elizabeth,Rural,34.64603058204654,7.93809499227347,34.64603058204654,7.93809499227347,58.41628289690509,13.384332777546176,50.467959061929676,11.563213631386853,0.6272115311673098,0.12931142044889507,36.963978407717676,37.07197483857111,8.493927092826754,0.4607273710704939,0.09498758844871807,0.0,0.0,34.650875350738104,34.626864807137046,7.933703731881553,0.4303397501879769,0.08872261048655018,34.60753138898199,34.63432822689843
624,18.4275017,-77.2668457,-0.271,,0,11,Very Low Density Rural,45.0,187.0,Saint Ann,Rural,34.64603058204654,7.93809499227347,34.64603058204654,7.93809499227347,54.68528539698347,12.529487011010943,50.467959061929676,11.563213631386853,0.6272115311673098,0.12931142044889507,,,,,,,,,,,,,,
625,18.1354112,-76.4538574,0.056,2.4093759059906006,0,12,Low Density Rural,67.0,233.0,Portland,Rural,34.64603058204654,7.93809499227347,34.64603058204654,7.93809499227347,39.4326702825351,9.034809392103027,38.821506970715134,8.894779716451426,0.4824704085902382,0.09947032342222697,31.240965653937483,31.332241348069356,7.178839941066672,0.38939444820249625,0.08028096855659801,0.0,0.0,34.650875350738104,34.626864807137046,7.933703731881553,0.4303397501879769,0.08872261048655018,34.604984392492234,34.63502886222999
626,18.3232401,-77.4206543,0.075,,0,11,Very Low Density Rural,76.0,55.0,Saint Ann,Rural,34.64603058204654,7.93809499227347,34.64603058204654,7.93809499227347,38.690522279348635,8.86476851732896,38.821506970715134,8.894779716451426,0.4824704085902382,0.09947032342222697,,,,,,,,,,,,,,
627,18.3232401,-77.310791,0.244,,0,11,Very Low Density Rural,90.0,101.0,Saint Ann,Rural,34.64603058204654,7.93809499227347,34.64603058204654,7.93809499227347,32.67449054156564,7.486375939340522,27.175054879500593,6.226345801515998,0.33772928601316676,0.06962922639555888,,,,,,,,,,,,,,
628,17.8846589,-77.5744629,0.174,8.979838371276855,0,12,Low Density Rural,67.0,49.0,Saint Elizabeth,Rural,34.64603058204654,7.93809499227347,34.64603058204654,7.93809499227347,35.04365842414266,8.02919944288743,38.821506970715134,8.894779716451426,0.4824704085902382,0.09947032342222697,32.12619643448078,32.22005847805063,7.382256511310393,0.4004281644819441,0.08255577610401363,0.0,0.0,34.689587827648005,34.66555045910803,7.942567384514326,0.43082053220210886,0.08882173271578915,34.43092076066906,35.03938482714821
629,18.4900283,-77.6623535,0.664,32.36568069458008,1,23,Dense Urban Cluster,25.0,65.0,Trelawny,Urban,22.91662051591443,5.07397966218306,22.91662051591443,5.07397966218306,25.52664407621592,5.651866198882119,26.635714441930098,5.89742598705663,0.31028900386176245,0.06746249003931432,20.416189255621184,22.679882713903858,5.021563434762556,0.26420609930855277,0.05744322589939455,0.0,0.0,23.474455670656532,21.766121034522307,4.8192470341377565,0.2535613613241262,0.05512886566971196,20.07511401330639,22.299873821394986
630,17.8637468,-77.2888184,0.234,,0,11,Very Low Density Rural,32.0,62.0,Clarendon,Rural,34.64603058204654,7.93809499227347,34.64603058204654,7.93809499227347,33.00287463089845,7.56161526838579,38.821506970715134,8.894779716451426,0.4824704085902382,0.09947032342222697,,,,,,,,,,,,,,
631,18.4066544,-77.1569824,0.572,,0,12,Low Density Rural,26.0,65.0,Saint Ann,Rural,34.64603058204654,7.93809499227347,34.64603058204654,7.93809499227347,23.537494673854535,5.39290837831245,27.175054879500593,6.226345801515998,0.33772928601316676,0.06962922639555888,,,,,,,,,,,,,,
632,18.4275017,-77.4865723,0.602,0.07876899838447571,0,11,Very Low Density Rural,52.0,79.0,Trelawny,Rural,34.64603058204654,7.93809499227347,34.64603058204654,7.93809499227347,22.841856577163934,5.2335238485696465,27.175054879500593,6.226345801515998,0.33772928601316676,0.06962922639555888,36.28730350791755,36.39332292013894,8.338434434513545,0.4522931423677412,0.0932487140184059,12.98292099389414,14.172286615286907,34.688984238898556,34.66494728860181,7.942429186149478,0.43081303605001964,0.08882018724344626,34.58351316778523,34.73645514886029
633,18.1771685,-76.9372559,-0.25,,0,11,Very Low Density Rural,19.0,53.0,Saint Catherine,Rural,34.64603058204654,7.93809499227347,34.64603058204654,7.93809499227347,53.54886854361954,12.269111297508628,50.467959061929676,11.563213631386853,0.6272115311673098,0.12931142044889507,,,,,,,,,,,,,,
634,17.8846589,-77.7722168,0.847,,0,13,Rural Cluster,88.0,228.0,Saint Elizabeth,Rural,34.64603058204654,7.93809499227347,34.64603058204654,7.93809499227347,17.878424804816078,4.0963028672725095,27.175054879500593,6.226345801515998,0.33772928601316676,0.06962922639555888,,,,,,,,,,,,,,
635,18.3858046,-77.2229004,-0.261,,0,11,Very Low Density Rural,61.0,129.0,Saint Ann,Rural,34.64603058204654,7.93809499227347,34.64603058204654,7.93809499227347,54.14115771580929,12.404816532213745,50.467959061929676,11.563213631386853,0.6272115311673098,0.12931142044889507,,,,,,,,,,,,,,
636,18.3649523,-77.9699707,-0.056,,0,12,Low Density Rural,23.0,50.0,Hanover,Rural,34.64603058204654,7.93809499227347,34.64603058204654,7.93809499227347,44.10594884059119,10.105550498543877,38.821506970715134,8.894779716451426,0.4824704085902382,0.09947032342222697,,,,,,,,,,,,,,
637,18.1354112,-77.1789551,-0.27,,0,11,Very Low Density Rural,56.0,43.0,Saint Catherine,Rural,34.64603058204654,7.93809499227347,34.64603058204654,7.93809499227347,54.63062744511725,12.516963786655712,50.467959061929676,11.563213631386853,0.6272115311673098,0.12931142044889507,,,,,,,,,,,,,,
638,17.8846589,-77.2229004,0.454,,1,21,Suburban / Peri-urban,36.0,15.0,Clarendon,Urban,22.91662051591443,5.07397966218306,22.91662051591443,5.07397966218306,31.491660741152348,6.972583327371985,34.62642877450913,7.66665378317362,0.40337570502029124,0.08770123705110862,,,,,,,,,,,,,,
639,17.9473804,-76.5637207,-0.621,,0,11,Very Low Density Rural,76.0,123.0,Saint Thomas,Rural,34.64603058204654,7.93809499227347,34.64603058204654,7.93809499227347,77.60211389241998,17.780188417846357,50.467959061929676,11.563213631386853,0.6272115311673098,0.12931142044889507,,,,,,,,,,,,,,
640,18.4066544,-78.1677246,0.224,,0,12,Low Density Rural,39.0,62.0,Hanover,Rural,34.64603058204654,7.93809499227347,34.64603058204654,7.93809499227347,33.334559035196826,7.637610765259263,38.821506970715134,8.894779716451426,0.4824704085902382,0.09947032342222697,,,,,,,,,,,,,,
641,17.9682826,-77.4865723,1.015,2.0501511096954346,0,12,Low Density Rural,63.0,34.0,Manchester,Rural,34.64603058204654,7.93809499227347,34.64603058204654,7.93809499227347,15.113594966872594,3.462825336878579,27.175054879500593,6.226345801515998,0.33772928601316676,0.06962922639555888,43.186207317120825,43.31238302799538,9.92372878052373,0.5382826367945317,0.11097706102012021,27.41750799574006,29.003563271876715,34.094098720626405,34.070473982850395,7.806223522985545,0.42342497203338497,0.08729699928390672,33.76614880206683,35.112216170599126
642,17.9055685,-77.4645996,-0.237,1.291599988937378,0,11,Very Low Density Rural,60.0,99.0,Manchester,Rural,34.64603058204654,7.93809499227347,34.64603058204654,7.93809499227347,52.85723858769378,12.110645112568942,50.467959061929676,11.563213631386853,0.6272115311673098,0.12931142044889507,35.56883445022078,35.67275473520392,8.173337925495614,0.4433379818464101,0.09140243972366195,0.0,0.0,34.650875350738104,34.626864807137046,7.933703731881553,0.4303397501879769,0.08872261048655018,34.60753138898199,34.63502886222999
643,18.4483464,-77.6184082,0.05,0.0035459999926388264,0,11,Very Low Density Rural,52.0,70.0,Trelawny,Rural,34.64603058204654,7.93809499227347,34.64603058204654,7.93809499227347,39.66997751400344,9.089181200766305,38.821506970715134,8.894779716451426,0.4824704085902382,0.09947032342222697,33.30925112735555,33.40656966261917,7.654109832867544,0.4151740252350442,0.08559591185562554,0.0,0.0,34.649961136348615,34.62595122623183,7.9334944123177555,0.4303283962816756,0.08872026966582462,34.60786013810286,34.63432822689843
644,17.9264757,-77.442627,0.183,0.8825979828834534,0,12,Low Density Rural,59.0,46.0,Manchester,Rural,34.64603058204654,7.93809499227347,34.64603058204654,7.93809499227347,34.72968051824991,7.957260857122185,38.821506970715134,8.894779716451426,0.4824704085902382,0.09947032342222697,32.86859107479102,32.964622148181036,7.5528508634482,0.409681538865897,0.0844635327795126,0.0,0.0,34.65074619627431,34.62673574216793,7.933674160528997,0.4303381461794455,0.08872227979010838,34.60755501469312,34.63432822689843
645,18.3649523,-76.9592285,-0.521,1.396340012550354,0,12,Low Density Rural,42.0,169.0,Saint Mary,Rural,34.64603058204654,7.93809499227347,34.64603058204654,7.93809499227347,70.21729636854977,16.08817978019697,50.467959061929676,11.563213631386853,0.6272115311673098,0.12931142044889507,41.83340245977537,41.95562572552557,9.612868685802024,0.5214209716723046,0.10750071251608236,0.0,0.0,34.650875350738104,34.626864807137046,7.933703731881553,0.4303397501879769,0.08872261048655018,34.60753138898199,34.63507636031139
646,18.2397857,-78.2995605,0.297,0.8773880004882812,0,12,Low Density Rural,75.0,124.0,Westmoreland,Rural,34.64603058204654,7.93809499227347,34.64603058204654,7.93809499227347,30.98783374766276,7.099929306798941,27.175054879500593,6.226345801515998,0.33772928601316676,0.06962922639555888,32.44855601627543,32.543359887153514,7.45633129717993,0.404446127078433,0.08338415444982551,1.0564031572343318,1.8756326523961773,34.650875350738104,34.626864807137046,7.933703731881553,0.4303397501879769,0.08872261048655018,34.60753138898199,34.63452707933807
647,18.1562911,-77.7722168,0.067,2.450562000274658,0,12,Low Density Rural,49.0,68.0,Saint Elizabeth,Rural,34.64603058204654,7.93809499227347,34.64603058204654,7.93809499227347,39.00128786250136,8.935971096035738,38.821506970715134,8.894779716451426,0.4824704085902382,0.09947032342222697,32.53849438783085,32.63356102866886,7.476998173521352,0.4055671392440618,0.0836152721322574,0.0,0.0,34.65074619627431,34.62673574216793,7.933674160528997,0.4303381461794455,0.08872227979010838,34.60617314967311,34.63512114144663
648,18.1980434,-76.9372559,-0.495,0.33037999272346497,0,11,Very Low Density Rural,20.0,66.0,Saint Catherine,Rural,34.64603058204654,7.93809499227347,34.64603058204654,7.93809499227347,68.41517574933505,15.675278087779885,50.467959061929676,11.563213631386853,0.6272115311673098,0.12931142044889507,41.83096285614572,41.95317899418683,9.612308090967314,0.5213905639019519,0.10749444338392901,0.0,0.0,34.650309286624534,34.62629913526486,7.9335741251999075,0.4303327200657431,0.08872116109500233,34.60786013810286,34.63432822689843
649,18.093644,-77.2888184,0.212,,0,11,Very Low Density Rural,33.0,45.0,Clarendon,Rural,34.64603058204654,7.93809499227347,34.64603058204654,7.93809499227347,33.73698346109305,7.729814208664138,38.821506970715134,8.894779716451426,0.4824704085902382,0.09947032342222697,,,,,,,,,,,,,,
650,18.1771685,-77.2229004,0.171,,0,13,Rural Cluster,41.0,48.0,Clarendon,Rural,34.64603058204654,7.93809499227347,34.64603058204654,7.93809499227347,35.14894725369281,8.053323208772097,38.821506970715134,8.894779716451426,0.4824704085902382,0.09947032342222697,,,,,,,,,,,,,,
651,18.2815179,-78.1018066,-0.009,,0,11,Very Low Density Rural,48.0,49.0,Westmoreland,Rural,34.64603058204654,7.93809499227347,34.64603058204654,7.93809499227347,42.0809299475737,9.641578376373806,38.821506970715134,8.894779716451426,0.4824704085902382,0.09947032342222697,,,,,,,,,,,,,,
652,18.1354112,-77.6843262,-0.378,,0,12,Low Density Rural,101.0,76.0,Saint Elizabeth,Rural,34.64603058204654,7.93809499227347,34.64603058204654,7.93809499227347,60.86112733428095,13.944495285607857,50.467959061929676,11.563213631386853,0.6272115311673098,0.12931142044889507,,,,,,,,,,,,,,
653,18.3023803,-76.8054199,0.319,,0,12,Low Density Rural,39.0,68.0,Saint Mary,Rural,34.64603058204654,7.93809499227347,34.64603058204654,7.93809499227347,30.313545769041436,6.9454365139299705,27.175054879500593,6.226345801515998,0.33772928601316676,0.06962922639555888,,,,,,,,,,,,,,
654,18.0309744,-77.0251465,0.107,,0,11,Very Low Density Rural,24.0,16.0,Saint Catherine,Rural,34.64603058204654,7.93809499227347,34.64603058204654,7.93809499227347,37.47202549163099,8.585586657641548,38.821506970715134,8.894779716451426,0.4824704085902382,0.09947032342222697,,,,,,,,,,,,,,
655,18.1980434,-77.8381348,-0.327,,0,11,Very Low Density Rural,58.0,38.0,Saint Elizabeth,Rural,34.64603058204654,7.93809499227347,34.64603058204654,7.93809499227347,57.83503117032525,13.25115644125313,50.467959061929676,11.563213631386853,0.6272115311673098,0.12931142044889507,,,,,,,,,,,,,,
656,18.3023803,-77.0690918,-0.445,,0,11,Very Low Density Rural,28.0,64.0,Saint Ann,Rural,34.64603058204654,7.93809499227347,34.64603058204654,7.93809499227347,65.07852825515518,14.910785754327513,50.467959061929676,11.563213631386853,0.6272115311673098,0.12931142044889507,,,,,,,,,,,,,,
657,18.3440975,-78.1018066,-0.165,,0,11,Very Low Density Rural,58.0,82.0,Westmoreland,Rural,34.64603058204654,7.93809499227347,34.64603058204654,7.93809499227347,49.18529357311333,11.26932944545038,50.467959061929676,11.563213631386853,0.6272115311673098,0.12931142044889507,,,,,,,,,,,,,,
658,18.1145288,-76.8933105,0.371,4.456884860992432,0,12,Low Density Rural,10.0,60.0,Saint Catherine,Rural,34.64603058204654,7.93809499227347,34.64603058204654,7.93809499227347,28.777524054914178,6.5935033754983685,27.175054879500593,6.226345801515998,0.33772928601316676,0.06962922639555888,31.977014161848395,32.07044034451569,7.347976019819328,0.39856872295965684,0.082172417360527,2.746570456644675,3.6491320167383967,34.70144991501879,34.67740432691255,7.945283341496333,0.43096785106964636,0.08885210526328478,34.4816933482267,34.72998296515142
659,18.1145288,-76.8273926,0.958,12.011800765991211,1,21,Suburban / Peri-urban,8.0,16.0,Saint Andrew,Kingston Metropolitan Area (KMA),34.567489297207274,6.3937660639451295,34.567489297207274,6.3937660639451295,37.70466306933492,6.974032540010805,35.09186928913705,6.49075786361521,0.4359188098482907,0.06544945961035359,43.73374317716049,39.34010091109681,7.276530846510425,0.48869126426917375,0.07337278970331484,4.733972861934887,6.421765093061736,29.007593596944243,32.313700428951734,5.976894631448184,0.4014077938316985,0.06026792741247412,23.531061209768882,36.6659906593202
660,18.3440975,-78.2775879,0.379,1.3885120153427124,1,21,Suburban / Peri-urban,64.0,111.0,Hanover,Urban,22.91662051591443,5.07397966218306,22.91662051591443,5.07397966218306,33.944361997923885,7.515637059296691,34.62642877450913,7.66665378317362,0.40337570502029124,0.08770123705110862,20.15287010579329,22.387367428134883,4.9567974885865596,0.26079848368654746,0.056702348098066596,0.0,0.0,22.835850674924455,21.173990003866283,4.688143025812893,0.24666341428168964,0.05362912614349461,21.04143969017972,21.307986133389953
661,18.3858046,-77.0910645,0.309,,0,12,Low Density Rural,32.0,52.0,Saint Ann,Rural,34.64603058204654,7.93809499227347,34.64603058204654,7.93809499227347,30.618201968933878,7.0152393113674485,27.175054879500593,6.226345801515998,0.33772928601316676,0.06962922639555888,,,,,,,,,,,,,,
662,18.1145288,-77.3327637,-0.476,6.0920729637146,0,12,Low Density Rural,117.0,124.0,Clarendon,Rural,34.64603058204654,7.93809499227347,34.64603058204654,7.93809499227347,67.12755850946205,15.380259357146498,50.467959061929676,11.563213631386853,0.6272115311673098,0.12931142044889507,39.58376776264058,39.6994183452414,9.095926681015909,0.49338101697783177,0.10171974996885881,0.0,0.0,34.63134031548834,34.60734330824995,7.92923096804818,0.4300971386491859,0.0886725915676697,34.55782560468183,34.69862556447434
663,18.093644,-77.3547363,0.62,1.872262954711914,0,13,Rural Cluster,58.0,48.0,Clarendon,Rural,34.64603058204654,7.93809499227347,34.64603058204654,7.93809499227347,22.43438143680757,5.14016318598295,27.175054879500593,6.226345801515998,0.33772928601316676,0.06962922639555888,35.88135611017675,35.98618947933788,8.245152062094098,0.4472333223643031,0.09220553722820465,13.024710005303092,14.017879582170869,34.68976929882425,34.66573180453791,7.942608934360719,0.43082278594778955,0.08882219736773002,34.60236411934242,34.84514313009314
664,18.2397857,-78.1677246,0.318,0.7335799932479858,0,11,Very Low Density Rural,65.0,56.0,Westmoreland,Rural,34.64603058204654,7.93809499227347,34.64603058204654,7.93809499227347,30.343874476636884,6.9523854243200205,27.175054879500593,6.226345801515998,0.33772928601316676,0.06962922639555888,33.53156525260749,33.62953331568413,7.705195242310411,0.4179449986770636,0.08616720000006832,2.9408186088021826,3.599600541673817,34.65074619627431,34.62673574216793,7.933674160528997,0.4303381461794455,0.08872227979010838,34.60753138898199,34.63432822689843
665,18.1354112,-77.947998,-0.566,0.8240569829940796,0,11,Very Low Density Rural,73.0,89.0,Westmoreland,Rural,34.64603058204654,7.93809499227347,34.64603058204654,7.93809499227347,73.44924824897024,16.82868426530613,50.467959061929676,11.563213631386853,0.6272115311673098,0.12931142044889507,44.35166630689987,44.48124710068552,10.19153879760771,0.5528091807322173,0.11397198049696627,0.0,0.0,34.65074619627431,34.62673574216793,7.933674160528997,0.4303381461794455,0.08872227979010838,34.60753138898199,34.63452707933807
666,18.3649523,-77.0471191,-0.172,0.0004309999931138009,0,12,Low Density Rural,40.0,80.0,Saint Mary,Rural,34.64603058204654,7.93809499227347,34.64603058204654,7.93809499227347,49.53079848450442,11.34849149549893,50.467959061929676,11.563213631386853,0.6272115311673098,0.12931142044889507,34.752716346809606,34.854252206573385,7.985802709641707,0.433165701576136,0.08930523336569636,0.0,0.0,34.650309286624534,34.62629913526486,7.9335741251999075,0.4303327200657431,0.08872116109500233,34.60786013810286,34.63432822689843
667,18.5108654,-77.7502441,0.857,3.304145097732544,1,23,Dense Urban Cluster,11.0,,Saint James,Urban,22.91662051591443,5.07397966218306,22.91662051591443,5.07397966218306,21.046257901104873,4.659861801224427,18.645000109351066,4.128198190939641,0.2172023027032337,0.04722374302752002,,,,,,,,,,,,,,
668,17.9682826,-77.6623535,-0.093,0.40854400396347046,0,12,Low Density Rural,84.0,83.0,Saint Elizabeth,Rural,34.64603058204654,7.93809499227347,34.64603058204654,7.93809499227347,45.768435289326284,10.48645922406654,38.821506970715134,8.894779716451426,0.4824704085902382,0.09947032342222697,33.49532973091674,33.59319192587037,7.696868706783932,0.4174933509549541,0.08607408435154096,0.0,0.0,34.649961136348615,34.62595122623183,7.9334944123177555,0.4303283962816756,0.08872026966582462,34.60753138898199,34.63432822689843
669,18.1562911,-76.4099121,0.025,,0,12,Low Density Rural,73.0,205.0,Portland,Rural,34.64603058204654,7.93809499227347,34.64603058204654,7.93809499227347,40.67422777597182,9.319274918332077,38.821506970715134,8.894779716451426,0.4824704085902382,0.09947032342222697,,,,,,,,,,,,,,
670,17.8846589,-76.8933105,0.75,,1,21,Suburban / Peri-urban,6.0,,,Unknown,,,,,,,,,,,,,,,,,,,,,,,,
671,18.3023803,-77.376709,0.059,0.16198700666427612,0,12,Low Density Rural,68.0,107.0,Saint Ann,Rural,34.64603058204654,7.93809499227347,34.64603058204654,7.93809499227347,39.31454954138975,9.007745579942812,38.821506970715134,8.894779716451426,0.4824704085902382,0.09947032342222697,32.559318087716235,32.65444556846817,7.481783237149472,0.40582669054014603,0.08366878349980758,0.0,0.0,34.65009029081241,34.62608029120094,7.9335239836703115,0.430330000290207,0.08872060036226642,34.60786013810286,34.6347454699361
672,18.3858046,-76.8933105,0.598,,1,21,Suburban / Peri-urban,50.0,112.0,,Unknown,,,,,,,,,,,,,,,,,,,,,,,,
673,18.4275017,-77.442627,-0.217,,0,11,Very Low Density Rural,88.0,126.0,Saint Ann,Rural,34.64603058204654,7.93809499227347,34.64603058204654,7.93809499227347,51.810595138316074,11.870838272229017,50.467959061929676,11.563213631386853,0.6272115311673098,0.12931142044889507,,,,,,,,,,,,,,
674,18.0309744,-77.8161621,0.279,,0,11,Very Low Density Rural,75.0,163.0,Saint Elizabeth,Rural,34.64603058204654,7.93809499227347,34.64603058204654,7.93809499227347,31.550665040392413,7.228885155167535,27.175054879500593,6.226345801515998,0.33772928601316676,0.06962922639555888,,,,,,,,,,,,,,
675,17.8846589,-76.4318848,0.271,,0,12,Low Density Rural,36.0,62.0,Saint Thomas,Rural,34.64603058204654,7.93809499227347,34.64603058204654,7.93809499227347,31.804082679713535,7.286948178834413,27.175054879500593,6.226345801515998,0.33772928601316676,0.06962922639555888,,,,,,,,,,,,,,
676,18.260653,-78.0358887,0.94,14.25355052947998,0,13,Rural Cluster,35.0,39.0,Westmoreland,Rural,34.64603058204654,7.93809499227347,34.64603058204654,7.93809499227347,16.290704477681704,3.732524547903155,27.175054879500593,6.226345801515998,0.33772928601316676,0.06962922639555888,40.6015696135944,40.720193874136655,9.329806666054013,0.506067129005284,0.10433522989026682,23.355497115561334,25.24943468957986,34.785826795776856,34.761722740611596,7.964602367840657,0.4320157531910077,0.0890681499389183,33.84311118890096,35.91857089321129
677,17.9891824,-76.8933105,0.763,0.3985390067100525,1,30,Urban Centre,0.0,8.0,Saint Catherine,Urban,22.91662051591443,5.07397966218306,22.91662051591443,5.07397966218306,23.12057173234508,5.1191365963622495,26.635714441930098,5.89742598705663,0.31028900386176245,0.06746249003931432,17.34239639202827,19.26527576839233,4.265533714593182,0.22442811662999043,0.04879476679566147,0.0,0.0,26.44358076046917,24.519170433332555,5.428800988607081,0.28563262254001853,0.06210174293380379,22.104146727543682,27.23418419361949
678,18.3023803,-78.0358887,-0.107,,0,11,Very Low Density Rural,55.0,37.0,Westmoreland,Rural,34.64603058204654,7.93809499227347,34.64603058204654,7.93809499227347,46.4136996949319,10.634302138847218,38.821506970715134,8.894779716451426,0.4824704085902382,0.09947032342222697,,,,,,,,,,,,,,
679,18.1980434,-77.6623535,-0.084,,0,11,Very Low Density Rural,90.0,141.0,Saint Elizabeth,Rural,34.64603058204654,7.93809499227347,34.64603058204654,7.93809499227347,45.35836744497613,10.392504521405304,38.821506970715134,8.894779716451426,0.4824704085902382,0.09947032342222697,,,,,,,,,,,,,,
680,18.0100796,-77.4206543,-0.117,1.2441489696502686,0,12,Low Density Rural,42.0,53.0,Manchester,Rural,34.64603058204654,7.93809499227347,34.64603058204654,7.93809499227347,46.88016513186036,10.741178652166157,38.821506970715134,8.894779716451426,0.4824704085902382,0.09947032342222697,34.05429878244122,34.15379409875036,7.825313819439994,0.4244604673940459,0.08751048607313412,0.0,0.0,34.65074619627431,34.62673574216793,7.933674160528997,0.4303381461794455,0.08872227979010838,34.60755501469312,34.63512114144663
681,18.2815179,-76.8933105,0.502,3.0845398902893066,1,21,Suburban / Peri-urban,35.0,116.0,Saint Mary,Urban,22.91662051591443,5.07397966218306,22.91662051591443,5.07397966218306,30.015765863574522,6.64580475253153,26.635714441930098,5.89742598705663,0.31028900386176245,0.06746249003931432,20.385810052433385,22.646135144432662,5.014091369628605,0.2638129617512028,0.05735775062242141,0.0,0.0,22.8735372053884,21.20893392737863,4.695879976254404,0.24707048859694056,0.053717631525883575,21.086662500824747,21.548809518743667
682,17.8846589,-77.7282715,0.106,1.1304800510406494,0,12,Low Density Rural,90.0,100.0,Saint Elizabeth,Rural,34.64603058204654,7.93809499227347,34.64603058204654,7.93809499227347,37.509516259382266,8.594176538523806,38.821506970715134,8.894779716451426,0.4824704085902382,0.09947032342222697,32.048803007894,32.14243893365395,7.364472329217188,0.3994635153422828,0.08235689559196013,0.0,0.0,34.650875350738104,34.626864807137046,7.933703731881553,0.4303397501879769,0.08872261048655018,34.60723214781113,34.63432822689843
683,18.4691886,-77.3327637,0.332,,0,10,Water,,,,Unknown,,,,,,,,,,,,,,,,,,,,,,,,
684,18.2815179,-76.8493652,-0.585,,0,11,Very Low Density Rural,45.0,39.0,Saint Mary,Rural,34.64603058204654,7.93809499227347,34.64603058204654,7.93809499227347,74.85812592009475,17.151486173576536,50.467959061929676,11.563213631386853,0.6272115311673098,0.12931142044889507,,,,,,,,,,,,,,
685,17.9264757,-77.7062988,-0.093,,0,11,Very Low Density Rural,103.0,140.0,Saint Elizabeth,Rural,34.64603058204654,7.93809499227347,34.64603058204654,7.93809499227347,45.768435289326284,10.48645922406654,38.821506970715134,8.894779716451426,0.4824704085902382,0.09947032342222697,,,,,,,,,,,,,,
686,18.1354112,-76.8273926,0.406,2.50887393951416,0,12,Low Density Rural,10.0,17.0,Saint Andrew,Rural,34.64603058204654,7.93809499227347,34.64603058204654,7.93809499227347,27.787733093907537,6.366722571493772,27.175054879500593,6.226345801515998,0.33772928601316676,0.06962922639555888,32.91766936692165,33.013843830731496,7.564128530332429,0.41029326177787806,0.08458965093062852,4.934184265683196,5.552246167531492,34.59563177592355,34.571659512113364,7.921055100317925,0.4296536634457359,0.08858116083713889,34.39580799627592,34.74587346717257
687,18.3023803,-77.244873,0.321,,0,11,Very Low Density Rural,48.0,48.0,Saint Ann,Rural,34.64603058204654,7.93809499227347,34.64603058204654,7.93809499227347,30.25297926419703,6.931559522519185,27.175054879500593,6.226345801515998,0.33772928601316676,0.06962922639555888,,,,,,,,,,,,,,
688,18.093644,-77.0910645,-0.222,,0,11,Very Low Density Rural,43.0,60.0,Saint Catherine,Rural,34.64603058204654,7.93809499227347,34.64603058204654,7.93809499227347,52.070296827184876,11.930341096687144,50.467959061929676,11.563213631386853,0.6272115311673098,0.12931142044889507,,,,,,,,,,,,,,
689,18.1145288,-77.1789551,-0.04,,0,12,Low Density Rural,45.0,46.0,Clarendon,Rural,34.64603058204654,7.93809499227347,34.64603058204654,7.93809499227347,43.40586923098652,9.945148329815336,38.821506970715134,8.894779716451426,0.4824704085902382,0.09947032342222697,,,,,,,,,,,,,,
690,17.9264757,-77.4865723,-0.248,,0,11,Very Low Density Rural,68.0,100.0,Manchester,Rural,34.64603058204654,7.93809499227347,34.64603058204654,7.93809499227347,53.44187783290659,12.24459759678557,50.467959061929676,11.563213631386853,0.6272115311673098,0.12931142044889507,,,,,,,,,,,,,,
691,18.4275017,-77.0690918,-0.144,,0,10,Water,,,,Unknown,,,,,,,,,,,,,,,,,,,,,,,,
692,18.4275017,-77.5305176,-0.201,,0,11,Very Low Density Rural,48.0,54.0,Trelawny,Rural,34.64603058204654,7.93809499227347,34.64603058204654,7.93809499227347,50.98822214394039,11.682416255658456,50.467959061929676,11.563213631386853,0.6272115311673098,0.12931142044889507,,,,,,,,,,,,,,
693,18.2815179,-77.2888184,0.687,0.49556300044059753,0,12,Low Density Rural,65.0,74.0,Saint Ann,Rural,34.64603058204654,7.93809499227347,34.64603058204654,7.93809499227347,20.980525864661296,4.8070559456192115,27.175054879500593,6.226345801515998,0.33772928601316676,0.06962922639555888,37.08361595814876,37.19196193006891,8.521418522989311,0.46221856050587995,0.09529502511795356,15.648358784408497,16.793862569914957,34.636812137845055,34.612811339030614,7.930483802702781,0.4301650948737323,0.08868660201787314,34.537416908756555,34.68032450629004
694,18.1145288,-77.6623535,-0.435,,0,11,Very Low Density Rural,69.0,56.0,Saint Elizabeth,Rural,34.64603058204654,7.93809499227347,34.64603058204654,7.93809499227347,64.43098607965692,14.762420957141417,50.467959061929676,11.563213631386853,0.6272115311673098,0.12931142044889507,,,,,,,,,,,,,,
695,18.3649523,-78.3435059,0.743,,0,12,Low Density Rural,,,,Unknown,,,,,,,,,,,,,,,,,,,,,,,,
696,18.1980434,-76.739502,-0.599,4.653322219848633,0,11,Very Low Density Rural,83.0,92.0,Saint Mary,Rural,34.64603058204654,7.93809499227347,34.64603058204654,7.93809499227347,75.9135101345917,17.393295697128824,50.467959061929676,11.563213631386853,0.6272115311673098,0.12931142044889507,45.063419826336556,45.195080126794856,10.355092147722637,0.5616806372687184,0.11580099764537642,0.0,0.0,34.65074619627431,34.62673574216793,7.933674160528997,0.4303381461794455,0.08872227979010838,34.5676316134377,34.64120416170982
697,17.8637468,-77.5085449,-0.143,,0,12,Low Density Rural,73.0,97.0,Manchester,Rural,34.64603058204654,7.93809499227347,34.64603058204654,7.93809499227347,48.115033146025155,11.024111485586902,50.467959061929676,11.563213631386853,0.6272115311673098,0.12931142044889507,,,,,,,,,,,,,,
698,18.4066544,-77.3327637,0.302,1.2609410285949707,1,21,Suburban / Peri-urban,50.0,61.0,Saint Ann,Urban,22.91662051591443,5.07397966218306,22.91662051591443,5.07397966218306,36.661339214059794,8.117204254935976,34.62642877450913,7.66665378317362,0.40337570502029124,0.08770123705110862,20.576416692239615,22.857875747988558,5.060972955652813,0.2662796040895446,0.057894043665712984,0.0,0.0,22.86491995978458,21.20094379489469,4.694110877285667,0.2469774086739458,0.05369739425256824,21.078257579553565,21.35969346422706
699,18.2189158,-76.9372559,-0.073,0.8527290225028992,0,12,Low Density Rural,28.0,66.0,Saint Catherine,Rural,34.64603058204654,7.93809499227347,34.64603058204654,7.93809499227347,44.8621595499237,10.278813419115409,38.821506970715134,8.894779716451426,0.4824704085902382,0.09947032342222697,33.3789141392916,33.4764362066688,7.670117648312214,0.41604232074144587,0.08577492725907838,0.0,0.0,34.65074619627431,34.62673574216793,7.933674160528997,0.4303381461794455,0.08872227979010838,34.60753138898199,34.634619358554716
700,18.0100796,-76.607666,0.155,,0,12,Low Density Rural,29.0,322.0,Saint Thomas,Rural,34.64603058204654,7.93809499227347,34.64603058204654,7.93809499227347,35.71585356630304,8.183212725279985,38.821506970715134,8.894779716451426,0.4824704085902382,0.09947032342222697,,,,,,,,,,,,,,
701,18.3858046,-77.376709,0.326,2.219651937484741,1,23,Dense Urban Cluster,54.0,59.0,Saint Ann,Urban,22.91662051591443,5.07397966218306,22.91662051591443,5.07397966218306,35.79194157527384,7.92471051728009,34.62642877450913,7.66665378317362,0.40337570502029124,0.08770123705110862,19.896640957409517,22.102728264554077,4.893775398306413,0.2574826198406542,0.055981418806692294,0.0,0.0,22.920758785001194,21.252718994504946,4.705574448436809,0.24758055656948413,0.05382852960828041,20.727214627269994,21.68566735971583
702,18.3858046,-78.1018066,-0.172,1.0022560358047485,0,12,Low Density Rural,29.0,37.0,Hanover,Rural,34.64603058204654,7.93809499227347,34.64603058204654,7.93809499227347,49.53079848450442,11.34849149549893,50.467959061929676,11.563213631386853,0.6272115311673098,0.12931142044889507,34.75686518642399,34.858413167714986,7.986756068633958,0.43321741364964284,0.08931589477950533,0.0,0.0,34.65058665738557,34.62657631382807,7.933637632324032,0.43033616481750775,0.08872187129518465,34.602729891972594,34.634619358554716
703,17.9473804,-76.2561035,-0.04,,0,11,Very Low Density Rural,64.0,109.0,Saint Thomas,Rural,34.64603058204654,7.93809499227347,34.64603058204654,7.93809499227347,43.40586923098652,9.945148329815336,38.821506970715134,8.894779716451426,0.4824704085902382,0.09947032342222697,,,,,,,,,,,,,,
704,18.4275017,-77.4206543,0.203,,0,11,Very Low Density Rural,69.0,68.0,Saint Ann,Rural,34.64603058204654,7.93809499227347,34.64603058204654,7.93809499227347,34.04198676835602,7.79969653530694,38.821506970715134,8.894779716451426,0.4824704085902382,0.09947032342222697,,,,,,,,,,,,,,
705,18.4275017,-78.1237793,0.252,3.9836950302124023,0,12,Low Density Rural,27.0,32.0,Hanover,Rural,34.64603058204654,7.93809499227347,34.64603058204654,7.93809499227347,32.41413741827479,7.426723858294076,27.175054879500593,6.226345801515998,0.33772928601316676,0.06962922639555888,32.60535889990992,32.700620896577206,7.492362923614878,0.4064005536165166,0.08378709613575441,0.0,0.6636673090683473,34.65058665738557,34.62657631382807,7.933637632324032,0.43033616481750775,0.08872187129518465,34.5928674155887,34.65773137057326
706,18.093644,-77.9699707,1.013,2.682698965072632,1,22,Semi-dense Urban Cluster,54.0,64.0,Westmoreland,Urban,22.91662051591443,5.07397966218306,22.91662051591443,5.07397966218306,18.00631937020894,3.9867875898964065,18.645000109351066,4.128198190939641,0.2172023027032337,0.04722374302752002,27.120159455675484,30.127171527259442,6.670471132611295,0.3509622414201103,0.07630559388604023,9.429407721152499,10.856466930951077,23.175851697842035,21.489247725728443,4.757944385396604,0.2503359647097851,0.05442760560487007,20.651098125663527,22.947493602693793
707,17.9682826,-76.9372559,0.41,0.0,1,21,Suburban / Peri-urban,0.0,4.0,Saint Catherine,Urban,22.91662051591443,5.07397966218306,22.91662051591443,5.07397966218306,32.908229800637336,7.286226545093078,34.62642877450913,7.66665378317362,0.40337570502029124,0.08770123705110862,17.15534132335771,19.057480524854338,4.219525672575034,0.22200743520748967,0.04826846649393835,0.0,0.0,22.885456216921185,21.219985542430933,4.698326919509878,0.2471992328299184,0.05374562287081295,20.589530080681044,24.804068364395725
708,18.1980434,-77.8161621,-0.419,,0,11,Very Low Density Rural,49.0,36.0,Saint Elizabeth,Rural,34.64603058204654,7.93809499227347,34.64603058204654,7.93809499227347,63.40829365909215,14.52810177407956,50.467959061929676,11.563213631386853,0.6272115311673098,0.12931142044889507,,,,,,,,,,,,,,
709,18.260653,-77.5524902,0.346,1.105510950088501,0,12,Low Density Rural,64.0,113.0,Trelawny,Rural,34.64603058204654,7.93809499227347,34.64603058204654,7.93809499227347,29.506030544758982,6.760418708127339,27.175054879500593,6.226345801515998,0.33772928601316676,0.06962922639555888,32.869420105992695,32.9654536015357,7.553041365955995,0.409691872097939,0.08446566316909694,3.0543835796506387,3.740425152557909,34.650875350738104,34.626864807137046,7.933703731881553,0.4303397501879769,0.08872261048655018,34.60753138898199,34.63432822689843
710,18.4066544,-77.5744629,-0.361,,0,11,Very Low Density Rural,42.0,106.0,Trelawny,Rural,34.64603058204654,7.93809499227347,34.64603058204654,7.93809499227347,59.83523297845939,13.709442475466636,50.467959061929676,11.563213631386853,0.6272115311673098,0.12931142044889507,,,,,,,,,,,,,,
711,17.9682826,-76.8933105,0.574,90.63384246826172,1,30,Urban Centre,0.0,6.0,Saint Catherine,Urban,22.91662051591443,5.07397966218306,22.91662051591443,5.07397966218306,27.93059749749141,6.184126649759533,26.635714441930098,5.89742598705663,0.31028900386176245,0.06746249003931432,13.11748792649236,14.571920545455622,3.226375740491203,0.1697535359999353,0.0369075155387589,0.0,0.0,28.845466278345306,26.746260663949013,5.921902077755329,0.3115767965051967,0.06774247965318761,23.352844221233052,31.03537162429906
712,18.4066544,-77.8601074,-0.307,2.4725100994110107,0,12,Low Density Rural,32.0,33.0,Saint James,Rural,34.64603058204654,7.93809499227347,34.64603058204654,7.93809499227347,56.68982082380765,12.988765963496583,50.467959061929676,11.563213631386853,0.6272115311673098,0.12931142044889507,36.941695426577766,37.04962675398359,8.488806701966075,0.4604496309634371,0.09493032711665632,0.0,0.0,34.65058665738557,34.62657631382807,7.933637632324032,0.43033616481750775,0.08872187129518465,34.60094096421962,34.6342641821625
713,17.9473804,-77.1130371,0.862,55.77632141113281,1,30,Urban Centre,0.0,17.0,Saint Catherine,Urban,22.91662051591443,5.07397966218306,22.91662051591443,5.07397966218306,20.94128925190694,4.636620643531595,18.645000109351066,4.128198190939641,0.2172023027032337,0.04722374302752002,16.76872775894554,18.628000263543665,4.124434247131824,0.217004265393858,0.04718068610366872,0.0,0.0,26.948330349777475,24.98718727713708,5.532424816796502,0.29108471884369513,0.0632871281327715,22.735565499787235,29.543037461980727
714,18.1145288,-77.2229004,-0.401,,0,12,Low Density Rural,52.0,45.0,Clarendon,Rural,34.64603058204654,7.93809499227347,34.64603058204654,7.93809499227347,62.27715516029224,14.268935436636442,50.467959061929676,11.563213631386853,0.6272115311673098,0.12931142044889507,,,,,,,,,,,,,,
715,17.9682826,-77.310791,0.706,2.916153907775879,1,21,Suburban / Peri-urban,16.0,8.0,Clarendon,Urban,22.91662051591443,5.07397966218306,22.91662051591443,5.07397966218306,24.476727604113073,5.4194037019471395,26.635714441930098,5.89742598705663,0.31028900386176245,0.06746249003931432,22.78676433277326,25.313300931238896,5.604629793412654,0.29488373392540357,0.06411310331693607,0.0,0.0,23.8398974857552,22.10496811537096,4.894271324722932,0.25750871266727177,0.05598709186321017,20.632941075190683,22.548876409253772
716,18.3858046,-78.2116699,0.488,7.666090965270996,0,13,Rural Cluster,43.0,67.0,Hanover,Rural,34.64603058204654,7.93809499227347,34.64603058204654,7.93809499227347,25.600059295155546,5.865482973916321,27.175054879500593,6.226345801515998,0.33772928601316676,0.06962922639555888,33.666125876719114,33.764487081112335,7.73611583527696,0.4196221926715176,0.08651298499765529,7.549405952030192,8.571346005017084,34.59753179356254,34.57355821317792,7.921490130512126,0.42967726034214443,0.08858602577989128,34.255633824827434,34.61412223375542
717,17.9891824,-76.607666,-0.055,,0,11,Very Low Density Rural,29.0,35.0,Saint Thomas,Rural,34.64603058204654,7.93809499227347,34.64603058204654,7.93809499227347,44.061864937375866,10.095449999136745,38.821506970715134,8.894779716451426,0.4824704085902382,0.09947032342222697,,,,,,,,,,,,,,
718,18.1145288,-76.8493652,0.747,0.0,0,12,Low Density Rural,10.0,18.0,Saint Andrew,Rural,34.64603058204654,7.93809499227347,34.64603058204654,7.93809499227347,19.758715155285014,4.527114800539467,27.175054879500593,6.226345801515998,0.33772928601316676,0.06962922639555888,37.62901614279784,37.73895559236477,8.646745655088713,0.46901655152521965,0.09669655846233201,17.310947335363483,18.653192258302873,34.58220540665896,34.558242446348935,7.9179809835788255,0.4294869172860279,0.08854678298900509,34.374912918350375,34.825737707736714
719,18.1354112,-77.7502441,-0.023,2.0891029834747314,0,12,Low Density Rural,50.0,44.0,Saint Elizabeth,Rural,34.64603058204654,7.93809499227347,34.64603058204654,7.93809499227347,42.67420621053314,9.777509773215368,38.821506970715134,8.894779716451426,0.4824704085902382,0.09947032342222697,33.236833455627306,33.33394041057911,7.637469026049965,0.4142713950271596,0.08540981770951758,0.0,0.0,34.65074619627431,34.62673574216793,7.933674160528997,0.4303381461794455,0.08872227979010838,34.60755501469312,34.63512114144663
720,18.3232401,-77.0910645,0.184,7.876274108886719,0,12,Low Density Rural,24.0,45.0,Saint Ann,Rural,34.64603058204654,7.93809499227347,34.64603058204654,7.93809499227347,34.694968196785084,7.949307573569613,38.821506970715134,8.894779716451426,0.4824704085902382,0.09947032342222697,31.96639217242507,32.05978732117784,7.345535200199011,0.3984363280856915,0.08214512167420449,0.0,0.0,34.57514299043114,34.55118492386337,7.916363964746961,0.4293992069928697,0.08852869986707144,34.185962844544676,34.671986786999966
721,18.4483464,-77.6403809,-0.199,,0,11,Very Low Density Rural,30.0,99.0,Trelawny,Rural,34.64603058204654,7.93809499227347,34.64603058204654,7.93809499227347,50.88634760814648,11.65907477241088,50.467959061929676,11.563213631386853,0.6272115311673098,0.12931142044889507,,,,,,,,,,,,,,
722,18.3232401,-78.2116699,-0.057,,0,11,Very Low Density Rural,53.0,56.0,Westmoreland,Rural,34.64603058204654,7.93809499227347,34.64603058204654,7.93809499227347,44.15007684975904,10.115661103502351,38.821506970715134,8.894779716451426,0.4824704085902382,0.09947032342222697,,,,,,,,,,,,,,
723,18.2189158,-77.7722168,-0.085,,0,11,Very Low Density Rural,42.0,89.0,Saint Elizabeth,Rural,34.64603058204654,7.93809499227347,34.64603058204654,7.93809499227347,45.403748499166454,10.402902223911488,38.821506970715134,8.894779716451426,0.4824704085902382,0.09947032342222697,,,,,,,,,,,,,,
724,18.1354112,-77.244873,-0.494,,0,11,Very Low Density Rural,46.0,103.0,Clarendon,Rural,34.64603058204654,7.93809499227347,34.64603058204654,7.93809499227347,68.34679476977391,15.659610644719256,50.467959061929676,11.563213631386853,0.6272115311673098,0.12931142044889507,,,,,,,,,,,,,,
725,18.2397857,-78.0578613,0.586,8.263850212097168,0,13,Rural Cluster,39.0,46.0,Westmoreland,Rural,34.64603058204654,7.93809499227347,34.64603058204654,7.93809499227347,23.21026569598815,5.31793370828852,27.175054879500593,6.226345801515998,0.33772928601316676,0.06962922639555888,34.95478623726454,35.056912477931355,8.032236210339276,0.43568434630574027,0.0898244992136713,11.14518029477941,12.339070072132126,34.64342954226197,34.61942415806619,7.931998931125554,0.4302472784299871,0.08870354569934066,34.16129916649387,34.680836027084545
726,18.3858046,-77.442627,0.372,2.0744950771331787,0,12,Low Density Rural,59.0,63.0,Saint Ann,Rural,34.64603058204654,7.93809499227347,34.64603058204654,7.93809499227347,28.748760914826235,6.586913167775915,27.175054879500593,6.226345801515998,0.33772928601316676,0.06962922639555888,33.3592904115123,33.45675514489431,7.665608325446359,0.4157977261685718,0.08572449950053004,4.392825169973326,4.909682413721053,34.65074619627431,34.62673574216793,7.933674160528997,0.4303381461794455,0.08872227979010838,34.60753138898199,34.63468938917469
727,18.0100796,-77.2009277,0.781,0.5582060217857361,0,12,Low Density Rural,22.0,28.0,Clarendon,Rural,34.64603058204654,7.93809499227347,34.64603058204654,7.93809499227347,19.098211037347742,4.3757801644241585,27.175054879500593,6.226345801515998,0.33772928601316676,0.06962922639555888,38.69376142470265,38.80681170527769,8.891412738733653,0.48228777707298953,0.09943267050970762,19.163340759605788,20.23747424444684,34.65867849972304,34.63466254910565,7.9354903497258515,0.4304366598663289,0.08874259023427519,34.45638800805919,34.87246214551195
728,18.3440975,-77.9699707,-0.179,,0,12,Low Density Rural,19.0,29.0,Hanover,Rural,34.64603058204654,7.93809499227347,34.64603058204654,7.93809499227347,49.87873041493156,11.428209623901406,50.467959061929676,11.563213631386853,0.6272115311673098,0.12931142044889507,,,,,,,,,,,,,,
729,18.1562911,-77.5524902,0.529,,0,11,Very Low Density Rural,60.0,47.0,Manchester,Rural,34.64603058204654,7.93809499227347,34.64603058204654,7.93809499227347,24.571682639881207,5.62986141957773,27.175054879500593,6.226345801515998,0.33772928601316676,0.06962922639555888,,,,,,,,,,,,,,
730,18.1145288,-76.7614746,-0.518,,0,11,Very Low Density Rural,121.0,17.0,Saint Andrew,Rural,34.64603058204654,7.93809499227347,34.64603058204654,7.93809499227347,70.00696014153678,16.039987565322846,50.467959061929676,11.563213631386853,0.6272115311673098,0.12931142044889507,,,,,,,,,,,,,,
731,18.0100796,-77.1569824,0.511,,0,12,Low Density Rural,12.0,154.0,Saint Catherine,Rural,34.64603058204654,7.93809499227347,34.64603058204654,7.93809499227347,25.017977531526878,5.7321164596193315,27.175054879500593,6.226345801515998,0.33772928601316676,0.06962922639555888,,,,,,,,,,,,,,
732,18.4275017,-77.3986816,-0.268,6.957842826843262,0,12,Low Density Rural,63.0,91.0,Saint Ann,Rural,34.64603058204654,7.93809499227347,34.64603058204654,7.93809499227347,54.52147537867748,12.491954876329032,50.467959061929676,11.563213631386853,0.6272115311673098,0.12931142044889507,35.3981357853754,35.501557345725836,8.134113197084433,0.4412103551544999,0.09096378957766758,0.0,0.0,34.59753179356254,34.57355821317792,7.921490130512126,0.42967726034214443,0.08858602577989128,34.46411995658949,34.697310428393266
733,17.9682826,-77.7282715,0.086,1.6352330446243286,0,12,Low Density Rural,77.0,67.0,Saint Elizabeth,Rural,34.64603058204654,7.93809499227347,34.64603058204654,7.93809499227347,38.267258751577174,8.767790421028494,38.821506970715134,8.894779716451426,0.4824704085902382,0.09947032342222697,32.44375664030432,32.538546489004666,7.455228451887142,0.40438630657292474,0.08337182133068649,0.0,0.0,34.65074619627431,34.62673574216793,7.933674160528997,0.4303381461794455,0.08872227979010838,34.60753138898199,34.635073643365224
734,17.9264757,-76.9152832,0.142,,0,11,Very Low Density Rural,2.0,13.0,Saint Catherine,Rural,34.64603058204654,7.93809499227347,34.64603058204654,7.93809499227347,36.183190772860485,8.290288978367375,38.821506970715134,8.894779716451426,0.4824704085902382,0.09947032342222697,,,,,,,,,,,,,,
735,18.3858046,-76.9592285,-0.013,,0,12,Low Density Rural,49.0,65.0,Saint Mary,Rural,34.64603058204654,7.93809499227347,34.64603058204654,7.93809499227347,42.24959076411605,9.68022192545274,38.821506970715134,8.894779716451426,0.4824704085902382,0.09947032342222697,,,,,,,,,,,,,,
736,17.9473804,-76.5197754,-0.041,,0,12,Low Density Rural,44.0,73.0,Saint Thomas,Rural,34.64603058204654,7.93809499227347,34.64603058204654,7.93809499227347,43.44929681038824,9.955098452377255,38.821506970715134,8.894779716451426,0.4824704085902382,0.09947032342222697,,,,,,,,,,,,,,
737,18.260653,-76.7175293,0.044,6.238217830657959,0,12,Low Density Rural,39.0,73.0,Saint Mary,Rural,34.64603058204654,7.93809499227347,34.64603058204654,7.93809499227347,39.90871286894666,9.143880220934445,38.821506970715134,8.894779716451426,0.4824704085902382,0.09947032342222697,32.23338220430078,32.32755740898254,7.4068866553981705,0.40176415211294614,0.08283121501047873,0.0,0.0,34.59753179356254,34.57355821317792,7.921490130512126,0.42967726034214443,0.08858602577989128,34.47883973456528,34.65166318992826
738,17.9055685,-77.3986816,-0.297,,0,11,Very Low Density Rural,63.0,23.0,Manchester,Rural,34.64603058204654,7.93809499227347,34.64603058204654,7.93809499227347,56.125747681880895,12.859525582766645,50.467959061929676,11.563213631386853,0.6272115311673098,0.12931142044889507,,,,,,,,,,,,,,
739,18.1562911,-76.8054199,-0.312,,0,11,Very Low Density Rural,59.0,52.0,Saint Andrew,Rural,34.64603058204654,7.93809499227347,34.64603058204654,7.93809499227347,56.9739797332027,13.053872423826489,50.467959061929676,11.563213631386853,0.6272115311673098,0.12931142044889507,,,,,,,,,,,,,,
740,18.2397857,-76.7175293,-0.683,,0,11,Very Low Density Rural,46.0,69.0,Saint Mary,Rural,34.64603058204654,7.93809499227347,34.64603058204654,7.93809499227347,82.5657270528311,18.91745095875804,50.467959061929676,11.563213631386853,0.6272115311673098,0.12931142044889507,,,,,,,,,,,,,,
741,18.2189158,-78.2995605,-0.008,,0,11,Very Low Density Rural,,155.0,,Unknown,,,,,,,,,,,,,,,,,,,,,,,,
742,18.0727566,-76.8054199,0.515,10.352993965148926,1,21,Suburban / Peri-urban,1.0,11.0,Saint Andrew,Kingston Metropolitan Area (KMA),34.567489297207274,6.3937660639451295,34.567489297207274,6.3937660639451295,58.7201991398604,10.861165336612157,45.619430075878164,8.437985222699773,0.5666944528027779,0.08508429749345968,46.7599358906181,42.06227189567472,7.7800364471574595,0.5225066625320439,0.07844988087904084,0.0,0.0,30.06433737445373,33.490885352702094,6.194632314152002,0.4160310402226071,0.062463482071762874,27.779882550663324,36.581029519387776
743,18.2189158,-77.6843262,-0.494,,0,11,Very Low Density Rural,88.0,220.0,Saint Elizabeth,Rural,34.64603058204654,7.93809499227347,34.64603058204654,7.93809499227347,68.34679476977391,15.659610644719256,50.467959061929676,11.563213631386853,0.6272115311673098,0.12931142044889507,,,,,,,,,,,,,,
744,18.1354112,-77.7722168,0.075,0.4391990005970001,0,11,Very Low Density Rural,52.0,69.0,Saint Elizabeth,Rural,34.64603058204654,7.93809499227347,34.64603058204654,7.93809499227347,38.690522279348635,8.86476851732896,38.821506970715134,8.894779716451426,0.4824704085902382,0.09947032342222697,33.111285330605185,33.20802547576035,7.608619409030484,0.41270653485582603,0.08508719243637818,0.0,0.0,34.649961136348615,34.62595122623183,7.9334944123177555,0.4303283962816756,0.08872026966582462,34.60753138898199,34.63432822689843
745,18.1771685,-76.4978027,0.083,1.510185956954956,0,11,Very Low Density Rural,79.0,191.0,Portland,Rural,34.64603058204654,7.93809499227347,34.64603058204654,7.93809499227347,38.38223290282818,8.794133286833139,38.821506970715134,8.894779716451426,0.4824704085902382,0.09947032342222697,31.751612126356214,31.844379759365466,7.296181041613043,0.39575926110734255,0.08159319410845507,0.0,0.0,34.650875350738104,34.626864807137046,7.933703731881553,0.4303397501879769,0.08872261048655018,34.60753138898199,34.63502886222999
746,18.260653,-77.5085449,-0.022,1.8288719654083252,0,12,Low Density Rural,70.0,53.0,Trelawny,Rural,34.64603058204654,7.93809499227347,34.64603058204654,7.93809499227347,42.63155333431512,9.76773715056786,38.821506970715134,8.894779716451426,0.4824704085902382,0.09947032342222697,33.08188289532427,33.17853713635857,7.601863043715232,0.4123400562652202,0.08501163600165007,0.0,0.0,34.65074619627431,34.62673574216793,7.933674160528997,0.4303381461794455,0.08872227979010838,34.60755501469312,34.635073643365224
747,18.0518668,-77.4865723,0.798,7.048458099365234,1,30,Urban Centre,46.0,35.0,Manchester,Urban,22.91662051591443,5.07397966218306,22.91662051591443,5.07397966218306,22.325349291723995,4.943066024009712,26.635714441930098,5.89742598705663,0.31028900386176245,0.06746249003931432,21.40396676931572,23.777182404729142,5.264517072307009,0.27698893750672826,0.060222448120890906,0.0,0.29422514816744116,22.61688234564164,20.970956918679367,4.643189375501615,0.24429820895216953,0.0531148873564354,20.328517707537944,21.724246663588076
748,18.0309744,-76.7175293,0.512,,0,12,Low Density Rural,3.0,9.0,Saint Andrew,Rural,34.64603058204654,7.93809499227347,34.64603058204654,7.93809499227347,24.992972058815493,5.726387208262827,27.175054879500593,6.226345801515998,0.33772928601316676,0.06962922639555888,,,,,,,,,,,,,,
749,18.2189158,-76.5856934,0.189,4.591908931732178,0,12,Low Density Rural,43.0,140.0,Portland,Rural,34.64603058204654,7.93809499227347,34.64603058204654,7.93809499227347,34.52192632099439,7.909660236642666,38.821506970715134,8.894779716451426,0.4824704085902382,0.09947032342222697,31.667724664242737,31.76024720603368,7.276904599577102,0.394713668842922,0.08137762565315107,0.0,0.0,34.650875350738104,34.626864807137046,7.933703731881553,0.4303397501879769,0.08872261048655018,34.56751356379082,34.64201992043605
750,18.1562911,-76.9592285,0.405,,0,12,Low Density Rural,14.0,91.0,Saint Catherine,Rural,34.64603058204654,7.93809499227347,34.64603058204654,7.93809499227347,27.815534725500438,6.373092478487937,27.175054879500593,6.226345801515998,0.33772928601316676,0.06962922639555888,,,,,,,,,,,,,,
751,17.9891824,-77.7502441,0.096,1.308866024017334,0,12,Low Density Rural,74.0,83.0,Saint Elizabeth,Rural,34.64603058204654,7.93809499227347,34.64603058204654,7.93809499227347,37.886493165035375,8.68054944868681,38.821506970715134,8.894779716451426,0.4824704085902382,0.09947032342222697,32.362674020235836,32.45722697253193,7.436596532569353,0.40337567449291406,0.08316346057307386,0.0,0.0,34.65074619627431,34.62673574216793,7.933674160528997,0.4303381461794455,0.08872227979010838,34.60753138898199,34.635073643365224
752,18.4483464,-77.5305176,0.408,,0,11,Very Low Density Rural,47.0,111.0,Trelawny,Rural,34.64603058204654,7.93809499227347,34.64603058204654,7.93809499227347,27.732213166154118,6.354001851311207,27.175054879500593,6.226345801515998,0.33772928601316676,0.06962922639555888,,,,,,,,,,,,,,
753,18.4066544,-78.145752,0.597,0.0,0,12,Low Density Rural,37.0,121.0,Hanover,Rural,34.64603058204654,7.93809499227347,34.64603058204654,7.93809499227347,22.956351859724414,5.2597569960287744,27.175054879500593,6.226345801515998,0.33772928601316676,0.06962922639555888,35.55783109924841,35.661719236105625,8.170809473068086,0.4432008335960095,0.09137416403963813,12.062014966945256,13.260387156021844,34.68946154363827,34.66542426260395,7.942538470384187,0.4308189638426186,0.08882140936906577,34.558759172344054,34.66009466640751
754,17.9264757,-77.0471191,-0.538,0.0,1,21,Suburban / Peri-urban,6.0,16.0,Saint Catherine,Urban,22.91662051591443,5.07397966218306,22.91662051591443,5.07397966218306,84.92111548001776,18.80242387992066,34.62642877450913,7.66665378317362,0.40337570502029124,0.08770123705110862,37.39611795263426,41.542501320981906,9.197944639022802,0.4839435180503975,0.10521814940180982,0.0,0.0,23.221440048146746,21.531518420496326,4.767303559687143,0.25082839121483214,0.05453466811040002,20.458677395962532,22.625001960712506
755,18.260653,-77.8820801,0.356,1.9009740352630615,0,12,Low Density Rural,29.0,54.0,Westmoreland,Rural,34.64603058204654,7.93809499227347,34.64603058204654,7.93809499227347,29.2124406354365,6.693151418056236,27.175054879500593,6.226345801515998,0.33772928601316676,0.06962922639555888,33.17676346207752,33.27369491251968,7.623665583681003,0.41352266906743884,0.08525545381062966,3.679789818626083,4.262316243785435,34.65074619627431,34.62673574216793,7.933674160528997,0.4303381461794455,0.08872227979010838,34.60755501469312,34.63512114144663
756,18.2189158,-78.145752,0.999,0.3278619945049286,0,12,Low Density Rural,52.0,54.0,Westmoreland,Rural,34.64603058204654,7.93809499227347,34.64603058204654,7.93809499227347,15.357357385448417,3.5186761573533474,27.175054879500593,6.226345801515998,0.33772928601316676,0.06962922639555888,42.98800011904632,43.113596734518175,9.878182885242966,0.5358121375347158,0.11046772126370633,26.950810908415733,28.50759524634791,34.62298682661353,34.5989956077371,7.927318343758332,0.42999339413251214,0.08865120268983785,33.94405024129374,35.09024539459492
757,18.1354112,-77.5085449,0.377,1.2848119735717773,0,12,Low Density Rural,58.0,66.0,Manchester,Rural,34.64603058204654,7.93809499227347,34.64603058204654,7.93809499227347,28.60537587157894,6.5540608012956385,27.175054879500593,6.226345801515998,0.33772928601316676,0.06962922639555888,33.48343542455706,33.581262868309935,7.694135522332722,0.417345097635483,0.08604351914925364,4.663983647996425,5.243748325582943,34.65074619627431,34.62673574216793,7.933674160528997,0.4303381461794455,0.08872227979010838,34.60753138898199,34.63468938917469
758,17.8637468,-76.541748,0.117,,1,21,Suburban / Peri-urban,,,Saint Thomas,Urban,22.91662051591443,5.07397966218306,22.91662051591443,5.07397966218306,44.11159938213333,9.766769841821956,34.62642877450913,7.66665378317362,0.40337570502029124,0.08770123705110862,,,,,,,,,,,,,,
759,18.1980434,-77.4645996,-0.031,,0,12,Low Density Rural,67.0,78.0,Saint Ann,Rural,34.64603058204654,7.93809499227347,34.64603058204654,7.93809499227347,43.01696908364314,9.856043567732701,38.821506970715134,8.894779716451426,0.4824704085902382,0.09947032342222697,,,,,,,,,,,,,,
760,18.260653,-77.5964355,0.012,1.0752710103988647,0,12,Low Density Rural,65.0,79.0,Trelawny,Rural,34.64603058204654,7.93809499227347,34.64603058204654,7.93809499227347,41.20644465138308,9.441216394528048,38.821506970715134,8.894779716451426,0.4824704085902382,0.09947032342222697,32.799450442754434,32.895279510250916,7.536963085320181,0.40881975442048357,0.08428585975339688,0.0,0.0,34.65074619627431,34.62673574216793,7.933674160528997,0.4303381461794455,0.08872227979010838,34.60753138898199,34.634571860473315
761,18.093644,-76.4318848,-0.6,,0,11,Very Low Density Rural,128.0,258.0,Portland,Rural,34.64603058204654,7.93809499227347,34.64603058204654,7.93809499227347,75.98946161413677,17.410697692373407,50.467959061929676,11.563213631386853,0.6272115311673098,0.12931142044889507,,,,,,,,,,,,,,
762,17.9264757,-77.7282715,0.21,2.9420979022979736,0,11,Very Low Density Rural,88.0,90.0,Saint Elizabeth,Rural,34.64603058204654,7.93809499227347,34.64603058204654,7.93809499227347,33.8045249469873,7.745289307021458,38.821506970715134,8.894779716451426,0.4824704085902382,0.09947032342222697,32.255254125181935,32.349493232330175,7.411912589005626,0.4020367686721456,0.08288742002705801,0.0,0.0,34.65074619627431,34.62673574216793,7.933674160528997,0.4303381461794455,0.08872227979010838,34.604984392492234,34.635488220260406
763,18.093644,-77.5305176,0.461,0.5524610280990601,0,11,Very Low Density Rural,56.0,42.0,Manchester,Rural,34.64603058204654,7.93809499227347,34.64603058204654,7.93809499227347,26.300676668678996,6.026008355059068,27.175054879500593,6.226345801515998,0.33772928601316676,0.06962922639555888,34.871113207307694,34.97299498325552,8.013009042520647,0.4346414267721255,0.08960948179194975,8.364881731253995,9.129758333345976,34.65074619627431,34.62673574216793,7.933674160528997,0.4303381461794455,0.08872227979010838,34.60468966153216,34.63572016089688
764,18.3649523,-78.2556152,-0.238,,0,11,Very Low Density Rural,59.0,114.0,Hanover,Rural,34.64603058204654,7.93809499227347,34.64603058204654,7.93809499227347,52.910122263712516,12.122761815023015,50.467959061929676,11.563213631386853,0.6272115311673098,0.12931142044889507,,,,,,,,,,,,,,
765,18.4275017,-78.145752,0.326,,0,11,Very Low Density Rural,30.0,37.0,Hanover,Rural,34.64603058204654,7.93809499227347,34.64603058204654,7.93809499227347,30.1020919006335,6.89698822517346,27.175054879500593,6.226345801515998,0.33772928601316676,0.06962922639555888,,,,,,,,,,,,,,
766,18.3232401,-78.2336426,-0.338,1.8199269771575928,0,12,Low Density Rural,59.0,120.0,Westmoreland,Rural,34.64603058204654,7.93809499227347,34.64603058204654,7.93809499227347,58.47472839768192,13.39772380472139,50.467959061929676,11.563213631386853,0.6272115311673098,0.12931142044889507,37.01795529602104,37.126109429360426,8.506330404745439,0.4614001511909742,0.09512629468848886,0.0,0.0,34.650875350738104,34.626864807137046,7.933703731881553,0.4303397501879769,0.08872261048655018,34.60753138898199,34.63464305268619
767,17.9682826,-77.0251465,0.262,1.0288410186767578,0,12,Low Density Rural,3.0,10.0,Saint Catherine,Rural,34.64603058204654,7.93809499227347,34.64603058204654,7.93809499227347,32.091611362085644,7.352826721205031,27.175054879500593,6.226345801515998,0.33772928601316676,0.06962922639555888,30.97836454110899,31.06887300227122,7.118497012546979,0.3861213286529946,0.07960615357439035,0.0,0.0,35.37005947549198,35.34555058945051,8.098368945002878,0.43927151636857203,0.09056406159919254,34.12348723866277,35.727890316361794
768,18.3440975,-77.0251465,-0.066,1.161471962928772,0,12,Low Density Rural,43.0,119.0,Saint Mary,Rural,34.64603058204654,7.93809499227347,34.64603058204654,7.93809499227347,44.549220995844905,10.20711296953174,38.821506970715134,8.894779716451426,0.4824704085902382,0.09947032342222697,33.01848952018138,33.11495854689217,7.587295923783156,0.4115499069271075,0.08484873189641473,0.0,0.0,34.650875350738104,34.626864807137046,7.933703731881553,0.4303397501879769,0.08872261048655018,34.60753138898199,34.63432822689843
769,18.4066544,-77.0910645,0.862,7.419825077056885,1,23,Dense Urban Cluster,35.0,83.0,Saint Ann,Urban,22.91662051591443,5.07397966218306,22.91662051591443,5.07397966218306,20.94128925190694,4.636620643531595,18.645000109351066,4.128198190939641,0.2172023027032337,0.04722374302752002,23.736197741214514,26.368005023099766,5.838152319476518,0.3071703606928559,0.06678444012101213,2.418111782961538,3.842039285833847,22.300219962565688,20.67733938591045,4.578179380302051,0.2408777528589853,0.052371217802424534,19.917166476315437,21.320465170188736
770,18.0518668,-77.1569824,0.306,,0,12,Low Density Rural,22.0,278.0,Saint Catherine,Rural,34.64603058204654,7.93809499227347,34.64603058204654,7.93809499227347,30.710194494634845,7.036316629470719,27.175054879500593,6.226345801515998,0.33772928601316676,0.06962922639555888,,,,,,,,,,,,,,
771,18.093644,-77.8820801,-0.521,0.40679100155830383,0,12,Low Density Rural,61.0,139.0,Saint Elizabeth,Rural,34.64603058204654,7.93809499227347,34.64603058204654,7.93809499227347,70.21729636854977,16.08817978019697,50.467959061929676,11.563213631386853,0.6272115311673098,0.12931142044889507,42.24919692866696,42.37263500733891,9.708413809906641,0.5266035277934303,0.1085691936588503,0.0,0.0,34.65009029081241,34.62608029120094,7.9335239836703115,0.430330000290207,0.08872060036226642,34.60753138898199,34.63432822689843
772,18.1771685,-77.4645996,-0.268,,0,12,Low Density Rural,81.0,112.0,Clarendon,Rural,34.64603058204654,7.93809499227347,34.64603058204654,7.93809499227347,54.52147537867748,12.491954876329032,50.467959061929676,11.563213631386853,0.6272115311673098,0.12931142044889507,,,,,,,,,,,,,,
773,18.2815179,-77.9040527,0.088,0.0,0,12,Low Density Rural,28.0,25.0,Westmoreland,Rural,34.64603058204654,7.93809499227347,34.64603058204654,7.93809499227347,38.19080071759401,8.750272364082734,38.821506970715134,8.894779716451426,0.4824704085902382,0.09947032342222697,33.17366322248879,33.27058561506368,7.622953181765103,0.4134840269813612,0.08524748701985574,0.0,0.0,34.650309286624534,34.62629913526486,7.9335741251999075,0.4303327200657431,0.08872116109500233,34.60278536910365,34.65532750705807
774,18.0518668,-77.7941895,0.263,3.5000000934815034e-05,0,11,Very Low Density Rural,72.0,225.0,Saint Elizabeth,Rural,34.64603058204654,7.93809499227347,34.64603058204654,7.93809499227347,32.05953579118197,7.3454775696720205,27.175054879500593,6.226345801515998,0.33772928601316676,0.06962922639555888,32.08171270787582,32.175444784815696,7.372034626468017,0.3998737092718458,0.0824414647636917,0.0,0.8059081812135704,34.65009029081241,34.62608029120094,7.9335239836703115,0.430330000290207,0.08872060036226642,34.60644292342364,34.6347454699361
775,17.8846589,-76.3439941,0.276,,0,12,Low Density Rural,49.0,70.0,Saint Thomas,Rural,34.64603058204654,7.93809499227347,34.64603058204654,7.93809499227347,31.64545915559081,7.2506043731706304,27.175054879500593,6.226345801515998,0.33772928601316676,0.06962922639555888,,,,,,,,,,,,,,
776,18.1771685,-76.3879395,0.714,,0,12,Low Density Rural,,,,Unknown,,,,,,,,,,,,,,,,,,,,,,,,
777,18.0100796,-77.8161621,0.273,,0,11,Very Low Density Rural,73.0,104.0,Saint Elizabeth,Rural,34.64603058204654,7.93809499227347,34.64603058204654,7.93809499227347,31.740538080135217,7.272388846662028,27.175054879500593,6.226345801515998,0.33772928601316676,0.06962922639555888,,,,,,,,,,,,,,
778,18.0518668,-76.7614746,0.651,2.652513027191162,1,21,Suburban / Peri-urban,1.0,11.0,Saint Andrew,Kingston Metropolitan Area (KMA),34.567489297207274,6.3937660639451295,34.567489297207274,6.3937660639451295,51.25349319749758,9.480088144303782,45.619430075878164,8.437985222699773,0.5666944528027779,0.08508429749345968,44.66355350600659,40.17649929613349,7.431235041663471,0.4990811863779138,0.07493274713586372,0.0,0.0,29.574355085912437,32.94505790119356,6.093673491073494,0.4092506532593574,0.061445465292793815,27.12862753760861,35.5013949871657
779,18.2815179,-78.2995605,0.305,4.911386013031006,1,21,Suburban / Peri-urban,72.0,76.0,Westmoreland,Urban,22.91662051591443,5.07397966218306,22.91662051591443,5.07397966218306,36.551520007591705,8.092889133090274,34.62642877450913,7.66665378317362,0.40337570502029124,0.08770123705110862,19.964396185147137,22.177996014039696,4.910440465908467,0.2583594408871377,0.05617205569803701,0.0,0.0,22.822085564545567,21.161226638326994,4.685317083081836,0.2465147292525066,0.05359679930569044,21.10683938763572,21.58504983276891
780,18.4066544,-77.8820801,-0.148,,0,11,Very Low Density Rural,6.0,31.0,Saint James,Rural,34.64603058204654,7.93809499227347,34.64603058204654,7.93809499227347,48.356210753320376,11.07937007436477,50.467959061929676,11.563213631386853,0.6272115311673098,0.12931142044889507,,,,,,,,,,,,,,
781,17.9264757,-76.3220215,-0.399,,0,11,Very Low Density Rural,59.0,115.0,Saint Thomas,Rural,34.64603058204654,7.93809499227347,34.64603058204654,7.93809499227347,62.15272532128727,14.240426084618303,50.467959061929676,11.563213631386853,0.6272115311673098,0.12931142044889507,,,,,,,,,,,,,,
782,18.2189158,-77.0031738,-0.139,,0,12,Low Density Rural,19.0,29.0,Saint Catherine,Rural,34.64603058204654,7.93809499227347,34.64603058204654,7.93809499227347,47.92295742099202,10.980103115063415,50.467959061929676,11.563213631386853,0.6272115311673098,0.12931142044889507,,,,,,,,,,,,,,
783,18.3440975,-77.376709,-0.291,,0,12,Low Density Rural,60.0,116.0,Saint Ann,Rural,34.64603058204654,7.93809499227347,34.64603058204654,7.93809499227347,55.79000144174812,12.782599438481196,50.467959061929676,11.563213631386853,0.6272115311673098,0.12931142044889507,,,,,,,,,,,,,,
784,18.3232401,-76.9372559,-0.747,,0,12,Low Density Rural,119.0,192.0,Saint Mary,Rural,34.64603058204654,7.93809499227347,34.64603058204654,7.93809499227347,88.0226940092404,20.167750671075495,50.467959061929676,11.563213631386853,0.6272115311673098,0.12931142044889507,,,,,,,,,,,,,,
785,17.9891824,-77.7282715,0.149,,0,11,Very Low Density Rural,78.0,127.0,Saint Elizabeth,Rural,34.64603058204654,7.93809499227347,34.64603058204654,7.93809499227347,35.93079286076676,8.232459594498803,38.821506970715134,8.894779716451426,0.4824704085902382,0.09947032342222697,,,,,,,,,,,,,,
786,18.2397857,-77.2888184,-0.205,,0,11,Very Low Density Rural,65.0,268.0,Saint Ann,Rural,34.64603058204654,7.93809499227347,34.64603058204654,7.93809499227347,51.19258348271198,11.729239504748287,50.467959061929676,11.563213631386853,0.6272115311673098,0.12931142044889507,,,,,,,,,,,,,,
787,18.093644,-77.6403809,-0.241,0.9558780193328857,0,12,Low Density Rural,71.0,61.0,Saint Elizabeth,Rural,34.64603058204654,7.93809499227347,34.64603058204654,7.93809499227347,53.06909096432806,12.159184707489617,50.467959061929676,11.563213631386853,0.6272115311673098,0.12931142044889507,35.66643485391833,35.77064029476681,8.195765454916106,0.44455449531027486,0.09165324678984389,0.0,0.0,34.65074619627431,34.62673574216793,7.933674160528997,0.4303381461794455,0.08872227979010838,34.60753138898199,34.634571860473315
788,18.1980434,-77.8820801,-0.217,0.16599799692630768,0,12,Low Density Rural,43.0,57.0,Saint Elizabeth,Rural,34.64603058204654,7.93809499227347,34.64603058204654,7.93809499227347,51.810595138316074,11.870838272229017,50.467959061929676,11.563213631386853,0.6272115311673098,0.12931142044889507,35.580024238633584,35.683977216450735,8.175909219253937,0.44347745389515447,0.09143119450229699,0.0,0.0,34.650309286624534,34.62629913526486,7.9335741251999075,0.4303327200657431,0.08872116109500233,34.60786013810286,34.63432822689843
789,17.9891824,-77.7062988,0.611,3.254159927368164,0,12,Low Density Rural,76.0,97.0,Saint Elizabeth,Rural,34.64603058204654,7.93809499227347,34.64603058204654,7.93809499227347,22.637202194108426,5.186633457203381,27.175054879500593,6.226345801515998,0.33772928601316676,0.06962922639555888,35.32193410159299,35.42513302600897,8.11660286474793,0.44026056016617454,0.09076797152750034,12.183492690991187,13.211038317896765,34.689898453288045,34.66586086950703,7.942638505713275,0.430824389956321,0.08882252806417182,34.59714981727579,34.83048719636191
790,18.0100796,-76.5856934,-0.638,,0,12,Low Density Rural,34.0,393.0,Saint Thomas,Rural,34.64603058204654,7.93809499227347,34.64603058204654,7.93809499227347,78.93262714822556,18.085035479273845,50.467959061929676,11.563213631386853,0.6272115311673098,0.12931142044889507,,,,,,,,,,,,,,
791,18.1354112,-77.8381348,-0.326,,0,11,Very Low Density Rural,56.0,68.0,Saint Elizabeth,Rural,34.64603058204654,7.93809499227347,34.64603058204654,7.93809499227347,57.777225047033745,13.237911908182124,50.467959061929676,11.563213631386853,0.6272115311673098,0.12931142044889507,,,,,,,,,,,,,,
792,18.4275017,-78.0358887,-0.209,,0,12,Low Density Rural,38.0,41.0,Hanover,Rural,34.64603058204654,7.93809499227347,34.64603058204654,7.93809499227347,51.397763903911404,11.776250421920418,50.467959061929676,11.563213631386853,0.6272115311673098,0.12931142044889507,,,,,,,,,,,,,,
793,18.1354112,-76.8713379,0.681,1.9496870040893555,0,12,Low Density Rural,14.0,24.0,Saint Catherine,Rural,34.64603058204654,7.93809499227347,34.64603058204654,7.93809499227347,21.10678742574807,4.835984981613856,27.175054879500593,6.226345801515998,0.33772928601316676,0.06962922639555888,36.48311540413549,36.58970691348552,8.383429915033467,0.45473378604450476,0.09375189848643463,15.012618691362817,15.84168041879684,34.644936402344236,34.6209299740037,7.932343943519529,0.43026599258323167,0.08870740397301437,34.52917001003646,34.737986091212456
794,18.0518668,-77.5744629,-0.068,0.3998810052871704,0,12,Low Density Rural,79.0,76.0,Manchester,Rural,34.64603058204654,7.93809499227347,34.64603058204654,7.93809499227347,44.638408595707254,10.227547623313034,38.821506970715134,8.894779716451426,0.4824704085902382,0.09947032342222697,33.38788286354127,33.485431134542914,7.672178565269044,0.416154108945081,0.08579797449383599,0.0,0.0,34.649961136348615,34.62595122623183,7.9334944123177555,0.4303283962816756,0.08872026966582462,34.60753138898199,34.63432822689843
795,18.2815179,-78.3215332,0.307,,0,12,Low Density Rural,73.0,79.0,Westmoreland,Rural,34.64603058204654,7.93809499227347,34.64603058204654,7.93809499227347,30.679499650120373,7.029283829827137,27.175054879500593,6.226345801515998,0.33772928601316676,0.06962922639555888,,,,,,,,,,,,,,
796,17.9891824,-76.2780762,-0.189,,0,11,Very Low Density Rural,71.0,254.0,Portland,Rural,34.64603058204654,7.93809499227347,34.64603058204654,7.93809499227347,50.3800199895478,11.543065040094511,50.467959061929676,11.563213631386853,0.6272115311673098,0.12931142044889507,,,,,,,,,,,,,,
797,18.1771685,-77.3986816,0.18,1.2699860334396362,0,11,Very Low Density Rural,55.0,118.0,Clarendon,Rural,34.64603058204654,7.93809499227347,34.64603058204654,7.93809499227347,34.83402599976783,7.981168483201954,38.821506970715134,8.894779716451426,0.4824704085902382,0.09947032342222697,32.46382303952217,32.55867151555617,7.459839495917413,0.4046364187025368,0.08342338663703767,0.0,0.0,34.650875350738104,34.626864807137046,7.933703731881553,0.4303397501879769,0.08872261048655018,34.60753138898199,34.63507636031139
798,18.1562911,-76.4318848,0.266,6.279722213745117,0,12,Low Density Rural,68.0,201.0,Portland,Rural,34.64603058204654,7.93809499227347,34.64603058204654,7.93809499227347,31.963501307559717,7.323474158582196,27.175054879500593,6.226345801515998,0.33772928601316676,0.06962922639555888,31.27141071382173,31.36277535827622,7.185835890370104,0.38977392230151864,0.08035920425911583,0.0,0.0,34.59766094802633,34.573687278147034,7.921519701864682,0.4296788643506758,0.08858635647633308,34.478612250916974,34.67555857828816
799,17.9473804,-76.8933105,1.063,,1,30,Urban Centre,0.0,8.0,Saint Catherine,Urban,22.91662051591443,5.07397966218306,22.91662051591443,5.07397966218306,17.128140811899907,3.792349664743748,18.645000109351066,4.128198190939641,0.2172023027032337,0.04722374302752002,,,,,,,,,,,,,,
800,18.1562911,-76.6955566,-0.277,,0,12,Low Density Rural,54.0,53.0,Portland,Rural,34.64603058204654,7.93809499227347,34.64603058204654,7.93809499227347,55.01438341612934,12.604889915582145,50.467959061929676,11.563213631386853,0.6272115311673098,0.12931142044889507,,,,,,,,,,,,,,
801,18.1980434,-77.0690918,-0.044,,0,11,Very Low Density Rural,16.0,92.0,Saint Catherine,Rural,34.64603058204654,7.93809499227347,34.64603058204654,7.93809499227347,43.57984041832362,9.985008590508984,38.821506970715134,8.894779716451426,0.4824704085902382,0.09947032342222697,,,,,,,,,,,,,,
802,18.2397857,-78.3654785,0.601,,0,10,Water,,,,Unknown,,,,,,,,,,,,,,,,,,,,,,,,
803,18.0518668,-77.3986816,0.252,1.9496970176696777,0,12,Low Density Rural,39.0,48.0,Clarendon,Rural,34.64603058204654,7.93809499227347,34.64603058204654,7.93809499227347,32.41413741827479,7.426723858294076,27.175054879500593,6.226345801515998,0.33772928601316676,0.06962922639555888,32.82844643066887,32.92436021478241,7.543626053375543,0.40918116695936274,0.08436037172654814,0.22284568324816523,0.6833312100037181,34.65074619627431,34.62673574216793,7.933674160528997,0.4303381461794455,0.08872227979010838,34.60755501469312,34.63512114144663
804,18.3649523,-77.4206543,-0.42,,0,11,Very Low Density Rural,86.0,90.0,Saint Ann,Rural,34.64603058204654,7.93809499227347,34.64603058204654,7.93809499227347,63.471733667468754,14.542637142326482,50.467959061929676,11.563213631386853,0.6272115311673098,0.12931142044889507,,,,,,,,,,,,,,
805,18.2397857,-78.3435059,0.52,,0,12,Low Density Rural,,132.0,Westmoreland,Rural,34.64603058204654,7.93809499227347,34.64603058204654,7.93809499227347,24.79382592897589,5.6807588673114235,27.175054879500593,6.226345801515998,0.33772928601316676,0.06962922639555888,,,,,,,,,,,,,,
806,18.1771685,-77.0690918,0.494,,1,21,Suburban / Peri-urban,13.0,26.0,Saint Catherine,Urban,22.91662051591443,5.07397966218306,22.91662051591443,5.07397966218306,30.256855061467,6.699184424548569,26.635714441930098,5.89742598705663,0.31028900386176245,0.06746249003931432,,,,,,,,,,,,,,
807,18.3858046,-78.013916,0.384,,0,11,Very Low Density Rural,26.0,23.0,Hanover,Rural,34.64603058204654,7.93809499227347,34.64603058204654,7.93809499227347,28.40583743977048,6.508342576157154,27.175054879500593,6.226345801515998,0.33772928601316676,0.06962922639555888,,,,,,,,,,,,,,
808,18.3858046,-78.0358887,0.062,,0,12,Low Density Rural,21.0,88.0,Hanover,Rural,34.64603058204654,7.93809499227347,34.64603058204654,7.93809499227347,39.19678263145565,8.980762837553621,38.821506970715134,8.894779716451426,0.4824704085902382,0.09947032342222697,,,,,,,,,,,,,,
809,17.9264757,-77.2009277,0.436,,0,12,Low Density Rural,5.0,7.0,Clarendon,Rural,34.64603058204654,7.93809499227347,34.64603058204654,7.93809499227347,26.96648146842064,6.178557482848603,27.175054879500593,6.226345801515998,0.33772928601316676,0.06962922639555888,,,,,,,,,,,,,,
810,18.3440975,-78.2116699,-0.322,,0,11,Very Low Density Rural,53.0,71.0,Westmoreland,Rural,34.64603058204654,7.93809499227347,34.64603058204654,7.93809499227347,57.546577748971394,13.18506602278136,50.467959061929676,11.563213631386853,0.6272115311673098,0.12931142044889507,,,,,,,,,,,,,,
811,17.9682826,-76.3659668,-0.778,,0,11,Very Low Density Rural,72.0,154.0,Saint Thomas,Rural,34.64603058204654,7.93809499227347,34.64603058204654,7.93809499227347,90.79413288357053,20.802742463212063,50.467959061929676,11.563213631386853,0.6272115311673098,0.12931142044889507,,,,,,,,,,,,,,
812,17.8846589,-76.4538574,-0.235,4.464487075805664,0,12,Low Density Rural,35.0,84.0,Saint Thomas,Rural,34.64603058204654,7.93809499227347,34.64603058204654,7.93809499227347,52.75162975455448,12.086448027494574,50.467959061929676,11.563213631386853,0.6272115311673098,0.12931142044889507,34.98123943414287,35.08344296223843,8.038314872197,0.4360140649231394,0.08989247689049266,0.0,0.0,34.65074619627431,34.62673574216793,7.933674160528997,0.4303381461794455,0.08872227979010838,34.57346691692275,34.64186898941144
813,18.3023803,-78.1237793,0.546,,0,12,Low Density Rural,52.0,47.0,Westmoreland,Rural,34.64603058204654,7.93809499227347,34.64603058204654,7.93809499227347,24.157494608252453,5.534962700027573,27.175054879500593,6.226345801515998,0.33772928601316676,0.06962922639555888,,,,,,,,,,,,,,
814,18.2397857,-77.4865723,0.054,,0,11,Very Low Density Rural,67.0,49.0,Trelawny,Rural,34.64603058204654,7.93809499227347,34.64603058204654,7.93809499227347,39.511614541043926,9.052897092558455,38.821506970715134,8.894779716451426,0.4824704085902382,0.09947032342222697,,,,,,,,,,,,,,
815,17.9473804,-76.4099121,-0.699,0.0,0,12,Low Density Rural,75.0,80.0,Saint Thomas,Rural,34.64603058204654,7.93809499227347,34.64603058204654,7.93809499227347,83.89740368979169,19.222564573957072,50.467959061929676,11.563213631386853,0.6272115311673098,0.12931142044889507,49.98636599084969,50.132409499987176,11.486332549988296,0.6230413495621805,0.12845165929959748,0.0,0.0,34.649961136348615,34.62595122623183,7.9334944123177555,0.4303283962816756,0.08872026966582462,34.60830162113958,34.633440492397064
816,18.3858046,-77.0031738,-0.651,,0,12,Low Density Rural,49.0,69.0,Saint Mary,Rural,34.64603058204654,7.93809499227347,34.64603058204654,7.93809499227347,79.96545010482137,18.321675769717586,50.467959061929676,11.563213631386853,0.6272115311673098,0.12931142044889507,,,,,,,,,,,,,,
817,18.4275017,-77.2888184,-0.277,,0,12,Low Density Rural,49.0,109.0,Saint Ann,Rural,34.64603058204654,7.93809499227347,34.64603058204654,7.93809499227347,55.01438341612934,12.604889915582145,50.467959061929676,11.563213631386853,0.6272115311673098,0.12931142044889507,,,,,,,,,,,,,,
818,18.1562911,-77.1130371,-0.01,,0,11,Very Low Density Rural,19.0,144.0,Saint Catherine,Rural,34.64603058204654,7.93809499227347,34.64603058204654,7.93809499227347,42.123031925001484,9.651224777146698,38.821506970715134,8.894779716451426,0.4824704085902382,0.09947032342222697,,,,,,,,,,,,,,
819,18.3858046,-77.0251465,-0.14,0.8757179975509644,1,21,Suburban / Peri-urban,43.0,63.0,Saint Mary,Urban,22.91662051591443,5.07397966218306,22.91662051591443,5.07397966218306,57.03828861462842,12.628874148148103,34.62642877450913,7.66665378317362,0.40337570502029124,0.08770123705110862,24.975516289604844,27.74473595808164,6.142974959426646,0.323208393813106,0.07027140110306193,0.0,0.0,22.86491995978458,21.20094379489469,4.694110877285667,0.2469774086739458,0.05369739425256824,21.108406670659072,21.370763207352134
820,18.1980434,-76.541748,0.669,,0,11,Very Low Density Rural,47.0,120.0,Portland,Rural,34.64603058204654,7.93809499227347,34.64603058204654,7.93809499227347,21.361594660586597,4.8943663892639115,27.175054879500593,6.226345801515998,0.33772928601316676,0.06962922639555888,,,,,,,,,,,,,,
821,17.8846589,-77.5305176,-0.505,,0,11,Very Low Density Rural,80.0,107.0,Manchester,Rural,34.64603058204654,7.93809499227347,34.64603058204654,7.93809499227347,69.10275969670859,15.832817251652871,50.467959061929676,11.563213631386853,0.6272115311673098,0.12931142044889507,,,,,,,,,,,,,,
822,18.4483464,-78.013916,1.419,26.831789016723633,1,22,Semi-dense Urban Cluster,12.0,46.0,Hanover,Urban,22.91662051591443,5.07397966218306,22.91662051591443,5.07397966218306,11.99779367426989,2.6564371065113335,18.645000109351066,4.128198190939641,0.2172023027032337,0.04722374302752002,34.02281439393273,37.79517472090736,8.36824730458679,0.44028956461818164,0.09572698354692961,23.293952897169806,25.75608371830988,23.75808013488505,22.029104956422838,4.877474427233426,0.2566249554821158,0.05579494692878214,21.2517882874315,23.576609454776158
823,17.9473804,-76.4978027,0.137,,0,11,Very Low Density Rural,50.0,50.0,Saint Thomas,Rural,34.64603058204654,7.93809499227347,34.64603058204654,7.93809499227347,36.36455977136914,8.331844224801904,38.821506970715134,8.894779716451426,0.4824704085902382,0.09947032342222697,,,,,,,,,,,,,,
824,18.3232401,-77.5085449,0.196,,0,11,Very Low Density Rural,64.0,60.0,Trelawny,Rural,34.64603058204654,7.93809499227347,34.64603058204654,7.93809499227347,34.281116653887636,7.854485950283244,38.821506970715134,8.894779716451426,0.4824704085902382,0.09947032342222697,,,,,,,,,,,,,,
825,18.0727566,-77.244873,0.641,1.2755149602890015,0,12,Low Density Rural,27.0,13.0,Clarendon,Rural,34.64603058204654,7.93809499227347,34.64603058204654,7.93809499227347,21.968171761307012,5.0333452726962795,27.175054879500593,6.226345801515998,0.33772928601316676,0.06962922639555888,36.76427079385688,36.87168374559253,8.44803641803776,0.45823817028961594,0.09447439302299182,14.30262678793309,15.495449865693134,34.81664893400768,34.792523521335966,7.971659439577843,0.4323985426914822,0.08914706917362554,34.401446230625595,35.070121715187234
826,18.2189158,-78.2116699,0.573,0.9993100166320801,0,12,Low Density Rural,62.0,69.0,Westmoreland,Rural,34.64603058204654,7.93809499227347,34.64603058204654,7.93809499227347,23.513968944006084,5.387518165489734,27.175054879500593,6.226345801515998,0.33772928601316676,0.06962922639555888,35.46357518528152,35.56718793775822,8.149150471635076,0.4420260066071282,0.09113195142210032,11.604112954381872,12.50973489815028,34.65074619627431,34.62673574216793,7.933674160528997,0.4303381461794455,0.08872227979010838,34.49763899434236,34.63432822689843
827,18.4066544,-77.244873,-0.094,,0,11,Very Low Density Rural,41.0,65.0,Saint Ann,Rural,34.64603058204654,7.93809499227347,34.64603058204654,7.93809499227347,45.81422661646323,10.496950928268397,38.821506970715134,8.894779716451426,0.4824704085902382,0.09947032342222697,,,,,,,,,,,,,,
828,18.0727566,-77.310791,-0.163,1.2573139667510986,0,12,Low Density Rural,73.0,20.0,Clarendon,Rural,34.64603058204654,7.93809499227347,34.64603058204654,7.93809499227347,49.08702129100663,11.246813310200107,50.467959061929676,11.563213631386853,0.6272115311673098,0.12931142044889507,34.88814975285065,34.99008130390906,8.01692385856559,0.4348537741215789,0.08965326118059598,0.0,0.0,34.65058665738557,34.62657631382807,7.933637632324032,0.43033616481750775,0.08872187129518465,34.56798144050581,34.81219606684278
829,18.2397857,-78.1237793,0.847,2.1637039184570312,0,12,Low Density Rural,47.0,49.0,Westmoreland,Rural,34.64603058204654,7.93809499227347,34.64603058204654,7.93809499227347,17.878424804816078,4.0963028672725095,27.175054879500593,6.226345801515998,0.33772928601316676,0.06962922639555888,39.75629154045267,39.87244618005827,9.135570800876366,0.49553139228975757,0.10216309016951781,21.335436332925543,22.525378345389477,34.57381002607728,34.549852883157136,7.9160587677162475,0.4293826525035172,0.0885252868486134,34.0344238810841,34.64069330247358
830,18.1562911,-77.2888184,-0.573,2.5434799194335938,0,12,Low Density Rural,44.0,151.0,Clarendon,Rural,34.64603058204654,7.93809499227347,34.64603058204654,7.93809499227347,73.9651966995021,16.946898321653485,50.467959061929676,11.563213631386853,0.6272115311673098,0.12931142044889507,43.70125713516903,43.82893765002998,10.042081722823948,0.5447023339933088,0.11230060199852136,0.0,0.0,34.650875350738104,34.626864807137046,7.933703731881553,0.4303397501879769,0.08872261048655018,34.60617314967311,34.63507636031139
831,18.2189158,-77.6184082,-0.295,,0,11,Very Low Density Rural,69.0,230.0,Manchester,Rural,34.64603058204654,7.93809499227347,34.64603058204654,7.93809499227347,56.01360836321556,12.833832233514812,50.467959061929676,11.563213631386853,0.6272115311673098,0.12931142044889507,,,,,,,,,,,,,,
832,18.5108654,-77.8381348,0.657,,0,11,Very Low Density Rural,5.0,16.0,Saint James,Rural,34.64603058204654,7.93809499227347,34.64603058204654,7.93809499227347,21.61947800196926,4.953452594131527,27.175054879500593,6.226345801515998,0.33772928601316676,0.06962922639555888,,,,,,,,,,,,,,
833,18.1562911,-76.3879395,0.5,,0,11,Very Low Density Rural,96.0,244.0,Portland,Rural,34.64603058204654,7.93809499227347,34.64603058204654,7.93809499227347,25.294694437131326,5.795517808799989,27.175054879500593,6.226345801515998,0.33772928601316676,0.06962922639555888,,,,,,,,,,,,,,
834,17.8637468,-77.5964355,-0.061,0.11981499940156937,0,12,Low Density Rural,75.0,,,Unknown,,,,,,,,,,,,,,,,,,,,,,,,
835,17.9264757,-77.5085449,0.167,,0,12,Low Density Rural,63.0,40.0,Manchester,Rural,34.64603058204654,7.93809499227347,34.64603058204654,7.93809499227347,35.289824609582936,8.085601014180941,38.821506970715134,8.894779716451426,0.4824704085902382,0.09947032342222697,,,,,,,,,,,,,,
836,17.8846589,-77.310791,0.542,0.1609400063753128,0,12,Low Density Rural,32.0,14.0,Clarendon,Rural,34.64603058204654,7.93809499227347,34.64603058204654,7.93809499227347,24.254318104580157,5.5571468896279725,27.175054879500593,6.226345801515998,0.33772928601316676,0.06962922639555888,35.8124959050242,35.917128087605725,8.229328723066264,0.4463750332228754,0.09202858482455972,11.133803839641061,12.348157142104695,34.644692654630624,34.62068639518958,7.9322881347664875,0.43026296540630976,0.08870677986371747,34.330530670984885,34.7763907307097
837,17.8846589,-77.3547363,0.277,8.143098831176758,0,12,Low Density Rural,35.0,38.0,Clarendon,Rural,34.64603058204654,7.93809499227347,34.64603058204654,7.93809499227347,31.613829513891872,7.243357392891515,27.175054879500593,6.226345801515998,0.33772928601316676,0.06962922639555888,32.54174705335443,32.63682319739751,7.477745601287646,0.4056076812013998,0.08362363061712358,0.5494092479982915,1.4772210810317807,34.60228722505621,34.57831034950245,7.9225789395019754,0.4297363194908761,0.08859820193105161,34.26578817897223,34.68076475236383
838,17.9473804,-77.7502441,0.203,1.5685230493545532,0,12,Low Density Rural,83.0,70.0,Saint Elizabeth,Rural,34.64603058204654,7.93809499227347,34.64603058204654,7.93809499227347,34.04198676835602,7.79969653530694,38.821506970715134,8.894779716451426,0.4824704085902382,0.09947032342222697,32.355138512969056,32.44966944902327,7.434864953554088,0.40328175022928603,0.08314409632458539,0.0,0.0,34.65074619627431,34.62673574216793,7.933674160528997,0.4303381461794455,0.08872227979010838,34.60753138898199,34.635073643365224
839,18.5108654,-77.9040527,0.775,,1,21,Suburban / Peri-urban,1.0,,,Unknown,,,,,,,,,,,,,,,,,,,,,,,,
840,17.9473804,-76.8273926,0.387,,0,10,Water,,69.0,,Unknown,,,,,,,,,,,,,,,,,,,,,,,,
841,18.3649523,-77.0031738,-0.343,,0,11,Very Low Density Rural,69.0,186.0,Saint Mary,Rural,34.64603058204654,7.93809499227347,34.64603058204654,7.93809499227347,58.767834193523115,13.46488017476105,50.467959061929676,11.563213631386853,0.6272115311673098,0.12931142044889507,,,,,,,,,,,,,,
842,17.8846589,-76.5856934,0.875,6.111224174499512,1,23,Dense Urban Cluster,14.0,34.0,Saint Thomas,Urban,22.91662051591443,5.07397966218306,22.91662051591443,5.07397966218306,20.670814387428205,4.576734677337593,18.645000109351066,4.128198190939641,0.2172023027032337,0.04722374302752002,23.73555983032633,26.36729638232725,5.837995418991778,0.3071621054819856,0.06678264528756918,2.9638103987656286,4.1787604106737035,23.03806441116381,21.361487798046472,4.729657000079466,0.24884764342670795,0.05410401740649607,20.78231654778113,22.088575996604273
843,18.3023803,-76.9592285,-0.338,,0,11,Very Low Density Rural,41.0,191.0,Saint Mary,Rural,34.64603058204654,7.93809499227347,34.64603058204654,7.93809499227347,58.47472839768192,13.39772380472139,50.467959061929676,11.563213631386853,0.6272115311673098,0.12931142044889507,,,,,,,,,,,,,,
844,18.0309744,-77.8381348,0.556,,0,12,Low Density Rural,71.0,58.0,Saint Elizabeth,Rural,34.64603058204654,7.93809499227347,34.64603058204654,7.93809499227347,23.917123520696766,5.479888900970145,27.175054879500593,6.226345801515998,0.33772928601316676,0.06962922639555888,,,,,,,,,,,,,,
845,18.1145288,-77.5524902,0.402,0.8815360069274902,0,12,Low Density Rural,62.0,115.0,Manchester,Rural,34.64603058204654,7.93809499227347,34.64603058204654,7.93809499227347,27.899106624847043,6.392240463539992,27.175054879500593,6.226345801515998,0.33772928601316676,0.06962922639555888,33.31962186083219,33.41697069592416,7.65649291655724,0.41530328839817193,0.0856225618810239,5.05792799955949,5.835328796203427,34.650875350738104,34.626864807137046,7.933703731881553,0.4303397501879769,0.08872261048655018,34.60753138898199,34.63452863469133
846,18.260653,-77.947998,0.424,,0,11,Very Low Density Rural,29.0,109.0,Westmoreland,Rural,34.64603058204654,7.93809499227347,34.64603058204654,7.93809499227347,27.292028622409145,6.253146813557218,27.175054879500593,6.226345801515998,0.33772928601316676,0.06962922639555888,,,,,,,,,,,,,,
847,18.0727566,-77.6843262,-0.03,,0,11,Very Low Density Rural,72.0,118.0,Saint Elizabeth,Rural,34.64603058204654,7.93809499227347,34.64603058204654,7.93809499227347,42.97397361587634,9.84619245054449,38.821506970715134,8.894779716451426,0.4824704085902382,0.09947032342222697,,,,,,,,,,,,,,
848,18.3858046,-77.6184082,-0.267,,0,11,Very Low Density Rural,44.0,276.0,Trelawny,Rural,34.64603058204654,7.93809499227347,34.64603058204654,7.93809499227347,54.466981154951846,12.479469165348666,50.467959061929676,11.563213631386853,0.6272115311673098,0.12931142044889507,,,,,,,,,,,,,,
849,17.9682826,-77.4645996,0.113,,0,12,Low Density Rural,59.0,29.0,Manchester,Rural,34.64603058204654,7.93809499227347,34.64603058204654,7.93809499227347,37.2478664881682,8.534227369637483,38.821506970715134,8.894779716451426,0.4824704085902382,0.09947032342222697,,,,,,,,,,,,,,
850,17.9055685,-77.1350098,0.219,0.0028379999566823244,0,11,Very Low Density Rural,3.0,14.0,Saint Catherine,Rural,34.64603058204654,7.93809499227347,34.64603058204654,7.93809499227347,33.501649207699685,7.675894448536112,38.821506970715134,8.894779716451426,0.4824704085902382,0.09947032342222697,31.290712261310187,31.382133298456388,7.190271179649232,0.3900145011465191,0.08040880410004837,0.0,0.0,34.32662774821914,34.30284188469092,7.859463632948422,0.42631282068461906,0.0878923834447137,33.78304990268666,34.74523085943752
851,18.0100796,-76.6955566,0.03,1.3740170001983643,0,11,Very Low Density Rural,11.0,15.0,Saint Andrew,Rural,34.64603058204654,7.93809499227347,34.64603058204654,7.93809499227347,40.47136421861758,9.272794840767782,38.821506970715134,8.894779716451426,0.4824704085902382,0.09947032342222697,32.605927474101996,32.70119113195366,7.4924935758861535,0.40640764045359573,0.0837885572201313,0.0,0.0,34.59563177592355,34.571659512113364,7.921055100317925,0.4296536634457359,0.08858116083713889,34.30304465917962,34.67020586966889
852,18.1145288,-77.2668457,-0.132,0.0005109999910928309,0,11,Very Low Density Rural,35.0,19.0,Clarendon,Rural,34.64603058204654,7.93809499227347,34.64603058204654,7.93809499227347,47.588668096693745,10.903510779185325,38.821506970715134,8.894779716451426,0.4824704085902382,0.09947032342222697,35.126817207852774,35.22944606570583,8.071767088367805,0.43782857915718226,0.09026657303090026,0.0,0.0,34.72429664252551,34.700235223294044,7.950514354145988,0.4312515915208856,0.08891060367883571,34.56798144050581,34.97284213818787
853,18.2189158,-76.8493652,-0.135,,0,11,Very Low Density Rural,58.0,149.0,Saint Mary,Rural,34.64603058204654,7.93809499227347,34.64603058204654,7.93809499227347,47.73164846429998,10.936270426424008,38.821506970715134,8.894779716451426,0.4824704085902382,0.09947032342222697,,,,,,,,,,,,,,
854,18.0518668,-76.8493652,0.992,16.764373779296875,1,30,Urban Centre,0.0,13.0,Saint Andrew,Kingston Metropolitan Area (KMA),34.567489297207274,6.3937660639451295,34.567489297207274,6.3937660639451295,36.44425291477728,6.740901125589176,35.09186928913705,6.49075786361521,0.4359188098482907,0.06544945961035359,37.836294226778556,34.03512996712259,6.295298368207822,0.42279176484031694,0.06347854671868076,0.23380399658445775,2.234217758214072,32.647059296217215,36.367970009594956,6.726791479203799,0.4517708097154153,0.06782950103459903,32.83973407656508,38.47485288054298
855,18.1145288,-77.1350098,0.472,,0,12,Low Density Rural,30.0,49.0,Saint Catherine,Rural,34.64603058204654,7.93809499227347,34.64603058204654,7.93809499227347,26.012954597904486,5.960085503557424,27.175054879500593,6.226345801515998,0.33772928601316676,0.06962922639555888,,,,,,,,,,,,,,
856,18.4483464,-77.4865723,-0.428,,0,11,Very Low Density Rural,54.0,82.0,Trelawny,Rural,34.64603058204654,7.93809499227347,34.64603058204654,7.93809499227347,63.98154405939034,14.65944484731127,50.467959061929676,11.563213631386853,0.6272115311673098,0.12931142044889507,,,,,,,,,,,,,,
857,18.260653,-77.3327637,-0.06,,0,12,Low Density Rural,85.0,170.0,Saint Ann,Rural,34.64603058204654,7.93809499227347,34.64603058204654,7.93809499227347,44.28272595447858,10.14605365284246,38.821506970715134,8.894779716451426,0.4824704085902382,0.09947032342222697,,,,,,,,,,,,,,
858,18.3858046,-77.3986816,0.055,7.585041046142578,1,21,Suburban / Peri-urban,57.0,61.0,Saint Ann,Urban,22.91662051591443,5.07397966218306,22.91662051591443,5.07397966218306,46.93308070831826,10.391475341323934,34.62642877450913,7.66665378317362,0.40337570502029124,0.08770123705110862,21.37354041487731,23.743382456000475,5.257033409857173,0.27659518976459574,0.06013684017861445,0.0,0.0,22.878903608162286,21.213909794505657,4.696981685321267,0.24712845426020666,0.05373023431854475,20.7945585659205,21.699380895832658
859,18.2189158,-77.3547363,-0.277,,0,11,Very Low Density Rural,73.0,37.0,Saint Ann,Rural,34.64603058204654,7.93809499227347,34.64603058204654,7.93809499227347,55.01438341612934,12.604889915582145,50.467959061929676,11.563213631386853,0.6272115311673098,0.12931142044889507,,,,,,,,,,,,,,
860,17.8428322,-77.2668457,-0.004,,0,11,Very Low Density Rural,29.0,20.0,Clarendon,Rural,34.64603058204654,7.93809499227347,34.64603058204654,7.93809499227347,41.871050433868895,9.593490803606256,38.821506970715134,8.894779716451426,0.4824704085902382,0.09947032342222697,,,,,,,,,,,,,,
861,18.3232401,-78.0578613,-0.09,,0,11,Very Low Density Rural,63.0,79.0,Westmoreland,Rural,34.64603058204654,7.93809499227347,34.64603058204654,7.93809499227347,45.631335735613526,10.455046988307153,38.821506970715134,8.894779716451426,0.4824704085902382,0.09947032342222697,,,,,,,,,,,,,,
862,18.2397857,-76.739502,-0.072,,0,11,Very Low Density Rural,46.0,41.0,Saint Mary,Rural,34.64603058204654,7.93809499227347,34.64603058204654,7.93809499227347,44.8173198139784,10.268539743390296,38.821506970715134,8.894779716451426,0.4824704085902382,0.09947032342222697,,,,,,,,,,,,,,
863,18.0100796,-77.2229004,-0.158,,0,12,Low Density Rural,17.0,6.0,Clarendon,Rural,34.64603058204654,7.93809499227347,34.64603058204654,7.93809499227347,48.84219875094849,11.190719594799466,50.467959061929676,11.563213631386853,0.6272115311673098,0.12931142044889507,,,,,,,,,,,,,,
864,18.2815179,-77.8601074,0.107,,0,11,Very Low Density Rural,32.0,60.0,Saint James,Rural,34.64603058204654,7.93809499227347,34.64603058204654,7.93809499227347,37.47202549163099,8.585586657641548,38.821506970715134,8.894779716451426,0.4824704085902382,0.09947032342222697,,,,,,,,,,,,,,
865,18.0727566,-77.442627,-0.002,0.5204799771308899,0,11,Very Low Density Rural,52.0,29.0,Manchester,Rural,34.64603058204654,7.93809499227347,34.64603058204654,7.93809499227347,41.78739201930186,9.574322996195724,38.821506970715134,8.894779716451426,0.4824704085902382,0.09947032342222697,33.81901290184862,33.91782079119701,7.771247639288027,0.4215278110652347,0.08690586396923046,0.0,0.0,34.65058665738557,34.62657631382807,7.933637632324032,0.43033616481750775,0.08872187129518465,34.602729891972594,34.63550157680634
866,17.9682826,-76.2561035,-0.303,,0,11,Very Low Density Rural,83.0,126.0,Saint Thomas,Rural,34.64603058204654,7.93809499227347,34.64603058204654,7.93809499227347,56.463514454991795,12.936914671361903,50.467959061929676,11.563213631386853,0.6272115311673098,0.12931142044889507,,,,,,,,,,,,,,
867,17.9473804,-77.2229004,0.638,0.8013259768486023,1,30,Urban Centre,7.0,4.0,Clarendon,Urban,22.91662051591443,5.07397966218306,22.91662051591443,5.07397966218306,26.19904009252742,5.800741715205661,26.635714441930098,5.89742598705663,0.31028900386176245,0.06746249003931432,19.026771669055023,21.136410153505263,4.679822453575497,0.24622563310787446,0.05353394452986881,0.0,0.0,21.68632359860466,20.10811883621601,4.4521479922777765,0.2342466982376648,0.05092950555747408,19.06457829757262,21.076821138605304
868,18.1980434,-77.5964355,-0.314,0.9682360291481018,0,11,Very Low Density Rural,92.0,129.0,Manchester,Rural,34.64603058204654,7.93809499227347,34.64603058204654,7.93809499227347,57.08804171663187,13.080006293832858,50.467959061929676,11.563213631386853,0.6272115311673098,0.12931142044889507,36.52117095936095,36.62787365436565,8.392174674810047,0.4552081190754426,0.093849691136838,0.0,0.0,34.650875350738104,34.626864807137046,7.933703731881553,0.4303397501879769,0.08872261048655018,34.60625248260303,34.63452707933807
869,17.8219152,-77.2668457,0.179,0.0,0,11,Very Low Density Rural,31.0,25.0,Clarendon,Rural,34.64603058204654,7.93809499227347,34.64603058204654,7.93809499227347,34.868877448587725,7.989153643599925,38.821506970715134,8.894779716451426,0.4824704085902382,0.09947032342222697,33.47980527106638,33.5776221087201,7.693301351866938,0.41729985058290947,0.086034190620761,0.0,0.0,34.650309286624534,34.62629913526486,7.9335741251999075,0.4303327200657431,0.08872116109500233,34.60278536910365,34.65532750705807
870,17.8846589,-77.2668457,0.313,,0,11,Very Low Density Rural,23.0,14.0,Clarendon,Rural,34.64603058204654,7.93809499227347,34.64603058204654,7.93809499227347,30.495973780406075,6.987234401282021,27.175054879500593,6.226345801515998,0.33772928601316676,0.06962922639555888,,,,,,,,,,,,,,
871,18.3649523,-77.8601074,0.412,4.85487699508667,0,12,Low Density Rural,12.0,97.0,Saint James,Rural,34.64603058204654,7.93809499227347,34.64603058204654,7.93809499227347,27.621505875680132,6.3286366082124745,27.175054879500593,6.226345801515998,0.33772928601316676,0.06962922639555888,32.153313074325574,32.24725434368351,7.388487625269598,0.4007661524022419,0.08262545865271763,4.001652085131785,4.970409516288298,34.7134509455753,34.68939704162525,7.948031111067777,0.43111689551482735,0.0888828335709747,34.546880203558,34.71136906651883
872,18.0309744,-77.5524902,0.576,1.9696869850158691,1,21,Suburban / Peri-urban,57.0,44.0,Manchester,Urban,22.91662051591443,5.07397966218306,22.91662051591443,5.07397966218306,27.874792126469234,6.171770756471932,26.635714441930098,5.89742598705663,0.31028900386176245,0.06746249003931432,21.75195434207369,24.163753925850497,5.350108053524627,0.2814922479950419,0.06120154997490681,0.0,0.0,22.829508972771226,21.168109813988032,4.686841090222901,0.2465949138379032,0.053614232897362404,21.017115010765032,21.288605022996357
873,18.1562911,-76.8713379,0.244,0.8626919984817505,0,13,Rural Cluster,19.0,63.0,Saint Mary,Rural,34.64603058204654,7.93809499227347,34.64603058204654,7.93809499227347,32.67449054156564,7.486375939340522,27.175054879500593,6.226345801515998,0.33772928601316676,0.06962922639555888,32.06140888492971,32.15508164086288,7.367369025003054,0.3996206378392889,0.08238928934153697,0.0,0.0,34.65074619627431,34.62673574216793,7.933674160528997,0.4303381461794455,0.08872227979010838,34.60753138898199,34.64753233581442
874,18.2397857,-78.2116699,0.55,1.710183024406433,1,21,Suburban / Peri-urban,60.0,67.0,Westmoreland,Urban,22.91662051591443,5.07397966218306,22.91662051591443,5.07397966218306,28.609040589580466,6.334341051958055,26.635714441930098,5.89742598705663,0.31028900386176245,0.06746249003931432,21.346610039051427,23.713466110813567,5.250409617883142,0.27624668351493353,0.06006106856214122,0.0,0.0,22.829508972771226,21.168109813988032,4.686841090222901,0.2465949138379032,0.053614232897362404,21.005892551078094,21.318639645736635
875,18.2815179,-78.145752,-0.006,1.6415369510650635,1,21,Suburban / Peri-urban,50.0,51.0,Westmoreland,Urban,22.91662051591443,5.07397966218306,22.91662051591443,5.07397966218306,49.88512052433148,11.045087857096224,34.62642877450913,7.66665378317362,0.40337570502029124,0.08770123705110862,22.686607960319538,25.20203948318609,5.579995344183418,0.29358760935702427,0.06383130219058047,0.0,0.0,22.86833566856832,21.204110928218192,4.69481211375549,0.24701430374752037,0.05370541591463988,21.12624379007854,21.370763207352134
876,18.2189158,-78.079834,0.33,,0,11,Very Low Density Rural,45.0,51.0,Westmoreland,Rural,34.64603058204654,7.93809499227347,34.64603058204654,7.93809499227347,29.981924028998023,6.869455374684202,27.175054879500593,6.226345801515998,0.33772928601316676,0.06962922639555888,,,,,,,,,,,,,,
877,17.9473804,-77.7722168,0.316,1.3098770380020142,0,12,Low Density Rural,80.0,71.0,Saint Elizabeth,Rural,34.64603058204654,7.93809499227347,34.64603058204654,7.93809499227347,30.404622953817846,6.966304109213993,27.175054879500593,6.226345801515998,0.33772928601316676,0.06962922639555888,32.859057023791095,32.95506024186023,7.55066004044751,0.4095627043020306,0.08443903280543943,2.0892227089936077,2.900688234398006,34.65074619627431,34.62673574216793,7.933674160528997,0.4303381461794455,0.08872227979010838,34.60753138898199,34.635073643365224
878,18.3858046,-78.145752,0.035,1.1548240184783936,0,12,Low Density Rural,39.0,148.0,Hanover,Rural,34.64603058204654,7.93809499227347,34.64603058204654,7.93809499227347,40.26951244747669,9.226546583557464,38.821506970715134,8.894779716451426,0.4824704085902382,0.09947032342222697,32.13311497101394,32.22699722824272,7.383846317046494,0.40051439868307415,0.08257355490189167,0.0,0.0,34.650875350738104,34.626864807137046,7.933703731881553,0.4303397501879769,0.08872261048655018,34.60753138898199,34.63432822689843
879,18.1145288,-76.8054199,0.175,1.0558849573135376,0,12,Low Density Rural,7.0,15.0,Saint Andrew,Rural,34.64603058204654,7.93809499227347,34.64603058204654,7.93809499227347,35.008632281708586,8.021174256706399,38.821506970715134,8.894779716451426,0.4824704085902382,0.09947032342222697,31.62710313577513,31.719506994992408,7.267570206579755,0.39420735294225484,0.08127323913431701,0.0,0.0,34.5167440048289,34.49282640452283,7.902992866749556,0.4286739322452358,0.08837917087538072,34.095339671581186,34.64385229692587
880,18.1771685,-77.4865723,0.751,5.019092082977295,1,21,Suburban / Peri-urban,59.0,42.0,Manchester,Urban,22.91662051591443,5.07397966218306,22.91662051591443,5.07397966218306,23.399689953046824,5.180936292098445,26.635714441930098,5.89742598705663,0.31028900386176245,0.06746249003931432,23.340207965756214,25.9281089410811,5.740754722300848,0.30204585324291144,0.06567027871504658,0.0,0.7984032232383813,22.87745650597064,21.21256800401242,4.69668459886086,0.24711282326084133,0.053726835854126534,20.939563310695036,21.630349115557383
881,18.1771685,-77.6843262,0.245,,0,11,Very Low Density Rural,57.0,53.0,Saint Elizabeth,Rural,34.64603058204654,7.93809499227347,34.64603058204654,7.93809499227347,32.64183238282496,7.4788933053417335,27.175054879500593,6.226345801515998,0.33772928601316676,0.06962922639555888,,,,,,,,,,,,,,
882,18.4483464,-77.1789551,0.29,,1,21,Suburban / Peri-urban,,,,Unknown,,,,,,,,,,,,,,,,,,,,,,,,
883,17.9682826,-77.6843262,0.39,0.0,0,11,Very Low Density Rural,78.0,96.0,Saint Elizabeth,Rural,34.64603058204654,7.93809499227347,34.64603058204654,7.93809499227347,28.2359126991277,6.469409436917277,27.175054879500593,6.226345801515998,0.33772928601316676,0.06962922639555888,33.75268565204669,33.851299755267185,7.756006346322447,0.4207010932510829,0.08673542058682099,5.046099261317514,6.094341349009182,34.65009029081241,34.62608029120094,7.9335239836703115,0.430330000290207,0.08872060036226642,34.60830162113958,34.633440492397064
884,18.0309744,-76.9152832,0.507,,0,11,Very Low Density Rural,2.0,9.0,Saint Catherine,Rural,34.64603058204654,7.93809499227347,34.64603058204654,7.93809499227347,25.118249852598733,5.755090843593253,27.175054879500593,6.226345801515998,0.33772928601316676,0.06962922639555888,,,,,,,,,,,,,,
885,18.260653,-78.2775879,0.52,,0,11,Very Low Density Rural,70.0,73.0,Westmoreland,Rural,34.64603058204654,7.93809499227347,34.64603058204654,7.93809499227347,24.79382592897589,5.6807588673114235,27.175054879500593,6.226345801515998,0.33772928601316676,0.06962922639555888,,,,,,,,,,,,,,
886,18.1771685,-76.4538574,0.873,72.48423767089844,1,23,Dense Urban Cluster,,182.0,Portland,Urban,22.91662051591443,5.07397966218306,22.91662051591443,5.07397966218306,20.712197385406707,4.585897306266989,18.645000109351066,4.128198190939641,0.2172023027032337,0.04722374302752002,,,,,,,,,,,,,,
887,18.2189158,-76.6296387,0.992,1.6710269451141357,0,12,Low Density Rural,35.0,67.0,Portland,Rural,34.64603058204654,7.93809499227347,34.64603058204654,7.93809499227347,15.465236021869957,3.5433932995241704,27.175054879500593,6.226345801515998,0.33772928601316676,0.06962922639555888,42.37652783095663,42.50033792810648,9.7376730900843,0.5281906089030682,0.10889640019517297,26.114462422394084,27.64321884080689,34.674925242660734,34.65089803422877,7.93921022242087,0.4306384331036976,0.0887841895713986,34.384805377268336,35.64800673259702
888,18.2397857,-77.0031738,0.361,2.3164560794830322,0,12,Low Density Rural,22.0,31.0,Saint Catherine,Rural,34.64603058204654,7.93809499227347,34.64603058204654,7.93809499227347,29.06674297993473,6.659769186092153,27.175054879500593,6.226345801515998,0.33772928601316676,0.06962922639555888,33.20053142879851,33.29753232132146,7.629127208353706,0.41381891836999685,0.08531653116048239,3.8981174491140806,4.465673287246134,34.65058665738557,34.62657631382807,7.933637632324032,0.43033616481750775,0.08872187129518465,34.60008348926964,34.63783521659482
889,18.4691886,-77.947998,0.56,,0,10,Water,,,,Unknown,,,,,,,,,,,,,,,,,,,,,,,,
890,17.9473804,-77.3327637,0.469,,0,11,Very Low Density Rural,23.0,73.0,Clarendon,Rural,34.64603058204654,7.93809499227347,34.64603058204654,7.93809499227347,26.091110637140027,5.977992607293373,27.175054879500593,6.226345801515998,0.33772928601316676,0.06962922639555888,,,,,,,,,,,,,,
891,18.4275017,-77.6623535,-0.241,,0,11,Very Low Density Rural,37.0,170.0,Trelawny,Rural,34.64603058204654,7.93809499227347,34.64603058204654,7.93809499227347,53.06909096432806,12.159184707489617,50.467959061929676,11.563213631386853,0.6272115311673098,0.12931142044889507,,,,,,,,,,,,,,
892,18.093644,-77.5524902,0.793,,0,11,Very Low Density Rural,66.0,113.0,Manchester,Rural,34.64603058204654,7.93809499227347,34.64603058204654,7.93809499227347,18.87040209227081,4.323584602169838,27.175054879500593,6.226345801515998,0.33772928601316676,0.06962922639555888,,,,,,,,,,,,,,
893,17.8219152,-77.1350098,-0.209,,0,12,Low Density Rural,,,,Unknown,,,,,,,,,,,,,,,,,,,,,,,,
894,18.2397857,-77.7941895,0.274,,0,12,Low Density Rural,36.0,32.0,Saint Elizabeth,Rural,34.64603058204654,7.93809499227347,34.64603058204654,7.93809499227347,31.708813407035358,7.2651200927980275,27.175054879500593,6.226345801515998,0.33772928601316676,0.06962922639555888,,,,,,,,,,,,,,
895,18.2815179,-78.3654785,0.541,,1,23,Dense Urban Cluster,,,,Unknown,,,,,,,,,,,,,,,,,,,,,,,,
896,18.3858046,-77.947998,0.003,,0,11,Very Low Density Rural,29.0,13.0,Saint James,Rural,34.64603058204654,7.93809499227347,34.64603058204654,7.93809499227347,41.578976532122056,9.526570861036218,38.821506970715134,8.894779716451426,0.4824704085902382,0.09947032342222697,,,,,,,,,,,,,,
897,18.0309744,-76.739502,1.088,3.0805959701538086,0,12,Low Density Rural,1.0,8.0,Saint Andrew,Rural,34.64603058204654,7.93809499227347,34.64603058204654,7.93809499227347,14.049610425878402,3.219045307396671,27.175054879500593,6.226345801515998,0.33772928601316676,0.06962922639555888,41.471383099875624,41.59254866565809,9.529680506887326,0.516908680648771,0.10657041909394775,26.415482779257722,28.54769713316633,33.50651822417403,33.48330063706843,7.671690425905049,0.4161276313024745,0.08579251563122672,31.652147484187726,35.56649509305935
898,18.2189158,-76.9152832,-0.2,,0,11,Very Low Density Rural,46.0,38.0,Saint Mary,Rural,34.64603058204654,7.93809499227347,34.64603058204654,7.93809499227347,50.93725940741161,11.670739678664342,50.467959061929676,11.563213631386853,0.6272115311673098,0.12931142044889507,,,,,,,,,,,,,,
899,18.4691886,-77.5524902,0.88,1.4125659465789795,1,22,Semi-dense Urban Cluster,40.0,71.0,Trelawny,Urban,22.91662051591443,5.07397966218306,22.91662051591443,5.07397966218306,20.567718270566708,4.5539081179048,18.645000109351066,4.128198190939641,0.2172023027032337,0.04722374302752002,24.939770368464572,27.70502662306269,6.134182896995579,0.32274580550769727,0.07017082596647138,4.254601066282708,5.544200039949807,22.746573692729243,21.091210082264652,4.669814684670617,0.2456990812441988,0.05341946254882437,20.38295420766569,21.36713515844801
900,18.1562911,-77.6184082,0.686,2.9876370429992676,0,12,Low Density Rural,68.0,55.0,Manchester,Rural,34.64603058204654,7.93809499227347,34.64603058204654,7.93809499227347,21.001516884286517,4.81186540589418,27.175054879500593,6.226345801515998,0.33772928601316676,0.06962922639555888,36.85682455289651,36.96450791588303,8.469304282464538,0.4593917812352418,0.09471223155530746,15.436331907093598,16.44326916698018,34.64794821747249,34.6239397021625,7.933033532128212,0.43030339723049627,0.08871511564256894,34.54352529567709,34.68780834843522
901,17.9055685,-76.541748,0.133,,0,12,Low Density Rural,27.0,168.0,Saint Thomas,Rural,34.64603058204654,7.93809499227347,34.64603058204654,7.93809499227347,36.51030931520962,8.36523834541686,38.821506970715134,8.894779716451426,0.4824704085902382,0.09947032342222697,,,,,,,,,,,,,,
902,18.0100796,-76.6296387,-0.64,,0,11,Very Low Density Rural,40.0,157.0,Saint Thomas,Rural,34.64603058204654,7.93809499227347,34.64603058204654,7.93809499227347,79.09065037307246,18.121241744428794,50.467959061929676,11.563213631386853,0.6272115311673098,0.12931142044889507,,,,,,,,,,,,,,
903,18.1980434,-78.2556152,0.037,,0,10,Water,,,,Unknown,,,,,,,,,,,,,,,,,,,,,,,,
904,17.8846589,-77.5085449,0.036,1.558500051498413,0,11,Very Low Density Rural,70.0,136.0,Manchester,Rural,34.64603058204654,7.93809499227347,34.64603058204654,7.93809499227347,40.229263063075535,9.217324648709827,38.821506970715134,8.894779716451426,0.4824704085902382,0.09947032342222697,32.39398620212075,32.48863063818107,7.443791737238996,0.40376595659629566,0.08324392454839354,0.0,0.0,34.650875350738104,34.626864807137046,7.933703731881553,0.4303397501879769,0.08872261048655018,34.60753138898199,34.63502886222999
905,18.1980434,-77.9699707,-0.25,4.419620037078857,0,13,Rural Cluster,48.0,117.0,Westmoreland,Rural,34.64603058204654,7.93809499227347,34.64603058204654,7.93809499227347,53.54886854361954,12.269111297508628,50.467959061929676,11.563213631386853,0.6272115311673098,0.12931142044889507,34.77841296122243,34.880023897933036,7.991707516936731,0.43348598997889515,0.08937126682690683,0.0,0.0,34.650875350738104,34.626864807137046,7.933703731881553,0.4303397501879769,0.08872261048655018,34.57346691692275,34.64136105505404
906,18.3858046,-78.2336426,-0.046,0.0,1,21,Suburban / Peri-urban,51.0,116.0,Hanover,Urban,22.91662051591443,5.07397966218306,22.91662051591443,5.07397966218306,51.92097091361004,11.495846443567267,34.62642877450913,7.66665378317362,0.40337570502029124,0.08770123705110862,23.065032781407936,25.622423054814274,5.673072667311232,0.29848480856543064,0.06489604263805324,0.0,0.0,22.86491995978458,21.20094379489469,4.694110877285667,0.2469774086739458,0.05369739425256824,21.125766064535973,21.373058631099404
907,18.4483464,-77.8161621,0.431,0.0,0,12,Low Density Rural,9.0,14.0,Saint James,Rural,34.64603058204654,7.93809499227347,34.64603058204654,7.93809499227347,27.10165151928575,6.209527631112391,27.175054879500593,6.226345801515998,0.33772928601316676,0.06962922639555888,33.52528099841436,33.62323070099376,7.703751187875563,0.41786667031420166,0.08615105113902258,5.969210565383491,7.0316007085434284,34.62095348556019,34.59696367564165,7.926852787683925,0.42996814145210854,0.08864599637616077,34.38910649459925,34.82090072178234
908,18.3023803,-77.2668457,0.563,0.5135210156440735,0,12,Low Density Rural,56.0,51.0,Saint Ann,Rural,34.64603058204654,7.93809499227347,34.64603058204654,7.93809499227347,23.750288260705283,5.4416636232218965,27.175054879500593,6.226345801515998,0.33772928601316676,0.06962922639555888,35.635262779312946,35.73937714574398,8.18860244540155,0.44416595953565285,0.09157314285295026,11.549485186949019,12.479655423045863,34.65074619627431,34.62673574216793,7.933674160528997,0.4303381461794455,0.08872227979010838,34.57809503942754,34.63572016089688
909,18.4483464,-77.3547363,0.484,1.4594529867172241,0,11,Very Low Density Rural,54.0,63.0,Saint Ann,Rural,34.64603058204654,7.93809499227347,34.64603058204654,7.93809499227347,25.702664606151114,5.888991892303545,27.175054879500593,6.226345801515998,0.33772928601316676,0.06962922639555888,34.73289520947246,34.83437315847608,7.981248024169769,0.43291864644597,0.08925429831711475,8.81299710430063,9.457587092262303,34.65074619627431,34.62673574216793,7.933674160528997,0.4303381461794455,0.08872227979010838,34.60723214781113,34.63600837841529
910,17.9891824,-77.6843262,0.037,,0,12,Low Density Rural,75.0,99.0,Saint Elizabeth,Rural,34.64603058204654,7.93809499227347,34.64603058204654,7.93809499227347,40.189053907940796,9.208111931187604,38.821506970715134,8.894779716451426,0.4824704085902382,0.09947032342222697,,,,,,,,,,,,,,
911,17.9055685,-76.3439941,0.039,,0,11,Very Low Density Rural,71.0,71.0,Saint Thomas,Rural,34.64603058204654,7.93809499227347,34.64603058204654,7.93809499227347,40.1087561246741,9.189714111277745,38.821506970715134,8.894779716451426,0.4824704085902382,0.09947032342222697,,,,,,,,,,,,,,
912,17.9682826,-77.376709,0.604,,0,11,Very Low Density Rural,25.0,47.0,Clarendon,Rural,34.64603058204654,7.93809499227347,34.64603058204654,7.93809499227347,22.796218517282174,5.22306726094566,27.175054879500593,6.226345801515998,0.33772928601316676,0.06962922639555888,,,,,,,,,,,,,,
913,18.1771685,-77.2888184,-0.284,2.6457738876342773,0,11,Very Low Density Rural,47.0,214.0,Clarendon,Rural,34.64603058204654,7.93809499227347,34.64603058204654,7.93809499227347,55.400835102936306,12.693433686636473,50.467959061929676,11.563213631386853,0.6272115311673098,0.12931142044889507,35.39214085641429,35.49554490157942,8.132735626495014,0.4411356330066417,0.0909483842054791,0.0,0.0,34.650875350738104,34.626864807137046,7.933703731881553,0.4303397501879769,0.08872261048655018,34.60624602657584,34.63507636031139
914,18.0727566,-77.6403809,-0.229,,0,11,Very Low Density Rural,93.0,78.0,Saint Elizabeth,Rural,34.64603058204654,7.93809499227347,34.64603058204654,7.93809499227347,52.436067609149234,12.014146460933858,50.467959061929676,11.563213631386853,0.6272115311673098,0.12931142044889507,,,,,,,,,,,,,,
915,18.0100796,-77.3327637,-0.07,1.7434309720993042,0,12,Low Density Rural,30.0,36.0,Clarendon,Rural,34.64603058204654,7.93809499227347,34.64603058204654,7.93809499227347,44.72777474926352,10.24802318729846,38.821506970715134,8.894779716451426,0.4824704085902382,0.09947032342222697,33.551485653899626,33.64951191775262,7.709772737578071,0.41819329105557224,0.08621839013060026,0.0,0.0,34.65058665738557,34.62657631382807,7.933637632324032,0.43033616481750775,0.08872187129518465,34.602729891972594,34.634023875976894
916,18.1980434,-78.2336426,-0.053,,0,11,Very Low Density Rural,75.0,114.0,Westmoreland,Rural,34.64603058204654,7.93809499227347,34.64603058204654,7.93809499227347,43.9738292725112,10.075279276584599,38.821506970715134,8.894779716451426,0.4824704085902382,0.09947032342222697,,,,,,,,,,,,,,
917,18.2815179,-77.9919434,0.092,,0,12,Low Density Rural,58.0,101.0,Westmoreland,Rural,34.64603058204654,7.93809499227347,34.64603058204654,7.93809499227347,38.038342634167876,8.715341183562339,38.821506970715134,8.894779716451426,0.4824704085902382,0.09947032342222697,,,,,,,,,,,,,,
918,18.0518668,-76.7175293,0.36,,0,12,Low Density Rural,5.0,12.0,Saint Andrew,Rural,34.64603058204654,7.93809499227347,34.64603058204654,7.93809499227347,29.09582426113182,6.666432286273078,27.175054879500593,6.226345801515998,0.33772928601316676,0.06962922639555888,,,,,,,,,,,,,,
919,18.093644,-77.0251465,0.201,0.9858490228652954,0,12,Low Density Rural,6.0,95.0,Saint Catherine,Rural,34.64603058204654,7.93809499227347,34.64603058204654,7.93809499227347,34.11013887127829,7.815311538175422,38.821506970715134,8.894779716451426,0.4824704085902382,0.09947032342222697,30.662135646017546,30.751720191695735,7.045830992944741,0.38217978031950706,0.07879352946203919,0.0,0.0,34.57252774924877,34.54857149485347,7.915765176158843,0.42936672751794414,0.08852200361416578,34.31428810093727,34.838266917561754
920,18.1145288,-77.5744629,0.342,0.7870299816131592,0,12,Low Density Rural,66.0,175.0,Manchester,Rural,34.64603058204654,7.93809499227347,34.64603058204654,7.93809499227347,29.62429103022835,6.787514538492815,27.175054879500593,6.226345801515998,0.33772928601316676,0.06962922639555888,32.417136393062,32.51184846626808,7.449111403641543,0.40405450580207913,0.08330341437888152,2.2894259676540187,3.3345043665946448,34.650875350738104,34.626864807137046,7.933703731881553,0.4303397501879769,0.08872261048655018,34.60753138898199,34.63452707933807
921,18.1354112,-77.7282715,0.404,6.298469066619873,0,12,Low Density Rural,56.0,47.0,Saint Elizabeth,Rural,34.64603058204654,7.93809499227347,34.64603058204654,7.93809499227347,27.843364172630384,6.379468758575112,27.175054879500593,6.226345801515998,0.33772928601316676,0.06962922639555888,33.43430032210385,33.53198420945606,7.682844801043669,0.41673266662681707,0.08591725501072583,5.224648012140155,6.077185604217149,34.59753179356254,34.57355821317792,7.921490130512126,0.42967726034214443,0.08858602577989128,34.467344109041136,34.675380613911464
922,18.260653,-78.2556152,0.405,,0,12,Low Density Rural,69.0,101.0,Westmoreland,Rural,34.64603058204654,7.93809499227347,34.64603058204654,7.93809499227347,27.815534725500438,6.373092478487937,27.175054879500593,6.226345801515998,0.33772928601316676,0.06962922639555888,,,,,,,,,,,,,,
923,18.0100796,-76.673584,-0.101,,0,11,Very Low Density Rural,42.0,21.0,Saint Andrew,Rural,34.64603058204654,7.93809499227347,34.64603058204654,7.93809499227347,46.13605127496696,10.57068736119132,38.821506970715134,8.894779716451426,0.4824704085902382,0.09947032342222697,,,,,,,,,,,,,,
924,18.1562911,-76.8273926,0.335,,0,12,Low Density Rural,12.0,18.0,Saint Andrew,Rural,34.64603058204654,7.93809499227347,34.64603058204654,7.93809499227347,29.832388559059975,6.835193823068024,27.175054879500593,6.226345801515998,0.33772928601316676,0.06962922639555888,,,,,,,,,,,,,,
925,18.0100796,-76.9592285,0.843,70.88519287109375,1,30,Urban Centre,0.0,3.0,Saint Catherine,Urban,22.91662051591443,5.07397966218306,22.91662051591443,5.07397966218306,21.34297770393252,4.725558671488038,18.645000109351066,4.128198190939641,0.2172023027032337,0.04722374302752002,16.631927016331012,18.476031413783016,4.090786753059327,0.2152339256827512,0.04679578195418119,0.0,0.0,25.80701095293919,23.928926481693672,5.298114799329633,0.27875665875880495,0.06060678296961676,21.734136235036733,27.78191846606586
926,18.0309744,-77.376709,0.256,1.615671992301941,0,12,Low Density Rural,33.0,20.0,Clarendon,Rural,34.64603058204654,7.93809499227347,34.64603058204654,7.93809499227347,32.284739836295714,7.397076297512534,27.175054879500593,6.226345801515998,0.33772928601316676,0.06962922639555888,33.148328852464346,33.24517722644983,7.617131614358133,0.41316825367443133,0.0851823844303307,0.6259249349328767,1.2880347840204391,34.65058665738557,34.62657631382807,7.933637632324032,0.43033616481750775,0.08872187129518465,34.561927845548844,34.794740816172926
927,18.093644,-77.1789551,-0.673,,0,11,Very Low Density Rural,45.0,55.0,Saint Catherine,Rural,34.64603058204654,7.93809499227347,34.64603058204654,7.93809499227347,81.7441843420346,18.729219176676438,50.467959061929676,11.563213631386853,0.6272115311673098,0.12931142044889507,,,,,,,,,,,,,,
928,17.9891824,-76.5856934,0.204,1.8477940559387207,0,13,Rural Cluster,29.0,37.0,Saint Thomas,Rural,34.64603058204654,7.93809499227347,34.64603058204654,7.93809499227347,34.00796179690881,7.791900737320277,38.821506970715134,8.894779716451426,0.4824704085902382,0.09947032342222697,32.390797907238394,32.48543302816321,7.443059101157932,0.4037262169691608,0.08323573147894635,0.0,0.0,34.65058665738557,34.62657631382807,7.933637632324032,0.43033616481750775,0.08872187129518465,34.602729891972594,34.63512114144663
929,17.9891824,-77.442627,-0.403,,0,11,Very Low Density Rural,72.0,27.0,Manchester,Rural,34.64603058204654,7.93809499227347,34.64603058204654,7.93809499227347,62.40183410800089,14.297501864415352,50.467959061929676,11.563213631386853,0.6272115311673098,0.12931142044889507,,,,,,,,,,,,,,
930,18.093644,-77.3986816,0.437,,0,12,Low Density Rural,37.0,35.0,Clarendon,Rural,34.64603058204654,7.93809499227347,34.64603058204654,7.93809499227347,26.939528465699663,6.172382013614994,27.175054879500593,6.226345801515998,0.33772928601316676,0.06962922639555888,,,,,,,,,,,,,,
931,18.4275017,-77.4645996,-0.287,1.0124540328979492,0,12,Low Density Rural,57.0,80.0,Trelawny,Rural,34.64603058204654,7.93809499227347,34.64603058204654,7.93809499227347,55.56728716149393,12.73157116531129,50.467959061929676,11.563213631386853,0.6272115311673098,0.12931142044889507,36.41182740009625,36.51821062964712,8.367048693774665,0.4538452362697055,0.09356870728568455,0.0,0.0,34.65074619627431,34.62673574216793,7.933674160528997,0.4303381461794455,0.08872227979010838,34.60753138898199,34.634619358554716
932,18.093644,-77.1350098,-0.162,,0,12,Low Density Rural,35.0,103.0,Saint Catherine,Rural,34.64603058204654,7.93809499227347,34.64603058204654,7.93809499227347,49.037958805047154,11.235572118422562,50.467959061929676,11.563213631386853,0.6272115311673098,0.12931142044889507,,,,,,,,,,,,,,
933,17.9682826,-77.5524902,-0.311,,0,11,Very Low Density Rural,67.0,50.0,Manchester,Rural,34.64603058204654,7.93809499227347,34.64603058204654,7.93809499227347,56.917034230966074,13.040825076163774,50.467959061929676,11.563213631386853,0.6272115311673098,0.12931142044889507,,,,,,,,,,,,,,
934,18.0518668,-77.7722168,-0.157,,0,11,Very Low Density Rural,65.0,78.0,Saint Elizabeth,Rural,34.64603058204654,7.93809499227347,34.64603058204654,7.93809499227347,48.79338096515858,11.17953446869981,50.467959061929676,11.563213631386853,0.6272115311673098,0.12931142044889507,,,,,,,,,,,,,,
935,18.0727566,-77.8601074,0.49,0.0,0,11,Very Low Density Rural,59.0,90.0,Saint Elizabeth,Rural,34.64603058204654,7.93809499227347,34.64603058204654,7.93809499227347,25.548910342567474,5.853763731117701,27.175054879500593,6.226345801515998,0.33772928601316676,0.06962922639555888,34.87044702670262,34.972326856292646,8.012855961339078,0.43463312334668125,0.08960776988506437,8.921776653939489,9.957203236991537,34.649961136348615,34.62595122623183,7.9334944123177555,0.4303283962816756,0.08872026966582462,34.60677546433613,34.63392529892929
936,17.9264757,-77.3547363,-0.505,,0,11,Very Low Density Rural,41.0,124.0,Clarendon,Rural,34.64603058204654,7.93809499227347,34.64603058204654,7.93809499227347,69.10275969670859,15.832817251652871,50.467959061929676,11.563213631386853,0.6272115311673098,0.12931142044889507,,,,,,,,,,,,,,
937,17.9891824,-77.2009277,-0.313,0.39883700013160706,0,12,Low Density Rural,18.0,7.0,Clarendon,Rural,34.64603058204654,7.93809499227347,34.64603058204654,7.93809499227347,57.030982209423804,13.066932825362716,50.467959061929676,11.563213631386853,0.6272115311673098,0.12931142044889507,37.38783158953963,37.497066378189345,8.591324023015055,0.4660103728087462,0.09607677833930565,0.0,0.0,34.230245031252224,34.20652595395681,7.837395736725044,0.42511581443522,0.08764559815665,33.71251447107419,34.65359102715823
938,18.1980434,-77.2668457,0.353,5.511927127838135,0,13,Rural Cluster,49.0,228.0,Clarendon,Rural,34.64603058204654,7.93809499227347,34.64603058204654,7.93809499227347,29.300209544880307,6.7132610216335715,27.175054879500593,6.226345801515998,0.33772928601316676,0.06962922639555888,31.39064145546004,31.482354452421475,7.21323384022087,0.39126004118027913,0.08066559553800508,1.1353197952927363,2.7442360919543702,34.650875350738104,34.626864807137046,7.933703731881553,0.4303397501879769,0.08872261048655018,34.55678560315895,34.64514337851638
939,18.0727566,-76.6955566,-0.239,1.8698840141296387,0,11,Very Low Density Rural,10.0,15.0,Saint Andrew,Rural,34.64603058204654,7.93809499227347,34.64603058204654,7.93809499227347,52.963058849857916,12.13489064023991,50.467959061929676,11.563213631386853,0.6272115311673098,0.12931142044889507,35.21097269041711,35.31384742255495,8.091105118638213,0.4388775120890049,0.09048283022744312,0.0,0.0,34.59563177592355,34.571659512113364,7.921055100317925,0.4296536634457359,0.08858116083713889,34.302936367880086,34.65410615477773
940,18.3649523,-77.5085449,-0.066,,0,11,Very Low Density Rural,81.0,86.0,Trelawny,Rural,34.64603058204654,7.93809499227347,34.64603058204654,7.93809499227347,44.549220995844905,10.20711296953174,38.821506970715134,8.894779716451426,0.4824704085902382,0.09947032342222697,,,,,,,,,,,,,,
941,18.4066544,-77.5305176,-0.423,,0,12,Low Density Rural,66.0,76.0,Trelawny,Rural,34.64603058204654,7.93809499227347,34.64603058204654,7.93809499227347,63.66243477710982,14.58633056111158,50.467959061929676,11.563213631386853,0.6272115311673098,0.12931142044889507,,,,,,,,,,,,,,
942,18.0518668,-77.6184082,0.119,0.0,0,12,Low Density Rural,74.0,74.0,Saint Elizabeth,Rural,34.64603058204654,7.93809499227347,34.64603058204654,7.93809499227347,37.02504841192176,8.483175314740421,38.821506970715134,8.894779716451426,0.4824704085902382,0.09947032342222697,32.71220538771142,32.80777955422158,7.516915104321732,0.40773231235985097,0.0840616631777144,0.0,0.0,34.649961136348615,34.62595122623183,7.9334944123177555,0.4303283962816756,0.08872026966582462,34.60830162113958,34.633440492397064
943,18.260653,-76.6955566,0.66,11.202629089355469,0,13,Rural Cluster,38.0,76.0,Portland,Rural,34.64603058204654,7.93809499227347,34.64603058204654,7.93809499227347,21.554716758399632,4.938614504611977,27.175054879500593,6.226345801515998,0.33772928601316676,0.06962922639555888,35.5551222636848,35.65900248622691,8.170187011613047,0.44316707005805595,0.09136720305305673,13.298642626028801,14.686473717346331,34.703254045763266,34.679207207525266,7.945696417318383,0.43099025711757516,0.08885672469028882,34.03803655811141,35.259687936791956
944,18.4483464,-77.9699707,1.069,6.353302955627441,0,12,Low Density Rural,6.0,9.0,Saint James,Rural,34.64603058204654,7.93809499227347,34.64603058204654,7.93809499227347,14.319105116279076,3.280791903366671,27.175054879500593,6.226345801515998,0.33772928601316676,0.06962922639555888,42.62767976333244,42.75222364276079,9.79538511932781,0.5313210232828857,0.10954179383022694,27.540547887857542,29.483736109570277,33.979038197772226,33.95549318859392,7.779879135136163,0.4219960004371303,0.08700238998909846,31.395038308736844,34.951146568832456
945,18.0727566,-76.673584,0.228,0.0,0,11,Very Low Density Rural,18.0,55.0,Saint Andrew,Rural,34.64603058204654,7.93809499227347,34.64603058204654,7.93809499227347,33.20148712031498,7.607121341697903,38.821506970715134,8.894779716451426,0.4824704085902382,0.09947032342222697,32.82263181209786,32.918528607833,7.542289916186251,0.40910869224090984,0.08434542970408193,0.0,0.12389290620976891,34.650309286624534,34.62629913526486,7.9335741251999075,0.4303327200657431,0.08872116109500233,34.60880027677939,34.66286919913633
946,18.4483464,-77.7062988,0.392,4.417250156402588,0,13,Rural Cluster,25.0,28.0,Trelawny,Rural,34.64603058204654,7.93809499227347,34.64603058204654,7.93809499227347,28.179497307925775,6.456483548240748,27.175054879500593,6.226345801515998,0.33772928601316676,0.06962922639555888,33.099645233309985,33.1963513699786,7.605944639104794,0.4125614500555194,0.0850572804837419,4.5778167342691125,5.40151396815458,34.65058665738557,34.62657631382807,7.933637632324032,0.43033616481750775,0.08872187129518465,34.576115985699694,34.646152543905934
947,18.1562911,-77.376709,0.098,2.690156936645508,0,12,Low Density Rural,48.0,30.0,Clarendon,Rural,34.64603058204654,7.93809499227347,34.64603058204654,7.93809499227347,37.81079590120156,8.66320569932005,38.821506970715134,8.894779716451426,0.4824704085902382,0.09947032342222697,32.82760398310075,32.92351530586315,7.543432467930161,0.4091706665027008,0.08435820686047212,0.0,0.0,34.65058665738557,34.62657631382807,7.933637632324032,0.43033616481750775,0.08872187129518465,34.60094096421962,34.63550157680634
948,18.1354112,-77.3547363,0.314,,0,11,Very Low Density Rural,44.0,30.0,Clarendon,Rural,34.64603058204654,7.93809499227347,34.64603058204654,7.93809499227347,30.46549304953117,6.9802506593336915,27.175054879500593,6.226345801515998,0.33772928601316676,0.06962922639555888,,,,,,,,,,,,,,
949,18.1771685,-77.5085449,0.222,,0,11,Very Low Density Rural,60.0,64.0,Manchester,Rural,34.64603058204654,7.93809499227347,34.64603058204654,7.93809499227347,33.401294866853604,7.652901272199887,38.821506970715134,8.894779716451426,0.4824704085902382,0.09947032342222697,,,,,,,,,,,,,,
950,18.3649523,-77.6623535,-0.179,,0,11,Very Low Density Rural,59.0,342.0,Trelawny,Rural,34.64603058204654,7.93809499227347,34.64603058204654,7.93809499227347,49.87873041493156,11.428209623901406,50.467959061929676,11.563213631386853,0.6272115311673098,0.12931142044889507,,,,,,,,,,,,,,
951,18.0727566,-77.9699707,0.407,,1,22,Semi-dense Urban Cluster,,,,Unknown,,,,,,,,,,,,,,,,,,,,,,,,
952,17.9264757,-77.5524902,-0.604,,0,11,Very Low Density Rural,92.0,106.0,Manchester,Rural,34.64603058204654,7.93809499227347,34.64603058204654,7.93809499227347,76.29402818765169,17.48047995462441,50.467959061929676,11.563213631386853,0.6272115311673098,0.12931142044889507,,,,,,,,,,,,,,
953,18.2815179,-77.5744629,-0.182,1.5707579851150513,0,12,Low Density Rural,60.0,61.0,Trelawny,Rural,34.64603058204654,7.93809499227347,34.64603058204654,7.93809499227347,50.02859128508595,11.462545731181953,50.467959061929676,11.563213631386853,0.6272115311673098,0.12931142044889507,34.73068040734692,34.83215188543656,7.980739086317574,0.4328910406523109,0.08924860686500763,0.0,0.0,34.65074619627431,34.62673574216793,7.933674160528997,0.4303381461794455,0.08872227979010838,34.60753138898199,34.635073643365224
954,18.3023803,-78.0578613,-0.254,3.8585989475250244,0,12,Low Density Rural,68.0,41.0,Westmoreland,Rural,34.64603058204654,7.93809499227347,34.64603058204654,7.93809499227347,53.763492980501944,12.318286026590538,50.467959061929676,11.563213631386853,0.6272115311673098,0.12931142044889507,35.771649216750575,35.87616205891649,8.219942590752455,0.4458659108795588,0.09192361970493888,0.0,0.0,34.65074619627431,34.62673574216793,7.933674160528997,0.4303381461794455,0.08872227979010838,34.603495635253346,34.6698035832372
955,18.2397857,-77.1350098,0.093,,0,11,Very Low Density Rural,51.0,63.0,Saint Ann,Rural,34.64603058204654,7.93809499227347,34.64603058204654,7.93809499227347,38.00032330436689,8.706630198597175,38.821506970715134,8.894779716451426,0.4824704085902382,0.09947032342222697,,,,,,,,,,,,,,
956,18.4066544,-77.6843262,0.373,0.3276459872722626,0,11,Very Low Density Rural,28.0,144.0,Trelawny,Rural,34.64603058204654,7.93809499227347,34.64603058204654,7.93809499227347,28.720026523501602,6.580329546967178,27.175054879500593,6.226345801515998,0.33772928601316676,0.06962922639555888,33.09353332128961,33.1902216009874,7.604540187058908,0.41248526980440303,0.08504157449622016,3.895365392010588,4.920052139852006,34.650438441088326,34.626428200233974,7.9336036965524634,0.4303343240742745,0.08872149179144413,34.60786013810286,34.63432822689843
957,18.3649523,-77.8820801,0.117,,0,11,Very Low Density Rural,15.0,138.0,Saint James,Rural,34.64603058204654,7.93809499227347,34.64603058204654,7.93809499227347,37.09917260823385,8.50015864303709,38.821506970715134,8.894779716451426,0.4824704085902382,0.09947032342222697,,,,,,,,,,,,,,
958,17.8637468,-77.7502441,0.29,,0,13,Rural Cluster,,,,Unknown,,,,,,,,,,,,,,,,,,,,,,,,
959,17.8846589,-76.607666,0.512,15.294722557067871,1,23,Dense Urban Cluster,10.0,64.0,Saint Thomas,Urban,22.91662051591443,5.07397966218306,22.91662051591443,5.07397966218306,29.717104003085904,6.579677890373271,26.635714441930098,5.89742598705663,0.31028900386176245,0.06746249003931432,18.62246963083131,20.6872801668511,4.580380373257537,0.2409935565864358,0.05239639564537873,0.0,0.0,22.863053215867094,21.199212901764792,4.693727639428565,0.24695724487821813,0.053693010275529085,20.2509593758596,22.761176784139757
960,18.1354112,-76.7834473,-0.311,,0,12,Low Density Rural,19.0,57.0,Saint Andrew,Rural,34.64603058204654,7.93809499227347,34.64603058204654,7.93809499227347,56.917034230966074,13.040825076163774,50.467959061929676,11.563213631386853,0.6272115311673098,0.12931142044889507,,,,,,,,,,,,,,
961,18.0727566,-77.4206543,0.088,0.5371310114860535,0,12,Low Density Rural,66.0,30.0,Manchester,Rural,34.64603058204654,7.93809499227347,34.64603058204654,7.93809499227347,38.19080071759401,8.750272364082734,38.821506970715134,8.894779716451426,0.4824704085902382,0.09947032342222697,33.113387616964964,33.21013390430053,7.609102491962501,0.4127327382275815,0.08509259475290756,0.0,0.0,34.65058665738557,34.62657631382807,7.933637632324032,0.43033616481750775,0.08872187129518465,34.60293168685616,34.63550157680634
962,18.1771685,-77.1130371,-0.205,,0,11,Very Low Density Rural,44.0,137.0,Saint Catherine,Rural,34.64603058204654,7.93809499227347,34.64603058204654,7.93809499227347,51.19258348271198,11.729239504748287,50.467959061929676,11.563213631386853,0.6272115311673098,0.12931142044889507,,,,,,,,,,,,,,
963,18.0727566,-77.2888184,-0.343,4.520297050476074,0,12,Low Density Rural,34.0,18.0,Clarendon,Rural,34.64603058204654,7.93809499227347,34.64603058204654,7.93809499227347,58.767834193523115,13.46488017476105,50.467959061929676,11.563213631386853,0.6272115311673098,0.12931142044889507,37.77370063121687,37.884062800659265,8.679992603848904,0.47081993164974817,0.09706835909724393,0.0,0.0,34.64082877630691,34.616825194253316,7.9314034568019025,0.4302149787273081,0.0886968865098552,34.341801389409916,34.823721606538186
964,18.3023803,-77.0251465,-0.189,3.6158499717712402,0,11,Very Low Density Rural,36.0,77.0,Saint Mary,Rural,34.64603058204654,7.93809499227347,34.64603058204654,7.93809499227347,50.3800199895478,11.543065040094511,50.467959061929676,11.563213631386853,0.6272115311673098,0.12931142044889507,34.690578604603004,34.79193291858441,7.971524120735661,0.432391202730386,0.08914555590298523,0.0,0.0,34.65074619627431,34.62673574216793,7.933674160528997,0.4303381461794455,0.08872227979010838,34.61066441390419,34.68559334268755
965,17.8846589,-76.2780762,0.274,,0,10,Water,60.0,107.0,Saint Thomas,Rural,34.64603058204654,7.93809499227347,34.64603058204654,7.93809499227347,31.708813407035358,7.2651200927980275,27.175054879500593,6.226345801515998,0.33772928601316676,0.06962922639555888,,,,,,,,,,,,,,
966,17.9682826,-76.6955566,0.035,4.0465497970581055,0,12,Low Density Rural,3.0,17.0,Saint Andrew,Rural,34.64603058204654,7.93809499227347,34.64603058204654,7.93809499227347,40.26951244747669,9.226546583557464,38.821506970715134,8.894779716451426,0.4824704085902382,0.09947032342222697,30.48712849257166,30.57620172564877,7.005616219910945,0.3799984516530879,0.07834380764682385,0.0,0.0,34.33590785875087,34.31211556477909,7.861588417584096,0.42642807319721854,0.08791614491173712,33.59757390164061,34.749160694765294
967,18.4900283,-77.8161621,-0.006,,0,11,Very Low Density Rural,32.0,18.0,Saint James,Rural,34.64603058204654,7.93809499227347,34.64603058204654,7.93809499227347,41.954876332693495,9.612696984992796,38.821506970715134,8.894779716451426,0.4824704085902382,0.09947032342222697,,,,,,,,,,,,,,
968,18.3232401,-77.4645996,-0.329,,0,11,Very Low Density Rural,104.0,203.0,Trelawny,Rural,34.64603058204654,7.93809499227347,34.64603058204654,7.93809499227347,57.95081697988019,13.277685274125565,50.467959061929676,11.563213631386853,0.6272115311673098,0.12931142044889507,,,,,,,,,,,,,,
969,17.9682826,-76.5197754,0.424,,0,12,Low Density Rural,59.0,67.0,Saint Thomas,Rural,34.64603058204654,7.93809499227347,34.64603058204654,7.93809499227347,27.292028622409145,6.253146813557218,27.175054879500593,6.226345801515998,0.33772928601316676,0.06962922639555888,,,,,,,,,,,,,,
970,18.4275017,-77.376709,1.342,1.169010043144226,0,12,Low Density Rural,58.0,87.0,Saint Ann,Rural,34.64603058204654,7.93809499227347,34.64603058204654,7.93809499227347,10.898167629300575,2.4969870553637765,27.175054879500593,6.226345801515998,0.33772928601316676,0.06962922639555888,50.40411256877505,50.551376594246555,11.58232624788081,0.6282482372109695,0.1295251568431289,38.4887848361183,40.64198487640783,34.49681467484359,34.472910884117844,7.898429824746204,0.42842642384031154,0.08832814237570656,33.77175230651736,35.63110052998859
971,18.4691886,-77.6843262,0.414,,0,12,Low Density Rural,26.0,51.0,Trelawny,Rural,34.64603058204654,7.93809499227347,34.64603058204654,7.93809499227347,27.566318070130254,6.315991983835302,27.175054879500593,6.226345801515998,0.33772928601316676,0.06962922639555888,,,,,,,,,,,,,,
972,18.0100796,-77.0690918,0.1,1.7934139966964722,0,12,Low Density Rural,8.0,20.0,Saint Catherine,Rural,34.64603058204654,7.93809499227347,34.64603058204654,7.93809499227347,37.735249880601756,8.64589660278764,38.821506970715134,8.894779716451426,0.4824704085902382,0.09947032342222697,31.60867298810771,31.701023000573258,7.26333515566423,0.3939776354213324,0.08122587855904634,0.0,0.0,34.6469994366471,34.622991578773416,7.932816298194035,0.43029161403312394,0.08871268631543777,34.50502521918647,34.78330784121537
973,18.1771685,-77.9919434,-0.375,1.314790964126587,0,12,Low Density Rural,52.0,210.0,Westmoreland,Rural,34.64603058204654,7.93809499227347,34.64603058204654,7.93809499227347,60.67881755368132,13.902724487276625,50.467959061929676,11.563213631386853,0.6272115311673098,0.12931142044889507,37.30532220665197,37.414315930371785,8.572364248853528,0.46498195723488195,0.09586475118090719,0.0,0.0,34.650875350738104,34.626864807137046,7.933703731881553,0.4303397501879769,0.08872261048655018,34.60753138898199,34.63507636031139
974,18.0518668,-77.6403809,0.095,1.3557629585266113,0,12,Low Density Rural,72.0,56.0,Saint Elizabeth,Rural,34.64603058204654,7.93809499227347,34.64603058204654,7.93809499227347,37.92439860776299,8.68923433985734,38.821506970715134,8.894779716451426,0.4824704085902382,0.09947032342222697,32.61813630564513,32.71343563363535,7.495299034862245,0.4065598140859539,0.08381993066844542,0.0,0.0,34.65074619627431,34.62673574216793,7.933674160528997,0.4303381461794455,0.08872227979010838,34.60753138898199,34.635073643365224
975,18.2815179,-76.8713379,-0.276,1.8161890506744385,0,12,Low Density Rural,36.0,43.0,Saint Mary,Rural,34.64603058204654,7.93809499227347,34.64603058204654,7.93809499227347,54.95939653073815,12.59229132601123,50.467959061929676,11.563213631386853,0.6272115311673098,0.12931142044889507,36.356957982929,36.46318090232192,8.354440288264202,0.4531613314679876,0.0934277074842342,0.0,0.0,34.65074619627431,34.62673574216793,7.933674160528997,0.4303381461794455,0.08872227979010838,34.60734054970843,34.63512114144663
976,18.1980434,-78.0578613,0.456,,0,10,Water,,,,Unknown,,,,,,,,,,,,,,,,,,,,,,,,
977,18.2189158,-78.2336426,0.092,,0,12,Low Density Rural,70.0,97.0,Westmoreland,Rural,34.64603058204654,7.93809499227347,34.64603058204654,7.93809499227347,38.038342634167876,8.715341183562339,38.821506970715134,8.894779716451426,0.4824704085902382,0.09947032342222697,,,,,,,,,,,,,,
978,17.9473804,-77.2888184,0.507,4.515567779541016,0,13,Rural Cluster,15.0,8.0,Clarendon,Rural,34.64603058204654,7.93809499227347,34.64603058204654,7.93809499227347,25.118249852598733,5.755090843593253,27.175054879500593,6.226345801515998,0.33772928601316676,0.06962922639555888,34.05857723025953,34.15808504676789,7.826296961011995,0.4245137949334641,0.08752148054553864,8.458396262849178,9.7937015873423,34.34826493879411,34.32446408226204,7.86441770864996,0.42658153952916633,0.08794778487431612,33.77903804672954,34.82781223728972
979,18.4275017,-77.2009277,1.028,24.756685256958008,1,22,Semi-dense Urban Cluster,31.0,58.0,Saint Ann,Urban,22.91662051591443,5.07397966218306,22.91662051591443,5.07397966218306,17.738240199898723,3.9274320554682687,18.645000109351066,4.128198190939641,0.2172023027032337,0.04722374302752002,26.423352750310997,29.3531047239956,6.499084639816501,0.3419448592195752,0.07434505049161394,8.76838561243163,10.715427957883252,21.928124393471027,20.332322772662724,4.501789090664076,0.23685853041710966,0.051497365520918534,19.555752845387257,21.93454956015893
980,18.2815179,-77.2009277,-0.461,,0,11,Very Low Density Rural,44.0,58.0,Saint Ann,Rural,34.64603058204654,7.93809499227347,34.64603058204654,7.93809499227347,66.12815936407424,15.151277126916742,50.467959061929676,11.563213631386853,0.6272115311673098,0.12931142044889507,,,,,,,,,,,,,,
981,17.9682826,-76.8713379,1.249,15.317469596862793,1,30,Urban Centre,0.0,0.0,Saint Catherine,Urban,22.91662051591443,5.07397966218306,22.91662051591443,5.07397966218306,14.221043047252893,3.148687789575318,18.645000109351066,4.128198190939641,0.2172023027032337,0.04722374302752002,25.4545385237386,28.27687091977703,6.260795210074158,0.3294074251003822,0.07161918359379299,11.176166501821536,14.367318571569133,29.510883502282347,27.36325268446151,6.058510569467081,0.31876435814739934,0.06930518667683089,24.048427375274546,31.2482067098883
982,18.260653,-76.8493652,0.172,6.055339813232422,0,12,Low Density Rural,34.0,107.0,Saint Mary,Rural,34.64603058204654,7.93809499227347,34.64603058204654,7.93809499227347,35.11381587505605,8.045273910883045,38.821506970715134,8.894779716451426,0.4824704085902382,0.09947032342222697,31.724514344818335,31.817202807137196,7.28995426109117,0.39542150824123923,0.08152356002058168,0.0,0.0,34.63134031548834,34.60734330824995,7.92923096804818,0.4300971386491859,0.0886725915676697,34.55782560468183,34.698878585322944
983,18.3440975,-76.8713379,-0.541,,0,12,Low Density Rural,71.0,72.0,Saint Mary,Rural,34.64603058204654,7.93809499227347,34.64603058204654,7.93809499227347,71.63577984825032,16.413182570348308,50.467959061929676,11.563213631386853,0.6272115311673098,0.12931142044889507,,,,,,,,,,,,,,
984,18.2397857,-77.5744629,-0.199,3.9809510707855225,0,12,Low Density Rural,67.0,75.0,Manchester,Rural,34.64603058204654,7.93809499227347,34.64603058204654,7.93809499227347,50.88634760814648,11.65907477241088,50.467959061929676,11.563213631386853,0.6272115311673098,0.12931142044889507,34.55345131579442,34.65440498952004,7.940013735659417,0.43068201724775373,0.08879317526011268,0.0,0.0,34.65074619627431,34.62673574216793,7.933674160528997,0.4303381461794455,0.08872227979010838,34.593799278660555,34.64886072671075
985,18.0309744,-76.2780762,0.889,2.2611498832702637,0,13,Rural Cluster,74.0,213.0,Portland,Rural,34.64603058204654,7.93809499227347,34.64603058204654,7.93809499227347,17.143081269575656,3.9278210315000304,27.175054879500593,6.226345801515998,0.33772928601316676,0.06962922639555888,38.81275576271812,38.926153705107474,8.918756365559046,0.48377094936362947,0.09973845429419283,20.582101232521353,22.6309158440533,34.24774430794205,34.22401310491701,7.841402390968956,0.4253331432698582,0.08769040457189442,34.00171146747302,34.67959058591766
986,18.1145288,-76.3220215,0.9,2.387495994567871,0,13,Rural Cluster,84.0,211.0,Portland,Rural,34.64603058204654,7.93809499227347,34.64603058204654,7.93809499227347,16.9555407395553,3.8848517643951763,27.175054879500593,6.226345801515998,0.33772928601316676,0.06962922639555888,38.91257781376266,39.026267402930785,8.941694405790445,0.4850151539415386,0.09999497040287948,20.802837530089167,22.95536700192178,34.308249038387004,34.2844759099718,7.855255622694527,0.42608456990255705,0.08784532526516768,34.122638527416846,34.7151514753408
987,18.1771685,-76.8273926,0.601,0.0,0,12,Low Density Rural,16.0,58.0,Saint Mary,Rural,34.64603058204654,7.93809499227347,34.64603058204654,7.93809499227347,22.864709858477315,5.238759990052612,27.175054879500593,6.226345801515998,0.33772928601316676,0.06962922639555888,35.51426787986705,35.61802873950973,8.160799110945463,0.4426578517957401,0.09126221815793525,12.150999456302648,13.317269165294396,34.686480112934966,34.6624448978159,7.9418558386279114,0.43078193654876024,0.08881377549799313,34.57546101750327,34.791778848916096
988,18.1562911,-77.5964355,0.275,,0,11,Very Low Density Rural,83.0,83.0,Manchester,Rural,34.64603058204654,7.93809499227347,34.64603058204654,7.93809499227347,31.67712044275154,7.257858604054725,27.175054879500593,6.226345801515998,0.33772928601316676,0.06962922639555888,,,,,,,,,,,,,,
989,18.2189158,-77.7941895,-0.008,,0,12,Low Density Rural,38.0,56.0,Saint Elizabeth,Rural,34.64603058204654,7.93809499227347,34.64603058204654,7.93809499227347,42.038870051079364,9.631941617180091,38.821506970715134,8.894779716451426,0.4824704085902382,0.09947032342222697,,,,,,,,,,,,,,
990,18.0727566,-76.2780762,0.439,,0,10,Water,,,,Unknown,,,,,,,,,,,,,,,,,,,,,,,,
991,17.9055685,-77.6184082,0.325,3.1045799255371094,1,21,Suburban / Peri-urban,76.0,59.0,Saint Elizabeth,Urban,22.91662051591443,5.07397966218306,22.91662051591443,5.07397966218306,35.82775141878671,7.9326391914737435,34.62642877450913,7.66665378317362,0.40337570502029124,0.08770123705110862,20.222555184536034,22.4647790054379,4.973937222107925,0.26170027895324055,0.05689841484048937,0.0,0.0,22.8735372053884,21.20893392737863,4.695879976254404,0.24707048859694056,0.053717631525883575,21.092213274885978,21.542354577204954
992,18.2397857,-76.9592285,-0.092,0.0,0,12,Low Density Rural,35.0,102.0,Saint Catherine,Rural,34.64603058204654,7.93809499227347,34.64603058204654,7.93809499227347,45.72268973062843,10.475978006324778,38.821506970715134,8.894779716451426,0.4824704085902382,0.09947032342222697,33.596397456021386,33.69455493719842,7.7200929895980765,0.4187530818955451,0.08633380151109012,0.0,0.0,34.650438441088326,34.626428200233974,7.9336036965524634,0.4303343240742745,0.08872149179144413,34.60830162113958,34.63432822689843
993,18.260653,-77.8161621,-0.08,,0,11,Very Low Density Rural,34.0,28.0,Saint James,Rural,34.64603058204654,7.93809499227347,34.64603058204654,7.93809499227347,45.177296358796646,10.351017532613238,38.821506970715134,8.894779716451426,0.4824704085902382,0.09947032342222697,,,,,,,,,,,,,,
994,17.9473804,-77.5964355,0.356,1.2361689805984497,0,12,Low Density Rural,72.0,55.0,Saint Elizabeth,Rural,34.64603058204654,7.93809499227347,34.64603058204654,7.93809499227347,29.2124406354365,6.693151418056236,27.175054879500593,6.226345801515998,0.33772928601316676,0.06962922639555888,33.35048266696165,33.44792166704827,7.663584399903491,0.41568794445224466,0.08570186594076248,3.842979573265085,4.5531734556579915,34.65074619627431,34.62673574216793,7.933674160528997,0.4303381461794455,0.08872227979010838,34.60753138898199,34.635073643365224
995,17.9473804,-76.3439941,0.09,2.0654220581054688,0,13,Rural Cluster,66.0,97.0,Saint Thomas,Rural,34.64603058204654,7.93809499227347,34.64603058204654,7.93809499227347,38.114495446864645,8.732789308238099,38.821506970715134,8.894779716451426,0.4824704085902382,0.09947032342222697,31.937791742331665,32.03110333015555,7.338963127102406,0.3980798458687863,0.08207162617939591,0.0,0.0,34.650875350738104,34.626864807137046,7.933703731881553,0.4303397501879769,0.08872261048655018,34.60753138898199,34.63502886222999
996,18.2815179,-78.1896973,-0.111,,0,11,Very Low Density Rural,60.0,57.0,Westmoreland,Rural,34.64603058204654,7.93809499227347,34.64603058204654,7.93809499227347,46.59972629888412,10.676924535365796,38.821506970715134,8.894779716451426,0.4824704085902382,0.09947032342222697,,,,,,,,,,,,,,
997,18.2397857,-77.4206543,-0.469,,0,11,Very Low Density Rural,118.0,185.0,Saint Ann,Rural,34.64603058204654,7.93809499227347,34.64603058204654,7.93809499227347,66.65930639432669,15.272973480299079,50.467959061929676,11.563213631386853,0.6272115311673098,0.12931142044889507,,,,,,,,,,,,,,
998,18.1354112,-76.7175293,-0.351,1.2450649738311768,0,12,Low Density Rural,17.0,79.0,Portland,Rural,34.64603058204654,7.93809499227347,34.64603058204654,7.93809499227347,59.23986246266645,13.573031243629526,50.467959061929676,11.563213631386853,0.6272115311673098,0.12931142044889507,37.117803422232036,37.22624927853314,8.529274436771344,0.46264468077564413,0.09538287780341474,0.0,0.0,34.65074619627431,34.62673574216793,7.933674160528997,0.4303381461794455,0.08872227979010838,34.60753138898199,34.675732898530875
999,17.9682826,-76.8273926,0.473,,0,10,Water,,,,Unknown,,,,,,,,,,,,,,,,,,,,,,,,
1000,18.1562911,-77.8381348,-0.164,,0,11,Very Low Density Rural,46.0,68.0,Saint Elizabeth,Rural,34.64603058204654,7.93809499227347,34.64603058204654,7.93809499227347,49.136132863991506,11.2580657487919,50.467959061929676,11.563213631386853,0.6272115311673098,0.12931142044889507,,,,,,,,,,,,,,
1001,18.2815179,-78.0578613,0.234,,0,12,Low Density Rural,41.0,42.0,Westmoreland,Rural,34.64603058204654,7.93809499227347,34.64603058204654,7.93809499227347,33.00287463089845,7.56161526838579,38.821506970715134,8.894779716451426,0.4824704085902382,0.09947032342222697,,,,,,,,,,,,,,
1002,18.0727566,-76.7834473,0.859,5.864208221435547,0,12,Low Density Rural,1.0,8.0,Saint Andrew,Rural,34.64603058204654,7.93809499227347,34.64603058204654,7.93809499227347,17.665165820167847,4.0474409904671855,27.175054879500593,6.226345801515998,0.33772928601316676,0.06962922639555888,36.62531883880176,36.732325819214715,8.416106744163761,0.4565062417549893,0.09411732347340664,18.020921388590196,19.965192805951432,34.43946328984252,34.415599239467234,7.885298586570951,0.42771415956287334,0.08818129573645692,33.25667364217068,36.05498204033827
1003,17.9264757,-76.6296387,0.027,,0,11,Very Low Density Rural,5.0,28.0,Saint Thomas,Rural,34.64603058204654,7.93809499227347,34.64603058204654,7.93809499227347,40.59296061467023,9.300654994625761,38.821506970715134,8.894779716451426,0.4824704085902382,0.09947032342222697,,,,,,,,,,,,,,
1004,18.2189158,-77.376709,0.38,1.2928240299224854,0,11,Very Low Density Rural,54.0,41.0,Saint Ann,Rural,34.64603058204654,7.93809499227347,34.64603058204654,7.93809499227347,28.519688339527917,6.53442808269419,27.175054879500593,6.226345801515998,0.33772928601316676,0.06962922639555888,34.04182960464835,34.14128849017392,7.822448535678816,0.4243050487472608,0.08747844360423591,5.355772203976085,5.952712781959117,34.65074619627431,34.62673574216793,7.933674160528997,0.4303381461794455,0.08872227979010838,34.6055047351195,34.6351226967999
1005,18.0518668,-77.0690918,0.253,,0,11,Very Low Density Rural,10.0,24.0,Saint Catherine,Rural,34.64603058204654,7.93809499227347,34.64603058204654,7.93809499227347,32.38173948252422,7.419300846560233,27.175054879500593,6.226345801515998,0.33772928601316676,0.06962922639555888,,,,,,,,,,,,,,
1006,18.260653,-76.7834473,0.347,0.5236949920654297,0,12,Low Density Rural,30.0,33.0,Saint Mary,Rural,34.64603058204654,7.93809499227347,34.64603058204654,7.93809499227347,29.47653926231305,6.75366166850211,27.175054879500593,6.226345801515998,0.33772928601316676,0.06962922639555888,33.595604841399634,33.69376000682079,7.719910855231055,0.4187432025679759,0.08633176470242578,3.8638994022687996,4.543121633185046,34.65058665738557,34.62657631382807,7.933637632324032,0.43033616481750775,0.08872187129518465,34.602729891972594,34.633930690547594
1007,18.1354112,-76.3439941,0.265,1.3049919605255127,0,13,Rural Cluster,104.0,217.0,Portland,Rural,34.64603058204654,7.93809499227347,34.64603058204654,7.93809499227347,31.99548079594651,7.330801295698741,27.175054879500593,6.226345801515998,0.33772928601316676,0.06962922639555888,30.874003973716132,30.964207528066762,7.094516069775518,0.3848205549828017,0.07933797468638089,0.0,0.0,34.650875350738104,34.626864807137046,7.933703731881553,0.4303397501879769,0.08872261048655018,34.60625248260303,34.63502886222999
1008,18.0727566,-77.7062988,-0.211,1.4943679571151733,0,12,Low Density Rural,68.0,117.0,Saint Elizabeth,Rural,34.64603058204654,7.93809499227347,34.64603058204654,7.93809499227347,51.500662295811665,11.799826490974622,50.467959061929676,11.563213631386853,0.6272115311673098,0.12931142044889507,34.643120418496885,34.744336075468546,7.960618736896918,0.4317996731856149,0.08902360099324452,0.0,0.0,34.650875350738104,34.626864807137046,7.933703731881553,0.4303397501879769,0.08872261048655018,34.60753138898199,34.63502886222999
1009,18.0518668,-76.9152832,-0.206,,0,11,Very Low Density Rural,8.0,15.0,Saint Catherine,Rural,34.64603058204654,7.93809499227347,34.64603058204654,7.93809499227347,51.24380167102066,11.740974610828149,50.467959061929676,11.563213631386853,0.6272115311673098,0.12931142044889507,,,,,,,,,,,,,,
1010,17.9055685,-76.9152832,0.438,,0,12,Low Density Rural,5.0,18.0,Saint Catherine,Rural,34.64603058204654,7.93809499227347,34.64603058204654,7.93809499227347,26.912602402509396,6.166212716763913,27.175054879500593,6.226345801515998,0.33772928601316676,0.06962922639555888,,,,,,,,,,,,,,
1011,18.3023803,-78.013916,0.551,0.9346920251846313,0,12,Low Density Rural,28.0,54.0,Westmoreland,Rural,34.64603058204654,7.93809499227347,34.64603058204654,7.93809499227347,24.03700860124113,5.5073569583934585,27.175054879500593,6.226345801515998,0.33772928601316676,0.06962922639555888,35.160861911130695,35.263590236265195,8.079590197242883,0.4382529200240419,0.09035405885908011,10.791263522364694,11.557856228925685,34.65074619627431,34.62673574216793,7.933674160528997,0.4303381461794455,0.08872227979010838,34.59850530258135,34.63748454305393
1012,18.3023803,-76.9152832,-0.501,,0,12,Low Density Rural,69.0,45.0,Saint Mary,Rural,34.64603058204654,7.93809499227347,34.64603058204654,7.93809499227347,68.82690074363973,15.769612476469637,50.467959061929676,11.563213631386853,0.6272115311673098,0.12931142044889507,,,,,,,,,,,,,,
1013,18.1562911,-76.6296387,-0.601,,0,11,Very Low Density Rural,46.0,149.0,Portland,Rural,34.64603058204654,7.93809499227347,34.64603058204654,7.93809499227347,76.06548908314979,17.428117098317134,50.467959061929676,11.563213631386853,0.6272115311673098,0.12931142044889507,,,,,,,,,,,,,,
1014,17.8219152,-77.244873,0.442,3.7636430263519287,0,12,Low Density Rural,24.0,27.0,Clarendon,Rural,34.64603058204654,7.93809499227347,34.64603058204654,7.93809499227347,26.805167006937655,6.141597129891376,27.175054879500593,6.226345801515998,0.33772928601316676,0.06962922639555888,33.84179810090458,33.940672561014026,7.7764834344571,0.4218118109297671,0.08696441586769704,6.722888817737628,7.438583213776037,34.65058665738557,34.62657631382807,7.933637632324032,0.43033616481750775,0.08872187129518465,34.6005449015946,34.677616449011765
1015,18.1771685,-76.9812012,-0.225,,0,11,Very Low Density Rural,38.0,46.0,Saint Catherine,Rural,34.64603058204654,7.93809499227347,34.64603058204654,7.93809499227347,52.226742268494334,11.966185860238964,50.467959061929676,11.563213631386853,0.6272115311673098,0.12931142044889507,,,,,,,,,,,,,,
1016,17.9055685,-77.5085449,0.472,,0,12,Low Density Rural,68.0,79.0,Manchester,Rural,34.64603058204654,7.93809499227347,34.64603058204654,7.93809499227347,26.012954597904486,5.960085503557424,27.175054879500593,6.226345801515998,0.33772928601316676,0.06962922639555888,,,,,,,,,,,,,,
1017,18.1562911,-77.0690918,0.332,8.218372344970703,1,21,Suburban / Peri-urban,17.0,56.0,Saint Catherine,Urban,22.91662051591443,5.07397966218306,22.91662051591443,5.07397966218306,35.5778328941911,7.877304614103562,34.62642877450913,7.66665378317362,0.40337570502029124,0.08770123705110862,19.437885665976303,21.59310739095136,4.780940002429066,0.25154586325159795,0.054690659620029426,0.0,0.0,23.247910729358672,21.556062719167553,4.77273792433065,0.2511143165652403,0.054596833497712584,20.942892525291747,22.391155736088383
1018,18.3232401,-77.9919434,0.05,0.42580899596214294,0,12,Low Density Rural,25.0,51.0,Hanover,Rural,34.64603058204654,7.93809499227347,34.64603058204654,7.93809499227347,39.66997751400344,9.089181200766305,38.821506970715134,8.894779716451426,0.4824704085902382,0.09947032342222697,32.78134979289921,32.8771259763268,7.532803749479564,0.40859414383467274,0.08423934589982468,0.0,0.0,34.650309286624534,34.62629913526486,7.9335741251999075,0.4303327200657431,0.08872116109500233,34.60755501469312,34.63432822689843
1019,18.3023803,-77.3986816,0.274,1.1750880479812622,0,12,Low Density Rural,74.0,110.0,Saint Ann,Rural,34.64603058204654,7.93809499227347,34.64603058204654,7.93809499227347,31.708813407035358,7.2651200927980275,27.175054879500593,6.226345801515998,0.33772928601316676,0.06962922639555888,32.40626454900796,32.50094485830752,7.446613170098036,0.40391899668359466,0.083275476632644,0.3283121831421241,1.0606411551321542,34.650875350738104,34.626864807137046,7.933703731881553,0.4303397501879769,0.08872261048655018,34.60753138898199,34.63502886222999
1020,18.0518668,-76.7834473,0.948,18.594043731689453,1,30,Urban Centre,0.0,6.0,Saint Andrew,Kingston Metropolitan Area (KMA),34.567489297207274,6.3937660639451295,34.567489297207274,6.3937660639451295,38.083601233033995,7.044122732288339,45.619430075878164,8.437985222699773,0.5666944528027779,0.08508429749345968,38.01017863643056,34.191545350888525,6.324229696254329,0.4247347906555395,0.06377027533130829,0.0,0.9137203743210018,31.808672250165884,35.434028772481426,6.554045297488547,0.4401691891463795,0.06608761750102998,31.006459346154312,38.213263186374455
1021,17.9264757,-76.3659668,-0.275,,0,12,Low Density Rural,60.0,65.0,Saint Thomas,Rural,34.64603058204654,7.93809499227347,34.64603058204654,7.93809499227347,54.904464604748064,12.579705328732691,50.467959061929676,11.563213631386853,0.6272115311673098,0.12931142044889507,,,,,,,,,,,,,,
1022,17.9682826,-77.2888184,0.781,16.321205139160156,1,21,Suburban / Peri-urban,13.0,6.0,Clarendon,Urban,22.91662051591443,5.07397966218306,22.91662051591443,5.07397966218306,22.70812460135419,5.027816484266305,26.635714441930098,5.89742598705663,0.31028900386176245,0.06746249003931432,22.933060035774677,25.4758175176634,5.640612666791069,0.2967769480091712,0.06452472259663623,0.0,1.801799878964184,24.132792657240778,22.376548076262296,4.9544019708302915,0.2606724451707684,0.056674945025416604,21.16841727632965,25.328413538079094
1023,18.1771685,-76.4758301,0.378,7.06636381149292,1,21,Suburban / Peri-urban,61.0,192.0,Portland,Urban,22.91662051591443,5.07397966218306,22.91662051591443,5.07397966218306,33.978323337761616,7.523156455427437,34.62642877450913,7.66665378317362,0.40337570502029124,0.08770123705110862,19.07981731137114,21.195337357360508,4.692869553330158,0.24691209726953475,0.053683194361773864,0.0,0.0,22.84983432330216,21.18695600347725,4.691013833848495,0.2468144598679505,0.05366196620947112,20.959467013403387,21.60075370396214
1024,18.0309744,-77.4645996,0.375,,0,12,Low Density Rural,48.0,34.0,Manchester,Rural,34.64603058204654,7.93809499227347,34.64603058204654,7.93809499227347,28.66264387223342,6.567182039762951,27.175054879500593,6.226345801515998,0.33772928601316676,0.06962922639555888,,,,,,,,,,,,,,
1025,18.4900283,-77.5744629,0.849,,0,12,Low Density Rural,41.0,104.0,,Unknown,,,,,,,,,,,,,,,,,,,,,,,,
1026,17.9055685,-76.5637207,-0.006,,0,12,Low Density Rural,23.0,73.0,Saint Thomas,Rural,34.64603058204654,7.93809499227347,34.64603058204654,7.93809499227347,41.954876332693495,9.612696984992796,38.821506970715134,8.894779716451426,0.4824704085902382,0.09947032342222697,,,,,,,,,,,,,,
1027,18.3023803,-76.8933105,-0.369,,0,11,Very Low Density Rural,40.0,67.0,Saint Mary,Rural,34.64603058204654,7.93809499227347,34.64603058204654,7.93809499227347,60.315834685910495,13.819557889645502,50.467959061929676,11.563213631386853,0.6272115311673098,0.12931142044889507,,,,,,,,,,,,,,
1028,18.1354112,-76.541748,-0.174,,0,11,Very Low Density Rural,70.0,53.0,Portland,Rural,34.64603058204654,7.93809499227347,34.64603058204654,7.93809499227347,49.629959209144495,11.371211190611808,50.467959061929676,11.563213631386853,0.6272115311673098,0.12931142044889507,,,,,,,,,,,,,,
1029,18.1145288,-76.7834473,0.187,3.116797924041748,0,12,Low Density Rural,11.0,15.0,Saint Andrew,Rural,34.64603058204654,7.93809499227347,34.64603058204654,7.93809499227347,34.591039263541276,7.9254953869879134,38.821506970715134,8.894779716451426,0.4824704085902382,0.09947032342222697,31.901686025434024,31.994892124381273,7.330666419329772,0.39762981606292014,0.08197884409464598,0.0,0.0,34.61708960723648,34.5931024747054,7.92596810971934,0.4299201547731068,0.0886361030222985,34.297890514718475,34.72861375701301
1030,18.2815179,-77.9260254,-0.46,1.6427830457687378,0,11,Very Low Density Rural,32.0,120.0,Westmoreland,Rural,34.64603058204654,7.93809499227347,34.64603058204654,7.93809499227347,66.06206425777124,15.136133422903807,50.467959061929676,11.563213631386853,0.6272115311673098,0.12931142044889507,40.38761077286523,40.505609916952395,9.28064121167641,0.5034002977156667,0.1037854126037189,0.0,0.0,34.650875350738104,34.626864807137046,7.933703731881553,0.4303397501879769,0.08872261048655018,34.60753138898199,34.63507636031139
1031,18.2815179,-78.2775879,-0.419,,0,11,Very Low Density Rural,74.0,105.0,Westmoreland,Rural,34.64603058204654,7.93809499227347,34.64603058204654,7.93809499227347,63.40829365909215,14.52810177407956,50.467959061929676,11.563213631386853,0.6272115311673098,0.12931142044889507,,,,,,,,,,,,,,
1032,18.093644,-77.9260254,-0.579,,0,11,Very Low Density Rural,81.0,154.0,Saint Elizabeth,Rural,34.64603058204654,7.93809499227347,34.64603058204654,7.93809499227347,74.4103219199857,17.04888536675777,50.467959061929676,11.563213631386853,0.6272115311673098,0.12931142044889507,,,,,,,,,,,,,,
1033,18.1145288,-77.1569824,-0.347,,0,11,Very Low Density Rural,58.0,47.0,Saint Catherine,Rural,34.64603058204654,7.93809499227347,34.64603058204654,7.93809499227347,59.00337630045502,13.51884755827062,50.467959061929676,11.563213631386853,0.6272115311673098,0.12931142044889507,,,,,,,,,,,,,,
1034,17.9891824,-76.7614746,1.01,6.74843692779541,1,30,Urban Centre,0.0,6.0,Saint Andrew,Kingston Metropolitan Area (KMA),34.567489297207274,6.3937660639451295,34.567489297207274,6.3937660639451295,35.794125066304666,6.620650408533897,35.09186928913705,6.49075786361521,0.4359188098482907,0.06544945961035359,38.385648189345766,34.52929394105362,6.386701270494966,0.4289303768820699,0.06440020651360948,1.278092282407102,3.3251125371641725,30.975887138571217,34.50632794380614,6.3824533711881015,0.4286450882841723,0.06435737288463188,29.013254412823287,38.19599893456167
1035,17.9473804,-76.8713379,0.389,,1,30,Urban Centre,2.0,,,Unknown,,,,,,,,,,,,,,,,,,,,,,,,
1036,17.8846589,-77.2888184,0.756,,0,11,Very Low Density Rural,25.0,44.0,Clarendon,Rural,34.64603058204654,7.93809499227347,34.64603058204654,7.93809499227347,19.581684551559174,4.486553566674961,27.175054879500593,6.226345801515998,0.33772928601316676,0.06962922639555888,,,,,,,,,,,,,,
1037,18.0309744,-76.7614746,1.391,8.534578323364258,1,30,Urban Centre,0.0,6.0,Saint Andrew,Kingston Metropolitan Area (KMA),34.567489297207274,6.3937660639451295,34.567489297207274,6.3937660639451295,24.453754823588774,4.523081974013315,24.564308502395935,4.543530504530647,0.30514316689380344,0.04581462172724751,40.69360357967146,36.60538419442896,6.770704728009332,0.45472002020178787,0.06827229962059593,13.33528467628062,15.752783247320044,34.793111808683115,38.75861636779295,7.168976719344316,0.48146793717953756,0.07228826927445321,32.1117975754316,39.04237226570839
1038,18.2397857,-77.5524902,0.064,0.1564899981021881,0,12,Low Density Rural,68.0,52.0,Manchester,Rural,34.64603058204654,7.93809499227347,34.64603058204654,7.93809499227347,39.11846740752175,8.962819261435824,38.821506970715134,8.894779716451426,0.4824704085902382,0.09947032342222697,33.02474769555725,33.12123500657166,7.588733985584579,0.4116279102377041,0.08486481374183966,0.0,0.0,34.649961136348615,34.62595122623183,7.9334944123177555,0.4303283962816756,0.08872026966582462,34.60795234513289,34.6347454699361
1039,18.2815179,-77.1789551,-0.485,,0,11,Very Low Density Rural,59.0,77.0,Saint Ann,Rural,34.64603058204654,7.93809499227347,34.64603058204654,7.93809499227347,67.73443337654928,15.51930646477845,50.467959061929676,11.563213631386853,0.6272115311673098,0.12931142044889507,,,,,,,,,,,,,,
1040,18.4691886,-77.5305176,0.856,13.993486404418945,1,21,Suburban / Peri-urban,43.0,68.0,Trelawny,Urban,22.91662051591443,5.07397966218306,22.91662051591443,5.07397966218306,21.067314685643517,4.66452399373339,18.645000109351066,4.128198190939641,0.2172023027032337,0.04722374302752002,24.151121712536,26.82893467490379,5.940206969171773,0.31253989575152413,0.0679518749991509,2.829291059528981,4.412342765745508,23.01520018912716,21.34028750138392,4.724963032484054,0.24860067355671106,0.054050321651289424,19.887830452427817,22.14749937166417
1041,18.1145288,-77.6403809,0.089,,0,11,Very Low Density Rural,68.0,77.0,Saint Elizabeth,Rural,34.64603058204654,7.93809499227347,34.64603058204654,7.93809499227347,38.152629005913234,8.741526465396818,38.821506970715134,8.894779716451426,0.4824704085902382,0.09947032342222697,,,,,,,,,,,,,,
1042,17.8846589,-76.3879395,0.881,2.332406997680664,1,21,Suburban / Peri-urban,41.0,64.0,Saint Thomas,Urban,22.91662051591443,5.07397966218306,22.91662051591443,5.07397966218306,20.547160832728178,4.54935648598216,18.645000109351066,4.128198190939641,0.2172023027032337,0.04722374302752002,25.186277194811787,27.978865479067228,6.19481368612601,0.3259358526916592,0.07086440042026947,4.632580164819159,5.880275960376484,22.68707069102969,21.03603736366872,4.657598867252481,0.24505635442976323,0.05327972201410604,20.60623968416415,21.43448990492711
1043,18.2189158,-78.0358887,-0.391,,0,11,Very Low Density Rural,78.0,76.0,Westmoreland,Rural,34.64603058204654,7.93809499227347,34.64603058204654,7.93809499227347,61.65748711281847,14.126957156819522,50.467959061929676,11.563213631386853,0.6272115311673098,0.12931142044889507,,,,,,,,,,,,,,
1044,18.0100796,-77.1350098,-0.213,0.0033760000951588154,0,12,Low Density Rural,14.0,212.0,Saint Catherine,Rural,34.64603058204654,7.93809499227347,34.64603058204654,7.93809499227347,51.60376669042977,11.823449759350526,50.467959061929676,11.563213631386853,0.6272115311673098,0.12931142044889507,33.536318503502216,33.634300453994484,7.7062874885537225,0.4180042442692076,0.08617941459003484,0.0,0.0,34.64758616484882,34.623577900415036,7.932950636148745,0.43029890078894756,0.0887141886168133,34.603929980237055,34.6779339548958
1045,18.1771685,-77.7062988,0.618,,0,12,Low Density Rural,56.0,50.0,Saint Elizabeth,Rural,34.64603058204654,7.93809499227347,34.64603058204654,7.93809499227347,22.47929509837153,5.150453799538267,27.175054879500593,6.226345801515998,0.33772928601316676,0.06962922639555888,,,,,,,,,,,,,,
1046,18.4275017,-77.7941895,0.282,0.7994850277900696,0,12,Low Density Rural,17.0,74.0,Saint James,Rural,34.64603058204654,7.93809499227347,34.64603058204654,7.93809499227347,31.456154881392344,7.2072309971796304,27.175054879500593,6.226345801515998,0.33772928601316676,0.06962922639555888,32.3032268013019,32.39760606862831,7.422936197149649,0.4026347109365896,0.0830106970392293,0.4979499568702504,1.216140008990261,34.65074619627431,34.62673574216793,7.933674160528997,0.4303381461794455,0.08872227979010838,34.60753138898199,34.675732898530875
1047,18.1354112,-76.4318848,-0.625,0.32754799723625183,0,11,Very Low Density Rural,70.0,246.0,Portland,Rural,34.64603058204654,7.93809499227347,34.64603058204654,7.93809499227347,77.91314399348511,17.851451602870235,50.467959061929676,11.563213631386853,0.6272115311673098,0.12931142044889507,45.644918823787094,45.77827807059735,10.488714401107176,0.568928572039711,0.11729529533281478,0.0,0.0,34.65009029081241,34.62608029120094,7.9335239836703115,0.430330000290207,0.08872060036226642,34.60753138898199,34.63432822689843
1048,18.3232401,-76.8713379,-0.616,,0,12,Low Density Rural,44.0,74.0,Saint Mary,Rural,34.64603058204654,7.93809499227347,34.64603058204654,7.93809499227347,77.2150717346897,17.69150935815432,50.467959061929676,11.563213631386853,0.6272115311673098,0.12931142044889507,,,,,,,,,,,,,,
1049,18.1980434,-77.7502441,-0.302,,0,11,Very Low Density Rural,67.0,60.0,Saint Elizabeth,Rural,34.64603058204654,7.93809499227347,34.64603058204654,7.93809499227347,56.40707916288579,12.923984222992264,50.467959061929676,11.563213631386853,0.6272115311673098,0.12931142044889507,,,,,,,,,,,,,,
1050,18.0727566,-77.1350098,-0.619,,0,11,Very Low Density Rural,30.0,161.0,Saint Catherine,Rural,34.64603058204654,7.93809499227347,34.64603058204654,7.93809499227347,77.44706476544516,17.74466357769243,50.467959061929676,11.563213631386853,0.6272115311673098,0.12931142044889507,,,,,,,,,,,,,,
1051,18.2397857,-78.145752,0.451,0.3169260025024414,1,21,Suburban / Peri-urban,51.0,53.0,Westmoreland,Urban,22.91662051591443,5.07397966218306,22.91662051591443,5.07397966218306,31.58627757766796,6.993532485379245,34.62642877450913,7.66665378317362,0.40337570502029124,0.08770123705110862,21.163536276310715,23.51009360995329,5.205380817388945,0.2738775242103319,0.059545970108766944,0.0,0.0,22.835850674924455,21.173990003866283,4.688143025812893,0.24666341428168964,0.05362912614349461,20.970677520899155,21.306057068415004
1052,18.4691886,-77.7502441,0.259,2.1503829956054688,0,12,Low Density Rural,23.0,134.0,Saint James,Rural,34.64603058204654,7.93809499227347,34.64603058204654,7.93809499227347,32.188030752943654,7.374918322201442,27.175054879500593,6.226345801515998,0.33772928601316676,0.06962922639555888,31.78133922288788,31.874193708570015,7.303012010613085,0.39612978634906637,0.08166958483620573,0.0,0.0,34.650875350738104,34.626864807137046,7.933703731881553,0.4303397501879769,0.08872261048655018,34.60753138898199,34.63507636031139
1053,17.9055685,-77.244873,-0.095,0.08183799684047699,1,21,Suburban / Peri-urban,11.0,12.0,Clarendon,Urban,22.91662051591443,5.07397966218306,22.91662051591443,5.07397966218306,54.52846028365433,12.07317188401672,34.62642877450913,7.66665378317362,0.40337570502029124,0.08770123705110862,23.837333468091163,26.48035441382244,5.863027650600914,0.30847915909613566,0.06706899677028375,0.0,0.0,23.60852151796954,21.89043034759653,4.8467704172613955,0.2550094851583351,0.05544371420938028,21.096591551485893,22.700107185645418
1054,18.1354112,-77.0690918,-0.18,,0,11,Very Low Density Rural,44.0,102.0,Saint Catherine,Rural,34.64603058204654,7.93809499227347,34.64603058204654,7.93809499227347,49.9286340930269,11.439643549535296,50.467959061929676,11.563213631386853,0.6272115311673098,0.12931142044889507,,,,,,,,,,,,,,
1055,18.4275017,-77.7282715,0.244,,0,12,Low Density Rural,20.0,24.0,Trelawny,Rural,34.64603058204654,7.93809499227347,34.64603058204654,7.93809499227347,32.67449054156564,7.486375939340522,27.175054879500593,6.226345801515998,0.33772928601316676,0.06962922639555888,,,,,,,,,,,,,,
1056,18.2815179,-77.3986816,0.083,1.7975130081176758,0,12,Low Density Rural,76.0,216.0,Saint Ann,Rural,34.64603058204654,7.93809499227347,34.64603058204654,7.93809499227347,38.38223290282818,8.794133286833139,38.821506970715134,8.894779716451426,0.4824704085902382,0.09947032342222697,31.28090816839542,31.372300561248228,7.188018303903261,0.3898923007192672,0.08038361019011182,0.0,0.0,34.650875350738104,34.626864807137046,7.933703731881553,0.4303397501879769,0.08872261048655018,34.60753138898199,34.63502886222999
1057,18.2397857,-77.5964355,-0.241,,0,11,Very Low Density Rural,92.0,81.0,Manchester,Rural,34.64603058204654,7.93809499227347,34.64603058204654,7.93809499227347,53.06909096432806,12.159184707489617,50.467959061929676,11.563213631386853,0.6272115311673098,0.12931142044889507,,,,,,,,,,,,,,
1058,18.2815179,-76.9812012,-0.248,1.3259049654006958,0,12,Low Density Rural,32.0,134.0,Saint Mary,Rural,34.64603058204654,7.93809499227347,34.64603058204654,7.93809499227347,53.44187783290659,12.24459759678557,50.467959061929676,11.563213631386853,0.6272115311673098,0.12931142044889507,35.08030799184397,35.18280096526178,8.061079767712927,0.43724887778992333,0.09014705672179013,0.0,0.0,34.650875350738104,34.626864807137046,7.933703731881553,0.4303397501879769,0.08872261048655018,34.60753138898199,34.63507636031139
1059,18.4483464,-78.2336426,0.378,,1,21,Suburban / Peri-urban,,,,Unknown,,,,,,,,,,,,,,,,,,,,,,,,
1060,18.2397857,-77.4645996,-0.37,,0,11,Very Low Density Rural,94.0,112.0,Saint Ann,Rural,34.64603058204654,7.93809499227347,34.64603058204654,7.93809499227347,60.37618068856891,13.833384359617929,50.467959061929676,11.563213631386853,0.6272115311673098,0.12931142044889507,,,,,,,,,,,,,,
1061,18.2189158,-77.7502441,0.269,,0,12,Low Density Rural,47.0,131.0,Saint Elizabeth,Rural,34.64603058204654,7.93809499227347,34.64603058204654,7.93809499227347,31.867754495664975,7.301536658809231,27.175054879500593,6.226345801515998,0.33772928601316676,0.06962922639555888,,,,,,,,,,,,,,
1062,18.3232401,-77.0251465,-0.205,,0,11,Very Low Density Rural,39.0,68.0,Saint Mary,Rural,34.64603058204654,7.93809499227347,34.64603058204654,7.93809499227347,51.19258348271198,11.729239504748287,50.467959061929676,11.563213631386853,0.6272115311673098,0.12931142044889507,,,,,,,,,,,,,,
1063,17.9682826,-77.2668457,0.932,1.5950740575790405,1,21,Suburban / Peri-urban,11.0,4.0,Clarendon,Urban,22.91662051591443,5.07397966218306,22.91662051591443,5.07397966218306,19.525528679340887,4.3231564332772,18.645000109351066,4.128198190939641,0.2172023027032337,0.04722374302752002,25.888815533190105,28.75929942376404,6.367609930682182,0.33502740800953235,0.07284107040354462,6.099074677712885,8.405666182879408,22.019490016546275,20.417039335983773,4.52054622455485,0.23784542408954296,0.05171193420919876,19.46645183385079,21.507894403302714
1064,18.260653,-76.739502,0.191,,0,12,Low Density Rural,37.0,71.0,Saint Mary,Rural,34.64603058204654,7.93809499227347,34.64603058204654,7.93809499227347,34.45295146619881,7.893856724948911,38.821506970715134,8.894779716451426,0.4824704085902382,0.09947032342222697,,,,,,,,,,,,,,
1065,18.3649523,-78.1237793,-0.299,,0,11,Very Low Density Rural,43.0,80.0,Hanover,Rural,34.64603058204654,7.93809499227347,34.64603058204654,7.93809499227347,56.238111503611776,12.885270370137954,50.467959061929676,11.563213631386853,0.6272115311673098,0.12931142044889507,,,,,,,,,,,,,,
1066,18.0727566,-77.4645996,1.074,1.2342150211334229,1,21,Suburban / Peri-urban,43.0,31.0,Manchester,Urban,22.91662051591443,5.07397966218306,22.91662051591443,5.07397966218306,16.94076372632149,3.750862416625126,18.645000109351066,4.128198190939641,0.2172023027032337,0.04722374302752002,29.0490407171784,32.269922078412776,7.14489853389995,0.3759239121682756,0.08173271648224728,12.79348242389754,14.502238028769757,20.74541329318659,19.235682521709286,4.258981460009943,0.22408337427084193,0.048719813517650534,18.835721090567148,21.702680808649713
1067,17.9891824,-77.4865723,-0.035,1.7681629657745361,1,21,Suburban / Peri-urban,56.0,37.0,Manchester,Urban,22.91662051591443,5.07397966218306,22.91662051591443,5.07397966218306,51.352969966102954,11.370085088233472,34.62642877450913,7.66665378317362,0.40337570502029124,0.08770123705110862,23.224176665821943,25.799212395271184,5.712215677832622,0.3005442910870407,0.06534381170937413,0.0,0.0,22.86486346941607,21.200891415567323,4.694099279954306,0.24697679848834905,0.053697261587087895,21.069276569925844,21.499028457974656
1068,17.9891824,-76.9152832,0.987,6.626107215881348,1,30,Urban Centre,0.0,5.0,Saint Catherine,Urban,22.91662051591443,5.07397966218306,22.91662051591443,5.07397966218306,18.480622900935952,4.091803356376427,18.645000109351066,4.128198190939641,0.2172023027032337,0.04722374302752002,20.23888593697758,22.482920468830837,4.977953931999075,0.261911615375887,0.05694436323418133,0.7866432899255557,3.2528434263088646,25.878742021515677,23.99543737943189,5.312841008292376,0.27953146809422325,0.06077524065397709,22.206968401503875,28.773193459262355
1069,17.8846589,-77.5964355,0.534,4.927938938140869,1,22,Semi-dense Urban Cluster,75.0,55.0,Saint Elizabeth,Urban,22.91662051591443,5.07397966218306,22.91662051591443,5.07397966218306,29.07046680502001,6.436505646039999,26.635714441930098,5.89742598705663,0.31028900386176245,0.06746249003931432,20.64582853717196,22.934983796033706,5.07804548461929,0.2671778634348989,0.05808934163433093,0.0,0.0,22.878510172763036,21.213544991051233,4.696900914017875,0.24712420453374542,0.05372931035048435,20.7361935573515,21.456396766695136
1070,18.0309744,-76.6296387,-0.419,,0,12,Low Density Rural,19.0,111.0,Saint Thomas,Rural,34.64603058204654,7.93809499227347,34.64603058204654,7.93809499227347,63.40829365909215,14.52810177407956,50.467959061929676,11.563213631386853,0.6272115311673098,0.12931142044889507,,,,,,,,,,,,,,
1071,18.4483464,-78.1896973,1.119,2.7724359035491943,1,21,Suburban / Peri-urban,38.0,42.0,Hanover,Urban,22.91662051591443,5.07397966218306,22.91662051591443,5.07397966218306,16.195327462692866,3.585815024996037,18.645000109351066,4.128198190939641,0.2172023027032337,0.04722374302752002,29.57030164513745,32.84897904939951,7.273107808561179,0.3826695547940217,0.0831993422497879,14.211958330819272,15.765534990152982,25.44688702501137,23.595010283053004,5.224182257679365,0.27486674903344704,0.05976104563173256,21.29541781856239,24.19006902237374
1072,18.0100796,-77.376709,0.649,,0,11,Very Low Density Rural,29.0,19.0,Clarendon,Rural,34.64603058204654,7.93809499227347,34.64603058204654,7.93809499227347,21.79312749783884,4.993239148908956,27.175054879500593,6.226345801515998,0.33772928601316676,0.06962922639555888,,,,,,,,,,,,,,
1073,18.4483464,-77.4206543,0.698,4.238661766052246,0,12,Low Density Rural,64.0,69.0,Saint Ann,Rural,34.64603058204654,7.93809499227347,34.64603058204654,7.93809499227347,20.751004760555738,4.754468093662932,27.175054879500593,6.226345801515998,0.33772928601316676,0.06962922639555888,36.83139114421137,36.939000199250515,8.463459957032065,0.45907477348808823,0.09464687446277849,15.59054242628289,16.704197402884958,34.63759719777075,34.61359585496672,7.930663550914023,0.43017484477150214,0.0886886121421569,34.463739615847985,34.657490600906
1074,18.0727566,-77.0910645,0.28,1.6561130285263062,0,12,Low Density Rural,16.0,27.0,Saint Catherine,Rural,34.64603058204654,7.93809499227347,34.64603058204654,7.93809499227347,31.51913014542741,7.221659883250432,27.175054879500593,6.226345801515998,0.33772928601316676,0.06962922639555888,32.56982183685484,32.66498000606258,7.484196886416349,0.40595761164051125,0.08369577534006194,0.818593894519129,1.3791408202388327,34.64773438114606,34.62372601400914,7.932984571920314,0.43030074153218084,0.08871456812055381,34.606389557839925,34.711427395998406
1075,18.4691886,-77.2888184,0.27,,0,11,Very Low Density Rural,,,,Unknown,,,,,,,,,,,,,,,,,,,,,,,,
1076,18.0309744,-77.442627,0.341,4.571238040924072,0,12,Low Density Rural,41.0,30.0,Manchester,Rural,34.64603058204654,7.93809499227347,34.64603058204654,7.93809499227347,29.65393013834271,6.794305447920111,27.175054879500593,6.226345801515998,0.33772928601316676,0.06962922639555888,33.24758755750838,33.344725932363296,7.639940203700789,0.41440543658062123,0.0854374528897016,3.3298025586520876,4.050778981095495,34.65058665738557,34.62657631382807,7.933637632324032,0.43033616481750775,0.08872187129518465,34.56568187095191,34.648442980447825
1077,17.9055685,-76.4538574,-0.195,,0,11,Very Low Density Rural,61.0,97.0,Saint Thomas,Rural,34.64603058204654,7.93809499227347,34.64603058204654,7.93809499227347,50.6832087662494,11.612531621680215,50.467959061929676,11.563213631386853,0.6272115311673098,0.12931142044889507,,,,,,,,,,,,,,
1078,18.093644,-76.3220215,-0.211,,0,11,Very Low Density Rural,87.0,227.0,Portland,Rural,34.64603058204654,7.93809499227347,34.64603058204654,7.93809499227347,51.500662295811665,11.799826490974622,50.467959061929676,11.563213631386853,0.6272115311673098,0.12931142044889507,,,,,,,,,,,,,,
1079,18.1980434,-76.8054199,-0.448,,0,11,Very Low Density Rural,57.0,25.0,Saint Mary,Rural,34.64603058204654,7.93809499227347,34.64603058204654,7.93809499227347,65.27405698637094,14.95558527727528,50.467959061929676,11.563213631386853,0.6272115311673098,0.12931142044889507,,,,,,,,,,,,,,
1080,17.9473804,-77.442627,0.137,1.010632038116455,0,12,Low Density Rural,56.0,56.0,Manchester,Rural,34.64603058204654,7.93809499227347,34.64603058204654,7.93809499227347,36.36455977136914,8.331844224801904,38.821506970715134,8.894779716451426,0.4824704085902382,0.09947032342222697,32.7319858668999,32.82761782538065,7.521460446985741,0.40797886071767375,0.08411249374567298,0.0,0.0,34.65074619627431,34.62673574216793,7.933674160528997,0.4303381461794455,0.08872227979010838,34.60753138898199,34.634619358554716
1081,17.9473804,-77.5085449,0.228,0.557578980922699,0,12,Low Density Rural,61.0,58.0,Manchester,Rural,34.64603058204654,7.93809499227347,34.64603058204654,7.93809499227347,33.20148712031498,7.607121341697903,38.821506970715134,8.894779716451426,0.4824704085902382,0.09947032342222697,32.90534611495984,33.00148457433278,7.5612967787672805,0.4101396619835924,0.0845579834522855,0.0,0.15116772998858571,34.65074619627431,34.62673574216793,7.933674160528997,0.4303381461794455,0.08872227979010838,34.60753138898199,34.63432822689843
1082,17.8637468,-77.3547363,0.084,2.231736898422241,0,12,Low Density Rural,37.0,20.0,Clarendon,Rural,34.64603058204654,7.93809499227347,34.64603058204654,7.93809499227347,38.343869854646364,8.785343549147628,38.821506970715134,8.894779716451426,0.4824704085902382,0.09947032342222697,32.97621674857476,33.07256226832952,7.577582092764268,0.4110230095592063,0.08474010212210671,0.0,0.0,34.65058665738557,34.62657631382807,7.933637632324032,0.43033616481750775,0.08872187129518465,34.57307413827358,34.8121614014113
1083,18.0309744,-77.6623535,-0.586,,0,11,Very Low Density Rural,76.0,80.0,Saint Elizabeth,Rural,34.64603058204654,7.93809499227347,34.64603058204654,7.93809499227347,74.93302148755727,17.168646238352494,50.467959061929676,11.563213631386853,0.6272115311673098,0.12931142044889507,,,,,,,,,,,,,,
1084,18.0518668,-77.9260254,-0.009,,0,11,Very Low Density Rural,60.0,97.0,Saint Elizabeth,Rural,34.64603058204654,7.93809499227347,34.64603058204654,7.93809499227347,42.0809299475737,9.641578376373806,38.821506970715134,8.894779716451426,0.4824704085902382,0.09947032342222697,,,,,,,,,,,,,,
1085,17.9682826,-77.1569824,0.053,,0,11,Very Low Density Rural,24.0,15.0,Clarendon,Rural,34.64603058204654,7.93809499227347,34.64603058204654,7.93809499227347,39.551145917979156,9.061954517608752,38.821506970715134,8.894779716451426,0.4824704085902382,0.09947032342222697,,,,,,,,,,,,,,
1086,18.2189158,-76.8054199,0.491,,0,11,Very Low Density Rural,22.0,27.0,Saint Mary,Rural,34.64603058204654,7.93809499227347,34.64603058204654,7.93809499227347,25.52337420242299,5.847912893293065,27.175054879500593,6.226345801515998,0.33772928601316676,0.06962922639555888,,,,,,,,,,,,,,
1087,18.4066544,-77.7062988,0.349,10.519771575927734,0,13,Rural Cluster,25.0,84.0,Trelawny,Rural,34.64603058204654,7.93809499227347,34.64603058204654,7.93809499227347,29.41764509758454,6.740167843488061,27.175054879500593,6.226345801515998,0.33772928601316676,0.06962922639555888,31.91685963206914,32.0101100632401,7.334153151928527,0.3978189433212889,0.08201783622602431,1.8388603890036592,3.0729438171819563,34.77007943886908,34.7459862954801,7.960996835137605,0.4318201819804908,0.08902782926594889,34.14055529804208,35.28747680701876
1088,18.2397857,-76.9152832,0.076,,0,12,Low Density Rural,33.0,78.0,Saint Mary,Rural,34.64603058204654,7.93809499227347,34.64603058204654,7.93809499227347,38.651851095883615,8.855908179718798,38.821506970715134,8.894779716451426,0.4824704085902382,0.09947032342222697,,,,,,,,,,,,,,
1089,18.2189158,-76.8933105,-0.349,0.16214199364185333,0,11,Very Low Density Rural,26.0,72.0,Saint Mary,Rural,34.64603058204654,7.93809499227347,34.64603058204654,7.93809499227347,59.121501138519044,13.545912309116424,50.467959061929676,11.563213631386853,0.6272115311673098,0.12931142044889507,38.01892354329451,38.13000217239327,8.736342207609177,0.47387644538216056,0.09769851672783501,0.0,0.0,34.650309286624534,34.62629913526486,7.9335741251999075,0.4303327200657431,0.08872116109500233,34.60786013810286,34.63600837841529
1090,18.2815179,-77.5524902,0.159,7.498118877410889,0,12,Low Density Rural,62.0,126.0,Trelawny,Rural,34.64603058204654,7.93809499227347,34.64603058204654,7.93809499227347,35.57327549827792,8.150545252880283,38.821506970715134,8.894779716451426,0.4824704085902382,0.09947032342222697,31.557345812863705,31.64954586442215,7.251540719481129,0.3933378819225665,0.08109398137675346,0.0,0.0,34.59766094802633,34.573687278147034,7.921519701864682,0.4296788643506758,0.08858635647633308,34.319440143180074,34.697164821175974
1091,18.1980434,-76.5197754,0.634,,1,21,Suburban / Peri-urban,,123.0,,Unknown,,,,,,,,,,,,,,,,,,,,,,,,
1092,18.4275017,-78.2336426,0.677,0.3867500126361847,0,11,Very Low Density Rural,43.0,86.0,Hanover,Rural,34.64603058204654,7.93809499227347,34.64603058204654,7.93809499227347,21.19138365511485,4.855367661055628,27.175054879500593,6.226345801515998,0.33772928601316676,0.06962922639555888,37.17308834416386,37.28169572458942,8.541978320834957,0.4633337645225432,0.09552494534154486,15.518274912759713,16.629854243627108,34.64751130782271,34.62350309525942,7.932933496799122,0.4302979711167939,0.08871399694746289,34.57453296633791,34.75411532362275
1093,18.1980434,-77.4206543,0.229,1.4016250371932983,0,12,Low Density Rural,61.0,45.0,Clarendon,Rural,34.64603058204654,7.93809499227347,34.64603058204654,7.93809499227347,33.16830222840602,7.599518022649338,38.821506970715134,8.894779716451426,0.4824704085902382,0.09947032342222697,32.877938205906034,32.9739965884993,7.554998734257514,0.4097980436181228,0.08448755241922064,0.0,0.1176771255447816,34.65074619627431,34.62673574216793,7.933674160528997,0.4303381461794455,0.08872227979010838,34.60755501469312,34.635073643365224
1094,18.3023803,-76.8713379,0.192,2.148648977279663,0,12,Low Density Rural,39.0,42.0,Saint Mary,Rural,34.64603058204654,7.93809499227347,34.64603058204654,7.93809499227347,34.41851573546762,7.88596681383701,38.821506970715134,8.894779716451426,0.4824704085902382,0.09947032342222697,32.70584875227486,32.801404346813904,7.5154544174509015,0.40765308182083165,0.08404532831613357,0.0,0.0,34.65074619627431,34.62673574216793,7.933674160528997,0.4303381461794455,0.08872227979010838,34.60566103978473,34.63512114144663
1095,18.2815179,-78.2556152,-0.119,,0,11,Very Low Density Rural,89.0,139.0,Westmoreland,Rural,34.64603058204654,7.93809499227347,34.64603058204654,7.93809499227347,46.974019284992494,10.762682506156528,38.821506970715134,8.894779716451426,0.4824704085902382,0.09947032342222697,,,,,,,,,,,,,,
1096,17.9473804,-76.4538574,0.401,0.0,1,21,Suburban / Peri-urban,46.0,54.0,Saint Thomas,Urban,22.91662051591443,5.07397966218306,22.91662051591443,5.07397966218306,33.20574065951242,7.3520985634459795,34.62642877450913,7.66665378317362,0.40337570502029124,0.08770123705110862,21.057472999010685,23.392270314954462,5.179293506559659,0.2725049583301637,0.05924754924671022,0.0,0.0,22.835850674924455,21.173990003866283,4.688143025812893,0.24666341428168964,0.05362912614349461,21.000912673849527,21.31444690003495
1097,18.1980434,-76.6296387,-0.368,,0,11,Very Low Density Rural,38.0,59.0,Portland,Rural,34.64603058204654,7.93809499227347,34.64603058204654,7.93809499227347,60.2555489990918,13.805745239232117,50.467959061929676,11.563213631386853,0.6272115311673098,0.12931142044889507,,,,,,,,,,,,,,
1098,18.0518668,-77.2009277,-0.2,,0,12,Low Density Rural,56.0,97.0,Clarendon,Rural,34.64603058204654,7.93809499227347,34.64603058204654,7.93809499227347,50.93725940741161,11.670739678664342,50.467959061929676,11.563213631386853,0.6272115311673098,0.12931142044889507,,,,,,,,,,,,,,
1099,17.8637468,-77.7282715,0.268,,0,11,Very Low Density Rural,99.0,218.0,Saint Elizabeth,Rural,34.64603058204654,7.93809499227347,34.64603058204654,7.93809499227347,31.899638189350508,7.308841847453596,27.175054879500593,6.226345801515998,0.33772928601316676,0.06962922639555888,,,,,,,,,,,,,,
1100,18.3858046,-76.9812012,-0.079,1.8570719957351685,0,12,Low Density Rural,48.0,69.0,Saint Mary,Rural,34.64603058204654,7.93809499227347,34.64603058204654,7.93809499227347,45.13214164355836,10.340671688864653,38.821506970715134,8.894779716451426,0.4824704085902382,0.09947032342222697,33.461529592389084,33.559293034598,7.689101796274067,0.41707205839834954,0.08598722698969097,0.0,0.0,34.65074619627431,34.62673574216793,7.933674160528997,0.4303381461794455,0.08872227979010838,34.60753138898199,34.63512114144663
1101,18.1562911,-77.7062988,0.346,,0,11,Very Low Density Rural,83.0,76.0,Saint Elizabeth,Rural,34.64603058204654,7.93809499227347,34.64603058204654,7.93809499227347,29.506030544758982,6.760418708127339,27.175054879500593,6.226345801515998,0.33772928601316676,0.06962922639555888,,,,,,,,,,,,,,
1102,17.9055685,-76.2780762,-0.467,5.961018085479736,0,11,Very Low Density Rural,58.0,95.0,Saint Thomas,Rural,34.64603058204654,7.93809499227347,34.64603058204654,7.93809499227347,66.52612101131618,15.242458058931655,50.467959061929676,11.563213631386853,0.6272115311673098,0.12931142044889507,40.544857350567014,40.66331591676963,9.31677479426493,0.5053602545567639,0.10418949446533442,0.0,0.0,34.631211161024545,34.607214243280836,7.929201396695623,0.4300955346406545,0.08867226087122791,34.55782560468183,34.70396852702169
1103,18.1771685,-77.2668457,0.092,1.9570839405059814,0,12,Low Density Rural,45.0,207.0,Clarendon,Rural,34.64603058204654,7.93809499227347,34.64603058204654,7.93809499227347,38.038342634167876,8.715341183562339,38.821506970715134,8.894779716451426,0.4824704085902382,0.09947032342222697,31.442904198521436,31.534769889807464,7.225243259887178,0.39191145580751474,0.08079989688063546,0.0,0.0,34.650875350738104,34.626864807137046,7.933703731881553,0.4303397501879769,0.08872261048655018,34.60753138898199,34.63507636031139
1104,18.0518668,-76.8713379,0.792,0.5459449887275696,0,12,Low Density Rural,5.0,14.0,Saint Andrew,Rural,34.64603058204654,7.93809499227347,34.64603058204654,7.93809499227347,18.88928193270998,4.327910349285086,27.175054879500593,6.226345801515998,0.33772928601316676,0.06962922639555888,37.48723441785636,37.59675962845569,8.614165730345096,0.46724935209994106,0.09633221715713638,18.0915442136065,19.250793030980784,34.23906912095744,34.21534392920782,7.839416110314921,0.4252254034866059,0.08766819199492652,34.23848487604313,35.39625205837391
1105,17.9682826,-76.9592285,0.361,,0,11,Very Low Density Rural,1.0,4.0,Saint Catherine,Rural,34.64603058204654,7.93809499227347,34.64603058204654,7.93809499227347,29.06674297993473,6.659769186092153,27.175054879500593,6.226345801515998,0.33772928601316676,0.06962922639555888,,,,,,,,,,,,,,
1106,18.093644,-76.4758301,-0.7,,0,11,Very Low Density Rural,165.0,289.0,Portland,Rural,34.64603058204654,7.93809499227347,34.64603058204654,7.93809499227347,83.98134305616972,19.24179675301788,50.467959061929676,11.563213631386853,0.6272115311673098,0.12931142044889507,,,,,,,,,,,,,,
1107,18.1980434,-76.4758301,0.64,12.289639472961426,1,21,Suburban / Peri-urban,57.0,130.0,Portland,Urban,22.91662051591443,5.07397966218306,22.91662051591443,5.07397966218306,26.146694375507955,5.789151825528224,26.635714441930098,5.89742598705663,0.31028900386176245,0.06746249003931432,20.98097980238597,23.30729575353466,5.160479249189224,0.27151505914521695,0.059032327105180034,0.0,0.0,23.74331030491681,22.015409988954442,4.87444221808371,0.25646541788747185,0.05576026054526351,20.977752465620487,22.677895203567843
1108,17.9682826,-76.673584,0.063,,0,11,Very Low Density Rural,41.0,22.0,Saint Andrew,Rural,34.64603058204654,7.93809499227347,34.64603058204654,7.93809499227347,39.15760544068435,8.971786563601068,38.821506970715134,8.894779716451426,0.4824704085902382,0.09947032342222697,,,,,,,,,,,,,,
1109,18.0309744,-77.4206543,0.691,1.9178500175476074,0,12,Low Density Rural,37.0,44.0,Manchester,Rural,34.64603058204654,7.93809499227347,34.64603058204654,7.93809499227347,20.896771381840907,4.787866127060271,27.175054879500593,6.226345801515998,0.33772928601316676,0.06962922639555888,37.168798875322565,37.27739372334915,8.54099264674969,0.46328029961460665,0.09551392254804396,15.875206703293205,16.735074182999526,34.63759719777075,34.61359585496672,7.930663550914023,0.43017484477150214,0.0886886121421569,34.548062100082376,34.671895656800494
1110,18.4066544,-77.0251465,1.0,3.8932371139526367,1,21,Suburban / Peri-urban,44.0,64.0,Saint Mary,Urban,22.91662051591443,5.07397966218306,22.91662051591443,5.07397966218306,18.241929670806485,4.038954176701934,18.645000109351066,4.128198190939641,0.2172023027032337,0.04722374302752002,27.047250374640598,30.046178478755326,6.652538423876921,0.3500187243090953,0.07610045605353062,9.139473710293618,10.617366547213296,23.6613671501149,21.939430181354535,4.857619493361678,0.25558030182027636,0.05556782016509001,21.23317513400921,23.710163316446845
1111,18.2397857,-77.947998,-0.53,0.0,0,11,Very Low Density Rural,32.0,77.0,Westmoreland,Rural,34.64603058204654,7.93809499227347,34.64603058204654,7.93809499227347,70.8521043870014,16.23362692861972,50.467959061929676,11.563213631386853,0.6272115311673098,0.12931142044889507,43.35555208176539,43.482222561627296,9.96264239714197,0.5403933881687114,0.1114122320028693,0.0,0.0,34.650309286624534,34.62629913526486,7.9335741251999075,0.4303327200657431,0.08872116109500233,34.60880027677939,34.63432822689843
1112,18.4275017,-77.6184082,-0.321,,0,12,Low Density Rural,34.0,145.0,Trelawny,Rural,34.64603058204654,7.93809499227347,34.64603058204654,7.93809499227347,57.489059934922594,13.171887547094627,50.467959061929676,11.563213631386853,0.6272115311673098,0.12931142044889507,,,,,,,,,,,,,,
1113,18.1354112,-77.3986816,-0.148,,0,12,Low Density Rural,55.0,108.0,Clarendon,Rural,34.64603058204654,7.93809499227347,34.64603058204654,7.93809499227347,48.356210753320376,11.07937007436477,50.467959061929676,11.563213631386853,0.6272115311673098,0.12931142044889507,,,,,,,,,,,,,,
1114,18.3858046,-77.8601074,0.446,1.147711992263794,0,12,Low Density Rural,9.0,72.0,Saint James,Rural,34.64603058204654,7.93809499227347,34.64603058204654,7.93809499227347,26.698160494609873,6.117079808703938,27.175054879500593,6.226345801515998,0.33772928601316676,0.06962922639555888,32.727803775187155,32.82342351498913,7.520499447016751,0.40792673418250663,0.08410174688281956,5.524826723823087,6.474578980902042,34.636022043942084,34.61202179260542,7.9303029019063915,0.4301552824574689,0.08868457900422942,34.53952312260418,34.65987921656647
1115,17.9055685,-76.6296387,0.827,,0,13,Rural Cluster,,,,Unknown,,,,,,,,,,,,,,,,,,,,,,,,
1116,18.1771685,-76.3659668,-0.042,,0,10,Water,,,,Unknown,,,,,,,,,,,,,,,,,,,,,,,,
1117,17.9264757,-76.7614746,-0.137,,0,10,Water,,,,Unknown,,,,,,,,,,,,,,,,,,,,,,,,
1118,18.093644,-77.4206543,0.546,,0,11,Very Low Density Rural,48.0,34.0,Clarendon,Rural,34.64603058204654,7.93809499227347,34.64603058204654,7.93809499227347,24.157494608252453,5.534962700027573,27.175054879500593,6.226345801515998,0.33772928601316676,0.06962922639555888,,,,,,,,,,,,,,
1119,17.9264757,-76.4099121,-0.395,,0,12,Low Density Rural,49.0,62.0,Saint Thomas,Rural,34.64603058204654,7.93809499227347,34.64603058204654,7.93809499227347,61.904610979504724,14.183578151942406,50.467959061929676,11.563213631386853,0.6272115311673098,0.12931142044889507,,,,,,,,,,,,,,
1120,18.3023803,-77.2888184,0.488,,0,11,Very Low Density Rural,79.0,53.0,Saint Ann,Rural,34.64603058204654,7.93809499227347,34.64603058204654,7.93809499227347,25.600059295155546,5.865482973916321,27.175054879500593,6.226345801515998,0.33772928601316676,0.06962922639555888,,,,,,,,,,,,,,
1121,18.1771685,-77.0031738,0.269,,1,21,Suburban / Peri-urban,14.0,43.0,Saint Catherine,Urban,22.91662051591443,5.07397966218306,22.91662051591443,5.07397966218306,37.89134691399991,8.389540834820895,34.62642877450913,7.66665378317362,0.40337570502029124,0.08770123705110862,,,,,,,,,,,,,,
1122,18.1562911,-77.947998,0.159,,0,12,Low Density Rural,44.0,74.0,Westmoreland,Rural,34.64603058204654,7.93809499227347,34.64603058204654,7.93809499227347,35.57327549827792,8.150545252880283,38.821506970715134,8.894779716451426,0.4824704085902382,0.09947032342222697,,,,,,,,,,,,,,
1123,18.1354112,-76.9372559,-0.228,1.8407469987869263,0,12,Low Density Rural,14.0,174.0,Saint Catherine,Rural,34.64603058204654,7.93809499227347,34.64603058204654,7.93809499227347,52.383657750836726,12.002138319544297,50.467959061929676,11.563213631386853,0.6272115311673098,0.12931142044889507,33.672615317565565,33.77099548194307,7.737607039411293,0.41970307852714506,0.08652966113380021,0.0,0.0,34.648023074498596,34.624014507318115,7.933050671477835,0.43030432690264997,0.08871530731191934,34.60616386582964,34.67845629602421
1124,18.0518668,-77.6623535,0.542,0.890395998954773,0,11,Very Low Density Rural,71.0,58.0,Saint Elizabeth,Rural,34.64603058204654,7.93809499227347,34.64603058204654,7.93809499227347,24.254318104580157,5.5571468896279725,27.175054879500593,6.226345801515998,0.33772928601316676,0.06962922639555888,35.42356248624009,35.52705833493988,8.139955981131473,0.44152727929386515,0.09102912943288292,10.77497695127291,11.743448297927081,34.65074619627431,34.62673574216793,7.933674160528997,0.4303381461794455,0.08872227979010838,34.60464869897081,34.63742648984333
1125,18.1562911,-77.5085449,0.59,1.0916880369186401,0,12,Low Density Rural,58.0,42.0,Manchester,Rural,34.64603058204654,7.93809499227347,34.64603058204654,7.93809499227347,23.117610068000978,5.296704460257086,27.175054879500593,6.226345801515998,0.33772928601316676,0.06962922639555888,35.94342591828976,36.04844063475247,8.259415040471652,0.44800697446417515,0.0923650401183724,12.514091753796807,13.434403270283822,34.65074619627431,34.62673574216793,7.933674160528997,0.4303381461794455,0.08872227979010838,34.482474829285415,34.633685748379705
1126,18.4900283,-77.5305176,0.525,,0,13,Rural Cluster,,,,Unknown,,,,,,,,,,,,,,,,,,,,,,,,
1127,18.3440975,-77.8161621,0.041,,0,12,Low Density Rural,20.0,38.0,Saint James,Rural,34.64603058204654,7.93809499227347,34.64603058204654,7.93809499227347,40.02861877648539,9.171353050236583,38.821506970715134,8.894779716451426,0.4824704085902382,0.09947032342222697,,,,,,,,,,,,,,
1128,18.1354112,-77.5964355,-0.118,0.16606000065803528,0,12,Low Density Rural,72.0,148.0,Manchester,Rural,34.64603058204654,7.93809499227347,34.64603058204654,7.93809499227347,46.92706874489011,10.751925203198294,38.821506970715134,8.894779716451426,0.4824704085902382,0.09947032342222697,33.43026886567827,33.527940974457834,7.681918415453377,0.4166824176438733,0.0859068952404766,0.0,0.0,34.65009029081241,34.62608029120094,7.9335239836703115,0.430330000290207,0.08872060036226642,34.60786013810286,34.63432822689843
1129,18.4066544,-76.9812012,0.664,0.48365798592567444,1,21,Suburban / Peri-urban,,100.0,,Unknown,,,,,,,,,,,,,,,,,,,,,,,,
1130,18.3858046,-76.9372559,0.64,1.4892640113830566,0,12,Low Density Rural,48.0,61.0,Saint Mary,Rural,34.64603058204654,7.93809499227347,34.64603058204654,7.93809499227347,21.99015092081648,5.038381135480712,27.175054879500593,6.226345801515998,0.33772928601316676,0.06962922639555888,36.38035313781697,36.48664441005869,8.359816244763037,0.45345293395970065,0.0934878268068807,14.040275768386993,14.848988032987757,34.68976929882425,34.66573180453791,7.942608934360719,0.43082278594778955,0.08882219736773002,34.60236411934242,34.84503043261199
1131,18.1354112,-77.6623535,-0.602,,0,11,Very Low Density Rural,90.0,120.0,Saint Elizabeth,Rural,34.64603058204654,7.93809499227347,34.64603058204654,7.93809499227347,76.14159261765823,17.445553932379415,50.467959061929676,11.563213631386853,0.6272115311673098,0.12931142044889507,,,,,,,,,,,,,,
1132,18.0100796,-77.3547363,-0.375,,0,11,Very Low Density Rural,54.0,96.0,Clarendon,Rural,34.64603058204654,7.93809499227347,34.64603058204654,7.93809499227347,60.67881755368132,13.902724487276625,50.467959061929676,11.563213631386853,0.6272115311673098,0.12931142044889507,,,,,,,,,,,,,,
1133,18.0727566,-77.0031738,0.251,,0,11,Very Low Density Rural,4.0,13.0,Saint Catherine,Rural,34.64603058204654,7.93809499227347,34.64603058204654,7.93809499227347,32.44656776816548,7.434154296752396,27.175054879500593,6.226345801515998,0.33772928601316676,0.06962922639555888,,,,,,,,,,,,,,
1134,18.1562911,-77.9260254,0.238,1.1751070022583008,0,12,Low Density Rural,45.0,82.0,Saint Elizabeth,Rural,34.64603058204654,7.93809499227347,34.64603058204654,7.93809499227347,32.87112680369299,7.531429219657757,38.821506970715134,8.894779716451426,0.4824704085902382,0.09947032342222697,32.618094360006346,32.71339356544539,7.4952893962028515,0.40655929126604334,0.08381982287931541,0.0,0.0432845051896797,34.65074619627431,34.62673574216793,7.933674160528997,0.4303381461794455,0.08872227979010838,34.60753138898199,34.63512114144663
1135,18.3440975,-78.2336426,-0.184,4.390843868255615,0,12,Low Density Rural,56.0,123.0,Hanover,Rural,34.64603058204654,7.93809499227347,34.64603058204654,7.93809499227347,50.128748591576844,11.485493763026819,50.467959061929676,11.563213631386853,0.6272115311673098,0.12931142044889507,33.970619028295964,34.06986986024028,7.806085106474749,0.42341746404862896,0.08729545137203766,0.0,0.0,34.650875350738104,34.626864807137046,7.933703731881553,0.4303397501879769,0.08872261048655018,34.57346691692275,34.640285847615615
1136,18.2189158,-78.1018066,0.571,2.0972900390625,0,12,Low Density Rural,46.0,51.0,Westmoreland,Rural,34.64603058204654,7.93809499227347,34.64603058204654,7.93809499227347,23.56104394119962,5.398303984043995,27.175054879500593,6.226345801515998,0.33772928601316676,0.06962922639555888,35.47269679904899,35.57633620184237,8.151246520968707,0.44213970046022627,0.091155391542235,11.627618108211351,12.332952513449293,34.65074619627431,34.62673574216793,7.933674160528997,0.4303381461794455,0.08872227979010838,34.49763899434236,34.63432822689843
1137,17.9891824,-77.3327637,-0.267,2.44246506690979,0,12,Low Density Rural,22.0,12.0,Clarendon,Rural,34.64603058204654,7.93809499227347,34.64603058204654,7.93809499227347,54.466981154951846,12.479469165348666,50.467959061929676,11.563213631386853,0.6272115311673098,0.12931142044889507,36.21152053451308,36.31731853413226,8.321020317345875,0.45134856628008563,0.09305397194249176,0.0,0.0,34.84096962225998,34.816827357115145,7.977227931952023,0.4327005887091067,0.08920934162500614,34.45099368449976,35.03899462950298
1138,17.9264757,-76.9592285,0.086,,0,11,Very Low Density Rural,14.0,33.0,Saint Catherine,Rural,34.64603058204654,7.93809499227347,34.64603058204654,7.93809499227347,38.267258751577174,8.767790421028494,38.821506970715134,8.894779716451426,0.4824704085902382,0.09947032342222697,,,,,,,,,,,,,,
1139,18.0100796,-77.6843262,0.26,4.260712146759033,0,12,Low Density Rural,72.0,100.0,Saint Elizabeth,Rural,34.64603058204654,7.93809499227347,34.64603058204654,7.93809499227347,32.15585881084276,7.367547090109555,27.175054879500593,6.226345801515998,0.33772928601316676,0.06962922639555888,32.112369611981386,32.206191258182116,7.37907925530889,0.40025582384506414,0.08252024484948688,0.0,0.33926525727659007,34.650875350738104,34.626864807137046,7.933703731881553,0.4303397501879769,0.08872261048655018,34.57364106847581,34.641894886462275
1140,18.4483464,-77.8381348,0.248,1.176429033279419,0,12,Low Density Rural,6.0,12.0,Saint James,Rural,34.64603058204654,7.93809499227347,34.64603058204654,7.93809499227347,32.544053627144066,7.456490246815789,27.175054879500593,6.226345801515998,0.33772928601316676,0.06962922639555888,31.65135641743446,31.74383113666109,7.273143351437267,0.39450965131975857,0.08133556361441968,0.0,0.0,34.638043839949354,34.61404218765468,7.930765814613953,0.43018039175643735,0.08868975575713452,34.41485121485961,35.02046673272147
1141,18.0518668,-77.1350098,0.331,1.0070819854736328,0,12,Low Density Rural,25.0,218.0,Saint Catherine,Rural,34.64603058204654,7.93809499227347,34.64603058204654,7.93809499227347,29.951957090935302,6.8625893528925825,27.175054879500593,6.226345801515998,0.33772928601316676,0.06962922639555888,31.753761259168858,31.846535171228233,7.296674889359139,0.3957860483838616,0.08159871680790255,1.0404077226040604,2.4071103550574913,34.650875350738104,34.626864807137046,7.933703731881553,0.4303397501879769,0.08872261048655018,34.60753138898199,34.63457457741948
1142,18.2815179,-77.1350098,0.607,1.5815099477767944,0,12,Low Density Rural,19.0,64.0,Saint Ann,Rural,34.64603058204654,7.93809499227347,34.64603058204654,7.93809499227347,22.727932342207563,5.207421539479312,27.175054879500593,6.226345801515998,0.33772928601316676,0.06962922639555888,35.35874716700033,35.46205364692966,8.125062113646532,0.44071940652354147,0.09086257130969581,12.172045400928676,13.078617988354823,34.68976929882425,34.66573180453791,7.942608934360719,0.43082278594778955,0.08882219736773002,34.588862202600815,34.820259991648044
1143,18.2815179,-78.3435059,1.035,1.113968014717102,1,23,Dense Urban Cluster,71.0,81.0,Westmoreland,Urban,22.91662051591443,5.07397966218306,22.91662051591443,5.07397966218306,17.614506093120347,3.9000360290395077,18.645000109351066,4.128198190939641,0.2172023027032337,0.04722374302752002,27.202409768407744,30.21854153870445,6.69070140956175,0.35202664349935314,0.07653701431594609,9.806722041369458,11.547027313387167,22.348798465284236,20.722382627154573,4.588152425404087,0.24140247775370566,0.052485302567088714,19.995331870330322,21.949555821179995
1144,18.4483464,-77.3327637,0.824,25.612934112548828,1,21,Suburban / Peri-urban,54.0,66.0,Saint Ann,Urban,22.91662051591443,5.07397966218306,22.91662051591443,5.07397966218306,21.75237120269853,4.816202677445467,18.645000109351066,4.128198190939641,0.2172023027032337,0.04722374302752002,23.409948487692755,26.00558210897367,5.75790809262344,0.30294836600050273,0.0658665014530798,1.1021010501945707,2.885451942834111,23.153177131717683,21.468223282921667,4.753289353685613,0.25009104342451277,0.05437435524935486,19.966301753763975,22.202349120532105
1145,18.0100796,-77.6623535,-0.097,,0,11,Very Low Density Rural,79.0,61.0,Saint Elizabeth,Rural,34.64603058204654,7.93809499227347,34.64603058204654,7.93809499227347,45.95187566665114,10.52848906460411,38.821506970715134,8.894779716451426,0.4824704085902382,0.09947032342222697,,,,,,,,,,,,,,
1146,17.8846589,-77.6623535,0.34,1.5241789817810059,1,21,Suburban / Peri-urban,83.0,64.0,Saint Elizabeth,Urban,22.91662051591443,5.07397966218306,22.91662051591443,5.07397966218306,35.29434569177735,7.81453758008397,34.62642877450913,7.66665378317362,0.40337570502029124,0.08770123705110862,20.29151207161742,22.54138165110015,4.990897849696523,0.26259265068471915,0.05709243273444303,0.0,0.0,22.839266383708196,21.177157137189784,4.688844262282718,0.2467003093552642,0.05363714780556625,21.047645394083336,21.308670293589323
1147,17.8846589,-77.1350098,0.356,,0,11,Very Low Density Rural,7.0,45.0,Saint Catherine,Rural,34.64603058204654,7.93809499227347,34.64603058204654,7.93809499227347,29.2124406354365,6.693151418056236,27.175054879500593,6.226345801515998,0.33772928601316676,0.06962922639555888,,,,,,,,,,,,,,
1148,18.1354112,-76.6516113,-0.72,,0,11,Very Low Density Rural,52.0,308.0,Portland,Rural,34.64603058204654,7.93809499227347,34.64603058204654,7.93809499227347,85.67787872315103,19.63050683195132,50.467959061929676,11.563213631386853,0.6272115311673098,0.12931142044889507,,,,,,,,,,,,,,
1149,18.1980434,-77.5744629,-0.253,1.0865919589996338,0,11,Very Low Density Rural,66.0,107.0,Manchester,Rural,34.64603058204654,7.93809499227347,34.64603058204654,7.93809499227347,53.7097563603096,12.305973897654429,50.467959061929676,11.563213631386853,0.6272115311673098,0.12931142044889507,35.777487974323364,35.88201787539381,8.22128427482631,0.445938686471979,0.09193862375821633,0.0,0.0,34.650875350738104,34.626864807137046,7.933703731881553,0.4303397501879769,0.08872261048655018,34.60753138898199,34.63452707933807
1150,17.9264757,-77.0251465,0.052,,0,11,Very Low Density Rural,10.0,16.0,Saint Catherine,Rural,34.64603058204654,7.93809499227347,34.64603058204654,7.93809499227347,39.59071684606359,9.071021004614323,38.821506970715134,8.894779716451426,0.4824704085902382,0.09947032342222697,,,,,,,,,,,,,,
1151,18.3023803,-78.3435059,0.239,,0,10,Water,,,,Unknown,,,,,,,,,,,,,,,,,,,,,,,,
1152,18.2397857,-77.2009277,-0.319,,0,11,Very Low Density Rural,78.0,55.0,Saint Ann,Rural,34.64603058204654,7.93809499227347,34.64603058204654,7.93809499227347,57.37419671655885,13.145570098221793,50.467959061929676,11.563213631386853,0.6272115311673098,0.12931142044889507,,,,,,,,,,,,,,
1153,18.4066544,-77.9040527,0.328,4.5490241050720215,0,12,Low Density Rural,7.0,12.0,Saint James,Rural,34.64603058204654,7.93809499227347,34.64603058204654,7.93809499227347,30.041947880899972,6.883208033508176,27.175054879500593,6.226345801515998,0.33772928601316676,0.06962922639555888,31.859603479722345,31.952686627490262,7.320996300188026,0.39710528971351483,0.08187070315026916,1.5393601393337744,2.4826447270027607,34.82522838448454,34.80109702687586,7.973623800292451,0.43250509349395366,0.08916903661990626,34.417731751937815,35.035556413130784
1154,18.1562911,-77.8820801,0.243,0.8644790053367615,0,12,Low Density Rural,50.0,79.0,Saint Elizabeth,Rural,34.64603058204654,7.93809499227347,34.64603058204654,7.93809499227347,32.70718137479959,7.493866059715874,27.175054879500593,6.226345801515998,0.33772928601316676,0.06962922639555888,32.72650677552386,32.82212272592489,7.520201410359064,0.4079105680859204,0.08409841393881455,0.0,0.3407080601330043,34.65074619627431,34.62673574216793,7.933674160528997,0.4303381461794455,0.08872227979010838,34.60753138898199,34.634619358554716
1155,18.3649523,-77.7282715,-0.308,,0,11,Very Low Density Rural,71.0,129.0,Trelawny,Rural,34.64603058204654,7.93809499227347,34.64603058204654,7.93809499227347,56.74653899899254,13.001761226008398,50.467959061929676,11.563213631386853,0.6272115311673098,0.12931142044889507,,,,,,,,,,,,,,
1156,18.3440975,-76.9152832,0.284,3.463310956954956,0,12,Low Density Rural,46.0,70.0,Saint Mary,Rural,34.64603058204654,7.93809499227347,34.64603058204654,7.93809499227347,31.393305442018747,7.192830940042427,27.175054879500593,6.226345801515998,0.33772928601316676,0.06962922639555888,32.63677951350433,32.73213331073718,7.499583044732226,0.40679218723720256,0.08386783875171397,0.9672974881257929,1.5395764184279879,34.65074619627431,34.62673574216793,7.933674160528997,0.4303381461794455,0.08872227979010838,34.60630938242179,34.63600837841529
1157,18.093644,-77.442627,0.347,,0,11,Very Low Density Rural,81.0,32.0,Manchester,Rural,34.64603058204654,7.93809499227347,34.64603058204654,7.93809499227347,29.47653926231305,6.75366166850211,27.175054879500593,6.226345801515998,0.33772928601316676,0.06962922639555888,,,,,,,,,,,,,,
1158,18.1771685,-77.0471191,1.096,,0,12,Low Density Rural,9.0,43.0,Saint Catherine,Rural,34.64603058204654,7.93809499227347,34.64603058204654,7.93809499227347,13.937661933498882,3.1933956802439742,27.175054879500593,6.226345801515998,0.33772928601316676,0.06962922639555888,,,,,,,,,,,,,,
1159,18.260653,-77.0251465,-0.166,1.7045270204544067,0,11,Very Low Density Rural,30.0,55.0,Saint Ann,Rural,34.64603058204654,7.93809499227347,34.64603058204654,7.93809499227347,49.23450346753283,11.280604411439246,50.467959061929676,11.563213631386853,0.6272115311673098,0.12931142044889507,34.68311878060601,34.78445129946683,7.969809932926738,0.43229822180011723,0.0891263861403609,0.0,0.0,34.65074619627431,34.62673574216793,7.933674160528997,0.4303381461794455,0.08872227979010838,34.60753138898199,34.63512114144663
1160,18.1354112,-77.4645996,0.782,,0,12,Low Density Rural,57.0,64.0,Manchester,Rural,34.64603058204654,7.93809499227347,34.64603058204654,7.93809499227347,19.07912237223367,4.371406571420701,27.175054879500593,6.226345801515998,0.33772928601316676,0.06962922639555888,,,,,,,,,,,,,,
1161,18.1562911,-77.7282715,-0.148,,0,11,Very Low Density Rural,72.0,67.0,Saint Elizabeth,Rural,34.64603058204654,7.93809499227347,34.64603058204654,7.93809499227347,48.356210753320376,11.07937007436477,50.467959061929676,11.563213631386853,0.6272115311673098,0.12931142044889507,,,,,,,,,,,,,,
1162,18.4483464,-77.8601074,0.439,7.670022964477539,0,12,Low Density Rural,4.0,7.0,Saint James,Rural,34.64603058204654,7.93809499227347,34.64603058204654,7.93809499227347,26.885703251923776,6.160049586126062,27.175054879500593,6.226345801515998,0.33772928601316676,0.06962922639555888,31.991683156995926,32.085152197580264,7.351346798092538,0.39875156062653405,0.08221011277465859,4.639209621975389,5.902154012958784,34.41640983770333,34.392561761698445,7.880020242014913,0.4274278517356068,0.08812226800818707,33.75547860191468,34.90863498652401
1163,18.3440975,-77.8381348,-0.222,,0,11,Very Low Density Rural,38.0,75.0,Saint James,Rural,34.64603058204654,7.93809499227347,34.64603058204654,7.93809499227347,52.070296827184876,11.930341096687144,50.467959061929676,11.563213631386853,0.6272115311673098,0.12931142044889507,,,,,,,,,,,,,,
1164,18.3649523,-77.8161621,0.032,,0,12,Low Density Rural,17.0,38.0,Saint James,Rural,34.64603058204654,7.93809499227347,34.64603058204654,7.93809499227347,40.39050237897394,9.254267784318381,38.821506970715134,8.894779716451426,0.4824704085902382,0.09947032342222697,,,,,,,,,,,,,,
1165,18.3649523,-77.3547363,0.576,0.4007749855518341,0,11,Very Low Density Rural,59.0,53.0,Saint Ann,Rural,34.64603058204654,7.93809499227347,34.64603058204654,7.93809499227347,23.443532744300764,5.371379830599349,27.175054879500593,6.226345801515998,0.33772928601316676,0.06962922639555888,36.07581722419822,36.1812187439524,8.289837147305146,0.44965712958684606,0.09270525054542955,12.300730516375694,13.256297682765688,34.649961136348615,34.62595122623183,7.9334944123177555,0.4303283962816756,0.08872026966582462,34.49103309786655,34.633980031427924
1166,18.1562911,-76.607666,-0.366,,0,12,Low Density Rural,52.0,123.0,Portland,Rural,34.64603058204654,7.93809499227347,34.64603058204654,7.93809499227347,60.13515833189104,13.778161341845673,50.467959061929676,11.563213631386853,0.6272115311673098,0.12931142044889507,,,,,,,,,,,,,,
1167,18.4691886,-77.3547363,0.543,,0,10,Water,,,,Unknown,,,,,,,,,,,,,,,,,,,,,,,,
1168,18.0727566,-76.3000488,-0.035,,0,12,Low Density Rural,82.0,223.0,Portland,Rural,34.64603058204654,7.93809499227347,34.64603058204654,7.93809499227347,43.189381555037265,9.895546695588521,38.821506970715134,8.894779716451426,0.4824704085902382,0.09947032342222697,,,,,,,,,,,,,,
1169,18.2815179,-77.0031738,0.293,0.752161979675293,0,12,Low Density Rural,28.0,139.0,Saint Mary,Rural,34.64603058204654,7.93809499227347,34.64603058204654,7.93809499227347,31.112033316191088,7.128385899268964,27.175054879500593,6.226345801515998,0.33772928601316676,0.06962922639555888,32.25649370489357,32.35073643368078,7.412197431172242,0.4020522190734924,0.08289060541706661,0.6980373126266634,1.575383317662154,34.650875350738104,34.626864807137046,7.933703731881553,0.4303397501879769,0.08872261048655018,34.60753138898199,34.63457457741948
1170,18.260653,-77.376709,-0.094,0.16507400572299957,0,11,Very Low Density Rural,79.0,142.0,Saint Ann,Rural,34.64603058204654,7.93809499227347,34.64603058204654,7.93809499227347,45.81422661646323,10.496950928268397,38.821506970715134,8.894779716451426,0.4824704085902382,0.09947032342222697,33.44046739242428,33.53816929790149,7.684261927877266,0.4168095343834367,0.0859331027404012,0.0,0.0,34.65009029081241,34.62608029120094,7.9335239836703115,0.430330000290207,0.08872060036226642,34.60786013810286,34.63432822689843
1171,18.5317,-77.8161621,0.597,,0,10,Water,,,,Unknown,,,,,,,,,,,,,,,,,,,,,,,,
1172,18.0518668,-77.244873,0.561,1.5706570148468018,0,12,Low Density Rural,24.0,11.0,Clarendon,Rural,34.64603058204654,7.93809499227347,34.64603058204654,7.93809499227347,23.797836369486102,5.452557841054767,27.175054879500593,6.226345801515998,0.33772928601316676,0.06962922639555888,35.61765049854889,35.72171340776283,8.184555331557412,0.44394643609243806,0.09152788397798808,11.419226746022884,12.528970854334798,35.014002479597515,34.98974031523156,8.016845731274593,0.43484953634310525,0.08965238748308446,34.44944803149378,35.66767641712506
1173,18.1980434,-77.6184082,0.117,,0,11,Very Low Density Rural,67.0,122.0,Manchester,Rural,34.64603058204654,7.93809499227347,34.64603058204654,7.93809499227347,37.09917260823385,8.50015864303709,38.821506970715134,8.894779716451426,0.4824704085902382,0.09947032342222697,,,,,,,,,,,,,,
1174,17.9682826,-77.3547363,0.604,0.9271270036697388,1,21,Suburban / Peri-urban,22.0,13.0,Clarendon,Urban,22.91662051591443,5.07397966218306,22.91662051591443,5.07397966218306,27.105123590781677,6.001358086157438,26.635714441930098,5.89742598705663,0.31028900386176245,0.06746249003931432,22.175891515301007,24.634696139721882,5.454379589268192,0.2869784229852862,0.06239434450203153,0.0,0.0,23.642771055037812,21.92218740214397,4.853801761555491,0.2553794344924365,0.05552414794359661,21.10280797804686,22.711235373298116
1175,18.2815179,-77.2229004,-0.395,,0,12,Low Density Rural,46.0,119.0,Saint Ann,Rural,34.64603058204654,7.93809499227347,34.64603058204654,7.93809499227347,61.904610979504724,14.183578151942406,50.467959061929676,11.563213631386853,0.6272115311673098,0.12931142044889507,,,,,,,,,,,,,,
1176,18.2397857,-77.3986816,-0.41,,0,11,Very Low Density Rural,81.0,124.0,Saint Ann,Rural,34.64603058204654,7.93809499227347,34.64603058204654,7.93809499227347,62.840179365248915,14.39793548503481,50.467959061929676,11.563213631386853,0.6272115311673098,0.12931142044889507,,,,,,,,,,,,,,
1177,18.2397857,-76.7834473,-0.467,,0,11,Very Low Density Rural,52.0,80.0,Saint Mary,Rural,34.64603058204654,7.93809499227347,34.64603058204654,7.93809499227347,66.52612101131618,15.242458058931655,50.467959061929676,11.563213631386853,0.6272115311673098,0.12931142044889507,,,,,,,,,,,,,,
1178,18.1562911,-77.5305176,-0.144,2.0584990978240967,0,12,Low Density Rural,63.0,64.0,Manchester,Rural,34.64603058204654,7.93809499227347,34.64603058204654,7.93809499227347,48.163172244708925,11.035141110966041,50.467959061929676,11.563213631386853,0.6272115311673098,0.12931142044889507,34.1281463292294,34.22785740346894,7.842283196260968,0.4253809198874555,0.0877002546176585,0.0,0.0,34.65074619627431,34.62673574216793,7.933674160528997,0.4303381461794455,0.08872227979010838,34.60753138898199,34.635073643365224
1179,17.9473804,-76.4758301,0.536,,0,12,Low Density Rural,50.0,51.0,Saint Thomas,Rural,34.64603058204654,7.93809499227347,34.64603058204654,7.93809499227347,24.400281465400276,5.590589999967487,27.175054879500593,6.226345801515998,0.33772928601316676,0.06962922639555888,,,,,,,,,,,,,,
1180,18.1354112,-77.3327637,0.551,0.0,0,12,Low Density Rural,40.0,29.0,Clarendon,Rural,34.64603058204654,7.93809499227347,34.64603058204654,7.93809499227347,24.03700860124113,5.5073569583934585,27.175054879500593,6.226345801515998,0.33772928601316676,0.06962922639555888,35.848708377786416,35.95344636114965,8.237649962195356,0.4468263936579365,0.09212164124347402,11.337651450252926,12.488912851801134,34.650309286624534,34.62629913526486,7.9335741251999075,0.4303327200657431,0.08872116109500233,34.58532342580043,34.64743728039214
1181,18.4275017,-77.9260254,0.38,1.2008730173110962,0,12,Low Density Rural,3.0,7.0,Saint James,Rural,34.64603058204654,7.93809499227347,34.64603058204654,7.93809499227347,28.519688339527917,6.53442808269419,27.175054879500593,6.226345801515998,0.33772928601316676,0.06962922639555888,31.710371348000464,31.803018489194173,7.2867043516111885,0.395245226736281,0.08148721628218995,2.697742427109999,3.8490981269574585,34.33466127051418,34.31086984033764,7.861302997327163,0.42641259143911187,0.08791295305694438,33.35057024340415,34.74954924307552
1182,18.260653,-77.5305176,-0.098,,0,12,Low Density Rural,65.0,89.0,Trelawny,Rural,34.64603058204654,7.93809499227347,34.64603058204654,7.93809499227347,45.997850525916185,10.539022819668432,38.821506970715134,8.894779716451426,0.4824704085902382,0.09947032342222697,,,,,,,,,,,,,,
1183,17.9473804,-76.3220215,-0.323,,0,11,Very Low Density Rural,63.0,90.0,Saint Thomas,Rural,34.64603058204654,7.93809499227347,34.64603058204654,7.93809499227347,57.604153109602734,13.198257683535212,50.467959061929676,11.563213631386853,0.6272115311673098,0.12931142044889507,,,,,,,,,,,,,,
1184,18.0309744,-76.673584,0.241,3.516361951828003,0,12,Low Density Rural,9.0,21.0,Saint Andrew,Rural,34.64603058204654,7.93809499227347,34.64603058204654,7.93809499227347,32.77266119554333,7.508868789564244,27.175054879500593,6.226345801515998,0.33772928601316676,0.06962922639555888,31.671509226783883,31.76404282580579,7.2777742515920485,0.39476084048475674,0.0813873509718154,0.0,0.0,34.63586250505334,34.611862364265555,7.930266373701427,0.43015330109553124,0.08868417050930569,34.548674383978735,34.76138345545224
1185,18.4066544,-76.9372559,0.854,,0,12,Low Density Rural,52.0,118.0,Saint Mary,Rural,34.64603058204654,7.93809499227347,34.64603058204654,7.93809499227347,17.753712832326215,4.067728872859097,27.175054879500593,6.226345801515998,0.33772928601316676,0.06962922639555888,,,,,,,,,,,,,,
1186,18.2189158,-76.8713379,-0.071,1.2117459774017334,0,11,Very Low Density Rural,32.0,168.0,Saint Mary,Rural,34.64603058204654,7.93809499227347,34.64603058204654,7.93809499227347,44.772524895356646,10.258276336205784,38.821506970715134,8.894779716451426,0.4824704085902382,0.09947032342222697,32.842919408020016,32.9388754773519,7.546951788854576,0.4093615614161771,0.08439756342710307,0.0,0.0,34.650875350738104,34.626864807137046,7.933703731881553,0.4303397501879769,0.08872261048655018,34.60753138898199,34.63507636031139
1187,18.0727566,-77.1130371,0.242,1.2531089782714844,0,12,Low Density Rural,24.0,63.0,Saint Catherine,Rural,34.64603058204654,7.93809499227347,34.64603058204654,7.93809499227347,32.73990491521764,7.5013636739579095,27.175054879500593,6.226345801515998,0.33772928601316676,0.06962922639555888,32.46589160179449,32.56074612147834,7.460314829414642,0.40466220172965334,0.08342870229163622,0.0,0.03554444907900691,34.65074619627431,34.62673574216793,7.933674160528997,0.4303381461794455,0.08872227979010838,34.60753138898199,34.63512114144663
1188,18.4066544,-77.7502441,-0.409,,0,11,Very Low Density Rural,26.0,94.0,Saint James,Rural,34.64603058204654,7.93809499227347,34.64603058204654,7.93809499227347,62.77737059550261,14.383544746118462,50.467959061929676,11.563213631386853,0.6272115311673098,0.12931142044889507,,,,,,,,,,,,,,
1189,18.1980434,-77.2888184,-0.368,,0,11,Very Low Density Rural,69.0,224.0,Saint Ann,Rural,34.64603058204654,7.93809499227347,34.64603058204654,7.93809499227347,60.2555489990918,13.805745239232117,50.467959061929676,11.563213631386853,0.6272115311673098,0.12931142044889507,,,,,,,,,,,,,,
1190,18.1771685,-77.947998,0.209,3.8733749389648438,0,12,Low Density Rural,40.0,53.0,Westmoreland,Rural,34.64603058204654,7.93809499227347,34.64603058204654,7.93809499227347,33.83834637983226,7.753038470264338,38.821506970715134,8.894779716451426,0.4824704085902382,0.09947032342222697,32.46814220373223,32.56300329892518,7.460831993680979,0.404690253740253,0.08343448573973442,0.0,0.0,34.65074619627431,34.62673574216793,7.933674160528997,0.4303381461794455,0.08872227979010838,34.61075662093422,34.667787458063685
1191,17.8637468,-77.5305176,-0.016,,0,11,Very Low Density Rural,73.0,92.0,Manchester,Rural,34.64603058204654,7.93809499227347,34.64603058204654,7.93809499227347,42.37652984983268,9.709306195821453,38.821506970715134,8.894779716451426,0.4824704085902382,0.09947032342222697,,,,,,,,,,,,,,
1192,18.5108654,-77.8601074,1.265,20.280866622924805,1,23,Dense Urban Cluster,2.0,10.0,Saint James,Urban,22.91662051591443,5.07397966218306,22.91662051591443,5.07397966218306,13.995316982483837,3.0987096760455577,18.645000109351066,4.128198190939641,0.2172023027032337,0.04722374302752002,28.813063913251394,32.00778078606593,7.0868577078077,0.3728701341045908,0.08106876942115389,15.484624056558031,17.58540970803969,25.733791128403436,23.86103517101404,5.283082952492173,0.2779657684972511,0.06043482899855036,21.93461425867389,28.450751488156232
1193,17.9891824,-76.8273926,1.144,9.737810134887695,1,30,Urban Centre,,37.0,Saint Andrew,Kingston Metropolitan Area (KMA),34.567489297207274,6.3937660639451295,34.567489297207274,6.3937660639451295,31.30518615415922,5.790355068515751,24.564308502395935,4.543530504530647,0.30514316689380344,0.04581462172724751,,,,,,,,,,,,,,
1194,18.2189158,-77.4645996,0.583,1.0197590589523315,0,13,Rural Cluster,65.0,50.0,Saint Ann,Rural,34.64603058204654,7.93809499227347,34.64603058204654,7.93809499227347,23.28000104379632,5.333911464063734,27.175054879500593,6.226345801515998,0.33772928601316676,0.06962922639555888,35.465415846099454,35.569033976373866,8.149573435814357,0.44204894901907116,0.09113668143060533,11.772491074249588,12.842729384117998,34.65074619627431,34.62673574216793,7.933674160528997,0.4303381461794455,0.08872227979010838,34.49103309786655,34.63148145297837
1195,18.260653,-78.013916,-0.302,,0,11,Very Low Density Rural,70.0,61.0,Westmoreland,Rural,34.64603058204654,7.93809499227347,34.64603058204654,7.93809499227347,56.40707916288579,12.923984222992264,50.467959061929676,11.563213631386853,0.6272115311673098,0.12931142044889507,,,,,,,,,,,,,,
1196,18.2189158,-77.0910645,0.487,,0,11,Very Low Density Rural,13.0,52.0,Saint Ann,Rural,34.64603058204654,7.93809499227347,34.64603058204654,7.93809499227347,25.625672158748092,5.871351390609549,27.175054879500593,6.226345801515998,0.33772928601316676,0.06962922639555888,,,,,,,,,,,,,,
1197,18.3023803,-77.9699707,-0.426,,0,11,Very Low Density Rural,26.0,101.0,Westmoreland,Rural,34.64603058204654,7.93809499227347,34.64603058204654,7.93809499227347,63.85370884909359,14.630155256970186,50.467959061929676,11.563213631386853,0.6272115311673098,0.12931142044889507,,,,,,,,,,,,,,
1198,18.1771685,-77.6403809,0.663,4.342057228088379,0,12,Low Density Rural,63.0,60.0,Saint Elizabeth,Rural,34.64603058204654,7.93809499227347,34.64603058204654,7.93809499227347,21.490149507426327,4.923820862656305,27.175054879500593,6.226345801515998,0.33772928601316676,0.06962922639555888,36.38930136454397,36.4956187805232,8.361872451608276,0.45356446667758615,0.0935108213684594,14.467435616011281,15.460078453084957,34.64794821747249,34.6239397021625,7.933033532128212,0.43030339723049627,0.08871511564256894,34.545668473801676,34.773298299794476
1199,17.9891824,-77.3986816,-0.145,0.15700699388980865,0,11,Very Low Density Rural,32.0,89.0,Manchester,Rural,34.64603058204654,7.93809499227347,34.64603058204654,7.93809499227347,48.21135950656896,11.046181771487214,50.467959061929676,11.563213631386853,0.6272115311673098,0.12931142044889507,34.4625799213989,34.563268099182686,7.919132460643363,0.4295493756748267,0.08855965995725772,0.0,0.0,34.650309286624534,34.62629913526486,7.9335741251999075,0.4303327200657431,0.08872116109500233,34.60786013810286,34.63432822689843
1200,18.4066544,-78.2775879,0.03,,0,12,Low Density Rural,,,,Unknown,,,,,,,,,,,,,,,,,,,,,,,,
1201,18.3649523,-78.079834,0.026,,0,11,Very Low Density Rural,30.0,77.0,Hanover,Rural,34.64603058204654,7.93809499227347,34.64603058204654,7.93809499227347,40.633573878532395,9.30996030149838,38.821506970715134,8.894779716451426,0.4824704085902382,0.09947032342222697,,,,,,,,,,,,,,
1202,17.9682826,-77.244873,0.532,32.97105026245117,1,30,Urban Centre,10.0,1.0,Clarendon,Urban,22.91662051591443,5.07397966218306,22.91662051591443,5.07397966218306,29.128665918343668,6.449391538929671,26.635714441930098,5.89742598705663,0.31028900386176245,0.06746249003931432,17.413959426344057,19.34477352405142,4.283135349839675,0.22535421453761306,0.0489961173755752,0.0,0.0,23.33535792009059,21.637146010908335,4.790690613862244,0.2520588849521304,0.05480219989677588,20.09790653260533,24.00808893571307
1203,17.9682826,-77.2009277,0.389,,0,12,Low Density Rural,14.0,6.0,Clarendon,Rural,34.64603058204654,7.93809499227347,34.64603058204654,7.93809499227347,28.26416273449034,6.475882082137418,27.175054879500593,6.226345801515998,0.33772928601316676,0.06962922639555888,,,,,,,,,,,,,,
1204,18.1562911,-76.5856934,-0.172,2.817852020263672,0,12,Low Density Rural,58.0,112.0,Portland,Rural,34.64603058204654,7.93809499227347,34.64603058204654,7.93809499227347,49.53079848450442,11.34849149549893,50.467959061929676,11.563213631386853,0.6272115311673098,0.12931142044889507,34.0200502379328,34.11944549140433,7.817443870029211,0.42403358580407446,0.0874224764272337,0.0,0.0,34.650875350738104,34.626864807137046,7.933703731881553,0.4303397501879769,0.08872261048655018,34.60498653154919,34.63464305268619
1205,18.4483464,-78.1677246,1.149,,0,10,Water,33.0,,,Unknown,,,,,,,,,,,,,,,,,,,,,,,,
1206,18.1771685,-77.0251465,0.266,5.30564022064209,1,21,Suburban / Peri-urban,10.0,69.0,Saint Catherine,Urban,22.91662051591443,5.07397966218306,22.91662051591443,5.07397966218306,38.00519163644205,8.414747248040381,34.62642877450913,7.66665378317362,0.40337570502029124,0.08770123705110862,18.950254681615085,21.05140916340711,4.661002344619034,0.24523542604576165,0.053318655450226134,0.0,0.0,23.37980029335107,21.678354126189927,4.799814521931957,0.2525389330871118,0.05490657111883505,21.09166382104608,22.171993037622833
1207,18.1354112,-77.0031738,0.219,,0,12,Low Density Rural,10.0,46.0,Saint Catherine,Rural,34.64603058204654,7.93809499227347,34.64603058204654,7.93809499227347,33.501649207699685,7.675894448536112,38.821506970715134,8.894779716451426,0.4824704085902382,0.09947032342222697,,,,,,,,,,,,,,
1208,18.093644,-77.4865723,0.299,0.7507590055465698,0,12,Low Density Rural,48.0,36.0,Manchester,Rural,34.64603058204654,7.93809499227347,34.64603058204654,7.93809499227347,30.92592001453847,7.085743638582116,27.175054879500593,6.226345801515998,0.33772928601316676,0.06962922639555888,33.40059069460708,33.498176093657655,7.675098689001137,0.4163125022201333,0.08583063023814036,2.2845589978771366,2.9025985029366823,34.65058665738557,34.62657631382807,7.933637632324032,0.43033616481750775,0.08872187129518465,34.602729891972594,34.63352209308498
1209,18.3858046,-77.9040527,0.2,0.3461489975452423,0,11,Very Low Density Rural,9.0,43.0,Saint James,Rural,34.64603058204654,7.93809499227347,34.64603058204654,7.93809499227347,34.144266070905445,7.823130758672244,38.821506970715134,8.894779716451426,0.4824704085902382,0.09947032342222697,32.02850339135364,32.1220800083966,7.359807694339299,0.3992104963393167,0.08230473097914887,0.0,0.0,34.635585134292306,34.61158518570234,7.930202866577303,0.43014985634376657,0.08868346030912337,34.540772077099795,34.669856817464535
1210,18.3023803,-76.8273926,-0.357,,0,12,Low Density Rural,39.0,60.0,Saint Mary,Rural,34.64603058204654,7.93809499227347,34.64603058204654,7.93809499227347,59.596370090804626,13.654714235016638,50.467959061929676,11.563213631386853,0.6272115311673098,0.12931142044889507,,,,,,,,,,,,,,
1211,17.9682826,-76.8054199,1.02,3.5920910835266113,1,30,Urban Centre,0.0,46.0,Kingston,Kingston Metropolitan Area (KMA),34.567489297207274,6.3937660639451295,34.567489297207274,6.3937660639451295,35.43796757109187,6.554773836280346,35.09186928913705,6.49075786361521,0.4359188098482907,0.06544945961035359,37.99719844246407,34.17986919185455,6.322070018739229,0.42458974687608875,0.06374849825546199,0.9082355067479133,3.7307996036474975,32.19376410829862,35.863011028446316,6.633391881402714,0.4454980997531489,0.06688770759038933,31.848342801662465,37.96638977952099
1212,17.8846589,-77.4865723,-0.126,1.321321964263916,0,12,Low Density Rural,61.0,238.0,Manchester,Rural,34.64603058204654,7.93809499227347,34.64603058204654,7.93809499227347,47.30399097351398,10.838285585765936,38.821506970715134,8.894779716451426,0.4824704085902382,0.09947032342222697,32.69045196220787,32.785962572455574,7.511916399685332,0.40746117275378685,0.0840057626627241,0.0,0.0,34.650875350738104,34.626864807137046,7.933703731881553,0.4303397501879769,0.08872261048655018,34.60723214781113,34.63502886222999
1213,18.1145288,-77.8161621,0.765,1.490841031074524,0,12,Low Density Rural,52.0,47.0,Saint Elizabeth,Rural,34.64603058204654,7.93809499227347,34.64603058204654,7.93809499227347,19.406240074988332,4.446355746102386,27.175054879500593,6.226345801515998,0.33772928601316676,0.06962922639555888,38.44042718057891,38.55273730288753,8.8331992375794,0.4791301618669138,0.09878166891417134,18.610053699883597,19.66728859015186,34.63759719777075,34.61359585496672,7.930663550914023,0.43017484477150214,0.0886886121421569,34.483540734037035,34.74474532816902
1214,18.0518668,-76.6516113,-0.196,0.8573179841041565,0,11,Very Low Density Rural,19.0,25.0,Saint Andrew,Rural,34.64603058204654,7.93809499227347,34.64603058204654,7.93809499227347,50.73391732506935,11.624149961503612,50.467959061929676,11.563213631386853,0.6272115311673098,0.12931142044889507,35.21297008956111,35.31585065743384,8.091564099609288,0.4389024081228258,0.0904879630117383,0.0,0.0,34.65058665738557,34.62657631382807,7.933637632324032,0.43033616481750775,0.08872187129518465,34.602729891972594,34.660962355369996
1215,18.4900283,-77.7062988,0.638,1.248047947883606,0,12,Low Density Rural,21.0,89.0,Trelawny,Rural,34.64603058204654,7.93809499227347,34.64603058204654,7.93809499227347,22.03417523229482,5.048467981235146,27.175054879500593,6.226345801515998,0.33772928601316676,0.06962922639555888,35.705304030641784,35.8096230342759,8.204697176215301,0.44503896950322946,0.09175313023099363,13.147445976803988,14.194955879041395,34.68976929882425,34.66573180453791,7.942608934360719,0.43082278594778955,0.08882219736773002,34.60236411934242,34.84503043261199
1216,18.2815179,-77.8820801,0.377,0.33706098794937134,0,12,Low Density Rural,28.0,27.0,Saint James,Rural,34.64603058204654,7.93809499227347,34.64603058204654,7.93809499227347,28.60537587157894,6.5540608012956385,27.175054879500593,6.226345801515998,0.33772928601316676,0.06962922639555888,33.88321687505572,33.982212347025126,7.786001025989958,0.42232806388060296,0.08707085109579189,4.948405501425236,5.773173065787232,34.650309286624534,34.62629913526486,7.9335741251999075,0.4303327200657431,0.08872116109500233,34.602729891972594,34.63783521659482
1217,18.2397857,-77.8601074,-0.238,0.823406994342804,0,11,Very Low Density Rural,34.0,36.0,Saint James,Rural,34.64603058204654,7.93809499227347,34.64603058204654,7.93809499227347,52.910122263712516,12.122761815023015,50.467959061929676,11.563213631386853,0.6272115311673098,0.12931142044889507,36.17072063098628,36.2763994268793,8.311644935666758,0.4508400270724146,0.09294912704722093,0.0,0.0,34.65058665738557,34.62657631382807,7.933637632324032,0.43033616481750775,0.08872187129518465,34.602729891972594,34.63352209308498
1218,17.8846589,-76.4099121,0.57,3.2433199882507324,1,21,Suburban / Peri-urban,38.0,62.0,Saint Thomas,Urban,22.91662051591443,5.07397966218306,22.91662051591443,5.07397966218306,28.042543630485888,6.208912695401803,26.635714441930098,5.89742598705663,0.31028900386176245,0.06746249003931432,21.346597033462125,23.713451663198672,5.250406419029974,0.2762465152094787,0.06006103196946494,0.0,0.0,22.8735372053884,21.20893392737863,4.695879976254404,0.24707048859694056,0.053717631525883575,21.034824591575823,21.533916367688214
1219,18.0518668,-77.8161621,-0.02,,0,11,Very Low Density Rural,80.0,191.0,Saint Elizabeth,Rural,34.64603058204654,7.93809499227347,34.64603058204654,7.93809499227347,42.546375433939495,9.748221198723886,38.821506970715134,8.894779716451426,0.4824704085902382,0.09947032342222697,,,,,,,,,,,,,,
1220,18.093644,-76.7834473,0.639,,0,11,Very Low Density Rural,4.0,11.0,Saint Andrew,Rural,34.64603058204654,7.93809499227347,34.64603058204654,7.93809499227347,22.0121520704787,5.043422036646701,27.175054879500593,6.226345801515998,0.33772928601316676,0.06962922639555888,,,,,,,,,,,,,,
1221,18.0518668,-77.3327637,0.163,,0,12,Low Density Rural,25.0,36.0,Clarendon,Rural,34.64603058204654,7.93809499227347,34.64603058204654,7.93809499227347,35.431266603419665,8.118008189378504,38.821506970715134,8.894779716451426,0.4824704085902382,0.09947032342222697,,,,,,,,,,,,,,
1222,18.1562911,-77.0471191,0.528,1.9425690174102783,1,21,Suburban / Peri-urban,9.0,41.0,Saint Catherine,Urban,22.91662051591443,5.07397966218306,22.91662051591443,5.07397966218306,29.245413922361113,6.475240769080059,26.635714441930098,5.89742598705663,0.31028900386176245,0.06746249003931432,20.11296501980811,22.343037770993657,4.946982438474352,0.2602820715893284,0.05659007068722949,0.0,0.0,22.976087085998927,21.30402082288585,4.716933210242754,0.2481781899935585,0.05395846601729586,20.812197814318587,21.570020602901756
1223,18.1145288,-77.310791,-0.19,0.5608599781990051,0,12,Low Density Rural,44.0,56.0,Clarendon,Rural,34.64603058204654,7.93809499227347,34.64603058204654,7.93809499227347,50.43042520794611,11.554613878591452,50.467959061929676,11.563213631386853,0.6272115311673098,0.12931142044889507,35.0837714837746,35.186274576362,8.061875641133824,0.43729204753519046,0.09015595697442184,0.0,0.0,34.65074619627431,34.62673574216793,7.933674160528997,0.4303381461794455,0.08872227979010838,34.60753138898199,34.63432822689843
1224,18.4691886,-77.8601074,0.039,,0,11,Very Low Density Rural,20.0,8.0,Saint James,Rural,34.64603058204654,7.93809499227347,34.64603058204654,7.93809499227347,40.1087561246741,9.189714111277745,38.821506970715134,8.894779716451426,0.4824704085902382,0.09947032342222697,,,,,,,,,,,,,,
1225,18.0100796,-77.1789551,-0.282,,0,11,Very Low Density Rural,15.0,50.0,Clarendon,Rural,34.64603058204654,7.93809499227347,34.64603058204654,7.93809499227347,55.290144160569774,12.668072189214453,50.467959061929676,11.563213631386853,0.6272115311673098,0.12931142044889507,,,,,,,,,,,,,,
1226,18.2397857,-78.3215332,0.469,1.8417279720306396,0,12,Low Density Rural,81.0,149.0,Westmoreland,Rural,34.64603058204654,7.93809499227347,34.64603058204654,7.93809499227347,26.091110637140027,5.977992607293373,27.175054879500593,6.226345801515998,0.33772928601316676,0.06962922639555888,33.34635102461438,33.443777953418454,7.662634992659381,0.41563644672935707,0.08569124871935381,6.718148123000027,7.688458774338473,34.650875350738104,34.626864807137046,7.933703731881553,0.4303397501879769,0.08872261048655018,34.60723214781113,34.63600837841529
1227,18.3440975,-76.8493652,-0.318,,0,11,Very Low Density Rural,82.0,117.0,Saint Mary,Rural,34.64603058204654,7.93809499227347,34.64603058204654,7.93809499227347,57.31685119738067,13.13243109871824,50.467959061929676,11.563213631386853,0.6272115311673098,0.12931142044889507,,,,,,,,,,,,,,
1228,18.1354112,-77.8161621,-0.242,,0,11,Very Low Density Rural,57.0,70.0,Saint Elizabeth,Rural,34.64603058204654,7.93809499227347,34.64603058204654,7.93809499227347,53.12218659868494,12.171349973816499,50.467959061929676,11.563213631386853,0.6272115311673098,0.12931142044889507,,,,,,,,,,,,,,
1229,18.1562911,-76.541748,0.165,,0,12,Low Density Rural,63.0,52.0,Portland,Rural,34.64603058204654,7.93809499227347,34.64603058204654,7.93809499227347,35.36047488552796,8.101788398197526,38.821506970715134,8.894779716451426,0.4824704085902382,0.09947032342222697,,,,,,,,,,,,,,
1230,18.3232401,-77.1569824,0.572,,0,12,Low Density Rural,21.0,46.0,Saint Ann,Rural,34.64603058204654,7.93809499227347,34.64603058204654,7.93809499227347,23.537494673854535,5.39290837831245,27.175054879500593,6.226345801515998,0.33772928601316676,0.06962922639555888,,,,,,,,,,,,,,
1231,18.2397857,-78.2775879,-0.412,,0,11,Very Low Density Rural,77.0,132.0,Westmoreland,Rural,34.64603058204654,7.93809499227347,34.64603058204654,7.93809499227347,62.965985488166965,14.4267601710827,50.467959061929676,11.563213631386853,0.6272115311673098,0.12931142044889507,,,,,,,,,,,,,,
1232,18.0100796,-76.7834473,1.516,7.549092769622803,1,30,Urban Centre,0.0,3.0,Saint Andrew,Kingston Metropolitan Area (KMA),34.567489297207274,6.3937660639451295,34.567489297207274,6.3937660639451295,21.5803628883802,3.9916058322029673,24.564308502395935,4.543530504530647,0.30514316689380344,0.04581462172724751,42.49489541883906,38.225712059714354,7.07040822190362,0.4748480843063092,0.07129435530821801,17.51467956052071,20.040513760891702,30.754231683843923,34.25940956574201,6.336782181919567,0.4255778146485469,0.06389684813233079,29.73738360585493,37.69410242526388
1233,18.0309744,-77.8601074,1.035,20.306119918823242,0,13,Rural Cluster,65.0,87.0,Saint Elizabeth,Rural,34.64603058204654,7.93809499227347,34.64603058204654,7.93809499227347,14.814325735424168,3.3942568011014007,27.175054879500593,6.226345801515998,0.33772928601316676,0.06962922639555888,41.96812189432363,42.0907387653816,9.643825771709228,0.5231001451158905,0.10784690561423227,26.032172279088904,28.137560707613165,33.79103207492859,33.76761734035847,7.736833039956077,0.41966109526895196,0.08652100549773127,31.786081992044636,34.772687609701755
1234,18.3023803,-77.310791,-0.059,1.2324899435043335,0,12,Low Density Rural,71.0,52.0,Saint Ann,Rural,34.64603058204654,7.93809499227347,34.64603058204654,7.93809499227347,44.238465362508464,10.135912670525855,38.821506970715134,8.894779716451426,0.4824704085902382,0.09947032342222697,33.442524218719406,33.54023213355784,7.684734564572393,0.41683517113068425,0.08593838823666128,0.0,0.0,34.65074619627431,34.62673574216793,7.933674160528997,0.4303381461794455,0.08872227979010838,34.60755501469312,34.635073643365224
1235,18.3649523,-77.4865723,0.151,,0,11,Very Low Density Rural,76.0,86.0,Trelawny,Rural,34.64603058204654,7.93809499227347,34.64603058204654,7.93809499227347,35.859003088747166,8.216011129257867,38.821506970715134,8.894779716451426,0.4824704085902382,0.09947032342222697,,,,,,,,,,,,,,
1236,18.1145288,-77.9040527,-0.521,,0,11,Very Low Density Rural,85.0,162.0,Saint Elizabeth,Rural,34.64603058204654,7.93809499227347,34.64603058204654,7.93809499227347,70.21729636854977,16.08817978019697,50.467959061929676,11.563213631386853,0.6272115311673098,0.12931142044889507,,,,,,,,,,,,,,
1237,17.9055685,-76.3220215,0.291,0.8166109919548035,0,12,Low Density Rural,52.0,71.0,Saint Thomas,Rural,34.64603058204654,7.93809499227347,34.64603058204654,7.93809499227347,31.174319648393563,7.142656937348569,27.175054879500593,6.226345801515998,0.33772928601316676,0.06962922639555888,33.00413431952471,33.10056140512142,7.583997252129478,0.41137098046559983,0.0848118428506244,1.6374676722919836,2.167982110539376,34.65074619627431,34.62673574216793,7.933674160528997,0.4303381461794455,0.08872227979010838,34.60753138898199,34.634619358554716
1238,18.1145288,-77.8381348,0.463,,0,12,Low Density Rural,53.0,73.0,Saint Elizabeth,Rural,34.64603058204654,7.93809499227347,34.64603058204654,7.93809499227347,26.248127881644933,6.0139683823349985,27.175054879500593,6.226345801515998,0.33772928601316676,0.06962922639555888,,,,,,,,,,,,,,
1239,18.2189158,-77.1569824,0.096,1.6747829914093018,0,11,Very Low Density Rural,35.0,36.0,Saint Ann,Rural,34.64603058204654,7.93809499227347,34.64603058204654,7.93809499227347,37.886493165035375,8.68054944868681,38.821506970715134,8.894779716451426,0.4824704085902382,0.09947032342222697,33.074182011558435,33.17081375317582,7.600093462948361,0.4122440707115761,0.08499184677956548,0.0,0.0,34.65058665738557,34.62657631382807,7.933637632324032,0.43033616481750775,0.08872187129518465,34.602729891972594,34.634023875976894
1240,18.1980434,-78.0358887,0.461,,0,12,Low Density Rural,46.0,52.0,Westmoreland,Rural,34.64603058204654,7.93809499227347,34.64603058204654,7.93809499227347,26.300676668678996,6.026008355059068,27.175054879500593,6.226345801515998,0.33772928601316676,0.06962922639555888,,,,,,,,,,,,,,
1241,18.1980434,-76.8933105,-0.52,,0,12,Low Density Rural,27.0,123.0,Saint Mary,Rural,34.64603058204654,7.93809499227347,34.64603058204654,7.93809499227347,70.14711416912945,16.07209964182597,50.467959061929676,11.563213631386853,0.6272115311673098,0.12931142044889507,,,,,,,,,,,,,,
1242,17.9473804,-76.673584,0.756,16.044898986816406,0,12,Low Density Rural,0.0,52.0,Saint Andrew,Rural,34.64603058204654,7.93809499227347,34.64603058204654,7.93809499227347,19.581684551559174,4.486553566674961,27.175054879500593,6.226345801515998,0.33772928601316676,0.06962922639555888,32.74771495498838,32.84339286862459,7.525074823284379,0.40817491162227093,0.08415291331657368,11.564473470432784,14.466914064912883,34.48114535459859,34.457252421575376,7.894842159405992,0.4282318217908223,0.08828802151345952,33.82684715719115,36.3375446070155
1243,18.260653,-77.3547363,-0.169,,0,12,Low Density Rural,76.0,43.0,Saint Ann,Rural,34.64603058204654,7.93809499227347,34.64603058204654,7.93809499227347,49.382428754922564,11.31449703819423,50.467959061929676,11.563213631386853,0.6272115311673098,0.12931142044889507,,,,,,,,,,,,,,
1244,17.9473804,-76.7834473,0.89,,0,13,Rural Cluster,,,,Unknown,,,,,,,,,,,,,,,,,,,,,,,,
1245,18.2397857,-78.079834,-0.147,3.4446330070495605,0,11,Very Low Density Rural,43.0,49.0,Westmoreland,Rural,34.64603058204654,7.93809499227347,34.64603058204654,7.93809499227347,48.307878712615086,11.068296242129342,50.467959061929676,11.563213631386853,0.6272115311673098,0.12931142044889507,34.467688441869,34.56839154504777,7.920306344037262,0.42961304942715633,0.08857278749549626,0.0,0.0,34.65074619627431,34.62673574216793,7.933674160528997,0.4303381461794455,0.08872227979010838,34.60630938242179,34.63600837841529
1246,17.9055685,-77.0471191,-0.253,,0,11,Very Low Density Rural,25.0,51.0,Saint Catherine,Rural,34.64603058204654,7.93809499227347,34.64603058204654,7.93809499227347,53.7097563603096,12.305973897654429,50.467959061929676,11.563213631386853,0.6272115311673098,0.12931142044889507,,,,,,,,,,,,,,
1247,18.2815179,-76.9152832,-0.487,,0,12,Low Density Rural,64.0,68.0,Saint Mary,Rural,34.64603058204654,7.93809499227347,34.64603058204654,7.93809499227347,67.87003780252688,15.550376137023697,50.467959061929676,11.563213631386853,0.6272115311673098,0.12931142044889507,,,,,,,,,,,,,,
1248,18.2189158,-78.1237793,0.873,0.23370200395584106,1,23,Dense Urban Cluster,48.0,52.0,Westmoreland,Urban,22.91662051591443,5.07397966218306,22.91662051591443,5.07397966218306,20.712197385406707,4.585897306266989,18.645000109351066,4.128198190939641,0.2172023027032337,0.04722374302752002,25.007699658991108,27.780487734962225,6.150890777060097,0.3236248791023874,0.07036195260288944,4.024331526860857,5.617972151376636,22.54084186343266,20.900450221420652,4.627578454698961,0.24347685111302897,0.05293630917818188,20.352957528190174,21.36235680685425
1249,18.0518668,-76.4318848,-0.775,,0,11,Very Low Density Rural,97.0,329.0,Portland,Rural,34.64603058204654,7.93809499227347,34.64603058204654,7.93809499227347,90.52215865025045,20.74042775462134,50.467959061929676,11.563213631386853,0.6272115311673098,0.12931142044889507,,,,,,,,,,,,,,
1250,18.0518668,-77.0471191,-0.09,,0,12,Low Density Rural,40.0,97.0,Saint Catherine,Rural,34.64603058204654,7.93809499227347,34.64603058204654,7.93809499227347,45.631335735613526,10.455046988307153,38.821506970715134,8.894779716451426,0.4824704085902382,0.09947032342222697,,,,,,,,,,,,,,
1251,18.2397857,-78.2336426,0.065,1.1996049880981445,0,11,Very Low Density Rural,64.0,87.0,Westmoreland,Rural,34.64603058204654,7.93809499227347,34.64603058204654,7.93809499227347,39.079368492829815,8.95386092209059,38.821506970715134,8.894779716451426,0.4824704085902382,0.09947032342222697,32.78291810730192,32.87869887282173,7.53316413136401,0.40861369165941713,0.08424337605051353,0.0,0.0,34.65074619627431,34.62673574216793,7.933674160528997,0.4303381461794455,0.08872227979010838,34.60753138898199,34.63502886222999
1252,18.1145288,-77.4645996,0.861,,0,12,Low Density Rural,71.0,36.0,Manchester,Rural,34.64603058204654,7.93809499227347,34.64603058204654,7.93809499227347,17.62987079531737,4.039354197974341,27.175054879500593,6.226345801515998,0.33772928601316676,0.06962922639555888,,,,,,,,,,,,,,
1253,18.4275017,-77.8381348,-0.004,8.477184295654297,0,11,Very Low Density Rural,10.0,13.0,Saint James,Rural,34.64603058204654,7.93809499227347,34.64603058204654,7.93809499227347,41.871050433868895,9.593490803606256,38.821506970715134,8.894779716451426,0.4824704085902382,0.09947032342222697,32.16288732850772,32.25685657064684,7.390687686531792,0.4008854880676469,0.0826500619382711,0.0,0.0,35.163160569445665,35.13879504934097,8.05099713674676,0.4367019759849338,0.09003430265759485,34.381967462814956,35.487408221088984
1254,18.1980434,-76.4978027,0.676,9.752293586730957,1,21,Suburban / Peri-urban,55.0,129.0,Portland,Urban,22.91662051591443,5.07397966218306,22.91662051591443,5.07397966218306,25.222154936003513,5.584449115995903,26.635714441930098,5.89742598705663,0.31028900386176245,0.06746249003931432,21.46747005953502,23.84772677302864,5.280136333872414,0.2778107341893526,0.06040112171172363,0.0,0.0,23.025820639825344,21.350135057322216,4.727143384448186,0.24871539127262698,0.0540752633755239,21.07663453641727,22.4559991249009
1255,17.9682826,-76.4758301,-0.185,1.8373689651489258,0,12,Low Density Rural,53.0,52.0,Saint Thomas,Rural,34.64603058204654,7.93809499227347,34.64603058204654,7.93809499227347,50.178902412899596,11.496985001451453,50.467959061929676,11.563213631386853,0.6272115311673098,0.12931142044889507,34.84393007612211,34.94573243201631,8.006762649562122,0.43430261008874654,0.08953962837819318,0.0,0.0,34.65074619627431,34.62673574216793,7.933674160528997,0.4303381461794455,0.08872227979010838,34.60755501469312,34.63512114144663
1256,18.4066544,-77.0690918,1.053,35.9139518737793,1,23,Dense Urban Cluster,36.0,87.0,Saint Ann,Urban,22.91662051591443,5.07397966218306,22.91662051591443,5.07397966218306,17.30028148890066,3.8304634125160106,18.645000109351066,4.128198190939641,0.2172023027032337,0.04722374302752002,26.200628961351768,29.105685906117976,6.444303523679389,0.33906258854862037,0.07371839226650803,8.799389583838863,11.041131038722863,22.7996225728554,21.14039837279508,4.680705487072987,0.24627209330676703,0.053544045824681086,19.32881727642729,22.776649242385556
1257,18.0100796,-76.8054199,1.626,47.15106964111328,1,30,Urban Centre,0.0,3.0,Saint Andrew,Kingston Metropolitan Area (KMA),34.567489297207274,6.3937660639451295,34.567489297207274,6.3937660639451295,19.33242572749737,3.5758167591361247,24.564308502395935,4.543530504530647,0.30514316689380344,0.04581462172724751,43.25549685019464,38.90990085511296,7.196959012553739,0.4833472258864934,0.07257042830852863,20.362584167128116,22.79086668304372,32.499230974133894,36.20329312597996,6.696332065130621,0.4497251577575928,0.06752236398943014,31.73777635445629,38.74077172122185
1258,18.3232401,-76.8493652,0.125,1.2867950201034546,0,12,Low Density Rural,45.0,97.0,Saint Mary,Rural,34.64603058204654,7.93809499227347,34.64603058204654,7.93809499227347,36.80356324141686,8.432428655070876,38.821506970715134,8.894779716451426,0.4824704085902382,0.09947032342222697,32.32982505853815,32.42428203711135,7.429048192326925,0.40296623761903544,0.08307904748257015,0.0,0.0,34.650875350738104,34.626864807137046,7.933703731881553,0.4303397501879769,0.08872261048655018,34.60753138898199,34.63507636031139
1259,17.9055685,-77.7062988,0.044,0.9147239923477173,0,12,Low Density Rural,87.0,135.0,Saint Elizabeth,Rural,34.64603058204654,7.93809499227347,34.64603058204654,7.93809499227347,39.90871286894666,9.143880220934445,38.821506970715134,8.894779716451426,0.4824704085902382,0.09947032342222697,32.01268948469976,32.10621989877567,7.356173827641045,0.3990133882369737,0.08226409344710521,0.0,0.0,34.650875350738104,34.626864807137046,7.933703731881553,0.4303397501879769,0.08872261048655018,34.60753138898199,34.63452707933807
1260,18.2397857,-77.5305176,0.067,,0,11,Very Low Density Rural,68.0,71.0,Trelawny,Rural,34.64603058204654,7.93809499227347,34.64603058204654,7.93809499227347,39.00128786250136,8.935971096035738,38.821506970715134,8.894779716451426,0.4824704085902382,0.09947032342222697,,,,,,,,,,,,,,
1261,18.1354112,-77.9040527,0.333,,0,11,Very Low Density Rural,71.0,57.0,Saint Elizabeth,Rural,34.64603058204654,7.93809499227347,34.64603058204654,7.93809499227347,29.89211304075163,6.848877890219957,27.175054879500593,6.226345801515998,0.33772928601316676,0.06962922639555888,,,,,,,,,,,,,,
1262,17.8637468,-77.244873,0.574,5.28223991394043,1,22,Semi-dense Urban Cluster,19.0,20.0,Clarendon,Urban,22.91662051591443,5.07397966218306,22.91662051591443,5.07397966218306,27.93059749749141,6.184126649759533,26.635714441930098,5.89742598705663,0.31028900386176245,0.06746249003931432,20.93714968167986,23.258605864128526,5.149698798012791,0.27094785313634845,0.05890900617131743,0.0,0.0,22.82404227895433,21.163040954418012,4.685718791655759,0.24653586487227003,0.05360139457500395,20.31112825478731,22.746954460525647
1263,18.1145288,-77.8820801,-0.104,0.9519339799880981,0,12,Low Density Rural,56.0,132.0,Saint Elizabeth,Rural,34.64603058204654,7.93809499227347,34.64603058204654,7.93809499227347,46.27466724879063,10.602447038971809,38.821506970715134,8.894779716451426,0.4824704085902382,0.09947032342222697,33.31896438793564,33.41631130211083,7.656341836314003,0.4152950935075722,0.08562087235063232,0.0,0.0,34.650875350738104,34.626864807137046,7.933703731881553,0.4303397501879769,0.08872261048655018,34.60753138898199,34.63457457741948
1264,18.2189158,-78.013916,-0.294,,0,11,Very Low Density Rural,98.0,152.0,Westmoreland,Rural,34.64603058204654,7.93809499227347,34.64603058204654,7.93809499227347,55.95762275232327,12.821004816058977,50.467959061929676,11.563213631386853,0.6272115311673098,0.12931142044889507,,,,,,,,,,,,,,
1265,17.9682826,-77.3986816,-0.179,,0,11,Very Low Density Rural,57.0,41.0,Manchester,Rural,34.64603058204654,7.93809499227347,34.64603058204654,7.93809499227347,49.87873041493156,11.428209623901406,50.467959061929676,11.563213631386853,0.6272115311673098,0.12931142044889507,,,,,,,,,,,,,,
1266,18.3232401,-77.1130371,-0.468,,0,12,Low Density Rural,24.0,110.0,Saint Ann,Rural,34.64603058204654,7.93809499227347,34.64603058204654,7.93809499227347,66.59268040647846,15.257708140760661,50.467959061929676,11.563213631386853,0.6272115311673098,0.12931142044889507,,,,,,,,,,,,,,
1267,18.3023803,-77.8161621,-0.046,0.0,0,11,Very Low Density Rural,26.0,24.0,Saint James,Rural,34.64603058204654,7.93809499227347,34.64603058204654,7.93809499227347,43.66708731697662,10.004998591027189,38.821506970715134,8.894779716451426,0.4824704085902382,0.09947032342222697,34.0574837331534,34.1569883548275,7.826045687066499,0.4245001653386888,0.0875186705489538,0.0,0.0,34.650309286624534,34.62629913526486,7.9335741251999075,0.4303327200657431,0.08872116109500233,34.59918452943314,34.68083307025914
1268,17.9891824,-76.6296387,-0.461,,0,12,Low Density Rural,30.0,74.0,Saint Andrew,Rural,34.64603058204654,7.93809499227347,34.64603058204654,7.93809499227347,66.12815936407424,15.151277126916742,50.467959061929676,11.563213631386853,0.6272115311673098,0.12931142044889507,,,,,,,,,,,,,,
1269,18.3023803,-77.1569824,-0.21,,0,12,Low Density Rural,21.0,120.0,Saint Ann,Rural,34.64603058204654,7.93809499227347,34.64603058204654,7.93809499227347,51.4491873752657,11.788032562430748,50.467959061929676,11.563213631386853,0.6272115311673098,0.12931142044889507,,,,,,,,,,,,,,
1270,17.8428322,-77.310791,0.161,1.8596470355987549,0,13,Rural Cluster,36.0,21.0,Clarendon,Rural,34.64603058204654,7.93809499227347,34.64603058204654,7.93809499227347,35.50220004642503,8.134260452603066,38.821506970715134,8.894779716451426,0.4824704085902382,0.09947032342222697,32.65109955883593,32.74649519447071,7.502873638068013,0.40697067551480265,0.08390463745767364,0.0,0.0,34.65058665738557,34.62657631382807,7.933637632324032,0.43033616481750775,0.08872187129518465,34.57185590489978,34.732261304289985
1271,18.0309744,-77.1789551,-0.543,0.0736050009727478,0,11,Very Low Density Rural,14.0,102.0,Clarendon,Rural,34.64603058204654,7.93809499227347,34.64603058204654,7.93809499227347,71.77919477506867,16.446041783749337,50.467959061929676,11.563213631386853,0.6272115311673098,0.12931142044889507,42.882025401456445,43.00731239410756,9.853831028011511,0.5344912447320913,0.11019539443921349,0.0,0.0,34.64758616484882,34.623577900415036,7.932950636148745,0.43029890078894756,0.0887141886168133,34.60372155444027,34.6779339548958
1272,18.2397857,-76.7614746,-0.347,,0,12,Low Density Rural,53.0,115.0,Saint Mary,Rural,34.64603058204654,7.93809499227347,34.64603058204654,7.93809499227347,59.00337630045502,13.51884755827062,50.467959061929676,11.563213631386853,0.6272115311673098,0.12931142044889507,,,,,,,,,,,,,,
1273,18.0309744,-76.4099121,-0.532,,0,11,Very Low Density Rural,156.0,480.0,Portland,Rural,34.64603058204654,7.93809499227347,34.64603058204654,7.93809499227347,70.99395039450091,16.26612667138648,50.467959061929676,11.563213631386853,0.6272115311673098,0.12931142044889507,,,,,,,,,,,,,,
1274,18.3858046,-77.2888184,-0.292,,0,11,Very Low Density Rural,44.0,64.0,Saint Ann,Rural,34.64603058204654,7.93809499227347,34.64603058204654,7.93809499227347,55.84581934749125,12.795388431350363,50.467959061929676,11.563213631386853,0.6272115311673098,0.12931142044889507,,,,,,,,,,,,,,
1275,18.3440975,-77.5085449,0.64,1.3129910230636597,0,12,Low Density Rural,61.0,99.0,Trelawny,Rural,34.64603058204654,7.93809499227347,34.64603058204654,7.93809499227347,21.99015092081648,5.038381135480712,27.175054879500593,6.226345801515998,0.33772928601316676,0.06962922639555888,36.05190329179919,36.15723494300951,8.284341981280006,0.449359060935127,0.09264379810262555,13.654173317003226,14.547875460345578,34.689898453288045,34.66586086950703,7.942638505713275,0.430824389956321,0.08882252806417182,34.60236411934242,34.84503043261199
1276,18.1562911,-77.0910645,0.027,1.5115089416503906,0,12,Low Density Rural,18.0,89.0,Saint Catherine,Rural,34.64603058204654,7.93809499227347,34.64603058204654,7.93809499227347,40.59296061467023,9.300654994625761,38.821506970715134,8.894779716451426,0.4824704085902382,0.09947032342222697,32.04395436150728,32.13757612113775,7.363358162109594,0.3994030807191921,0.08234443586096378,0.0,0.0,34.65074619627431,34.62673574216793,7.933674160528997,0.4303381461794455,0.08872227979010838,34.60753138898199,34.64768604232013
1277,17.9682826,-76.7834473,1.426,41.20947265625,1,30,Urban Centre,0.0,34.0,Kingston,Kingston Metropolitan Area (KMA),34.567489297207274,6.3937660639451295,34.567489297207274,6.3937660639451295,23.612678105491916,4.367512452284222,24.564308502395935,4.543530504530647,0.30514316689380344,0.04581462172724751,39.83041518920741,35.828914678691795,6.627085259533522,0.44507454750283426,0.06682411486331823,13.197288816232422,15.79302336848544,33.62336052391851,37.45554403723442,6.927954307379205,0.4652808901230516,0.06985792339673558,33.154970047779656,38.7053141648529
1278,18.1771685,-76.5197754,0.159,1.9973779916763306,0,13,Rural Cluster,55.0,114.0,Portland,Rural,34.64603058204654,7.93809499227347,34.64603058204654,7.93809499227347,35.57327549827792,8.150545252880283,38.821506970715134,8.894779716451426,0.4824704085902382,0.09947032342222697,31.81146758239058,31.904410093102324,7.309935185554368,0.3965053130230417,0.08174700670301648,0.0,0.0,34.650875350738104,34.626864807137046,7.933703731881553,0.4303397501879769,0.08872261048655018,34.60753138898199,34.63507636031139
1279,17.7591494,-77.2229004,0.404,,0,12,Low Density Rural,42.0,34.0,Clarendon,Rural,34.64603058204654,7.93809499227347,34.64603058204654,7.93809499227347,27.843364172630384,6.379468758575112,27.175054879500593,6.226345801515998,0.33772928601316676,0.06962922639555888,,,,,,,,,,,,,,
1280,18.3232401,-77.1350098,0.703,1.9190410375595093,0,12,Low Density Rural,20.0,45.0,Saint Ann,Rural,34.64603058204654,7.93809499227347,34.64603058204654,7.93809499227347,20.647508692539716,4.7307550851180595,27.175054879500593,6.226345801515998,0.33772928601316676,0.06962922639555888,36.924622153392946,37.03250359838225,8.48488344630165,0.46023682583236475,0.09488645334774366,15.819872905902571,16.751288916714042,34.63759719777075,34.61359585496672,7.930663550914023,0.43017484477150214,0.0886886121421569,34.516740972234885,34.66144410118639
1281,18.2397857,-77.2229004,0.04,0.0,0,12,Low Density Rural,58.0,57.0,Saint Ann,Rural,34.64603058204654,7.93809499227347,34.64603058204654,7.93809499227347,40.06866741624437,9.180528990492286,38.821506970715134,8.894779716451426,0.4824704085902382,0.09947032342222697,33.17220825946845,33.269126401126094,7.6226188468165965,0.4134658919938344,0.08524374815205693,0.0,0.0,34.649961136348615,34.62595122623183,7.9334944123177555,0.4303283962816756,0.08872026966582462,34.60830162113958,34.6323312710219
1282,18.1771685,-77.8601074,-0.464,,0,11,Very Low Density Rural,53.0,117.0,Saint Elizabeth,Rural,34.64603058204654,7.93809499227347,34.64603058204654,7.93809499227347,66.32684171668363,15.196799207276477,50.467959061929676,11.563213631386853,0.6272115311673098,0.12931142044889507,,,,,,,,,,,,,,
1283,17.9891824,-77.1569824,-0.166,3.1098010540008545,0,12,Low Density Rural,7.0,78.0,Saint Catherine,Rural,34.64603058204654,7.93809499227347,34.64603058204654,7.93809499227347,49.23450346753283,11.280604411439246,50.467959061929676,11.563213631386853,0.6272115311673098,0.12931142044889507,32.59513172126271,32.69036383752103,7.490012827290382,0.40627307975318877,0.08376081500806794,0.0,0.0,34.59907537010552,34.5751007201343,7.9218435495486,0.4296964304882714,0.08858997806504981,34.502414593051505,34.854159759689566
1284,17.9055685,-77.310791,0.166,,0,11,Very Low Density Rural,35.0,31.0,Clarendon,Rural,34.64603058204654,7.93809499227347,34.64603058204654,7.93809499227347,35.325132084987935,8.093690659343565,38.821506970715134,8.894779716451426,0.4824704085902382,0.09947032342222697,,,,,,,,,,,,,,
1285,17.9473804,-77.6623535,-0.126,0.8448519706726074,0,12,Low Density Rural,90.0,157.0,Saint Elizabeth,Rural,34.64603058204654,7.93809499227347,34.64603058204654,7.93809499227347,47.30399097351398,10.838285585765936,38.821506970715134,8.894779716451426,0.4824704085902382,0.09947032342222697,33.08031561168147,33.17696527363509,7.601502898688393,0.4123205212880999,0.0850076084997399,0.0,0.0,34.650875350738104,34.626864807137046,7.933703731881553,0.4303397501879769,0.08872261048655018,34.60723214781113,34.63452707933807
1286,17.8009957,-77.2009277,0.13,0.9353209733963013,0,13,Rural Cluster,25.0,57.0,Clarendon,Rural,34.64603058204654,7.93809499227347,34.64603058204654,7.93809499227347,36.620004703966856,8.390371741697487,38.821506970715134,8.894779716451426,0.4824704085902382,0.09947032342222697,32.167638969468825,32.26162209431989,7.391779562829568,0.4009447135932149,0.0826622723911366,0.0,0.0,34.65074619627431,34.62673574216793,7.933674160528997,0.4303381461794455,0.08872227979010838,34.60753138898199,34.634619358554716
1287,17.9473804,-76.607666,-0.383,,0,12,Low Density Rural,15.0,30.0,Saint Thomas,Rural,34.64603058204654,7.93809499227347,34.64603058204654,7.93809499227347,61.1661950045707,14.014392359100789,50.467959061929676,11.563213631386853,0.6272115311673098,0.12931142044889507,,,,,,,,,,,,,,
1288,18.2397857,-76.8713379,0.253,9.7999996796716e-05,0,12,Low Density Rural,32.0,126.0,Saint Mary,Rural,34.64603058204654,7.93809499227347,34.64603058204654,7.93809499227347,32.38173948252422,7.419300846560233,27.175054879500593,6.226345801515998,0.33772928601316676,0.06962922639555888,32.46747607511884,32.562335224105894,7.460678924446543,0.4046819509628448,0.08343277396645384,0.0,0.6192394343415591,34.650438441088326,34.626428200233974,7.9336036965524634,0.4303343240742745,0.08872149179144413,34.60786013810286,34.63432822689843
1289,18.0100796,-76.8713379,0.553,,0,11,Very Low Density Rural,1.0,10.0,Saint Catherine,Rural,34.64603058204654,7.93809499227347,34.64603058204654,7.93809499227347,23.988982626022523,5.496353251851115,27.175054879500593,6.226345801515998,0.33772928601316676,0.06962922639555888,,,,,,,,,,,,,,
1290,17.9055685,-77.1130371,0.434,,0,11,Very Low Density Rural,2.0,19.0,Saint Catherine,Rural,34.64603058204654,7.93809499227347,34.64603058204654,7.93809499227347,27.02046840029371,6.190926963171464,27.175054879500593,6.226345801515998,0.33772928601316676,0.06962922639555888,,,,,,,,,,,,,,
1291,18.0100796,-76.8493652,0.6,8.739940643310547,1,30,Urban Centre,0.0,6.0,Saint Andrew,Kingston Metropolitan Area (KMA),34.567489297207274,6.3937660639451295,34.567489297207274,6.3937660639451295,53.935224252461666,9.976113784593554,45.619430075878164,8.437985222699773,0.5666944528027779,0.08508429749345968,41.641961589225915,37.45846689637346,6.928494933208645,0.4653171985130877,0.06986337478918184,0.0,0.0,29.78663950976905,33.181537196013714,6.1374138182070865,0.4121882503392507,0.06188652022570411,27.546205845667192,36.5502817420039
1292,18.0727566,-77.5524902,0.384,0.9481459856033325,0,12,Low Density Rural,62.0,48.0,Manchester,Rural,34.64603058204654,7.93809499227347,34.64603058204654,7.93809499227347,28.40583743977048,6.508342576157154,27.175054879500593,6.226345801515998,0.33772928601316676,0.06962922639555888,33.747425008398594,33.846023741770864,7.754797506648445,0.42063552340112276,0.08672190213249477,5.116244926597021,5.807897487770809,34.65074619627431,34.62673574216793,7.933674160528997,0.4303381461794455,0.08872227979010838,34.60755501469312,34.63457341582658
1293,18.4275017,-78.2556152,0.627,,0,10,Water,,,,Unknown,,,,,,,,,,,,,,,,,,,,,,,,
1294,17.9264757,-77.6623535,0.062,0.959650993347168,0,12,Low Density Rural,92.0,146.0,Saint Elizabeth,Rural,34.64603058204654,7.93809499227347,34.64603058204654,7.93809499227347,39.19678263145565,8.980762837553621,38.821506970715134,8.894779716451426,0.4824704085902382,0.09947032342222697,31.791543337025992,31.884427635730272,7.30535680695995,0.39625697273114624,0.08169580669424124,0.0,0.0,34.650875350738104,34.626864807137046,7.933703731881553,0.4303397501879769,0.08872261048655018,34.60625248260303,34.63452707933807
1295,17.9055685,-76.5856934,0.3,,1,21,Suburban / Peri-urban,15.0,34.0,Saint Thomas,Urban,22.91662051591443,5.07397966218306,22.91662051591443,5.07397966218306,36.734735264072576,8.13345490868271,34.62642877450913,7.66665378317362,0.40337570502029124,0.08770123705110862,,,,,,,,,,,,,,
1296,18.3858046,-78.2995605,0.19,,0,11,Very Low Density Rural,54.0,120.0,Hanover,Rural,34.64603058204654,7.93809499227347,34.64603058204654,7.93809499227347,34.48742164988434,7.901754529918194,38.821506970715134,8.894779716451426,0.4824704085902382,0.09947032342222697,,,,,,,,,,,,,,
1297,18.1354112,-78.0358887,-0.292,,0,10,Water,,,,Unknown,,,,,,,,,,,,,,,,,,,,,,,,
1298,18.093644,-77.1569824,0.47,0.5103309750556946,0,12,Low Density Rural,36.0,132.0,Saint Catherine,Rural,34.64603058204654,7.93809499227347,34.64603058204654,7.93809499227347,26.065032567710773,5.9720176026863,27.175054879500593,6.226345801515998,0.33772928601316676,0.06962922639555888,33.841272784279845,33.94014570958911,7.776362722312375,0.4218052632647721,0.08696306594375743,7.319760633488261,8.295071901054364,34.650875350738104,34.626864807137046,7.933703731881553,0.4303397501879769,0.08872261048655018,34.60723214781113,34.63566542839825
1299,18.0309744,-77.7062988,0.343,1.1613630056381226,1,21,Suburban / Peri-urban,71.0,170.0,Saint Elizabeth,Urban,22.91662051591443,5.07397966218306,22.91662051591443,5.07397966218306,35.18862132055213,7.791129097623768,34.62642877450913,7.66665378317362,0.40337570502029124,0.08770123705110862,19.626857360106538,21.803031770347552,4.8274194574129705,0.2539913477423989,0.055222352561283175,0.0,0.0,22.835850674924455,21.173990003866283,4.688143025812893,0.24666341428168964,0.05362912614349461,21.01903811616767,21.304357451272594
1300,18.260653,-76.8273926,-0.099,1.6193139553070068,0,12,Low Density Rural,33.0,101.0,Saint Mary,Rural,34.64603058204654,7.93809499227347,34.64603058204654,7.93809499227347,46.04387138303559,10.549567113756455,38.821506970715134,8.894779716451426,0.4824704085902382,0.09947032342222697,33.2939969908748,33.391270958633335,7.650604595371126,0.41498389423450077,0.08555671278397281,0.0,0.0,34.650875350738104,34.626864807137046,7.933703731881553,0.4303397501879769,0.08872261048655018,34.60753138898199,34.63507636031139
1301,17.9264757,-77.310791,-0.361,0.5195220112800598,0,12,Low Density Rural,26.0,66.0,Clarendon,Rural,34.64603058204654,7.93809499227347,34.64603058204654,7.93809499227347,59.83523297845939,13.709442475466636,50.467959061929676,11.563213631386853,0.6272115311673098,0.12931142044889507,37.97535987651932,38.08631122709642,8.726331742680234,0.47333345800547344,0.09758656969644905,0.0,0.0,34.65074619627431,34.62673574216793,7.933674160528997,0.4303381461794455,0.08872227979010838,34.60753138898199,34.63432822689843
1302,18.0518668,-77.7282715,0.165,3.151500940322876,0,12,Low Density Rural,65.0,86.0,Saint Elizabeth,Rural,34.64603058204654,7.93809499227347,34.64603058204654,7.93809499227347,35.36047488552796,8.101788398197526,38.821506970715134,8.894779716451426,0.4824704085902382,0.09947032342222697,32.153984460147115,32.24792769107076,7.3886419025542684,0.4007745207066793,0.08262718393562422,0.0,0.0,34.65074619627431,34.62673574216793,7.933674160528997,0.4303381461794455,0.08872227979010838,34.606680452917274,34.635073643365224
1303,18.1771685,-77.5524902,0.388,0.0,0,12,Low Density Rural,65.0,47.0,Manchester,Rural,34.64603058204654,7.93809499227347,34.64603058204654,7.93809499227347,28.29244103401807,6.48236120324018,27.175054879500593,6.226345801515998,0.33772928601316676,0.06962922639555888,34.01071806682508,34.11008605480152,7.815299436869651,0.42391726751675657,0.08739849523076358,5.361468759828192,6.396354296745372,34.649961136348615,34.62595122623183,7.9334944123177555,0.4303283962816756,0.08872026966582462,34.60830162113958,34.633440492397064
1304,18.3232401,-77.7941895,-0.321,,0,11,Very Low Density Rural,54.0,51.0,Saint James,Rural,34.64603058204654,7.93809499227347,34.64603058204654,7.93809499227347,57.489059934922594,13.171887547094627,50.467959061929676,11.563213631386853,0.6272115311673098,0.12931142044889507,,,,,,,,,,,,,,
1305,18.3858046,-78.1237793,0.107,1.429298996925354,0,12,Low Density Rural,34.0,59.0,Hanover,Rural,34.64603058204654,7.93809499227347,34.64603058204654,7.93809499227347,37.47202549163099,8.585586657641548,38.821506970715134,8.894779716451426,0.4824704085902382,0.09947032342222697,32.562716932757255,32.657854343802114,7.4825642554062135,0.40586905451198785,0.08367751762713545,0.0,0.0,34.65074619627431,34.62673574216793,7.933674160528997,0.4303381461794455,0.08872227979010838,34.60753138898199,34.63512114144663
1306,18.4483464,-77.2668457,0.476,0.0,0,12,Low Density Rural,42.0,148.0,Saint Ann,Rural,34.64603058204654,7.93809499227347,34.64603058204654,7.93809499227347,25.909110605955384,5.9362927787165,27.175054879500593,6.226345801515998,0.33772928601316676,0.06962922639555888,33.9813149521782,34.0805970340489,7.808542915443364,0.42355078045838,0.08732293705024574,7.482785685687909,8.725085589451378,34.650438441088326,34.626428200233974,7.9336036965524634,0.4303343240742745,0.08872149179144413,34.60696027057868,34.63566542839825
1307,18.1354112,-76.8933105,0.158,0.6454610228538513,0,12,Low Density Rural,14.0,143.0,Saint Catherine,Rural,34.64603058204654,7.93809499227347,34.64603058204654,7.93809499227347,35.60886656634431,8.158699874764553,38.821506970715134,8.894779716451426,0.4824704085902382,0.09947032342222697,31.26131523862058,31.352650387459704,7.183516058089601,0.3896480900196731,0.08033326157423966,0.0,0.0,34.648023074498596,34.624014507318115,7.933050671477835,0.43030432690264997,0.08871530731191934,34.60379949928936,34.67845629602421
1308,17.9264757,-76.4538574,-0.129,,0,12,Low Density Rural,43.0,55.0,Saint Thomas,Rural,34.64603058204654,7.93809499227347,34.64603058204654,7.93809499227347,47.4461160274216,10.870849263617254,38.821506970715134,8.894779716451426,0.4824704085902382,0.09947032342222697,,,,,,,,,,,,,,
1309,17.8219152,-77.2009277,0.278,,0,11,Very Low Density Rural,19.0,26.0,Clarendon,Rural,34.64603058204654,7.93809499227347,34.64603058204654,7.93809499227347,31.582231486025083,7.2361176559703955,27.175054879500593,6.226345801515998,0.33772928601316676,0.06962922639555888,,,,,,,,,,,,,,
1310,18.4691886,-77.6184082,0.253,4.695237159729004,1,21,Suburban / Peri-urban,32.0,41.0,Trelawny,Urban,22.91662051591443,5.07397966218306,22.91662051591443,5.07397966218306,38.50248452798902,8.524853099647308,34.62642877450913,7.66665378317362,0.40337570502029124,0.08770123705110862,20.35395430432269,22.610747314614457,5.006256133684384,0.26340071621196415,0.057268120921598914,0.0,0.0,22.85115484940569,21.188180429355402,4.691284934554608,0.24682872364476274,0.05366506741476407,21.149802793103134,21.778152055415884
1311,18.260653,-77.5744629,0.612,,0,12,Low Density Rural,62.0,60.0,Trelawny,Rural,34.64603058204654,7.93809499227347,34.64603058204654,7.93809499227347,22.614576306743494,5.181449416198684,27.175054879500593,6.226345801515998,0.33772928601316676,0.06962922639555888,,,,,,,,,,,,,,
1312,18.1980434,-77.0031738,0.539,1.1160869598388672,0,11,Very Low Density Rural,16.0,27.0,Saint Catherine,Rural,34.64603058204654,7.93809499227347,34.64603058204654,7.93809499227347,24.327190312551707,5.573843362483787,27.175054879500593,6.226345801515998,0.33772928601316676,0.06962922639555888,35.084363479509115,35.18686830171084,8.062011675425175,0.43729942630366175,0.09015747824593037,10.499237345355489,11.225512157491922,34.64773438114606,34.62372601400914,7.932984571920314,0.43030074153218084,0.08871456812055381,34.593333865095495,34.70465282219833
1313,18.4066544,-77.3547363,0.224,1.2670300006866455,1,21,Suburban / Peri-urban,52.0,59.0,Saint Ann,Urban,22.91662051591443,5.07397966218306,22.91662051591443,5.07397966218306,39.63540452151009,8.775693445064492,34.62642877450913,7.66665378317362,0.40337570502029124,0.08770123705110862,20.745068931937055,23.045227705196833,5.102454640087253,0.2684621343272991,0.058368565555282144,0.0,0.0,22.86491995978458,21.20094379489469,4.694110877285667,0.2469774086739458,0.05369739425256824,21.14923312043959,21.36281366041488
1314,18.1771685,-77.310791,-0.158,1.605173945426941,0,12,Low Density Rural,48.0,139.0,Clarendon,Rural,34.64603058204654,7.93809499227347,34.64603058204654,7.93809499227347,48.84219875094849,11.190719594799466,50.467959061929676,11.563213631386853,0.6272115311673098,0.12931142044889507,33.78357262262105,33.882276967279985,7.763103841978439,0.4210860754247032,0.08681479188222065,0.0,0.0,34.650875350738104,34.626864807137046,7.933703731881553,0.4303397501879769,0.08872261048655018,34.60753138898199,34.63507636031139
1315,18.3649523,-77.3327637,0.239,,0,11,Very Low Density Rural,55.0,206.0,Saint Ann,Rural,34.64603058204654,7.93809499227347,34.64603058204654,7.93809499227347,32.838272106975545,7.523901554897785,38.821506970715134,8.894779716451426,0.4824704085902382,0.09947032342222697,,,,,,,,,,,,,,
1316,18.2189158,-77.5305176,-0.218,,0,11,Very Low Density Rural,66.0,49.0,Manchester,Rural,34.64603058204654,7.93809499227347,34.64603058204654,7.93809499227347,51.86243164738922,11.882715047899351,50.467959061929676,11.563213631386853,0.6272115311673098,0.12931142044889507,,,,,,,,,,,,,,
1317,18.3023803,-77.5085449,-0.438,,0,11,Very Low Density Rural,64.0,58.0,Trelawny,Rural,34.64603058204654,7.93809499227347,34.64603058204654,7.93809499227347,64.62456926749027,14.806774717387897,50.467959061929676,11.563213631386853,0.6272115311673098,0.12931142044889507,,,,,,,,,,,,,,
1318,18.1771685,-76.9152832,-0.449,,0,11,Very Low Density Rural,49.0,171.0,Saint Catherine,Rural,34.64603058204654,7.93809499227347,34.64603058204654,7.93809499227347,65.33936369126754,14.970548342838416,50.467959061929676,11.563213631386853,0.6272115311673098,0.12931142044889507,,,,,,,,,,,,,,
1319,18.1354112,-76.3659668,-0.379,,0,11,Very Low Density Rural,82.0,250.0,Portland,Rural,34.64603058204654,7.93809499227347,34.64603058204654,7.93809499227347,60.92201890232496,13.958446755465772,50.467959061929676,11.563213631386853,0.6272115311673098,0.12931142044889507,,,,,,,,,,,,,,
1320,18.1145288,-77.0910645,-0.543,1.1983879804611206,0,12,Low Density Rural,20.0,117.0,Saint Catherine,Rural,34.64603058204654,7.93809499227347,34.64603058204654,7.93809499227347,71.77919477506867,16.446041783749337,50.467959061929676,11.563213631386853,0.6272115311673098,0.12931142044889507,42.569806348320355,42.6941811409098,9.782086427225368,0.5305996759739114,0.10939307455367467,0.0,0.0,34.650875350738104,34.626864807137046,7.933703731881553,0.4303397501879769,0.08872261048655018,34.60753138898199,34.63432822689843
1321,17.9473804,-77.2668457,0.061,,0,12,Low Density Rural,13.0,7.0,Clarendon,Rural,34.64603058204654,7.93809499227347,34.64603058204654,7.93809499227347,39.23599901901285,8.989748092269762,38.821506970715134,8.894779716451426,0.4824704085902382,0.09947032342222697,,,,,,,,,,,,,,
1322,18.0518668,-76.2780762,0.166,,0,12,Low Density Rural,,,,Unknown,,,,,,,,,,,,,,,,,,,,,,,,
1323,18.3649523,-77.244873,-0.388,,0,12,Low Density Rural,63.0,253.0,Saint Ann,Rural,34.64603058204654,7.93809499227347,34.64603058204654,7.93809499227347,61.4727918329213,14.084639793132611,50.467959061929676,11.563213631386853,0.6272115311673098,0.12931142044889507,,,,,,,,,,,,,,
1324,18.2397857,-76.6955566,-0.268,,0,11,Very Low Density Rural,69.0,65.0,Portland,Rural,34.64603058204654,7.93809499227347,34.64603058204654,7.93809499227347,54.52147537867748,12.491954876329032,50.467959061929676,11.563213631386853,0.6272115311673098,0.12931142044889507,,,,,,,,,,,,,,
1325,18.0518668,-76.673584,0.49,,0,12,Low Density Rural,15.0,21.0,Saint Andrew,Rural,34.64603058204654,7.93809499227347,34.64603058204654,7.93809499227347,25.548910342567474,5.853763731117701,27.175054879500593,6.226345801515998,0.33772928601316676,0.06962922639555888,,,,,,,,,,,,,,
1326,18.4275017,-78.1677246,0.44,,0,12,Low Density Rural,33.0,40.0,Hanover,Rural,34.64603058204654,7.93809499227347,34.64603058204654,7.93809499227347,26.858830987043646,6.153892615538311,27.175054879500593,6.226345801515998,0.33772928601316676,0.06962922639555888,,,,,,,,,,,,,,
1327,18.5108654,-77.8820801,0.823,11.053224563598633,1,23,Dense Urban Cluster,1.0,8.0,Saint James,Urban,22.91662051591443,5.07397966218306,22.91662051591443,5.07397966218306,21.77413445371313,4.821021289027153,18.645000109351066,4.128198190939641,0.2172023027032337,0.04722374302752002,20.353278933041366,22.60999705993877,5.006090019445888,0.2633919762257899,0.05726622068916115,0.0,0.0,24.102196463498164,22.34817849591757,4.948120648783097,0.2603419577402798,0.05660309102894888,21.45055558427492,28.602570749053275
1328,18.4066544,-78.013916,-0.198,0.15743499994277954,0,12,Low Density Rural,23.0,40.0,Hanover,Rural,34.64603058204654,7.93809499227347,34.64603058204654,7.93809499227347,50.83548669523319,11.647421525233161,50.467959061929676,11.563213631386853,0.6272115311673098,0.12931142044889507,35.11943328087325,35.222040565351534,8.070070340882157,0.43773654422447217,0.09024759830341476,0.0,0.0,34.650309286624534,34.62629913526486,7.9335741251999075,0.4303327200657431,0.08872116109500233,34.6055047351195,34.63600837841529
1329,18.1980434,-78.013916,-0.358,0.878292977809906,0,12,Low Density Rural,56.0,148.0,Westmoreland,Rural,34.64603058204654,7.93809499227347,34.64603058204654,7.93809499227347,59.65599626901569,13.668375778885126,50.467959061929676,11.563213631386853,0.6272115311673098,0.12931142044889507,37.42229113102756,37.531626598977766,8.59924245727617,0.4664398843127004,0.09616533019129743,0.0,0.0,34.650875350738104,34.626864807137046,7.933703731881553,0.4303397501879769,0.08872261048655018,34.60753138898199,34.63457457741948
1330,18.4275017,-77.0251465,0.121,,0,10,Water,,,,Unknown,,,,,,,,,,,,,,,,,,,,,,,,
1331,17.9682826,-77.6184082,0.067,,0,11,Very Low Density Rural,86.0,54.0,Saint Elizabeth,Rural,34.64603058204654,7.93809499227347,34.64603058204654,7.93809499227347,39.00128786250136,8.935971096035738,38.821506970715134,8.894779716451426,0.4824704085902382,0.09947032342222697,,,,,,,,,,,,,,
1332,18.1145288,-77.9919434,0.889,,0,11,Very Low Density Rural,70.0,92.0,Westmoreland,Rural,34.64603058204654,7.93809499227347,34.64603058204654,7.93809499227347,17.143081269575656,3.9278210315000304,27.175054879500593,6.226345801515998,0.33772928601316676,0.06962922639555888,,,,,,,,,,,,,,
1333,18.3232401,-78.1237793,0.264,3.0365140438079834,0,12,Low Density Rural,47.0,45.0,Westmoreland,Rural,34.64603058204654,7.93809499227347,34.64603058204654,7.93809499227347,32.02749227981677,7.338135763617193,27.175054879500593,6.226345801515998,0.33772928601316676,0.06962922639555888,32.8291708903831,32.92508679112658,7.543792526473391,0.40919019678877944,0.08436223339523607,0.6301593419600934,1.1481037925595245,34.65074619627431,34.62673574216793,7.933674160528997,0.4303381461794455,0.08872227979010838,34.606680452917274,34.63512114144663
1334,18.1145288,-77.2009277,-0.262,,0,11,Very Low Density Rural,48.0,42.0,Clarendon,Rural,34.64603058204654,7.93809499227347,34.64603058204654,7.93809499227347,54.195325953129746,12.417227553222212,50.467959061929676,11.563213631386853,0.6272115311673098,0.12931142044889507,,,,,,,,,,,,,,
1335,18.4066544,-78.1237793,-0.045,,0,11,Very Low Density Rural,38.0,56.0,Hanover,Rural,34.64603058204654,7.93809499227347,34.64603058204654,7.93809499227347,43.62344205592727,9.994998593268374,38.821506970715134,8.894779716451426,0.4824704085902382,0.09947032342222697,,,,,,,,,,,,,,
1336,17.9891824,-77.376709,0.478,3.228097915649414,0,13,Rural Cluster,27.0,35.0,Clarendon,Rural,34.64603058204654,7.93809499227347,34.64603058204654,7.93809499227347,25.85734416843647,5.924432057833523,27.175054879500593,6.226345801515998,0.33772928601316676,0.06962922639555888,33.94798833109208,34.04717304367828,7.800884814179656,0.4231353899300578,0.08723729650221819,7.7216252361726925,8.535926977499503,34.65058665738557,34.62657631382807,7.933637632324032,0.43033616481750775,0.08872187129518465,34.59907023432989,34.63489499871293
1337,18.260653,-76.9152832,-0.335,,0,11,Very Low Density Rural,37.0,81.0,Saint Mary,Rural,34.64603058204654,7.93809499227347,34.64603058204654,7.93809499227347,58.299567085827626,13.357590862819778,50.467959061929676,11.563213631386853,0.6272115311673098,0.12931142044889507,,,,,,,,,,,,,,
1338,18.260653,-77.1350098,0.237,0.7647200226783752,0,12,Low Density Rural,21.0,41.0,Saint Ann,Rural,34.64603058204654,7.93809499227347,34.64603058204654,7.93809499227347,32.90401437153997,7.538964415847577,38.821506970715134,8.894779716451426,0.4824704085902382,0.09947032342222697,32.64562830451466,32.74100795496698,7.501616402312743,0.40690248056586903,0.08389057778996052,0.0,0.09353088753090033,34.65074619627431,34.62673574216793,7.933674160528997,0.4303381461794455,0.08872227979010838,34.6055047351195,34.633452903475224
1339,18.4691886,-77.3986816,0.986,0.19939400255680084,0,12,Low Density Rural,,,Saint Ann,Rural,34.64603058204654,7.93809499227347,34.64603058204654,7.93809499227347,15.558306369834195,3.564717568154439,27.175054879500593,6.226345801515998,0.33772928601316676,0.06962922639555888,,,,,,,,,,,,,,
1340,18.1980434,-77.7722168,0.106,5.5226731300354,0,12,Low Density Rural,42.0,37.0,Saint Elizabeth,Rural,34.64603058204654,7.93809499227347,34.64603058204654,7.93809499227347,37.509516259382266,8.594176538523806,38.821506970715134,8.894779716451426,0.4824704085902382,0.09947032342222697,32.48692004232663,32.581836000108375,7.465146940254707,0.40492430495937665,0.08348273978816739,0.0,0.0,34.65058665738557,34.62657631382807,7.933637632324032,0.43033616481750775,0.08872187129518465,34.558940467190766,34.64547205281515
1341,18.1562911,-77.6403809,0.026,0.16150200366973877,0,12,Low Density Rural,63.0,86.0,Saint Elizabeth,Rural,34.64603058204654,7.93809499227347,34.64603058204654,7.93809499227347,40.633573878532395,9.30996030149838,38.821506970715134,8.894779716451426,0.4824704085902382,0.09947032342222697,32.895138647101646,32.99124728365398,7.558951211771392,0.4100124337999884,0.0845317529760818,0.0,0.0,34.649961136348615,34.62595122623183,7.9334944123177555,0.4303283962816756,0.08872026966582462,34.60786013810286,34.6347454699361
1342,18.0518668,-77.2229004,-0.341,,0,12,Low Density Rural,28.0,39.0,Clarendon,Rural,34.64603058204654,7.93809499227347,34.64603058204654,7.93809499227347,58.650415982486514,13.437977326227678,50.467959061929676,11.563213631386853,0.6272115311673098,0.12931142044889507,,,,,,,,,,,,,,
1343,17.9055685,-77.5964355,0.715,1.48375403881073,1,22,Semi-dense Urban Cluster,77.0,55.0,Saint Elizabeth,Urban,22.91662051591443,5.07397966218306,22.91662051591443,5.07397966218306,24.257425395900917,5.370847897500862,26.635714441930098,5.89742598705663,0.31028900386176245,0.06746249003931432,22.687474558944093,25.20300216799073,5.580208492676077,0.2935988240180657,0.06383374046247985,0.0,0.0,22.94438291589585,21.274623898269393,4.710424423420061,0.24783573466067355,0.05388400998051683,20.741655525625855,21.517131784169976
1344,18.0100796,-77.0031738,0.585,7.9857378005981445,1,30,Urban Centre,0.0,11.0,Saint Catherine,Urban,22.91662051591443,5.07397966218306,22.91662051591443,5.07397966218306,27.625044547231465,6.11647402819335,26.635714441930098,5.89742598705663,0.31028900386176245,0.06746249003931432,14.627210570430778,16.24903727210532,3.5977069390079333,0.18929087109213139,0.0411552886072471,0.0,0.0,28.915980843974932,26.811643588764166,5.936378541705838,0.3123384656789181,0.06790808042667916,22.956351909466864,30.843604048850363
1345,18.3440975,-77.1350098,-0.12,,0,11,Very Low Density Rural,30.0,144.0,Saint Ann,Rural,34.64603058204654,7.93809499227347,34.64603058204654,7.93809499227347,47.0210167991181,10.773450571798168,38.821506970715134,8.894779716451426,0.4824704085902382,0.09947032342222697,,,,,,,,,,,,,,
1346,17.9682826,-76.739502,0.789,0.1638139933347702,1,30,Urban Centre,0.0,10.0,Kingston,Kingston Metropolitan Area (KMA),34.567489297207274,6.3937660639451295,34.567489297207274,6.3937660639451295,44.646850871742316,8.258092380137878,45.619430075878164,8.437985222699773,0.5666944528027779,0.08508429749345968,39.87953176350034,35.87309683299,6.635257399440908,0.445623387804259,0.06690651851356018,0.0,0.0,28.977686024502837,32.28038417563348,5.970732299899817,0.4009939321084761,0.0602057896346899,27.366324889630484,36.128245531929316
1347,18.1145288,-76.9812012,0.28,1.1830099821090698,0,11,Very Low Density Rural,7.0,72.0,Saint Catherine,Rural,34.64603058204654,7.93809499227347,34.64603058204654,7.93809499227347,31.51913014542741,7.221659883250432,27.175054879500593,6.226345801515998,0.33772928601316676,0.06962922639555888,31.544342698447636,31.63650475923757,7.248552742791729,0.3931758081691798,0.08106056683281337,0.0,0.5160336900661846,34.59907537010552,34.5751007201343,7.9218435495486,0.4296964304882714,0.08858997806504981,34.502414593051505,34.84682566931177
1348,18.1980434,-77.9260254,-0.422,,0,11,Very Low Density Rural,57.0,109.0,Westmoreland,Rural,34.64603058204654,7.93809499227347,34.64603058204654,7.93809499227347,63.59880416294234,14.571751521285302,50.467959061929676,11.563213631386853,0.6272115311673098,0.12931142044889507,,,,,,,,,,,,,,
1349,18.0100796,-77.5964355,0.369,1.2147530317306519,0,12,Low Density Rural,64.0,50.0,Saint Elizabeth,Rural,34.64603058204654,7.93809499227347,34.64603058204654,7.93809499227347,28.835136696461337,6.606703578051851,27.175054879500593,6.226345801515998,0.33772928601316676,0.06962922639555888,33.55661205624404,33.65465329773689,7.710950730035529,0.4182571876916199,0.08623156362049744,4.508092958146083,5.121930110034544,34.65074619627431,34.62673574216793,7.933674160528997,0.4303381461794455,0.08872227979010838,34.60755501469312,34.63507519871849
1350,18.5108654,-77.7282715,0.738,,1,21,Suburban / Peri-urban,,,Trelawny,Urban,22.91662051591443,5.07397966218306,22.91662051591443,5.07397966218306,23.7058717923431,5.248728156280174,26.635714441930098,5.89742598705663,0.31028900386176245,0.06746249003931432,,,,,,,,,,,,,,
1351,17.9055685,-77.3327637,-0.017,1.6935909986495972,0,12,Low Density Rural,29.0,71.0,Clarendon,Rural,34.64603058204654,7.93809499227347,34.64603058204654,7.93809499227347,42.41892757501195,9.719020358288994,38.821506970715134,8.894779716451426,0.4824704085902382,0.09947032342222697,32.79680802402531,32.89262937125455,7.536355885743709,0.40878681871694783,0.08427906944040668,0.0,0.0,34.65074619627431,34.62673574216793,7.933674160528997,0.4303381461794455,0.08872227979010838,34.60753138898199,34.63512114144663
1352,18.1562911,-76.3659668,0.547,,0,12,Low Density Rural,76.0,212.0,Portland,Rural,34.64603058204654,7.93809499227347,34.64603058204654,7.93809499227347,24.133349188366264,5.5294305038866325,27.175054879500593,6.226345801515998,0.33772928601316676,0.06962922639555888,,,,,,,,,,,,,,
1353,18.0100796,-77.3986816,-0.233,,0,11,Very Low Density Rural,42.0,41.0,Manchester,Rural,34.64603058204654,7.93809499227347,34.64603058204654,7.93809499227347,52.64623192800453,12.06229928822843,50.467959061929676,11.563213631386853,0.6272115311673098,0.12931142044889507,,,,,,,,,,,,,,
1354,18.3023803,-76.9812012,0.101,1.998764991760254,0,12,Low Density Rural,39.0,220.0,Saint Mary,Rural,34.64603058204654,7.93809499227347,34.64603058204654,7.93809499227347,37.69753349205847,8.637255027692532,38.821506970715134,8.894779716451426,0.4824704085902382,0.09947032342222697,31.29108244867269,31.38250456738304,7.190356244747829,0.39001911524537086,0.0804097553830637,0.0,0.0,34.650875350738104,34.626864807137046,7.933703731881553,0.4303397501879769,0.08872261048655018,34.60753138898199,34.63507636031139
1355,18.4900283,-77.7941895,1.117,0.49840599298477173,0,11,Very Low Density Rural,11.0,58.0,Saint James,Rural,34.64603058204654,7.93809499227347,34.64603058204654,7.93809499227347,13.648022887039948,3.12703361146909,27.175054879500593,6.226345801515998,0.33772928601316676,0.06962922639555888,44.638491403826926,44.76891020499386,10.25744813871864,0.5563842334878116,0.11470904467234146,30.229519207607193,31.95412143121186,34.60850510963653,34.584523925539706,7.924002593409704,0.42981354128888,0.08861412265299835,33.82062808815961,35.411455296076575
1356,17.7591494,-77.244873,-0.27,,0,11,Very Low Density Rural,46.0,57.0,Clarendon,Rural,34.64603058204654,7.93809499227347,34.64603058204654,7.93809499227347,54.63062744511725,12.516963786655712,50.467959061929676,11.563213631386853,0.6272115311673098,0.12931142044889507,,,,,,,,,,,,,,
1357,18.4275017,-77.310791,0.044,1.3421880006790161,0,11,Very Low Density Rural,56.0,95.0,Saint Ann,Rural,34.64603058204654,7.93809499227347,34.64603058204654,7.93809499227347,39.90871286894666,9.143880220934445,38.821506970715134,8.894779716451426,0.4824704085902382,0.09947032342222697,32.802589978727774,32.898428218902474,7.537684517125187,0.4088588863055697,0.08429392752542254,0.0,0.0,34.65074619627431,34.62673574216793,7.933674160528997,0.4303381461794455,0.08872227979010838,34.60753138898199,34.63507636031139
1358,17.9891824,-77.4645996,0.408,1.692736029624939,0,12,Low Density Rural,59.0,31.0,Manchester,Rural,34.64603058204654,7.93809499227347,34.64603058204654,7.93809499227347,27.732213166154118,6.354001851311207,27.175054879500593,6.226345801515998,0.33772928601316676,0.06962922639555888,34.020965015946985,34.12036294209513,7.817654076237885,0.42404498780374394,0.08742482716330911,6.0614250703206976,6.770605920052046,34.65058665738557,34.62657631382807,7.933637632324032,0.43033616481750775,0.08872187129518465,34.60008348926964,34.63550157680634
1359,18.0309744,-76.6955566,0.209,3.881356954574585,0,12,Low Density Rural,6.0,15.0,Saint Andrew,Rural,34.64603058204654,7.93809499227347,34.64603058204654,7.93809499227347,33.83834637983226,7.753038470264338,38.821506970715134,8.894779716451426,0.4824704085902382,0.09947032342222697,31.17594421534588,31.26702993849521,7.163898709558094,0.388584006314042,0.0801138807615247,0.0,0.0,34.47678324421624,34.45289333381917,7.8938434056640165,0.4281776474164889,0.08827685245015492,34.103316370087775,34.68239961283306
1360,17.9473804,-77.0251465,0.361,0.3285970091819763,0,11,Very Low Density Rural,14.0,14.0,Saint Catherine,Rural,34.64603058204654,7.93809499227347,34.64603058204654,7.93809499227347,29.06674297993473,6.659769186092153,27.175054879500593,6.226345801515998,0.33772928601316676,0.06962922639555888,33.633723360731445,33.73198989576741,7.728670083486185,0.41921832039774876,0.0864297191538278,4.2114247864582115,5.148649564182875,34.62095348556019,34.59696367564165,7.926852787683925,0.42996814145210854,0.08864599637616077,34.3585175540765,34.79442921699974
1361,18.4691886,-78.145752,-0.19,,0,10,Water,,,,Unknown,,,,,,,,,,,,,,,,,,,,,,,,
1362,18.260653,-76.673584,0.803,,0,10,Water,,,,Unknown,,,,,,,,,,,,,,,,,,,,,,,,
1363,18.1771685,-76.8713379,-0.684,,0,11,Very Low Density Rural,24.0,214.0,Saint Mary,Rural,34.64603058204654,7.93809499227347,34.64603058204654,7.93809499227347,82.64833407651184,18.936377871595973,50.467959061929676,11.563213631386853,0.6272115311673098,0.12931142044889507,,,,,,,,,,,,,,
1364,18.2397857,-77.7062988,0.116,,0,11,Very Low Density Rural,95.0,302.0,Saint Elizabeth,Rural,34.64603058204654,7.93809499227347,34.64603058204654,7.93809499227347,37.13629033661313,8.508663053176496,38.821506970715134,8.894779716451426,0.4824704085902382,0.09947032342222697,,,,,,,,,,,,,,
1365,18.1980434,-77.6843262,-0.121,0.6679980158805847,0,12,Low Density Rural,61.0,119.0,Saint Elizabeth,Rural,34.64603058204654,7.93809499227347,34.64603058204654,7.93809499227347,47.06806133426441,10.784229410891275,38.821506970715134,8.894779716451426,0.4824704085902382,0.09947032342222697,33.63684681728793,33.73512247802342,7.729387820413088,0.4192572518653535,0.08643774560603087,0.0,0.0,34.650875350738104,34.626864807137046,7.933703731881553,0.4303397501879769,0.08872261048655018,34.60753138898199,34.63432822689843
1366,17.9473804,-77.3547363,0.397,0.5382559895515442,0,13,Rural Cluster,27.0,88.0,Clarendon,Rural,34.64603058204654,7.93809499227347,34.64603058204654,7.93809499227347,28.03895147876274,6.424281702201793,27.175054879500593,6.226345801515998,0.33772928601316676,0.06962922639555888,33.08240312427279,33.17905888524277,7.601982586766349,0.41234654051627023,0.08501297285161562,4.568353331451239,5.577795936257447,34.65074619627431,34.62673574216793,7.933674160528997,0.4303381461794455,0.08872227979010838,34.60753138898199,34.63432822689843
1367,18.1771685,-77.1569824,-0.119,,0,11,Very Low Density Rural,56.0,53.0,Saint Catherine,Rural,34.64603058204654,7.93809499227347,34.64603058204654,7.93809499227347,46.974019284992494,10.762682506156528,38.821506970715134,8.894779716451426,0.4824704085902382,0.09947032342222697,,,,,,,,,,,,,,
1368,18.0518668,-77.0251465,0.251,,0,11,Very Low Density Rural,33.0,78.0,Saint Catherine,Rural,34.64603058204654,7.93809499227347,34.64603058204654,7.93809499227347,32.44656776816548,7.434154296752396,27.175054879500593,6.226345801515998,0.33772928601316676,0.06962922639555888,,,,,,,,,,,,,,
1369,18.093644,-76.8713379,0.596,6.227118015289307,0,12,Low Density Rural,6.0,22.0,Saint Catherine,Rural,34.64603058204654,7.93809499227347,34.64603058204654,7.93809499227347,22.979319693587083,5.265019383780146,27.175054879500593,6.226345801515998,0.33772928601316676,0.06962922639555888,34.006199569217834,34.105554355649545,7.814261134422288,0.42386094794258056,0.08738688389427839,10.542526728477478,11.604007803568326,34.82887176388866,34.804737881682286,7.974457992574248,0.4325503417298709,0.08917836539236738,34.26395169613128,35.014480113221914
1370,18.1562911,-76.6516113,-0.57,,0,11,Very Low Density Rural,94.0,241.0,Portland,Rural,34.64603058204654,7.93809499227347,34.64603058204654,7.93809499227347,73.74363362019484,16.896133811527093,50.467959061929676,11.563213631386853,0.6272115311673098,0.12931142044889507,,,,,,,,,,,,,,
1371,18.1145288,-77.7502441,-0.186,,0,11,Very Low Density Rural,56.0,81.0,Saint Elizabeth,Rural,34.64603058204654,7.93809499227347,34.64603058204654,7.93809499227347,50.22910641312895,11.508487736862051,50.467959061929676,11.563213631386853,0.6272115311673098,0.12931142044889507,,,,,,,,,,,,,,
1372,18.260653,-76.8054199,0.392,,0,12,Low Density Rural,28.0,52.0,Saint Mary,Rural,34.64603058204654,7.93809499227347,34.64603058204654,7.93809499227347,28.179497307925775,6.456483548240748,27.175054879500593,6.226345801515998,0.33772928601316676,0.06962922639555888,,,,,,,,,,,,,,
1373,18.3232401,-78.013916,0.534,0.7415289878845215,0,13,Rural Cluster,26.0,32.0,Hanover,Rural,34.64603058204654,7.93809499227347,34.64603058204654,7.93809499227347,24.449130861443994,5.601782368605272,27.175054879500593,6.226345801515998,0.33772928601316676,0.06962922639555888,34.89873518431513,35.000697662477876,8.019356277557769,0.43498571332889263,0.08968046292269227,10.003324435564384,10.948657238591522,34.65058665738557,34.62657631382807,7.933637632324032,0.43033616481750775,0.08872187129518465,34.59593648884467,34.63783521659482
1374,18.1145288,-77.9699707,0.643,,0,11,Very Low Density Rural,52.0,61.0,Westmoreland,Rural,34.64603058204654,7.93809499227347,34.64603058204654,7.93809499227347,21.924279324851668,5.023288642133659,27.175054879500593,6.226345801515998,0.33772928601316676,0.06962922639555888,,,,,,,,,,,,,,
1375,18.3023803,-77.5305176,0.31,1.207213044166565,0,12,Low Density Rural,61.0,58.0,Trelawny,Rural,34.64603058204654,7.93809499227347,34.64603058204654,7.93809499227347,30.58759907096417,7.008227578506823,27.175054879500593,6.226345801515998,0.33772928601316676,0.06962922639555888,33.122136553824376,33.218908402638846,7.611112904126579,0.41284178695157,0.0851150771925573,2.3262219299179474,2.890475699743774,34.65074619627431,34.62673574216793,7.933674160528997,0.4303381461794455,0.08872227979010838,34.60753138898199,34.635073643365224
1376,18.3649523,-77.9040527,-0.261,,0,12,Low Density Rural,15.0,46.0,Saint James,Rural,34.64603058204654,7.93809499227347,34.64603058204654,7.93809499227347,54.14115771580929,12.404816532213745,50.467959061929676,11.563213631386853,0.6272115311673098,0.12931142044889507,,,,,,,,,,,,,,
1377,18.0727566,-77.947998,0.647,2.38240909576416,1,21,Suburban / Peri-urban,56.0,67.0,Westmoreland,Urban,22.91662051591443,5.07397966218306,22.91662051591443,5.07397966218306,25.96430661678434,5.748769266601086,26.635714441930098,5.89742598705663,0.31028900386176245,0.06746249003931432,22.139946556739986,24.594765698535575,5.445538571617242,0.28651325893472274,0.06229320935145505,0.0,0.0,22.89860894555418,21.232181091813487,4.701027141800213,0.24734130316475808,0.05377651155339506,21.07787730717827,21.753847011607128
1378,18.1771685,-77.442627,0.189,2.071877956390381,1,21,Suburban / Peri-urban,59.0,67.0,Clarendon,Urban,22.91662051591443,5.07397966218306,22.91662051591443,5.07397966218306,41.04720608872155,9.088281090092453,34.62642877450913,7.66665378317362,0.40337570502029124,0.08770123705110862,20.68454034935335,22.97798787230494,5.0875670372513495,0.26767883336447557,0.058198261636211224,0.0,0.0,22.86833566856832,21.204110928218192,4.69481211375549,0.24701430374752037,0.05370541591463988,21.1472921874242,21.346339050177292
1379,18.1145288,-77.2888184,0.375,,0,12,Low Density Rural,34.0,39.0,Clarendon,Rural,34.64603058204654,7.93809499227347,34.64603058204654,7.93809499227347,28.66264387223342,6.567182039762951,27.175054879500593,6.226345801515998,0.33772928601316676,0.06962922639555888,,,,,,,,,,,,,,
1380,18.3023803,-78.1018066,0.25,0.0,0,12,Low Density Rural,49.0,48.0,Westmoreland,Rural,34.64603058204654,7.93809499227347,34.64603058204654,7.93809499227347,32.47903056462665,7.441592169365633,27.175054879500593,6.226345801515998,0.33772928601316676,0.06962922639555888,33.26160063109568,33.358779947483356,7.643160258211266,0.4145800986931049,0.08547346275996313,0.42047548413465885,1.333962214030346,34.650309286624534,34.62629913526486,7.9335741251999075,0.4303327200657431,0.08872116109500233,34.60830162113958,34.6323312710219
1381,18.0309744,-76.8713379,0.701,0.09423000365495682,0,11,Very Low Density Rural,0.0,9.0,Saint Andrew,Rural,34.64603058204654,7.93809499227347,34.64603058204654,7.93809499227347,20.688845032485965,4.7402260631092945,27.175054879500593,6.226345801515998,0.33772928601316676,0.06962922639555888,33.83127600461826,33.93011972266765,7.774065569211809,0.42168066114641106,0.0869373768801552,11.863666979429949,14.205645424985272,34.93638046713553,34.912172089194755,7.999073307238767,0.4338855249836846,0.0894536384613891,34.192107187637156,36.150021701297206
1382,18.0518668,-76.9812012,0.801,0.933784008026123,1,21,Suburban / Peri-urban,1.0,8.0,Saint Catherine,Urban,22.91662051591443,5.07397966218306,22.91662051591443,5.07397966218306,22.25847360753187,4.928259047507667,26.635714441930098,5.89742598705663,0.31028900386176245,0.06746249003931432,21.333343226259423,23.698728308653592,5.247146514216829,0.27607499756442894,0.06002374090443613,0.0,0.24368301323885425,23.846346481128553,22.110947790291515,4.895595287342651,0.25757837204804646,0.05600223708338611,20.708432155209984,25.028220169123383
1383,18.1354112,-76.9812012,0.235,,1,21,Suburban / Peri-urban,10.0,40.0,Saint Catherine,Urban,22.91662051591443,5.07397966218306,22.91662051591443,5.07397966218306,39.20180424541928,8.679689805222663,34.62642877450913,7.66665378317362,0.40337570502029124,0.08770123705110862,,,,,,,,,,,,,,
1384,17.9264757,-76.8493652,0.333,,0,10,Water,,,,Unknown,,,,,,,,,,,,,,,,,,,,,,,,
1385,18.0727566,-77.3986816,-0.074,,0,11,Very Low Density Rural,53.0,71.0,Clarendon,Rural,34.64603058204654,7.93809499227347,34.64603058204654,7.93809499227347,44.9070441480323,10.289097373654798,38.821506970715134,8.894779716451426,0.4824704085902382,0.09947032342222697,,,,,,,,,,,,,,
1386,17.9891824,-77.2888184,0.225,2.9319159984588623,1,21,Suburban / Peri-urban,15.0,7.0,Clarendon,Urban,22.91662051591443,5.07397966218306,22.91662051591443,5.07397966218306,39.5957889280866,8.7669221380039,34.62642877450913,7.66665378317362,0.40337570502029124,0.08770123705110862,20.474479871634617,22.744636440368353,5.0359005876120895,0.2649604387247081,0.05760723304987454,0.0,0.0,22.93445400114819,21.265417552308868,4.708386042056881,0.24772848663008193,0.053860692302141265,20.652594687212865,22.400576078346667
1387,18.4483464,-77.244873,0.838,4.36794376373291,1,21,Suburban / Peri-urban,39.0,65.0,Saint Ann,Urban,22.91662051591443,5.07397966218306,22.91662051591443,5.07397966218306,21.449959824875215,4.749245632901196,18.645000109351066,4.128198190939641,0.2172023027032337,0.04722374302752002,24.32683000873015,27.024125045626178,5.983424160406911,0.3148137384835034,0.0684462498907776,2.60964997661241,3.9983773537253446,22.644397686603963,20.99646985282764,4.648838206178943,0.24459541828513928,0.05317950608741046,20.721551786264747,21.532434479415308
1388,18.0727566,-76.9372559,0.352,1.3965619802474976,0,12,Low Density Rural,6.0,84.0,Saint Catherine,Rural,34.64603058204654,7.93809499227347,34.64603058204654,7.93809499227347,29.329524409414546,6.719977640404872,27.175054879500593,6.226345801515998,0.33772928601316676,0.06962922639555888,31.35134305210184,31.4429412322204,7.204203487229447,0.390770217009656,0.0805646090986206,1.4055693419280035,2.57807421571517,34.57252774924877,34.54857149485347,7.915765176158843,0.42936672751794414,0.08852200361416578,34.31655065489875,34.838266917561754
1389,18.3440975,-77.1569824,0.746,3.546518087387085,0,12,Low Density Rural,21.0,106.0,Saint Ann,Rural,34.64603058204654,7.93809499227347,34.64603058204654,7.93809499227347,19.77848375309182,4.5316441796521145,27.175054879500593,6.226345801515998,0.33772928601316676,0.06962922639555888,36.93830221085665,37.046223624416534,8.48802697726687,0.46040733715670934,0.09492160745518265,16.548373402111377,17.775779351688293,34.637726352234544,34.613724919935834,7.930693122266579,0.4301764487800336,0.0886889428385987,34.501053987000766,34.75111475141171
1390,18.2397857,-77.376709,0.13,,0,12,Low Density Rural,57.0,72.0,Saint Ann,Rural,34.64603058204654,7.93809499227347,34.64603058204654,7.93809499227347,36.620004703966856,8.390371741697487,38.821506970715134,8.894779716451426,0.4824704085902382,0.09947032342222697,,,,,,,,,,,,,,
1391,17.9264757,-77.7941895,-0.229,,0,11,Very Low Density Rural,81.0,146.0,Saint Elizabeth,Rural,34.64603058204654,7.93809499227347,34.64603058204654,7.93809499227347,52.436067609149234,12.014146460933858,50.467959061929676,11.563213631386853,0.6272115311673098,0.12931142044889507,,,,,,,,,,,,,,
1392,18.0100796,-77.7941895,0.364,7.472657203674316,0,12,Low Density Rural,76.0,157.0,Saint Elizabeth,Rural,34.64603058204654,7.93809499227347,34.64603058204654,7.93809499227347,28.979673420636033,6.639819817548716,27.175054879500593,6.226345801515998,0.33772928601316676,0.06962922639555888,32.01075834611102,32.104283118043305,7.3557300726372405,0.39898931808967103,0.0822591309348052,2.2586713565727714,3.545500015814797,34.59766094802633,34.573687278147034,7.921519701864682,0.4296788643506758,0.08858635647633308,34.27287401430971,34.63948117349743
1393,18.3858046,-77.4865723,0.102,,0,12,Low Density Rural,55.0,81.0,Trelawny,Rural,34.64603058204654,7.93809499227347,34.64603058204654,7.93809499227347,37.6598548010518,8.62862208985317,38.821506970715134,8.894779716451426,0.4824704085902382,0.09947032342222697,,,,,,,,,,,,,,
1394,18.3232401,-78.2995605,-0.386,,0,11,Very Low Density Rural,70.0,80.0,Hanover,Rural,34.64603058204654,7.93809499227347,34.64603058204654,7.93809499227347,61.34996911291637,14.056498664055798,50.467959061929676,11.563213631386853,0.6272115311673098,0.12931142044889507,,,,,,,,,,,,,,
1395,18.4066544,-77.2668457,0.225,,0,12,Low Density Rural,42.0,88.0,Saint Ann,Rural,34.64603058204654,7.93809499227347,34.64603058204654,7.93809499227347,33.30124113788678,7.62997697202677,38.821506970715134,8.894779716451426,0.4824704085902382,0.09947032342222697,,,,,,,,,,,,,,
1396,18.260653,-77.9699707,0.022,,0,12,Low Density Rural,30.0,149.0,Westmoreland,Rural,34.64603058204654,7.93809499227347,34.64603058204654,7.93809499227347,40.796433676496115,9.347274721792415,38.821506970715134,8.894779716451426,0.4824704085902382,0.09947032342222697,,,,,,,,,,,,,,
1397,17.9682826,-76.4538574,-0.311,,0,11,Very Low Density Rural,76.0,57.0,Saint Thomas,Rural,34.64603058204654,7.93809499227347,34.64603058204654,7.93809499227347,56.917034230966074,13.040825076163774,50.467959061929676,11.563213631386853,0.6272115311673098,0.12931142044889507,,,,,,,,,,,,,,
1398,18.2189158,-77.4206543,-0.09,,0,11,Very Low Density Rural,89.0,68.0,Saint Ann,Rural,34.64603058204654,7.93809499227347,34.64603058204654,7.93809499227347,45.631335735613526,10.455046988307153,38.821506970715134,8.894779716451426,0.4824704085902382,0.09947032342222697,,,,,,,,,,,,,,
1399,18.3440975,-77.3986816,0.24,1.0288629531860352,0,12,Low Density Rural,65.0,114.0,Saint Ann,Rural,34.64603058204654,7.93809499227347,34.64603058204654,7.93809499227347,32.80545024853295,7.516381414039994,27.175054879500593,6.226345801515998,0.33772928601316676,0.06962922639555888,32.344356042534216,32.43885547580185,7.43238725711287,0.4031473550837664,0.08311638824476704,0.0,0.0,34.650875350738104,34.626864807137046,7.933703731881553,0.4303397501879769,0.08872261048655018,34.60753138898199,34.63452707933807
1400,18.4691886,-77.6623535,0.55,10.091520309448242,1,21,Suburban / Peri-urban,25.0,35.0,Trelawny,Urban,22.91662051591443,5.07397966218306,22.91662051591443,5.07397966218306,28.609040589580466,6.334341051958055,26.635714441930098,5.89742598705663,0.31028900386176245,0.06746249003931432,20.82531523800792,23.134371510983712,5.122192011802166,0.26950060253727937,0.05859434748889894,0.0,0.0,23.092092197154813,21.411583755354545,4.740748769407419,0.2494312292255613,0.05423089960551776,21.210768975607824,23.196714350099686
1401,17.9891824,-77.7941895,-0.412,,0,11,Very Low Density Rural,83.0,83.0,Saint Elizabeth,Rural,34.64603058204654,7.93809499227347,34.64603058204654,7.93809499227347,62.965985488166965,14.4267601710827,50.467959061929676,11.563213631386853,0.6272115311673098,0.12931142044889507,,,,,,,,,,,,,,
1402,18.0518668,-77.5085449,0.941,21.296567916870117,1,30,Urban Centre,50.0,39.0,Manchester,Urban,22.91662051591443,5.07397966218306,22.91662051591443,5.07397966218306,19.3505873381148,4.284422589129465,18.645000109351066,4.128198190939641,0.2172023027032337,0.04722374302752002,23.072831691700728,25.631086687802885,5.674990886341578,0.29858573433769486,0.06491798574213152,2.6840990086857315,5.489543250198135,22.867461465132447,21.203300344234435,4.69463264197669,0.247004860963569,0.05370336288114422,20.494031456435817,22.63224182021574
1403,18.0309744,-77.0031738,-0.092,,0,11,Very Low Density Rural,33.0,10.0,Saint Catherine,Rural,34.64603058204654,7.93809499227347,34.64603058204654,7.93809499227347,45.72268973062843,10.475978006324778,38.821506970715134,8.894779716451426,0.4824704085902382,0.09947032342222697,,,,,,,,,,,,,,
1404,18.0518668,-77.2888184,-0.337,,0,11,Very Low Density Rural,36.0,81.0,Clarendon,Rural,34.64603058204654,7.93809499227347,34.64603058204654,7.93809499227347,58.41628289690509,13.384332777546176,50.467959061929676,11.563213631386853,0.6272115311673098,0.12931142044889507,,,,,,,,,,,,,,
1405,18.1562911,-77.1569824,-0.365,,0,11,Very Low Density Rural,36.0,53.0,Saint Catherine,Rural,34.64603058204654,7.93809499227347,34.64603058204654,7.93809499227347,60.0750532311183,13.764390067288712,50.467959061929676,11.563213631386853,0.6272115311673098,0.12931142044889507,,,,,,,,,,,,,,
1406,18.3858046,-77.7062988,0.293,1.5628629922866821,0,12,Low Density Rural,32.0,107.0,Trelawny,Rural,34.64603058204654,7.93809499227347,34.64603058204654,7.93809499227347,31.112033316191088,7.128385899268964,27.175054879500593,6.226345801515998,0.33772928601316676,0.06962922639555888,32.44900589549442,32.543811080769714,7.456434674615242,0.40445173447457367,0.08338531051970613,1.0542333023399226,1.6409506228910018,34.650875350738104,34.626864807137046,7.933703731881553,0.4303397501879769,0.08872261048655018,34.60753138898199,34.63507636031139
1407,18.260653,-76.8933105,0.473,6.5759100914001465,1,21,Suburban / Peri-urban,34.0,68.0,Saint Mary,Urban,22.91662051591443,5.07397966218306,22.91662051591443,5.07397966218306,30.89896760197067,6.841354862335666,34.62642877450913,7.66665378317362,0.40337570502029124,0.08770123705110862,20.361413810332294,22.61903391106413,5.008090872878374,0.26349724975017197,0.05728910907386585,0.0,0.0,22.84983432330216,21.18695600347725,4.691013833848495,0.2468144598679505,0.05366196620947112,20.95216956698798,21.721090040054953
1408,18.2815179,-76.8054199,0.033,,0,11,Very Low Density Rural,31.0,35.0,Saint Mary,Rural,34.64603058204654,7.93809499227347,34.64603058204654,7.93809499227347,40.350132065116085,9.245018142125963,38.821506970715134,8.894779716451426,0.4824704085902382,0.09947032342222697,,,,,,,,,,,,,,
1409,18.0518668,-77.1130371,0.3,1.339100956916809,0,12,Low Density Rural,42.0,96.0,Saint Catherine,Rural,34.64603058204654,7.93809499227347,34.64603058204654,7.93809499227347,30.895009552330905,7.0786614366346905,27.175054879500593,6.226345801515998,0.33772928601316676,0.06962922639555888,32.71969831389676,32.81529437224107,7.518636898659673,0.4078257058832676,0.0840809180041543,1.6061662895219302,2.127830977461652,34.650875350738104,34.626864807137046,7.933703731881553,0.4303397501879769,0.08872261048655018,34.60753138898199,34.63507636031139
1410,18.2815179,-77.310791,0.612,0.864795982837677,0,12,Low Density Rural,71.0,110.0,Saint Ann,Rural,34.64603058204654,7.93809499227347,34.64603058204654,7.93809499227347,22.614576306743494,5.181449416198684,27.175054879500593,6.226345801515998,0.33772928601316676,0.06962922639555888,35.58621897476842,35.69019005154087,8.177332703395937,0.4435546664847302,0.09144711332575353,12.521163817943211,13.541802382187305,34.689898453288045,34.66586086950703,7.942638505713275,0.430824389956321,0.08882252806417182,34.60236411934242,34.82733274815072
1411,18.4275017,-77.8820801,0.195,6.922154903411865,1,21,Suburban / Peri-urban,2.0,9.0,Saint James,Urban,22.91662051591443,5.07397966218306,22.91662051591443,5.07397966218306,40.8016602264133,9.033914665923579,34.62642877450913,7.66665378317362,0.40337570502029124,0.08770123705110862,18.007609035150846,20.004245442748775,4.429149335668323,0.23303663977060338,0.05066641677164818,0.0,0.0,24.22620063197819,22.46315836074551,4.973578394408913,0.26168139948115754,0.05689431009884047,21.284331638733427,25.968163280787802
1412,18.2397857,-76.8054199,0.19,3.596585988998413,0,11,Very Low Density Rural,26.0,29.0,Saint Mary,Rural,34.64603058204654,7.93809499227347,34.64603058204654,7.93809499227347,34.48742164988434,7.901754529918194,38.821506970715134,8.894779716451426,0.4824704085902382,0.09947032342222697,32.76441901528606,32.860145732621724,7.528913237774228,0.4083831148005724,0.08419583830661337,0.0,0.0,34.65058665738557,34.62657631382807,7.933637632324032,0.43033616481750775,0.08872187129518465,34.6005449015946,34.68563941933072
1413,18.0518668,-76.8273926,1.392,31.214445114135742,1,30,Urban Centre,0.0,12.0,Saint Andrew,Kingston Metropolitan Area (KMA),34.567489297207274,6.3937660639451295,34.567489297207274,6.3937660639451295,24.429313291567993,4.5185611528266305,24.564308502395935,4.543530504530647,0.30514316689380344,0.04581462172724751,39.926356865894704,35.91521772453831,6.643048278455845,0.44614662265282745,0.06698507772530889,12.777009575924968,14.892789341296833,31.249034647847136,34.81060712360636,6.438734285229749,0.4324249102374356,0.064924880637625,32.14625485939371,38.1019237835408
1414,18.2189158,-77.442627,-0.1,1.1209050416946411,0,12,Low Density Rural,63.0,48.0,Saint Ann,Rural,34.64603058204654,7.93809499227347,34.64603058204654,7.93809499227347,46.08993828403021,10.560121957412468,38.821506970715134,8.894779716451426,0.4824704085902382,0.09947032342222697,33.932309140471126,34.03144804368564,7.7972819037856524,0.42293996095875974,0.08719700515453141,0.0,0.0,34.65074619627431,34.62673574216793,7.933674160528997,0.4303381461794455,0.08872227979010838,34.60755501469312,34.63432822689843
1415,18.4900283,-77.6184082,0.945,,1,21,Suburban / Peri-urban,32.0,71.0,,Unknown,,,,,,,,,,,,,,,,,,,,,,,,
1416,18.3232401,-77.376709,0.77,2.1375880241394043,0,12,Low Density Rural,66.0,51.0,Saint Ann,Rural,34.64603058204654,7.93809499227347,34.64603058204654,7.93809499227347,19.309451048822524,4.424179454301964,27.175054879500593,6.226345801515998,0.33772928601316676,0.06962922639555888,38.338498689694084,38.45051101090845,8.809777159990565,0.47785970214733064,0.09851973981561561,18.5540950515213,19.733931344924827,34.65883803861178,34.63482197744552,7.935526877930816,0.43043864122826664,0.08874299872919893,34.484265310314306,34.74775923031585
1417,18.1145288,-77.4865723,0.37,,0,12,Low Density Rural,49.0,36.0,Manchester,Rural,34.64603058204654,7.93809499227347,34.64603058204654,7.93809499227347,28.806315972528573,6.600100176724747,27.175054879500593,6.226345801515998,0.33772928601316676,0.06962922639555888,,,,,,,,,,,,,,
1418,18.2397857,-77.6184082,0.049,,0,11,Very Low Density Rural,69.0,165.0,Manchester,Rural,34.64603058204654,7.93809499227347,34.64603058204654,7.93809499227347,39.70966733311952,9.098274928072914,38.821506970715134,8.894779716451426,0.4824704085902382,0.09947032342222697,,,,,,,,,,,,,,
1419,18.093644,-77.2229004,-0.228,,0,11,Very Low Density Rural,45.0,35.0,Clarendon,Rural,34.64603058204654,7.93809499227347,34.64603058204654,7.93809499227347,52.383657750836726,12.002138319544297,50.467959061929676,11.563213631386853,0.6272115311673098,0.12931142044889507,,,,,,,,,,,,,,
1420,17.8637468,-77.2668457,0.379,0.5018380284309387,0,11,Very Low Density Rural,26.0,17.0,Clarendon,Rural,34.64603058204654,7.93809499227347,34.64603058204654,7.93809499227347,28.548222292466086,6.5409657790802695,27.175054879500593,6.226345801515998,0.33772928601316676,0.06962922639555888,34.2301833906755,34.3301925832163,7.865730222204162,0.426652732855023,0.08796246271366623,5.34246728699376,6.3094472501372945,34.61937094499398,34.59538223166128,7.926490447400486,0.4299484873999372,0.08864194432469559,34.345139394836856,34.66652105801688
1421,18.1562911,-76.5637207,-0.281,,0,11,Very Low Density Rural,104.0,99.0,Portland,Rural,34.64603058204654,7.93809499227347,34.64603058204654,7.93809499227347,55.23488165226858,12.65541044895052,50.467959061929676,11.563213631386853,0.6272115311673098,0.12931142044889507,,,,,,,,,,,,,,
1422,17.9264757,-76.8933105,0.339,,0,11,Very Low Density Rural,1.0,10.0,Saint Catherine,Rural,34.64603058204654,7.93809499227347,34.64603058204654,7.93809499227347,29.713297346038022,6.807907656490453,27.175054879500593,6.226345801515998,0.33772928601316676,0.06962922639555888,,,,,,,,,,,,,,
1423,18.1980434,-76.673584,0.005,4.879938125610352,0,12,Low Density Rural,26.0,30.0,Portland,Rural,34.64603058204654,7.93809499227347,34.64603058204654,7.93809499227347,41.495901681599946,9.507536759760121,38.821506970715134,8.894779716451426,0.4824704085902382,0.09947032342222697,32.70715839868099,32.80271781957054,7.515755360194897,0.4076694055492754,0.08404869375890238,0.0,0.0,34.65058665738557,34.62657631382807,7.933637632324032,0.43033616481750775,0.08872187129518465,34.56568187095191,34.648442980447825
1424,18.0100796,-76.7175293,0.467,,0,12,Low Density Rural,5.0,9.0,Saint Andrew,Rural,34.64603058204654,7.93809499227347,34.64603058204654,7.93809499227347,26.14334507544113,5.989960556467818,27.175054879500593,6.226345801515998,0.33772928601316676,0.06962922639555888,,,,,,,,,,,,,,
1425,17.9473804,-77.3986816,-0.047,,0,11,Very Low Density Rural,33.0,48.0,Manchester,Rural,34.64603058204654,7.93809499227347,34.64603058204654,7.93809499227347,43.710776245116925,10.015008593785428,38.821506970715134,8.894779716451426,0.4824704085902382,0.09947032342222697,,,,,,,,,,,,,,
1426,18.260653,-77.0031738,0.057,,0,11,Very Low Density Rural,27.0,55.0,Saint Mary,Rural,34.64603058204654,7.93809499227347,34.64603058204654,7.93809499227347,39.393257322017234,9.025779098610194,38.821506970715134,8.894779716451426,0.4824704085902382,0.09947032342222697,,,,,,,,,,,,,,
1427,17.9264757,-76.2780762,0.338,10.155501365661621,0,13,Rural Cluster,57.0,77.0,Saint Thomas,Rural,34.64603058204654,7.93809499227347,34.64603058204654,7.93809499227347,29.743025504986186,6.814718969235707,27.175054879500593,6.226345801515998,0.33772928601316676,0.06962922639555888,32.207443999864374,32.30154342175374,7.400926333298327,0.4014408524775968,0.08276456072719439,1.9252621794578828,3.069421365976433,34.689587827648005,34.66555045910803,7.942567384514326,0.43082053220210886,0.08882173271578915,34.34398795237406,35.85412607427301
1428,18.2815179,-77.3547363,0.036,,0,12,Low Density Rural,62.0,45.0,Saint Ann,Rural,34.64603058204654,7.93809499227347,34.64603058204654,7.93809499227347,40.229263063075535,9.217324648709827,38.821506970715134,8.894779716451426,0.4824704085902382,0.09947032342222697,,,,,,,,,,,,,,
1429,18.3440975,-76.8933105,0.359,0.0,1,21,Suburban / Peri-urban,44.0,49.0,Saint Mary,Urban,22.91662051591443,5.07397966218306,22.91662051591443,5.07397966218306,34.63008359663523,7.6674629990492305,34.62642877450913,7.66665378317362,0.40337570502029124,0.08770123705110862,21.004509706742155,23.333434591903856,5.166266661612722,0.27181955986125234,0.059098531115850214,0.0,0.0,22.835850674924455,21.173990003866283,4.688143025812893,0.24666341428168964,0.05362912614349461,20.975983601317463,21.31444690003495
1430,18.4483464,-78.0358887,0.74,11.245867729187012,0,12,Low Density Rural,17.0,20.0,Hanover,Rural,34.64603058204654,7.93809499227347,34.64603058204654,7.93809499227347,19.89751138141266,4.558915777709454,27.175054879500593,6.226345801515998,0.33772928601316676,0.06962922639555888,37.07613254633834,37.18445665422218,8.519698914953018,0.46212528557178,0.09527579474092542,16.57414207289668,18.0090979835082,34.80843125366731,34.784311535252094,7.969777910164116,0.4322964848222652,0.08912602802979983,34.030066324238724,35.35318234904294
1431,18.4691886,-77.7722168,-0.049,3.9531209468841553,0,12,Low Density Rural,20.0,148.0,Saint James,Rural,34.64603058204654,7.93809499227347,34.64603058204654,7.93809499227347,43.79828527746983,10.035058654350209,38.821506970715134,8.894779716451426,0.4824704085902382,0.09947032342222697,31.87872587229241,31.971864889321047,7.3253904215820755,0.39734363553117025,0.08191984261073429,0.0,0.0,34.650875350738104,34.626864807137046,7.933703731881553,0.4303397501879769,0.08872261048655018,34.59536180982123,34.66177526963987
1432,17.9891824,-77.4206543,0.189,1.1232500076293945,0,11,Very Low Density Rural,43.0,43.0,Manchester,Rural,34.64603058204654,7.93809499227347,34.64603058204654,7.93809499227347,34.52192632099439,7.909660236642666,38.821506970715134,8.894779716451426,0.4824704085902382,0.09947032342222697,33.14608326896298,33.242925082101564,7.616615603274828,0.41314026421475547,0.0851766138782786,0.0,0.0,34.65074619627431,34.62673574216793,7.933674160528997,0.4303381461794455,0.08872227979010838,34.60734054970843,34.63432822689843
1433,18.093644,-77.2009277,0.0,,0,12,Low Density Rural,56.0,40.0,Clarendon,Rural,34.64603058204654,7.93809499227347,34.64603058204654,7.93809499227347,41.70390075435862,9.55519348608994,38.821506970715134,8.894779716451426,0.4824704085902382,0.09947032342222697,,,,,,,,,,,,,,
1434,18.1562911,-77.6843262,-0.1,,0,11,Very Low Density Rural,60.0,113.0,Saint Elizabeth,Rural,34.64603058204654,7.93809499227347,34.64603058204654,7.93809499227347,46.08993828403021,10.560121957412468,38.821506970715134,8.894779716451426,0.4824704085902382,0.09947032342222697,,,,,,,,,,,,,,
1435,18.0100796,-77.1130371,-0.54,,0,11,Very Low Density Rural,36.0,171.0,Saint Catherine,Rural,34.64603058204654,7.93809499227347,34.64603058204654,7.93809499227347,71.56417987435569,16.3967775916344,50.467959061929676,11.563213631386853,0.6272115311673098,0.12931142044889507,,,,,,,,,,,,,,
1436,18.4691886,-78.1237793,-0.659,,0,10,Water,,,,Unknown,,,,,,,,,,,,,,,,,,,,,,,,
1437,18.093644,-76.6955566,-0.186,,0,12,Low Density Rural,12.0,17.0,Portland,Rural,34.64603058204654,7.93809499227347,34.64603058204654,7.93809499227347,50.22910641312895,11.508487736862051,50.467959061929676,11.563213631386853,0.6272115311673098,0.12931142044889507,,,,,,,,,,,,,,
1438,18.4066544,-77.947998,0.681,,0,12,Low Density Rural,9.0,10.0,Saint James,Rural,34.64603058204654,7.93809499227347,34.64603058204654,7.93809499227347,21.10678742574807,4.835984981613856,27.175054879500593,6.226345801515998,0.33772928601316676,0.06962922639555888,,,,,,,,,,,,,,
1439,18.2815179,-76.9592285,-0.248,,0,11,Very Low Density Rural,37.0,103.0,Saint Mary,Rural,34.64603058204654,7.93809499227347,34.64603058204654,7.93809499227347,53.44187783290659,12.24459759678557,50.467959061929676,11.563213631386853,0.6272115311673098,0.12931142044889507,,,,,,,,,,,,,,
1440,18.1980434,-77.7282715,-0.718,,0,11,Very Low Density Rural,57.0,163.0,Saint Elizabeth,Rural,34.64603058204654,7.93809499227347,34.64603058204654,7.93809499227347,85.50669420728211,19.591285053140155,50.467959061929676,11.563213631386853,0.6272115311673098,0.12931142044889507,,,,,,,,,,,,,,
1441,18.4066544,-77.4645996,0.447,,0,12,Low Density Rural,56.0,61.0,Trelawny,Rural,34.64603058204654,7.93809499227347,34.64603058204654,7.93809499227347,26.67147567874693,6.11096578641588,27.175054879500593,6.226345801515998,0.33772928601316676,0.06962922639555888,,,,,,,,,,,,,,
1442,18.3023803,-77.2009277,-0.107,3.0870420932769775,0,12,Low Density Rural,35.0,44.0,Saint Ann,Rural,34.64603058204654,7.93809499227347,34.64603058204654,7.93809499227347,46.4136996949319,10.634302138847218,38.821506970715134,8.894779716451426,0.4824704085902382,0.09947032342222697,33.7476440723741,33.846243445778335,7.75484784520822,0.42063825386396464,0.08672246506861922,0.0,0.0,34.65074619627431,34.62673574216793,7.933674160528997,0.4303381461794455,0.08872227979010838,34.60630938242179,34.63512114144663
1443,18.4483464,-77.9919434,0.912,1.0209859609603882,1,21,Suburban / Peri-urban,9.0,41.0,Hanover,Urban,22.91662051591443,5.07397966218306,22.91662051591443,5.07397966218306,19.919970523394426,4.41048998637469,18.645000109351066,4.128198190939641,0.2172023027032337,0.04722374302752002,24.8003009096525,27.550093156859706,6.099879005810597,0.32094092991489936,0.06977841308626641,4.723633503728955,6.377529113230407,23.522654492115624,21.810812225505334,4.829142131626897,0.25408198505891477,0.055242058767389544,20.75539362678597,22.24448124459491
1444,18.0309744,-77.6184082,-0.141,7.097348213195801,0,12,Low Density Rural,69.0,71.0,Saint Elizabeth,Rural,34.64603058204654,7.93809499227347,34.64603058204654,7.93809499227347,48.01889924567808,11.00208529614723,50.467959061929676,11.563213631386853,0.6272115311673098,0.12931142044889507,33.60215062617587,33.7003249161995,7.721415006598136,0.4188247907070632,0.0863485856274772,0.0,0.0,34.59753179356254,34.57355821317792,7.921490130512126,0.42967726034214443,0.08858602577989128,34.44607709654551,34.697310428393266
1445,17.9682826,-76.7175293,0.836,,0,11,Very Low Density Rural,0.0,11.0,Saint Andrew,Rural,34.64603058204654,7.93809499227347,34.64603058204654,7.93809499227347,18.076173099330934,4.141610936336919,27.175054879500593,6.226345801515998,0.33772928601316676,0.06962922639555888,,,,,,,,,,,,,,
1446,17.9682826,-76.5856934,-0.448,,0,11,Very Low Density Rural,29.0,67.0,Saint Thomas,Rural,34.64603058204654,7.93809499227347,34.64603058204654,7.93809499227347,65.27405698637094,14.95558527727528,50.467959061929676,11.563213631386853,0.6272115311673098,0.12931142044889507,,,,,,,,,,,,,,
1447,18.3232401,-76.8054199,0.313,7.601317882537842,0,12,Low Density Rural,44.0,108.0,Saint Mary,Rural,34.64603058204654,7.93809499227347,34.64603058204654,7.93809499227347,30.495973780406075,6.987234401282021,27.175054879500593,6.226345801515998,0.33772928601316676,0.06962922639555888,32.1929021277029,32.28695906308624,7.397584766528366,0.40125959930031435,0.08272719198530973,1.1364413718501694,2.17093786087925,34.59766094802633,34.573687278147034,7.921519701864682,0.4296788643506758,0.08858635647633308,34.25237759451776,34.63354037810793
1448,18.1980434,-76.8273926,0.718,1.615530014038086,0,12,Low Density Rural,19.0,45.0,Saint Mary,Rural,34.64603058204654,7.93809499227347,34.64603058204654,7.93809499227347,20.340107336078898,4.660323317687704,27.175054879500593,6.226345801515998,0.33772928601316676,0.06962922639555888,37.152469161979816,37.26101630002404,8.53724025318831,0.463076762381256,0.09547195953006528,16.376412536282665,17.294022384160957,34.63759719777075,34.61359585496672,7.930663550914023,0.43017484477150214,0.0886886121421569,34.48417116030961,34.744740703511546
1449,17.9473804,-77.5305176,-0.235,,0,11,Very Low Density Rural,66.0,68.0,Manchester,Rural,34.64603058204654,7.93809499227347,34.64603058204654,7.93809499227347,52.75162975455448,12.086448027494574,50.467959061929676,11.563213631386853,0.6272115311673098,0.12931142044889507,,,,,,,,,,,,,,
1450,18.3858046,-77.7282715,-0.125,1.4564590454101562,0,13,Rural Cluster,30.0,46.0,Trelawny,Rural,34.64603058204654,7.93809499227347,34.64603058204654,7.93809499227347,47.25671062665392,10.827452717517032,38.821506970715134,8.894779716451426,0.4824704085902382,0.09947032342222697,33.74794900330146,33.846549267612275,7.7549179150756125,0.4206420545918779,0.08672324865996087,0.0,0.0,34.65074619627431,34.62673574216793,7.933674160528997,0.4303381461794455,0.08872227979010838,34.60755501469312,34.63512114144663
1451,17.9473804,-77.0031738,0.861,,0,11,Very Low Density Rural,6.0,65.0,Saint Catherine,Rural,34.64603058204654,7.93809499227347,34.64603058204654,7.93809499227347,17.62987079531737,4.039354197974341,27.175054879500593,6.226345801515998,0.33772928601316676,0.06962922639555888,,,,,,,,,,,,,,
1452,18.2189158,-78.2775879,0.31,,0,12,Low Density Rural,,,,Unknown,,,,,,,,,,,,,,,,,,,,,,,,
1453,18.4066544,-78.1896973,0.605,,0,12,Low Density Rural,37.0,44.0,Hanover,Rural,34.64603058204654,7.93809499227347,34.64603058204654,7.93809499227347,22.773433693075727,5.21784680434805,27.175054879500593,6.226345801515998,0.33772928601316676,0.06962922639555888,,,,,,,,,,,,,,
1454,18.5108654,-77.8161621,0.744,0.0,0,12,Low Density Rural,6.0,22.0,Saint James,Rural,34.64603058204654,7.93809499227347,34.64603058204654,7.93809499227347,19.818080303950012,4.540716537344992,27.175054879500593,6.226345801515998,0.33772928601316676,0.06962922639555888,36.926388946852356,37.03427555382357,8.485289436551584,0.4602588475448763,0.09489099353679327,16.538889545131696,17.87034010952899,34.55894184109543,34.534995000749184,7.91265453121478,0.42919799999629843,0.08848721727110824,34.32116669219014,34.95543710684974
1455,17.9891824,-77.0031738,0.761,,0,11,Very Low Density Rural,0.0,7.0,Saint Catherine,Rural,34.64603058204654,7.93809499227347,34.64603058204654,7.93809499227347,19.484020492415944,4.464176787408024,27.175054879500593,6.226345801515998,0.33772928601316676,0.06962922639555888,,,,,,,,,,,,,,
1456,18.0100796,-77.5524902,0.679,2.08882999420166,0,12,Low Density Rural,58.0,43.0,Manchester,Rural,34.64603058204654,7.93809499227347,34.64603058204654,7.93809499227347,21.149043242330876,4.845666629998251,27.175054879500593,6.226345801515998,0.33772928601316676,0.06962922639555888,37.0288056908003,37.13699152537856,8.508823709474893,0.4615353929608557,0.0951541773157978,15.475451266173708,16.478748261577824,34.64794821747249,34.6239397021625,7.933033532128212,0.43030339723049627,0.08871511564256894,34.556407490482,34.69899568981997
1457,18.260653,-78.0578613,0.006,,0,12,Low Density Rural,37.0,41.0,Westmoreland,Rural,34.64603058204654,7.93809499227347,34.64603058204654,7.93809499227347,41.45442652095493,9.498033975184548,38.821506970715134,8.894779716451426,0.4824704085902382,0.09947032342222697,,,,,,,,,,,,,,
1458,18.4691886,-77.5085449,0.284,,0,11,Very Low Density Rural,46.0,88.0,Trelawny,Rural,34.64603058204654,7.93809499227347,34.64603058204654,7.93809499227347,31.393305442018747,7.192830940042427,27.175054879500593,6.226345801515998,0.33772928601316676,0.06962922639555888,,,,,,,,,,,,,,
1459,17.9264757,-77.1350098,0.715,1.284567952156067,0,12,Low Density Rural,1.0,14.0,Saint Catherine,Rural,34.64603058204654,7.93809499227347,34.64603058204654,7.93809499227347,20.401219280169318,4.674325280082889,27.175054879500593,6.226345801515998,0.33772928601316676,0.06962922639555888,34.461900683124334,34.56258687640016,7.918976378948932,0.4295409094956422,0.08855791449563637,13.15267852657849,14.8110480503721,34.52280669328834,34.498884891978854,7.904380986777377,0.4287492266154557,0.08839469422194104,33.88449019785849,35.44117453843627
1460,18.3440975,-76.9592285,-0.117,1.3231149911880493,0,12,Low Density Rural,45.0,190.0,Saint Mary,Rural,34.64603058204654,7.93809499227347,34.64603058204654,7.93809499227347,46.88016513186036,10.741178652166157,38.821506970715134,8.894779716451426,0.4824704085902382,0.09947032342222697,32.955692527918195,33.05197808273757,7.572865846261496,0.4107671910398341,0.08468736033648362,0.0,0.0,34.650875350738104,34.626864807137046,7.933703731881553,0.4303397501879769,0.08872261048655018,34.60753138898199,34.63507636031139
1461,18.3232401,-77.442627,0.354,,0,11,Very Low Density Rural,81.0,147.0,Saint Ann,Rural,34.64603058204654,7.93809499227347,34.64603058204654,7.93809499227347,29.27092398055805,6.70655111612385,27.175054879500593,6.226345801515998,0.33772928601316676,0.06962922639555888,,,,,,,,,,,,,,
1462,17.9473804,-76.2341309,-0.16,,0,10,Water,75.0,81.0,,Unknown,,,,,,,,,,,,,,,,,,,,,,,,
1463,18.3858046,-77.1350098,-0.438,,0,11,Very Low Density Rural,29.0,88.0,Saint Ann,Rural,34.64603058204654,7.93809499227347,34.64603058204654,7.93809499227347,64.62456926749027,14.806774717387897,50.467959061929676,11.563213631386853,0.6272115311673098,0.12931142044889507,,,,,,,,,,,,,,
1464,17.9891824,-77.1350098,-0.007,,0,11,Very Low Density Rural,30.0,85.0,Saint Catherine,Rural,34.64603058204654,7.93809499227347,34.64603058204654,7.93809499227347,41.99685219345858,9.622314489928797,38.821506970715134,8.894779716451426,0.4824704085902382,0.09947032342222697,,,,,,,,,,,,,,
1465,18.1562911,-77.0031738,0.022,,0,11,Very Low Density Rural,10.0,41.0,Saint Catherine,Rural,34.64603058204654,7.93809499227347,34.64603058204654,7.93809499227347,40.796433676496115,9.347274721792415,38.821506970715134,8.894779716451426,0.4824704085902382,0.09947032342222697,,,,,,,,,,,,,,
1466,17.9473804,-77.2009277,0.392,2.7716689109802246,1,21,Suburban / Peri-urban,6.0,5.0,Clarendon,Urban,22.91662051591443,5.07397966218306,22.91662051591443,5.07397966218306,33.50594120153622,7.418566105802292,34.62642877450913,7.66665378317362,0.40337570502029124,0.08770123705110862,19.474670025873948,21.633970304090496,4.789987479131032,0.25202189000284114,0.054794156519901834,0.0,0.0,22.66928849495914,21.019549252618926,4.653948226876587,0.2448642785023705,0.05323796120345128,19.746691852890347,21.69860017335208
1467,17.9055685,-77.5744629,0.182,1.7039910554885864,1,21,Suburban / Peri-urban,70.0,49.0,Saint Elizabeth,Urban,22.91662051591443,5.07397966218306,22.91662051591443,5.07397966218306,41.33554453853591,9.152122241067023,34.62642877450913,7.66665378317362,0.40337570502029124,0.08770123705110862,20.866234654964956,23.179827965451647,5.13225654663727,0.2700301411012512,0.05870947883307412,0.0,0.0,22.86833566856832,21.204110928218192,4.69481211375549,0.24701430374752037,0.05370541591463988,21.14534175413933,21.38352417051804
1468,18.1354112,-77.5524902,0.544,2.734025001525879,0,12,Low Density Rural,59.0,47.0,Manchester,Rural,34.64603058204654,7.93809499227347,34.64603058204654,7.93809499227347,24.205857944684283,5.54604370273667,27.175054879500593,6.226345801515998,0.33772928601316676,0.06962922639555888,35.100221726376205,35.202772881092315,8.065655731030429,0.43749708707243157,0.09019822972052313,10.639769296756057,11.307906598229199,34.65074619627431,34.62673574216793,7.933674160528997,0.4303381461794455,0.08872227979010838,34.59906925097852,34.63756823504658
1469,18.3649523,-78.1018066,-0.181,,0,11,Very Low Density Rural,42.0,67.0,Hanover,Rural,34.64603058204654,7.93809499227347,34.64603058204654,7.93809499227347,49.97858769976049,11.45108891481369,50.467959061929676,11.563213631386853,0.6272115311673098,0.12931142044889507,,,,,,,,,,,,,,
1470,18.1980434,-76.5637207,0.769,7.712812900543213,0,13,Rural Cluster,46.0,90.0,Portland,Rural,34.64603058204654,7.93809499227347,34.64603058204654,7.93809499227347,19.328770157815917,4.42860584658354,27.175054879500593,6.226345801515998,0.33772928601316676,0.06962922639555888,37.33816000732754,37.44724967216145,8.579910024412383,0.4653912549952613,0.09594913559055397,17.240586951135032,18.702780799212906,34.552956419908334,34.52901372702488,7.911284102389294,0.4291236652318126,0.0884718917652673,34.148378781101016,34.73505873834632
1471,18.5108654,-77.7941895,0.869,6.811340808868408,1,21,Suburban / Peri-urban,7.0,26.0,Saint James,Urban,22.91662051591443,5.07397966218306,22.91662051591443,5.07397966218306,20.795212093678632,4.6042776316357,18.645000109351066,4.128198190939641,0.2172023027032337,0.04722374302752002,23.483898982251077,26.08773204019828,5.776096947301814,0.30390536005382796,0.06607456941870742,2.3433563051246735,4.052330156971089,23.076835981092295,21.397437798148786,4.737616706409112,0.249266437889492,0.05419507096276929,21.068990040455418,23.269881765318743
1472,17.8637468,-77.2229004,0.207,,0,11,Very Low Density Rural,20.0,19.0,Clarendon,Rural,34.64603058204654,7.93809499227347,34.64603058204654,7.93809499227347,33.90609079442505,7.768560063624363,38.821506970715134,8.894779716451426,0.4824704085902382,0.09947032342222697,,,,,,,,,,,,,,
1473,18.4275017,-77.947998,0.834,18.573442459106445,0,12,Low Density Rural,4.0,7.0,Saint James,Rural,34.64603058204654,7.93809499227347,34.64603058204654,7.93809499227347,18.112361621989415,4.149902446956376,27.175054879500593,6.226345801515998,0.33772928601316676,0.06962922639555888,37.08045163791191,37.18878836474247,8.520691396025494,0.4621791197041386,0.0952868936569657,18.11966198504288,20.23995061962479,36.12366048504182,36.09862940815483,8.270914287113202,0.4486307162995538,0.09249363619596061,33.76977426579085,37.33899899856504
1474,17.9682826,-77.0031738,0.722,,0,11,Very Low Density Rural,1.0,8.0,Saint Catherine,Rural,34.64603058204654,7.93809499227347,34.64603058204654,7.93809499227347,20.25890941084891,4.641719257343049,27.175054879500593,6.226345801515998,0.33772928601316676,0.06962922639555888,,,,,,,,,,,,,,
1475,18.0100796,-77.7282715,-0.07,,0,11,Very Low Density Rural,75.0,150.0,Saint Elizabeth,Rural,34.64603058204654,7.93809499227347,34.64603058204654,7.93809499227347,44.72777474926352,10.24802318729846,38.821506970715134,8.894779716451426,0.4824704085902382,0.09947032342222697,,,,,,,,,,,,,,
1476,18.1562911,-77.9919434,-0.481,0.17560799419879913,0,11,Very Low Density Rural,94.0,231.0,Westmoreland,Rural,34.64603058204654,7.93809499227347,34.64603058204654,7.93809499227347,67.46403679673139,15.457353227997194,50.467959061929676,11.563213631386853,0.6272115311673098,0.12931142044889507,40.27195420150809,40.389615435623185,9.254064567948344,0.501958728102119,0.1034882059913709,0.0,0.0,34.65009029081241,34.62608029120094,7.9335239836703115,0.430330000290207,0.08872060036226642,34.606686275806965,34.63432822689843
1477,18.3649523,-76.9372559,-0.009,,0,11,Very Low Density Rural,45.0,86.0,Saint Mary,Rural,34.64603058204654,7.93809499227347,34.64603058204654,7.93809499227347,42.0809299475737,9.641578376373806,38.821506970715134,8.894779716451426,0.4824704085902382,0.09947032342222697,,,,,,,,,,,,,,
1478,18.4066544,-77.1130371,1.192,22.26160430908203,1,23,Dense Urban Cluster,32.0,87.0,Saint Ann,Urban,22.91662051591443,5.07397966218306,22.91662051591443,5.07397966218306,15.055189851858804,3.3333766235552744,18.645000109351066,4.128198190939641,0.2172023027032337,0.04722374302752002,29.19753245438465,32.43487818954866,7.181421543585216,0.37784554515157154,0.08215051454915066,14.640804629547212,16.757518810024987,23.978456338409256,22.23344345893527,4.922717110605043,0.2590053680869069,0.056312492054911456,20.68162818604244,23.293564214930853
1479,17.9264757,-77.5305176,0.071,0.9469720125198364,0,12,Low Density Rural,66.0,60.0,Manchester,Rural,34.64603058204654,7.93809499227347,34.64603058204654,7.93809499227347,38.845594305756194,8.900298604198579,38.821506970715134,8.894779716451426,0.4824704085902382,0.09947032342222697,32.75425399048925,32.8499510090088,7.526577423740129,0.40825641563686643,0.08416971689778338,0.0,0.0,34.65074619627431,34.62673574216793,7.933674160528997,0.4303381461794455,0.08872227979010838,34.60753138898199,34.634571860473315
1480,17.9055685,-76.2341309,-0.305,,0,11,Very Low Density Rural,71.0,112.0,Saint Thomas,Rural,34.64603058204654,7.93809499227347,34.64603058204654,7.93809499227347,56.57655448625304,12.962814391791818,50.467959061929676,11.563213631386853,0.6272115311673098,0.12931142044889507,,,,,,,,,,,,,,
1481,18.1771685,-76.4318848,0.743,2.195892095565796,1,21,Suburban / Peri-urban,65.0,173.0,Portland,Urban,22.91662051591443,5.07397966218306,22.91662051591443,5.07397966218306,23.587638263523182,5.222550015388773,26.635714441930098,5.89742598705663,0.31028900386176245,0.06746249003931432,22.364326482272297,24.844024281061017,5.500727030905137,0.2894169616848191,0.0629245273015516,0.0,0.0,22.884879914196297,21.21945117967346,4.698208606001925,0.24719300784623796,0.05374426944579849,20.960414222765394,21.556508558189194
1482,18.1354112,-76.4099121,-0.243,,0,11,Very Low Density Rural,103.0,247.0,Portland,Rural,34.64603058204654,7.93809499227347,34.64603058204654,7.93809499227347,53.17533535523284,12.183527411494369,50.467959061929676,11.563213631386853,0.6272115311673098,0.12931142044889507,,,,,,,,,,,,,,
1483,18.4066544,-77.3986816,-0.125,1.4741679430007935,0,12,Low Density Rural,61.0,64.0,Saint Ann,Rural,34.64603058204654,7.93809499227347,34.64603058204654,7.93809499227347,47.25671062665392,10.827452717517032,38.821506970715134,8.894779716451426,0.4824704085902382,0.09947032342222697,33.99778531518901,34.09711551797355,7.812327628794916,0.42375607078094346,0.08736526150044467,0.0,0.0,34.65074619627431,34.62673574216793,7.933674160528997,0.4303381461794455,0.08872227979010838,34.60753138898199,34.635073643365224
1484,18.1354112,-78.013916,0.15,,0,11,Very Low Density Rural,59.0,190.0,Westmoreland,Rural,34.64603058204654,7.93809499227347,34.64603058204654,7.93809499227347,35.89488002731545,8.224231249762367,38.821506970715134,8.894779716451426,0.4824704085902382,0.09947032342222697,,,,,,,,,,,,,,
1485,18.1980434,-76.9812012,0.522,,0,12,Low Density Rural,21.0,97.0,Saint Catherine,Rural,34.64603058204654,7.93809499227347,34.64603058204654,7.93809499227347,24.74428783172788,5.669408703523975,27.175054879500593,6.226345801515998,0.33772928601316676,0.06962922639555888,,,,,,,,,,,,,,
1486,18.2815179,-77.3327637,-0.237,1.0989359617233276,0,12,Low Density Rural,88.0,128.0,Saint Ann,Rural,34.64603058204654,7.93809499227347,34.64603058204654,7.93809499227347,52.85723858769378,12.110645112568942,50.467959061929676,11.563213631386853,0.6272115311673098,0.12931142044889507,34.826846635197775,34.92859907896871,8.002837057459848,0.43408967822467354,0.08949572848089558,0.0,0.0,34.650875350738104,34.626864807137046,7.933703731881553,0.4303397501879769,0.08872261048655018,34.60723214781113,34.63452707933807
1487,18.4691886,-77.4645996,0.951,0.4744040071964264,0,11,Very Low Density Rural,54.0,95.0,Trelawny,Rural,34.64603058204654,7.93809499227347,34.64603058204654,7.93809499227347,16.112488712143012,3.6916917698850016,27.175054879500593,6.226345801515998,0.33772928601316676,0.06962922639555888,41.891040836364134,42.01343250224927,9.62611336858735,0.5221393894093134,0.10764882780643006,25.13478976827243,26.656246759117497,35.371449587941626,35.34693973865305,8.098687226726438,0.4392887805974915,0.09056762094377342,34.53901446428332,36.05954453528368
1488,18.4066544,-77.9919434,-0.188,,0,11,Very Low Density Rural,26.0,84.0,Hanover,Rural,34.64603058204654,7.93809499227347,34.64603058204654,7.93809499227347,50.32966515117367,11.531527744663572,50.467959061929676,11.563213631386853,0.6272115311673098,0.12931142044889507,,,,,,,,,,,,,,
1489,18.0727566,-76.9152832,-0.323,,0,11,Very Low Density Rural,10.0,125.0,Saint Catherine,Rural,34.64603058204654,7.93809499227347,34.64603058204654,7.93809499227347,57.604153109602734,13.198257683535212,50.467959061929676,11.563213631386853,0.6272115311673098,0.12931142044889507,,,,,,,,,,,,,,
1490,18.4691886,-78.013916,0.007,,0,10,Water,,,,Unknown,,,,,,,,,,,,,,,,,,,,,,,,
1491,18.3440975,-77.7941895,0.257,7.210450172424316,0,12,Low Density Rural,24.0,24.0,Saint James,Rural,34.64603058204654,7.93809499227347,34.64603058204654,7.93809499227347,32.25247123344989,7.389682918520632,27.175054879500593,6.226345801515998,0.33772928601316676,0.06962922639555888,32.435617541452515,32.530383610417445,7.453358173978038,0.40428485900752703,0.08335090601243932,0.0,0.7763621000048574,34.59737225467379,34.573398784838055,7.921453602307161,0.42967527898020674,0.08858561728496754,34.41209681411472,34.696485225838906
1492,18.3649523,-78.013916,-0.347,,0,11,Very Low Density Rural,43.0,53.0,Hanover,Rural,34.64603058204654,7.93809499227347,34.64603058204654,7.93809499227347,59.00337630045502,13.51884755827062,50.467959061929676,11.563213631386853,0.6272115311673098,0.12931142044889507,,,,,,,,,,,,,,
1493,18.3023803,-77.9040527,0.119,,0,12,Low Density Rural,22.0,22.0,Saint James,Rural,34.64603058204654,7.93809499227347,34.64603058204654,7.93809499227347,37.02504841192176,8.483175314740421,38.821506970715134,8.894779716451426,0.4824704085902382,0.09947032342222697,,,,,,,,,,,,,,
1494,18.3440975,-77.1130371,0.185,0.4001710116863251,0,11,Very Low Density Rural,25.0,139.0,Saint Ann,Rural,34.64603058204654,7.93809499227347,34.64603058204654,7.93809499227347,34.660290570291345,7.941362239325276,38.821506970715134,8.894779716451426,0.4824704085902382,0.09947032342222697,32.19038316762003,32.284432743441165,7.397005936429028,0.4012282024132149,0.08272071892818825,0.0,0.0,34.650438441088326,34.626428200233974,7.9336036965524634,0.4303343240742745,0.08872149179144413,34.60753138898199,34.63432822689843
1495,18.1980434,-76.5856934,0.523,,0,11,Very Low Density Rural,73.0,116.0,Portland,Rural,34.64603058204654,7.93809499227347,34.64603058204654,7.93809499227347,24.719555911917055,5.663742128580138,27.175054879500593,6.226345801515998,0.33772928601316676,0.06962922639555888,,,,,,,,,,,,,,
1496,18.4066544,-77.0471191,0.748,1.813891053199768,0,12,Low Density Rural,40.0,60.0,Saint Mary,Rural,34.64603058204654,7.93809499227347,34.64603058204654,7.93809499227347,19.738966316195008,4.522589948541997,27.175054879500593,6.226345801515998,0.33772928601316676,0.06962922639555888,37.95063368515848,38.06151279404162,8.720649928228724,0.4730252651746961,0.09752302996425406,17.7123820140295,18.719423569802448,34.63759719777075,34.61359585496672,7.930663550914023,0.43017484477150214,0.0886886121421569,34.466300277121405,34.74777650379541
1497,18.2189158,-77.7282715,-0.527,1.3826940059661865,0,12,Low Density Rural,61.0,251.0,Saint Elizabeth,Rural,34.64603058204654,7.93809499227347,34.64603058204654,7.93809499227347,70.63986658971466,16.184999026158476,50.467959061929676,11.563213631386853,0.6272115311673098,0.12931142044889507,41.44479409246552,41.565881974026105,9.523570637221216,0.5165772692582463,0.1065020924201987,0.0,0.0,34.650875350738104,34.626864807137046,7.933703731881553,0.4303397501879769,0.08872261048655018,34.60723214781113,34.63502886222999
1498,18.3649523,-77.310791,-0.25,,0,11,Very Low Density Rural,79.0,241.0,Saint Ann,Rural,34.64603058204654,7.93809499227347,34.64603058204654,7.93809499227347,53.54886854361954,12.269111297508628,50.467959061929676,11.563213631386853,0.6272115311673098,0.12931142044889507,,,,,,,,,,,,,,
1499,18.4691886,-77.5744629,0.345,1.2753900289535522,1,21,Suburban / Peri-urban,38.0,73.0,Trelawny,Urban,22.91662051591443,5.07397966218306,22.91662051591443,5.07397966218306,35.118314408258954,7.775562411303736,34.62642877450913,7.66665378317362,0.40337570502029124,0.08770123705110862,20.422045334877176,22.686388099851563,5.023003795306572,0.26428188288589405,0.05745970263162773,0.0,0.0,22.835850674924455,21.173990003866283,4.688143025812893,0.24666341428168964,0.05362912614349461,20.852408276988484,21.30852722811154
1500,18.093644,-77.8381348,0.255,,0,11,Very Low Density Rural,55.0,82.0,Saint Elizabeth,Rural,34.64603058204654,7.93809499227347,34.64603058204654,7.93809499227347,32.31704072388406,7.40447707358135,27.175054879500593,6.226345801515998,0.33772928601316676,0.06962922639555888,,,,,,,,,,,,,,
1501,18.4900283,-77.7282715,0.06,0.0,0,11,Very Low Density Rural,22.0,105.0,Trelawny,Rural,34.64603058204654,7.93809499227347,34.64603058204654,7.93809499227347,39.27525464257234,8.998742336734745,38.821506970715134,8.894779716451426,0.4824704085902382,0.09947032342222697,32.58083389159213,32.67602423435528,7.486727338876012,0.4060948683766026,0.08372407339044555,0.0,0.0,34.650438441088326,34.626428200233974,7.9336036965524634,0.4303343240742745,0.08872149179144413,34.60880027677939,34.643056022451304
1502,18.2815179,-78.079834,0.535,0.0,0,12,Low Density Rural,44.0,46.0,Westmoreland,Rural,34.64603058204654,7.93809499227347,34.64603058204654,7.93809499227347,24.424693951074143,5.596183386194452,27.175054879500593,6.226345801515998,0.33772928601316676,0.06962922639555888,35.493666444042645,35.59736711315294,8.156065121222552,0.4424010708490855,0.09120927794987765,10.659758971717064,11.74514363147393,34.650309286624534,34.62629913526486,7.9335741251999075,0.4303327200657431,0.08872116109500233,34.60202423883018,34.63572016089688
1503,18.0100796,-77.5744629,1.019,0.0,0,12,Low Density Rural,63.0,47.0,Manchester,Rural,34.64603058204654,7.93809499227347,34.64603058204654,7.93809499227347,15.05326133471424,3.449001701233863,27.175054879500593,6.226345801515998,0.33772928601316676,0.06962922639555888,43.536548063356896,43.66374735318063,10.004233338863001,0.5426493629410473,0.11187734351280072,27.801016182769008,29.53697766273059,33.88182551658474,33.858347868744254,7.757621209363244,0.42078868660987845,0.08675347960054267,33.729706065086496,35.18040612508105
1504,18.0518668,-76.8054199,0.963,25.43241310119629,1,30,Urban Centre,0.0,9.0,Saint Andrew,Kingston Metropolitan Area (KMA),34.567489297207274,6.3937660639451295,34.567489297207274,6.3937660639451295,37.51661027774371,6.939249407606591,35.09186928913705,6.49075786361521,0.4359188098482907,0.06544945961035359,37.7340757853215,33.94318074188464,6.27829100528141,0.42164955162557066,0.06330705322958134,0.0,1.1783053629549116,32.56968612361704,36.28177831939894,6.710849057148464,0.4507001178494596,0.06766874586080786,31.18077842700173,38.42047546413513
1505,18.0727566,-77.376709,-0.221,,0,11,Very Low Density Rural,66.0,103.0,Clarendon,Rural,34.64603058204654,7.93809499227347,34.64603058204654,7.93809499227347,52.018252556829886,11.918416718773111,50.467959061929676,11.563213631386853,0.6272115311673098,0.12931142044889507,,,,,,,,,,,,,,
1506,18.1145288,-77.244873,-0.653,1.5556789636611938,0,12,Low Density Rural,40.0,19.0,Clarendon,Rural,34.64603058204654,7.93809499227347,34.64603058204654,7.93809499227347,80.12554104260516,18.358355789049682,50.467959061929676,11.563213631386853,0.6272115311673098,0.12931142044889507,48.278276269971954,48.41932930997223,11.093831791625307,0.6017513336993798,0.12406232323705003,0.0,0.0,34.72457401328654,34.70051240185725,7.950577861270113,0.43125503627265027,0.08891131387901803,34.556300633737735,34.974590227110035
1507,17.9264757,-76.4758301,-0.213,11.274703025817871,0,13,Rural Cluster,50.0,52.0,Saint Thomas,Rural,34.64603058204654,7.93809499227347,34.64603058204654,7.93809499227347,51.60376669042977,11.823449759350526,50.467959061929676,11.563213631386853,0.6272115311673098,0.12931142044889507,34.38382668917011,34.484284776244905,7.901035809749959,0.4285677776106827,0.08835728510654649,0.0,0.0,34.77007943886908,34.7459862954801,7.960996835137605,0.4318201819804908,0.08902782926594889,33.912977959151625,35.26067216109531
1508,18.0727566,-77.7941895,-0.287,,0,11,Very Low Density Rural,65.0,160.0,Saint Elizabeth,Rural,34.64603058204654,7.93809499227347,34.64603058204654,7.93809499227347,55.56728716149393,12.73157116531129,50.467959061929676,11.563213631386853,0.6272115311673098,0.12931142044889507,,,,,,,,,,,,,,
1509,18.3023803,-78.1896973,0.272,6.836747169494629,0,13,Rural Cluster,53.0,55.0,Westmoreland,Rural,34.64603058204654,7.93809499227347,34.64603058204654,7.93809499227347,31.772294493775807,7.279664872915481,27.175054879500593,6.226345801515998,0.33772928601316676,0.06962922639555888,32.21885593450339,32.312988698264036,7.4035486738846865,0.4015830934070516,0.082793886362518,0.06354708305812964,0.9512294301916581,34.59753179356254,34.57355821317792,7.921490130512126,0.42967726034214443,0.08858602577989128,34.43441683161874,34.689598169229605
1510,18.3858046,-77.9919434,-0.008,,0,11,Very Low Density Rural,28.0,54.0,Hanover,Rural,34.64603058204654,7.93809499227347,34.64603058204654,7.93809499227347,42.038870051079364,9.631941617180091,38.821506970715134,8.894779716451426,0.4824704085902382,0.09947032342222697,,,,,,,,,,,,,,
1511,18.1354112,-77.5305176,0.317,,0,12,Low Density Rural,59.0,75.0,Manchester,Rural,34.64603058204654,7.93809499227347,34.64603058204654,7.93809499227347,30.374233528109333,6.9593412870960725,27.175054879500593,6.226345801515998,0.33772928601316676,0.06962922639555888,,,,,,,,,,,,,,
1512,18.4900283,-77.5964355,0.232,,0,11,Very Low Density Rural,35.0,77.0,,Unknown,,,,,,,,,,,,,,,,,,,,,,,,
1513,17.8846589,-76.3659668,0.179,0.9036530256271362,1,21,Suburban / Peri-urban,45.0,67.0,Saint Thomas,Urban,22.91662051591443,5.07397966218306,22.91662051591443,5.07397966218306,41.45973736825149,9.179619833555765,34.62642877450913,7.66665378317362,0.40337570502029124,0.08770123705110862,20.921778483615164,23.241530347982266,5.145918099999869,0.27074893431601793,0.058865757590903164,0.0,0.0,22.86491995978458,21.20094379489469,4.694110877285667,0.2469774086739458,0.05369739425256824,21.108406670659072,21.373058631099404
1514,18.3232401,-77.9260254,-0.712,,0,12,Low Density Rural,42.0,82.0,Hanover,Rural,34.64603058204654,7.93809499227347,34.64603058204654,7.93809499227347,84.99519008890496,19.474089281722666,50.467959061929676,11.563213631386853,0.6272115311673098,0.12931142044889507,,,,,,,,,,,,,,
1515,17.9682826,-77.8161621,-0.018,0.3703460097312927,0,12,Low Density Rural,76.0,92.0,Saint Elizabeth,Rural,34.64603058204654,7.93809499227347,34.64603058204654,7.93809499227347,42.461367719122336,9.728744239777702,38.821506970715134,8.894779716451426,0.4824704085902382,0.09947032342222697,32.9185799482113,33.01475707243633,7.564337772178668,0.4103046114686256,0.08459199088223861,0.0,0.0,34.649961136348615,34.62595122623183,7.9334944123177555,0.4303283962816756,0.08872026966582462,34.60786013810286,34.63432822689843
1516,18.4066544,-78.2556152,0.393,6.157911777496338,0,12,Low Density Rural,48.0,88.0,Hanover,Rural,34.64603058204654,7.93809499227347,34.64603058204654,7.93809499227347,28.151331895671095,6.450030291858471,27.175054879500593,6.226345801515998,0.33772928601316676,0.06962922639555888,32.986639969159114,33.08301594209207,7.57997723743023,0.4111529269334929,0.08476688702540518,4.413944294330504,5.262173970351094,34.631211161024545,34.607214243280836,7.929201396695623,0.4300955346406545,0.08867226087122791,34.516826846466174,34.675524982801534
1517,17.9682826,-77.7941895,-0.041,1.3878870010375977,0,12,Low Density Rural,76.0,66.0,Saint Elizabeth,Rural,34.64603058204654,7.93809499227347,34.64603058204654,7.93809499227347,43.44929681038824,9.955098452377255,38.821506970715134,8.894779716451426,0.4824704085902382,0.09947032342222697,33.098927013486346,33.195631051755896,7.605779599867098,0.4125524980015076,0.08505543484991238,0.0,0.0,34.65074619627431,34.62673574216793,7.933674160528997,0.4303381461794455,0.08872227979010838,34.60753138898199,34.635073643365224
1518,17.9264757,-76.3000488,0.058,,0,11,Very Low Density Rural,58.0,107.0,Saint Thomas,Rural,34.64603058204654,7.93809499227347,34.64603058204654,7.93809499227347,39.35388375475998,9.016757830897213,38.821506970715134,8.894779716451426,0.4824704085902382,0.09947032342222697,,,,,,,,,,,,,,
1519,18.1771685,-77.5964355,-0.035,,0,11,Very Low Density Rural,67.0,54.0,Manchester,Rural,34.64603058204654,7.93809499227347,34.64603058204654,7.93809499227347,43.189381555037265,9.895546695588521,38.821506970715134,8.894779716451426,0.4824704085902382,0.09947032342222697,,,,,,,,,,,,,,
1520,17.9055685,-77.2888184,-0.13,1.216681957244873,0,12,Low Density Rural,21.0,11.0,Clarendon,Rural,34.64603058204654,7.93809499227347,34.64603058204654,7.93809499227347,47.4935858744167,10.881725550117764,38.821506970715134,8.894779716451426,0.4824704085902382,0.09947032342222697,34.32937464163865,34.42967363797053,7.888523311320116,0.42788907499832174,0.08821735783399869,0.0,0.0,35.014002479597515,34.98974031523156,8.016845731274593,0.43484953634310525,0.08965238748308446,34.45857710233206,35.38399859794675
1521,17.8428322,-77.1569824,0.279,,0,10,Water,,,,Unknown,,,,,,,,,,,,,,,,,,,,,,,,
1522,18.4066544,-77.310791,-0.143,,0,11,Very Low Density Rural,47.0,83.0,Saint Ann,Rural,34.64603058204654,7.93809499227347,34.64603058204654,7.93809499227347,48.115033146025155,11.024111485586902,50.467959061929676,11.563213631386853,0.6272115311673098,0.12931142044889507,,,,,,,,,,,,,,
1523,18.1354112,-77.1569824,0.293,0.9303619861602783,0,12,Low Density Rural,27.0,45.0,Saint Catherine,Rural,34.64603058204654,7.93809499227347,34.64603058204654,7.93809499227347,31.112033316191088,7.128385899268964,27.175054879500593,6.226345801515998,0.33772928601316676,0.06962922639555888,32.99659074685616,33.09299579264657,7.582263819771105,0.4112769556729835,0.08479245787619957,1.6050610363782625,2.2197574306189334,34.65074619627431,34.62673574216793,7.933674160528997,0.4303381461794455,0.08872227979010838,34.60755501469312,34.634619358554716
1524,18.3023803,-78.2995605,-0.243,1.0553289651870728,0,12,Low Density Rural,76.0,78.0,Westmoreland,Rural,34.64603058204654,7.93809499227347,34.64603058204654,7.93809499227347,53.17533535523284,12.183527411494369,50.467959061929676,11.563213631386853,0.6272115311673098,0.12931142044889507,35.48263765765161,35.58630610432216,8.153530824007719,0.4422636055658848,0.09118093690359619,0.0,0.0,34.65074619627431,34.62673574216793,7.933674160528997,0.4303381461794455,0.08872227979010838,34.60753138898199,34.634571860473315
1525,18.1145288,-76.8713379,0.324,0.32892200350761414,0,12,Low Density Rural,9.0,24.0,Saint Catherine,Rural,34.64603058204654,7.93809499227347,34.64603058204654,7.93809499227347,30.162356328774763,6.910796004800841,27.175054879500593,6.226345801515998,0.33772928601316676,0.06962922639555888,32.46744135901754,32.562300406575716,7.46067094705758,0.4046815182535215,0.0834326847553114,2.0110168784849076,2.7636269228824526,34.635585134292306,34.61158518570234,7.930202866577303,0.43014985634376657,0.08868346030912337,34.537841291358376,34.67884279719224
1526,18.2189158,-77.1789551,-0.312,,0,11,Very Low Density Rural,70.0,132.0,Saint Ann,Rural,34.64603058204654,7.93809499227347,34.64603058204654,7.93809499227347,56.9739797332027,13.053872423826489,50.467959061929676,11.563213631386853,0.6272115311673098,0.12931142044889507,,,,,,,,,,,,,,
1527,17.9473804,-77.1569824,-0.05,,0,12,Low Density Rural,7.0,12.0,Clarendon,Rural,34.64603058204654,7.93809499227347,34.64603058204654,7.93809499227347,43.84210546919149,10.045098732206815,38.821506970715134,8.894779716451426,0.4824704085902382,0.09947032342222697,,,,,,,,,,,,,,
1528,18.1145288,-77.5305176,0.992,,0,11,Very Low Density Rural,73.0,43.0,Manchester,Rural,34.64603058204654,7.93809499227347,34.64603058204654,7.93809499227347,15.465236021869957,3.5433932995241704,27.175054879500593,6.226345801515998,0.33772928601316676,0.06962922639555888,,,,,,,,,,,,,,
1529,17.8009957,-77.244873,0.62,,0,12,Low Density Rural,25.0,28.0,Clarendon,Rural,34.64603058204654,7.93809499227347,34.64603058204654,7.93809499227347,22.43438143680757,5.14016318598295,27.175054879500593,6.226345801515998,0.33772928601316676,0.06962922639555888,,,,,,,,,,,,,,
1530,17.9264757,-76.3879395,-0.564,4.088747024536133,0,12,Low Density Rural,76.0,63.0,Saint Thomas,Rural,34.64603058204654,7.93809499227347,34.64603058204654,7.93809499227347,73.3024965530854,16.795060531717017,50.467959061929676,11.563213631386853,0.6272115311673098,0.12931142044889507,43.807499141615466,43.93549006022615,10.06649500017732,0.5460265583445789,0.11257361568425042,0.0,0.0,34.65074619627431,34.62673574216793,7.933674160528997,0.4303381461794455,0.08872227979010838,34.58970098593935,34.64927919991809
1531,17.9682826,-77.7502441,0.404,2.1912569999694824,0,11,Very Low Density Rural,77.0,85.0,Saint Elizabeth,Rural,34.64603058204654,7.93809499227347,34.64603058204654,7.93809499227347,27.843364172630384,6.379468758575112,27.175054879500593,6.226345801515998,0.33772928601316676,0.06962922639555888,33.5435584388262,33.641561541997596,7.7079511482962,0.41809448445741865,0.08619801929728158,5.355857993091234,6.065834034987575,34.65074619627431,34.62673574216793,7.933674160528997,0.4303381461794455,0.08872227979010838,34.60753138898199,34.63507519871849
1532,18.4483464,-77.6843262,-0.26,,0,11,Very Low Density Rural,51.0,83.0,Trelawny,Rural,34.64603058204654,7.93809499227347,34.64603058204654,7.93809499227347,54.08704361965107,12.392417916022845,50.467959061929676,11.563213631386853,0.6272115311673098,0.12931142044889507,,,,,,,,,,,,,,
1533,17.9891824,-76.7834473,1.097,3.678864002227783,1,30,Urban Centre,0.0,1.0,Saint Andrew,Kingston Metropolitan Area (KMA),34.567489297207274,6.3937660639451295,34.567489297207274,6.3937660639451295,32.811654606509975,6.068998587697296,35.09186928913705,6.49075786361521,0.4359188098482907,0.06544945961035359,39.00529866570075,35.08669219920559,6.489800284612895,0.43585449891452965,0.06543980387683945,4.392140893675671,6.719469598718144,30.791469688095514,34.30089172833287,6.344454918610163,0.4260931150675,0.06397421605772315,28.376345951147698,37.039152905838314
1534,17.9473804,-76.6955566,0.642,5.888667106628418,1,23,Dense Urban Cluster,0.0,47.0,Saint Andrew,Kingston Metropolitan Area (KMA),34.567489297207274,6.3937660639451295,34.567489297207274,6.3937660639451295,51.71685664408567,9.565794035599362,45.619430075878164,8.437985222699773,0.5666944528027779,0.08508429749345968,42.43918958438491,38.17560262499514,7.061139744218228,0.47422561404218644,0.07120089675242748,0.0,0.0,30.268884538676424,33.718745542696624,6.236778410953681,0.41886156891333626,0.06288846160702151,28.566431299990672,36.38209134404303
1535,18.260653,-77.0910645,0.267,,0,11,Very Low Density Rural,19.0,66.0,Saint Ann,Rural,34.64603058204654,7.93809499227347,34.64603058204654,7.93809499227347,31.93155378267689,7.3161543449404185,27.175054879500593,6.226345801515998,0.33772928601316676,0.06962922639555888,,,,,,,,,,,,,,
1536,18.2189158,-77.2009277,-0.613,,0,12,Low Density Rural,59.0,54.0,Saint Ann,Rural,34.64603058204654,7.93809499227347,34.64603058204654,7.93809499227347,76.98377364010106,17.63851436231985,50.467959061929676,11.563213631386853,0.6272115311673098,0.12931142044889507,,,,,,,,,,,,,,
1537,18.3023803,-78.2336426,-0.451,,0,11,Very Low Density Rural,61.0,85.0,Westmoreland,Rural,34.64603058204654,7.93809499227347,34.64603058204654,7.93809499227347,65.47017318454019,15.000519400591493,50.467959061929676,11.563213631386853,0.6272115311673098,0.12931142044889507,,,,,,,,,,,,,,
1538,17.9682826,-77.0910645,-0.332,,0,11,Very Low Density Rural,10.0,19.0,Saint Catherine,Rural,34.64603058204654,7.93809499227347,34.64603058204654,7.93809499227347,58.124930470470616,13.317578139326098,50.467959061929676,11.563213631386853,0.6272115311673098,0.12931142044889507,,,,,,,,,,,,,,
1539,17.9055685,-77.1789551,0.698,,0,11,Very Low Density Rural,8.0,45.0,Clarendon,Rural,34.64603058204654,7.93809499227347,34.64603058204654,7.93809499227347,20.751004760555738,4.754468093662932,27.175054879500593,6.226345801515998,0.33772928601316676,0.06962922639555888,,,,,,,,,,,,,,
1540,18.1562911,-77.310791,-0.225,1.053452968597412,0,12,Low Density Rural,43.0,53.0,Clarendon,Rural,34.64603058204654,7.93809499227347,34.64603058204654,7.93809499227347,52.226742268494334,11.966185860238964,50.467959061929676,11.563213631386853,0.6272115311673098,0.12931142044889507,35.54071731936226,35.64455545545587,8.166876909396713,0.44298752358026783,0.09133018617928183,0.0,0.0,34.65074619627431,34.62673574216793,7.933674160528997,0.4303381461794455,0.08872227979010838,34.60755501469312,34.634619358554716
1541,18.0727566,-77.0471191,-0.373,,0,12,Low Density Rural,34.0,145.0,Saint Catherine,Rural,34.64603058204654,7.93809499227347,34.64603058204654,7.93809499227347,60.55758119534441,13.874946825223345,50.467959061929676,11.563213631386853,0.6272115311673098,0.12931142044889507,,,,,,,,,,,,,,
1542,17.9891824,-77.8161621,0.013,0.3446660041809082,0,11,Very Low Density Rural,73.0,64.0,Saint Elizabeth,Rural,34.64603058204654,7.93809499227347,34.64603058204654,7.93809499227347,41.165258803088,9.431779897168575,38.821506970715134,8.894779716451426,0.4824704085902382,0.09947032342222697,33.301686625464995,33.3989830597741,7.652371591197688,0.4150797395758803,0.08557647309866939,0.0,0.0,34.649961136348615,34.62595122623183,7.9334944123177555,0.4303283962816756,0.08872026966582462,34.60786013810286,34.63432822689843
1543,18.4483464,-77.947998,0.873,,1,21,Suburban / Peri-urban,2.0,,,Unknown,,,,,,,,,,,,,,,,,,,,,,,,
1544,18.4691886,-77.8820801,1.075,20.328256607055664,1,30,Urban Centre,0.0,7.0,Saint James,Urban,22.91662051591443,5.07397966218306,22.91662051591443,5.07397966218306,16.92383143015428,3.7471134290147226,18.645000109351066,4.128198190939641,0.2172023027032337,0.04722374302752002,21.312608887331596,23.675695000667186,5.242046698727252,0.2758066742871869,0.05996540252894435,3.7124524900235354,6.103333360051885,26.89287398137018,24.935766701349372,5.5210397630717,0.2904857020884303,0.06315689096231913,22.05117972363535,29.73278366943626
1545,18.260653,-78.1018066,0.074,,0,11,Very Low Density Rural,44.0,49.0,Westmoreland,Rural,34.64603058204654,7.93809499227347,34.64603058204654,7.93809499227347,38.729232153339154,8.873637719708379,38.821506970715134,8.894779716451426,0.4824704085902382,0.09947032342222697,,,,,,,,,,,,,,
1546,18.4275017,-77.9919434,0.139,,0,11,Very Low Density Rural,34.0,14.0,Saint James,Rural,34.64603058204654,7.93809499227347,34.64603058204654,7.93809499227347,36.29190333248409,8.315197188937177,38.821506970715134,8.894779716451426,0.4824704085902382,0.09947032342222697,,,,,,,,,,,,,,
1547,18.1980434,-76.9152832,-0.45,,0,11,Very Low Density Rural,52.0,70.0,Saint Mary,Rural,34.64603058204654,7.93809499227347,34.64603058204654,7.93809499227347,65.40473573553328,14.98552637895114,50.467959061929676,11.563213631386853,0.6272115311673098,0.12931142044889507,,,,,,,,,,,,,,
1548,17.9473804,-76.3659668,0.692,,0,12,Low Density Rural,64.0,64.0,Saint Thomas,Rural,34.64603058204654,7.93809499227347,34.64603058204654,7.93809499227347,20.875885055362836,4.783080654068496,27.175054879500593,6.226345801515998,0.33772928601316676,0.06962922639555888,,,,,,,,,,,,,,
1549,17.9682826,-77.2229004,0.725,0.7979949712753296,1,30,Urban Centre,11.0,3.0,Clarendon,Urban,22.91662051591443,5.07397966218306,22.91662051591443,5.07397966218306,24.016059980394548,5.3174070680127965,26.635714441930098,5.89742598705663,0.31028900386176245,0.06746249003931432,20.554971158100933,22.834052389333692,5.055698214675375,0.2660020772283156,0.057833704263161534,0.0,0.0,21.49096181553803,19.926974349825905,4.412040706859243,0.23213648105691015,0.05047070584570319,18.7789820648721,21.16658920610861
1550,17.9891824,-77.7722168,0.195,,0,11,Very Low Density Rural,76.0,119.0,Saint Elizabeth,Rural,34.64603058204654,7.93809499227347,34.64603058204654,7.93809499227347,34.3154149168148,7.862344364785911,38.821506970715134,8.894779716451426,0.4824704085902382,0.09947032342222697,,,,,,,,,,,,,,
1551,17.9264757,-77.5964355,0.63,1.151769995689392,1,21,Suburban / Peri-urban,71.0,55.0,Saint Elizabeth,Urban,22.91662051591443,5.07397966218306,22.91662051591443,5.07397966218306,26.409473022680487,5.847333768650399,26.635714441930098,5.89742598705663,0.31028900386176245,0.06746249003931432,22.159968856827586,24.617008018684736,5.450463254119979,0.28677236771056214,0.062349544326241825,0.0,0.0,22.89519323677044,21.229013958489986,4.700325905330389,0.24730440809118348,0.053768489891323414,21.040189523320283,21.569997505852797
1552,18.0518668,-76.3000488,-0.648,,0,11,Very Low Density Rural,110.0,260.0,Portland,Rural,34.64603058204654,7.93809499227347,34.64603058204654,7.93809499227347,79.72591323945757,18.266793107563654,50.467959061929676,11.563213631386853,0.6272115311673098,0.12931142044889507,,,,,,,,,,,,,,
1553,18.3649523,-77.0690918,0.19,1.4026639461517334,0,12,Low Density Rural,32.0,79.0,Saint Ann,Rural,34.64603058204654,7.93809499227347,34.64603058204654,7.93809499227347,34.48742164988434,7.901754529918194,38.821506970715134,8.894779716451426,0.4824704085902382,0.09947032342222697,32.365325185621494,32.45988588373964,7.437205742033995,0.40340871921675125,0.08317027336264388,0.0,0.0,34.65074619627431,34.62673574216793,7.933674160528997,0.4303381461794455,0.08872227979010838,34.60753138898199,34.63512114144663
1554,18.3858046,-78.2775879,0.457,4.785455226898193,1,21,Suburban / Peri-urban,52.0,92.0,Hanover,Urban,22.91662051591443,5.07397966218306,22.91662051591443,5.07397966218306,31.397327329795974,6.951696922661736,34.62642877450913,7.66665378317362,0.40337570502029124,0.08770123705110862,20.288227866614932,22.537733302070258,4.990090067032175,0.26255014975655017,0.057083192257315014,0.0,0.0,22.822085564545567,21.161226638326994,4.685317083081836,0.2465147292525066,0.05359679930569044,21.08226865699633,21.567299628886214
1555,18.1354112,-77.9919434,0.045,0.1620279997587204,0,12,Low Density Rural,49.0,145.0,Westmoreland,Rural,34.64603058204654,7.93809499227347,34.64603058204654,7.93809499227347,39.86882410378436,9.134740911130024,38.821506970715134,8.894779716451426,0.4824704085902382,0.09947032342222697,32.38613805432743,32.48075956071441,7.441988316772863,0.4036681355105699,0.08322375689694504,0.0,0.0,34.650438441088326,34.626428200233974,7.9336036965524634,0.4303343240742745,0.08872149179144413,34.60786013810286,34.63432822689843
1556,18.4066544,-77.5964355,0.082,2.2322490215301514,0,13,Rural Cluster,38.0,152.0,Trelawny,Rural,34.64603058204654,7.93809499227347,34.64603058204654,7.93809499227347,38.4206343332461,8.802931818652672,38.821506970715134,8.894779716451426,0.4824704085902382,0.09947032342222697,31.508500772311407,31.60055811493343,7.2403166513161406,0.39272906631091165,0.08096846262012596,0.0,0.0,34.650875350738104,34.626864807137046,7.933703731881553,0.4303397501879769,0.08872261048655018,34.60753138898199,34.63507636031139
1557,18.1562911,-77.7941895,-0.234,1.0045109987258911,0,11,Very Low Density Rural,49.0,99.0,Saint Elizabeth,Rural,34.64603058204654,7.93809499227347,34.64603058204654,7.93809499227347,52.69890449182506,12.07436762067719,50.467959061929676,11.563213631386853,0.6272115311673098,0.12931142044889507,35.59121172121341,35.6951973851277,8.17847998315649,0.44361689720347613,0.09145994335555484,0.0,0.0,34.650875350738104,34.626864807137046,7.933703731881553,0.4303397501879769,0.08872261048655018,34.60753138898199,34.63457457741948
1558,18.4066544,-77.6403809,-0.418,,0,11,Very Low Density Rural,59.0,258.0,Trelawny,Rural,34.64603058204654,7.93809499227347,34.64603058204654,7.93809499227347,63.34491705901448,14.513580933935623,50.467959061929676,11.563213631386853,0.6272115311673098,0.12931142044889507,,,,,,,,,,,,,,
1559,17.9473804,-76.2780762,0.18,,0,12,Low Density Rural,69.0,107.0,Saint Thomas,Rural,34.64603058204654,7.93809499227347,34.64603058204654,7.93809499227347,34.83402599976783,7.981168483201954,38.821506970715134,8.894779716451426,0.4824704085902382,0.09947032342222697,,,,,,,,,,,,,,
1560,18.093644,-77.8601074,-0.308,,0,12,Low Density Rural,69.0,89.0,Saint Elizabeth,Rural,34.64603058204654,7.93809499227347,34.64603058204654,7.93809499227347,56.74653899899254,13.001761226008398,50.467959061929676,11.563213631386853,0.6272115311673098,0.12931142044889507,,,,,,,,,,,,,,
1561,18.2189158,-77.5524902,-0.184,,0,11,Very Low Density Rural,70.0,84.0,Manchester,Rural,34.64603058204654,7.93809499227347,34.64603058204654,7.93809499227347,50.128748591576844,11.485493763026819,50.467959061929676,11.563213631386853,0.6272115311673098,0.12931142044889507,,,,,,,,,,,,,,
1562,18.0309744,-77.6843262,0.232,0.15726399421691895,0,11,Very Low Density Rural,70.0,62.0,Saint Elizabeth,Rural,34.64603058204654,7.93809499227347,34.64603058204654,7.93809499227347,33.06894642993535,7.576753632240295,38.821506970715134,8.894779716451426,0.4824704085902382,0.09947032342222697,33.20590096418393,33.302917544700485,7.630361070184894,0.4138858454711521,0.08533032943759762,0.0,0.7328419859676488,34.649961136348615,34.62595122623183,7.9334944123177555,0.4303283962816756,0.08872026966582462,34.60786013810286,34.6347454699361
1563,18.4066544,-77.2888184,0.372,1.6369709968566895,0,13,Rural Cluster,44.0,87.0,Saint Ann,Rural,34.64603058204654,7.93809499227347,34.64603058204654,7.93809499227347,28.748760914826235,6.586913167775915,27.175054879500593,6.226345801515998,0.33772928601316676,0.06962922639555888,32.93038077781453,33.026592380132364,7.567049476670513,0.41045169967270295,0.08462231587413588,3.846101398001075,4.61049111964968,34.65074619627431,34.62673574216793,7.933674160528997,0.4303381461794455,0.08872227979010838,34.60753138898199,34.635077915664645
1564,18.2189158,-76.6955566,-0.323,0.0,0,11,Very Low Density Rural,104.0,36.0,Portland,Rural,34.64603058204654,7.93809499227347,34.64603058204654,7.93809499227347,57.604153109602734,13.198257683535212,50.467959061929676,11.563213631386853,0.6272115311673098,0.12931142044889507,37.60046592860227,37.71032196395444,8.640185121068622,0.4686606952106007,0.09662319200901849,0.0,0.0,34.649961136348615,34.62595122623183,7.9334944123177555,0.4303283962816756,0.08872026966582462,34.59944387745883,34.63275460390916
1565,17.8846589,-77.3327637,0.469,1.497501015663147,0,12,Low Density Rural,32.0,16.0,Clarendon,Rural,34.64603058204654,7.93809499227347,34.64603058204654,7.93809499227347,26.091110637140027,5.977992607293373,27.175054879500593,6.226345801515998,0.33772928601316676,0.06962922639555888,34.702120693230654,34.803508729349936,7.974176369317262,0.43253506592853597,0.08917521599942585,8.28618940728235,9.19299426587791,34.61937094499398,34.59538223166128,7.926490447400486,0.4299484873999372,0.08864194432469559,34.34350772796868,34.68032817208319
1566,18.3023803,-77.442627,0.148,3.545732021331787,0,12,Low Density Rural,86.0,121.0,Saint Ann,Rural,34.64603058204654,7.93809499227347,34.64603058204654,7.93809499227347,35.96674162501392,8.240696171695518,38.821506970715134,8.894779716451426,0.4824704085902382,0.09947032342222697,31.619687088787025,31.71206928078556,7.265866078259499,0.39411491765850704,0.08125418186695654,0.0,0.0,34.650875350738104,34.626864807137046,7.933703731881553,0.4303397501879769,0.08872261048655018,34.606680452917274,34.63827241610412
1567,17.9055685,-77.2229004,-0.346,,0,11,Very Low Density Rural,42.0,12.0,Clarendon,Rural,34.64603058204654,7.93809499227347,34.64603058204654,7.93809499227347,58.94440241601127,13.505335467883551,50.467959061929676,11.563213631386853,0.6272115311673098,0.12931142044889507,,,,,,,,,,,,,,
1568,18.1980434,-77.4865723,0.404,6.850252151489258,0,13,Rural Cluster,63.0,63.0,Manchester,Rural,34.64603058204654,7.93809499227347,34.64603058204654,7.93809499227347,27.843364172630384,6.379468758575112,27.175054879500593,6.226345801515998,0.33772928601316676,0.06962922639555888,32.9368309251158,33.03306137261527,7.568531651568212,0.4105320957647132,0.08463889103632563,4.596986247479404,5.617052396274511,34.59753179356254,34.57355821317792,7.921490130512126,0.42967726034214443,0.08858602577989128,34.44525675675487,34.68317131916762
1569,18.3858046,-77.9699707,0.44,1.2075539827346802,0,12,Low Density Rural,43.0,82.0,Hanover,Rural,34.64603058204654,7.93809499227347,34.64603058204654,7.93809499227347,26.858830987043646,6.153892615538311,27.175054879500593,6.226345801515998,0.33772928601316676,0.06962922639555888,33.877486786131605,33.97646551669008,7.784684312809898,0.42225664275875047,0.08705612629202497,6.705382553536157,7.3924953414215855,34.65074619627431,34.62673574216793,7.933674160528997,0.4303381461794455,0.08872227979010838,34.60723214781113,34.63600837841529
1570,17.9264757,-77.6843262,0.45,1.3050769567489624,0,12,Low Density Rural,84.0,68.0,Saint Elizabeth,Rural,34.64603058204654,7.93809499227347,34.64603058204654,7.93809499227347,26.591581153419565,6.092660360923937,27.175054879500593,6.226345801515998,0.33772928601316676,0.06962922639555888,33.860060279474865,33.95898809558629,7.780679887869695,0.4220394348459457,0.08701134480708438,6.7723458509747765,7.7560250420629,34.65074619627431,34.62673574216793,7.933674160528997,0.4303381461794455,0.08872227979010838,34.60723214781113,34.63600837841529
1571,18.3858046,-78.1896973,0.4,,0,11,Very Low Density Rural,40.0,65.0,Hanover,Rural,34.64603058204654,7.93809499227347,34.64603058204654,7.93809499227347,27.954960673527406,6.40503773747525,27.175054879500593,6.226345801515998,0.33772928601316676,0.06962922639555888,,,,,,,,,,,,,,
1572,18.2189158,-76.607666,0.66,0.4041300117969513,0,13,Rural Cluster,38.0,137.0,Portland,Rural,34.64603058204654,7.93809499227347,34.64603058204654,7.93809499227347,21.554716758399632,4.938614504611977,27.175054879500593,6.226345801515998,0.33772928601316676,0.06962922639555888,35.91127187208477,36.01619264513615,8.252026384380793,0.4476061991738668,0.09228241277576896,13.690658011055705,15.025820467436374,34.68946154363827,34.66542426260395,7.942538470384187,0.4308189638426186,0.08882140936906577,34.575479079343204,34.85098473615078
1573,18.2189158,-77.947998,-0.043,0.8141779899597168,0,11,Very Low Density Rural,33.0,68.0,Westmoreland,Rural,34.64603058204654,7.93809499227347,34.64603058204654,7.93809499227347,43.536282360564016,9.975028572759019,38.821506970715134,8.894779716451426,0.4824704085902382,0.09947032342222697,33.504760845274006,33.60265059480194,7.699035876044534,0.41761090249326965,0.08609831980583378,0.0,0.0,34.65074619627431,34.62673574216793,7.933674160528997,0.4303381461794455,0.08872227979010838,34.60753138898199,34.634619358554716
1574,18.1562911,-76.8933105,0.405,2.153193950653076,0,12,Low Density Rural,15.0,161.0,Saint Mary,Rural,34.64603058204654,7.93809499227347,34.64603058204654,7.93809499227347,27.815534725500438,6.373092478487937,27.175054879500593,6.226345801515998,0.33772928601316676,0.06962922639555888,32.0734995550227,32.167207635866035,7.370147331741048,0.39977133868065884,0.0824203591463668,3.7219865077585927,4.799157265704633,34.648023074498596,34.624014507318115,7.933050671477835,0.43030432690264997,0.08871530731191934,34.60744231721198,34.71095884147019
1575,17.9891824,-77.1130371,0.111,1.1478739976882935,0,12,Low Density Rural,7.0,83.0,Saint Catherine,Rural,34.64603058204654,7.93809499227347,34.64603058204654,7.93809499227347,37.32243676656618,8.551312904216159,38.821506970715134,8.894779716451426,0.4824704085902382,0.09947032342222697,30.880131465852816,30.97035292269418,7.095924101965582,0.38489692942800485,0.07935372071065572,0.0,0.0,34.59907537010552,34.5751007201343,7.9218435495486,0.4296964304882714,0.08858997806504981,34.502414593051505,34.84682566931177
1576,18.1771685,-77.244873,0.591,4.897972106933594,0,13,Rural Cluster,41.0,87.0,Clarendon,Rural,34.64603058204654,7.93809499227347,34.64603058204654,7.93809499227347,23.094504012886034,5.291410403266495,27.175054879500593,6.226345801515998,0.33772928601316676,0.06962922639555888,34.84745935891265,34.94927202619543,8.007573641019322,0.43434659986614316,0.089548697695828,11.194426774681812,12.254366414496033,34.65074619627431,34.62673574216793,7.933674160528997,0.4303381461794455,0.08872227979010838,34.509774725754724,34.64165864523604
1577,18.1562911,-77.8601074,-0.64,,0,11,Very Low Density Rural,62.0,92.0,Saint Elizabeth,Rural,34.64603058204654,7.93809499227347,34.64603058204654,7.93809499227347,79.09065037307246,18.121241744428794,50.467959061929676,11.563213631386853,0.6272115311673098,0.12931142044889507,,,,,,,,,,,,,,
1578,18.3649523,-77.442627,-0.39,,0,11,Very Low Density Rural,66.0,60.0,Saint Ann,Rural,34.64603058204654,7.93809499227347,34.64603058204654,7.93809499227347,61.595860444175536,14.112837260787376,50.467959061929676,11.563213631386853,0.6272115311673098,0.12931142044889507,,,,,,,,,,,,,,
1579,18.4691886,-77.376709,0.501,,0,11,Very Low Density Rural,,,Saint Ann,Rural,34.64603058204654,7.93809499227347,34.64603058204654,7.93809499227347,25.269412385826683,5.789725187784416,27.175054879500593,6.226345801515998,0.33772928601316676,0.06962922639555888,,,,,,,,,,,,,,
1580,18.1980434,-77.947998,-0.252,,0,12,Low Density Rural,38.0,51.0,Westmoreland,Rural,34.64603058204654,7.93809499227347,34.64603058204654,7.93809499227347,53.65607344987808,12.29367407469324,50.467959061929676,11.563213631386853,0.6272115311673098,0.12931142044889507,,,,,,,,,,,,,,
1581,17.8428322,-77.2229004,-0.031,,0,11,Very Low Density Rural,23.0,60.0,Clarendon,Rural,34.64603058204654,7.93809499227347,34.64603058204654,7.93809499227347,43.01696908364314,9.856043567732701,38.821506970715134,8.894779716451426,0.4824704085902382,0.09947032342222697,,,,,,,,,,,,,,
1582,18.0100796,-76.2780762,0.829,,0,11,Very Low Density Rural,73.0,212.0,Portland,Rural,34.64603058204654,7.93809499227347,34.64603058204654,7.93809499227347,18.203150212432654,4.1707039195362245,27.175054879500593,6.226345801515998,0.33772928601316676,0.06962922639555888,,,,,,,,,,,,,,
1583,18.260653,-78.2116699,0.417,,0,12,Low Density Rural,58.0,64.0,Westmoreland,Rural,34.64603058204654,7.93809499227347,34.64603058204654,7.93809499227347,27.483743040395726,6.297072401447062,27.175054879500593,6.226345801515998,0.33772928601316676,0.06962922639555888,,,,,,,,,,,,,,
1584,18.093644,-76.9812012,-0.084,,0,12,Low Density Rural,5.0,39.0,Saint Catherine,Rural,34.64603058204654,7.93809499227347,34.64603058204654,7.93809499227347,45.35836744497613,10.392504521405304,38.821506970715134,8.894779716451426,0.4824704085902382,0.09947032342222697,,,,,,,,,,,,,,
1585,18.3440975,-77.7722168,-0.018,0.163100004196167,0,11,Very Low Density Rural,32.0,79.0,Saint James,Rural,34.64603058204654,7.93809499227347,34.64603058204654,7.93809499227347,42.461367719122336,9.728744239777702,38.821506970715134,8.894779716451426,0.4824704085902382,0.09947032342222697,33.37930924615088,33.476832467898696,7.670208439644781,0.4160472454425308,0.0857759425785694,0.0,0.0,34.650309286624534,34.62629913526486,7.9335741251999075,0.4303327200657431,0.08872116109500233,34.60786013810286,34.63432822689843
1586,18.1980434,-77.2229004,-0.218,1.076943039894104,0,12,Low Density Rural,48.0,31.0,Saint Ann,Rural,34.64603058204654,7.93809499227347,34.64603058204654,7.93809499227347,51.86243164738922,11.882715047899351,50.467959061929676,11.563213631386853,0.6272115311673098,0.12931142044889507,35.677304865711584,35.78154206511332,8.19826326742567,0.44468998159104717,0.09168117982765873,0.0,0.0,34.65058665738557,34.62657631382807,7.933637632324032,0.43033616481750775,0.08872187129518465,34.602729891972594,34.63550157680634
1587,18.4483464,-78.1018066,0.393,1.0043280124664307,0,12,Low Density Rural,24.0,29.0,Hanover,Rural,34.64603058204654,7.93809499227347,34.64603058204654,7.93809499227347,28.151331895671095,6.450030291858471,27.175054879500593,6.226345801515998,0.33772928601316676,0.06962922639555888,33.721674748453225,33.820198248144294,7.748880372183513,0.4203145663483361,0.08665573081654065,5.375169706171387,5.936366590669151,34.65058665738557,34.62657631382807,7.933637632324032,0.43033616481750775,0.08872187129518465,34.602729891972594,34.63550157680634
1588,18.1354112,-77.8601074,-0.035,0.9111949801445007,0,12,Low Density Rural,51.0,79.0,Saint Elizabeth,Rural,34.64603058204654,7.93809499227347,34.64603058204654,7.93809499227347,43.189381555037265,9.895546695588521,38.821506970715134,8.894779716451426,0.4824704085902382,0.09947032342222697,33.16925208401524,33.266161588713025,7.621939549298992,0.4134290455556627,0.08523615156777603,0.0,0.0,34.65074619627431,34.62673574216793,7.933674160528997,0.4303381461794455,0.08872227979010838,34.60753138898199,34.634619358554716
1589,18.2815179,-78.2336426,0.157,,0,12,Low Density Rural,63.0,86.0,Westmoreland,Rural,34.64603058204654,7.93809499227347,34.64603058204654,7.93809499227347,35.64449324328023,8.166862655349378,38.821506970715134,8.894779716451426,0.4824704085902382,0.09947032342222697,,,,,,,,,,,,,,
1590,17.7800738,-77.2229004,0.204,0.8655139803886414,0,11,Very Low Density Rural,47.0,35.0,Clarendon,Rural,34.64603058204654,7.93809499227347,34.64603058204654,7.93809499227347,34.00796179690881,7.791900737320277,38.821506970715134,8.894779716451426,0.4824704085902382,0.09947032342222697,33.3230969361363,33.420455924240635,7.6572914517135375,0.41534660252122096,0.08563149189984316,0.0,0.0,34.65058665738557,34.62657631382807,7.933637632324032,0.43033616481750775,0.08872187129518465,34.602729891972594,34.63321612812324
1591,17.8846589,-77.6403809,0.212,6.351686954498291,1,21,Suburban / Peri-urban,81.0,62.0,Saint Elizabeth,Urban,22.91662051591443,5.07397966218306,22.91662051591443,5.07397966218306,40.1138945742176,8.881636151333456,34.62642877450913,7.66665378317362,0.40337570502029124,0.08770123705110862,20.105493467845857,22.334737792967733,4.945144736459308,0.26018538216433273,0.056569048642331046,0.0,0.0,22.84043201888859,21.178237944207186,4.689083564269729,0.24671290006438626,0.053639885255421585,21.006473251988044,21.699936508483987
1592,17.9264757,-76.9812012,-0.219,,0,11,Very Low Density Rural,14.0,141.0,Saint Catherine,Rural,34.64603058204654,7.93809499227347,34.64603058204654,7.93809499227347,51.91432001889834,11.894603706285722,50.467959061929676,11.563213631386853,0.6272115311673098,0.12931142044889507,,,,,,,,,,,,,,
1593,18.0518668,-77.7062988,0.938,5.131820201873779,1,22,Semi-dense Urban Cluster,66.0,61.0,Saint Elizabeth,Urban,22.91662051591443,5.07397966218306,22.91662051591443,5.07397966218306,19.408726264915153,4.297295156092875,18.645000109351066,4.128198190939641,0.2172023027032337,0.04722374302752002,25.58642879280274,28.423384835573355,6.293234924667376,0.33111421832657634,0.07199027157818251,6.338876769133426,7.681900127663979,22.978723496649092,21.30646537087083,4.7174744587549595,0.2482066674110051,0.05396465752736205,20.84334490441762,22.498195986745316
1594,18.2815179,-76.739502,0.103,,0,10,Water,,,,Unknown,,,,,,,,,,,,,,,,,,,,,,,,
1595,18.3232401,-76.9592285,-0.634,1.3435720205307007,0,12,Low Density Rural,71.0,234.0,Saint Mary,Rural,34.64603058204654,7.93809499227347,34.64603058204654,7.93809499227347,78.6175272595431,18.012839824926292,50.467959061929676,11.563213631386853,0.6272115311673098,0.12931142044889507,45.61243802964633,45.74570237839664,10.481250661833615,0.5685237240893716,0.11721182833496353,0.0,0.0,34.650875350738104,34.626864807137046,7.933703731881553,0.4303397501879769,0.08872261048655018,34.60723214781113,34.63502886222999
1596,18.1562911,-77.3547363,0.442,0.7396069765090942,0,11,Very Low Density Rural,46.0,53.0,Clarendon,Rural,34.64603058204654,7.93809499227347,34.64603058204654,7.93809499227347,26.805167006937655,6.141597129891376,27.175054879500593,6.226345801515998,0.33772928601316676,0.06962922639555888,34.539324725173685,34.6402371257076,7.936767596148156,0.43050594023334016,0.08875687368128193,7.519825152831517,8.224656070507253,34.65074619627431,34.62673574216793,7.933674160528997,0.4303381461794455,0.08872227979010838,34.60734054970843,34.63572016089688
1597,17.9891824,-77.2229004,0.323,0.0,0,12,Low Density Rural,13.0,3.0,Clarendon,Rural,34.64603058204654,7.93809499227347,34.64603058204654,7.93809499227347,30.19253377131002,6.917710257355732,27.175054879500593,6.226345801515998,0.33772928601316676,0.06962922639555888,33.44365603120491,33.54136725282238,7.684994642982477,0.4168492782969973,0.08594129669357542,2.350107993900707,4.241417951939966,34.02587865770057,34.00230119148058,7.790603779982072,0.42257772634218227,0.08712232369464463,33.17192380607018,34.82268086175876
1598,18.2815179,-77.9699707,-0.37,0.0,0,12,Low Density Rural,30.0,99.0,Westmoreland,Rural,34.64603058204654,7.93809499227347,34.64603058204654,7.93809499227347,60.37618068856891,13.833384359617929,50.467959061929676,11.563213631386853,0.6272115311673098,0.12931142044889507,38.154910232353366,38.26638616925541,8.767590495055954,0.4755714141720348,0.09804796633286263,0.0,0.0,34.650438441088326,34.626428200233974,7.9336036965524634,0.4303343240742745,0.08872149179144413,34.60880027677939,34.63432822689843
1599,18.4483464,-77.5085449,0.75,,0,12,Low Density Rural,50.0,111.0,Trelawny,Rural,34.64603058204654,7.93809499227347,34.64603058204654,7.93809499227347,19.699527835189784,4.513553807797704,27.175054879500593,6.226345801515998,0.33772928601316676,0.06962922639555888,,,,,,,,,,,,,,
1600,18.4483464,-78.2116699,0.941,1.059514045715332,0,12,Low Density Rural,41.0,76.0,Hanover,Rural,34.64603058204654,7.93809499227347,34.64603058204654,7.93809499227347,16.274421915841824,3.728793888995594,27.175054879500593,6.226345801515998,0.33772928601316676,0.06962922639555888,41.42308349978068,41.544107950222035,9.518581775108673,0.5163066635301037,0.10644630197415476,24.406101438715744,25.834712694570154,34.37381051287692,34.349991955114675,7.870266652273531,0.4268987977761206,0.0880131936120771,34.4025156179872,35.4326876575649
1601,18.3232401,-78.145752,-0.194,,0,11,Very Low Density Rural,52.0,50.0,Westmoreland,Rural,34.64603058204654,7.93809499227347,34.64603058204654,7.93809499227347,50.63255089064245,11.60092489438941,50.467959061929676,11.563213631386853,0.6272115311673098,0.12931142044889507,,,,,,,,,,,,,,
1602,18.3232401,-76.9812012,-0.393,0.5669450163841248,0,12,Low Density Rural,60.0,300.0,Saint Mary,Rural,34.64603058204654,7.93809499227347,34.64603058204654,7.93809499227347,61.78092548426944,14.155239343892838,50.467959061929676,11.563213631386853,0.6272115311673098,0.12931142044889507,37.241040220228605,37.34984613339877,8.55759293554846,0.4641807320451755,0.09569956358113914,0.0,0.0,34.650875350738104,34.626864807137046,7.933703731881553,0.4303397501879769,0.08872261048655018,34.60723214781113,34.63432822689843
1603,18.0518668,-76.6296387,-0.429,0.6361219882965088,0,12,Low Density Rural,74.0,186.0,Saint Thomas,Rural,34.64603058204654,7.93809499227347,34.64603058204654,7.93809499227347,64.04555760488802,14.674111624324858,50.467959061929676,11.563213631386853,0.6272115311673098,0.12931142044889507,38.896682022825466,39.01032516978794,8.938041722959229,0.4848170252150038,0.09995412245001699,0.0,0.0,34.650875350738104,34.626864807137046,7.933703731881553,0.4303397501879769,0.08872261048655018,34.60753138898199,34.63432822689843
1604,17.9473804,-77.7062988,0.001,,0,11,Very Low Density Rural,103.0,111.0,Saint Elizabeth,Rural,34.64603058204654,7.93809499227347,34.64603058204654,7.93809499227347,41.66221769860573,9.54564306860846,38.821506970715134,8.894779716451426,0.4824704085902382,0.09947032342222697,,,,,,,,,,,,,,
1605,18.3649523,-77.7941895,-0.395,,0,11,Very Low Density Rural,41.0,43.0,Saint James,Rural,34.64603058204654,7.93809499227347,34.64603058204654,7.93809499227347,61.904610979504724,14.183578151942406,50.467959061929676,11.563213631386853,0.6272115311673098,0.12931142044889507,,,,,,,,,,,,,,
1606,18.093644,-76.8933105,0.234,,0,12,Low Density Rural,10.0,52.0,Saint Catherine,Rural,34.64603058204654,7.93809499227347,34.64603058204654,7.93809499227347,33.00287463089845,7.56161526838579,38.821506970715134,8.894779716451426,0.4824704085902382,0.09947032342222697,,,,,,,,,,,,,,
1607,18.1980434,-77.244873,-0.036,1.8589260578155518,0,12,Low Density Rural,46.0,105.0,Saint Ann,Rural,34.64603058204654,7.93809499227347,34.64603058204654,7.93809499227347,43.232592538483104,9.905447191707127,38.821506970715134,8.894779716451426,0.4824704085902382,0.09947032342222697,32.804646787291304,32.90049103677543,7.538157149745784,0.40888452283180665,0.08429921297611716,0.0,0.0,34.650875350738104,34.626864807137046,7.933703731881553,0.4303397501879769,0.08872261048655018,34.60753138898199,34.63507636031139
1608,18.1145288,-77.4206543,0.024,,0,12,Low Density Rural,57.0,38.0,Clarendon,Rural,34.64603058204654,7.93809499227347,34.64603058204654,7.93809499227347,40.714922347642414,9.32859885444147,38.821506970715134,8.894779716451426,0.4824704085902382,0.09947032342222697,,,,,,,,,,,,,,
1609,18.0727566,-77.7282715,0.147,,0,11,Very Low Density Rural,61.0,57.0,Saint Elizabeth,Rural,34.64603058204654,7.93809499227347,34.64603058204654,7.93809499227347,36.002726356005695,8.24894098958909,38.821506970715134,8.894779716451426,0.4824704085902382,0.09947032342222697,,,,,,,,,,,,,,
1610,18.1354112,-77.442627,0.179,,0,11,Very Low Density Rural,76.0,75.0,Clarendon,Rural,34.64603058204654,7.93809499227347,34.64603058204654,7.93809499227347,34.868877448587725,7.989153643599925,38.821506970715134,8.894779716451426,0.4824704085902382,0.09947032342222697,,,,,,,,,,,,,,
1611,18.4900283,-77.6843262,0.459,,0,12,Low Density Rural,21.0,35.0,,Unknown,,,,,,,,,,,,,,,,,,,,,,,,
1612,18.4483464,-78.1237793,0.021,,0,11,Very Low Density Rural,35.0,30.0,Hanover,Rural,34.64603058204654,7.93809499227347,34.64603058204654,7.93809499227347,40.837250515190554,9.356626671709837,38.821506970715134,8.894779716451426,0.4824704085902382,0.09947032342222697,,,,,,,,,,,,,,
1613,18.3023803,-78.079834,0.397,,0,12,Low Density Rural,49.0,47.0,Westmoreland,Rural,34.64603058204654,7.93809499227347,34.64603058204654,7.93809499227347,28.03895147876274,6.424281702201793,27.175054879500593,6.226345801515998,0.33772928601316676,0.06962922639555888,,,,,,,,,,,,,,
1614,18.4691886,-77.4865723,0.593,,0,12,Low Density Rural,50.0,65.0,Trelawny,Rural,34.64603058204654,7.93809499227347,34.64603058204654,7.93809499227347,23.048361163091005,5.280838158229081,27.175054879500593,6.226345801515998,0.33772928601316676,0.06962922639555888,,,,,,,,,,,,,,
1615,18.2189158,-78.0578613,0.125,,0,12,Low Density Rural,42.0,49.0,Westmoreland,Rural,34.64603058204654,7.93809499227347,34.64603058204654,7.93809499227347,36.80356324141686,8.432428655070876,38.821506970715134,8.894779716451426,0.4824704085902382,0.09947032342222697,,,,,,,,,,,,,,
1616,18.1771685,-77.6623535,0.227,,0,11,Very Low Density Rural,73.0,78.0,Saint Elizabeth,Rural,34.64603058204654,7.93809499227347,34.64603058204654,7.93809499227347,33.234705213713816,7.614732267868442,38.821506970715134,8.894779716451426,0.4824704085902382,0.09947032342222697,,,,,,,,,,,,,,
1617,18.1145288,-77.7722168,0.096,,0,12,Low Density Rural,60.0,75.0,Saint Elizabeth,Rural,34.64603058204654,7.93809499227347,34.64603058204654,7.93809499227347,37.886493165035375,8.68054944868681,38.821506970715134,8.894779716451426,0.4824704085902382,0.09947032342222697,,,,,,,,,,,,,,
1618,17.9264757,-77.6403809,-0.116,1.441336989402771,0,12,Low Density Rural,84.0,98.0,Saint Elizabeth,Rural,34.64603058204654,7.93809499227347,34.64603058204654,7.93809499227347,46.833308398999655,10.730442842313566,38.821506970715134,8.894779716451426,0.4824704085902382,0.09947032342222697,33.40393711956226,33.50153229575174,7.675867661682523,0.41635421281619184,0.08583922965979651,0.0,0.0,34.650875350738104,34.626864807137046,7.933703731881553,0.4303397501879769,0.08872261048655018,34.60753138898199,34.63502886222999
1619,18.3023803,-78.145752,0.438,1.4081859588623047,0,12,Low Density Rural,54.0,49.0,Westmoreland,Rural,34.64603058204654,7.93809499227347,34.64603058204654,7.93809499227347,26.912602402509396,6.166212716763913,27.175054879500593,6.226345801515998,0.33772928601316676,0.06962922639555888,34.14461071481559,34.24436989250492,7.846066536064241,0.42558613570604914,0.08774256370746673,7.033931245575644,7.651509024403533,34.65074619627431,34.62673574216793,7.933674160528997,0.4303381461794455,0.08872227979010838,34.60755501469312,34.63600837841529
1620,18.0309744,-77.5085449,0.919,18.656715393066406,1,30,Urban Centre,51.0,39.0,Manchester,Urban,22.91662051591443,5.07397966218306,22.91662051591443,5.07397966218306,19.78101763224021,4.379724361782338,18.645000109351066,4.128198190939641,0.2172023027032337,0.04722374302752002,22.776387215918575,25.301773226914353,5.602077439008837,0.294749443557504,0.0640839061410966,1.891874811115724,4.655648534618671,22.838945428124653,21.17685953889076,4.6887783709042,0.2466968425257952,0.05363639405359435,20.370677010447398,22.675384398260437
1621,18.2397857,-77.0471191,0.14,2.749346971511841,0,12,Low Density Rural,25.0,72.0,Saint Ann,Rural,34.64603058204654,7.93809499227347,34.64603058204654,7.93809499227347,36.25562956905614,8.306886147961315,38.821506970715134,8.894779716451426,0.4824704085902382,0.09947032342222697,32.06119875373806,32.154870895737886,7.367320739101516,0.39961801871668146,0.08238874936029003,0.0,0.0,34.65074619627431,34.62673574216793,7.933674160528997,0.4303381461794455,0.08872227979010838,34.604987655981894,34.63512114144663
1622,18.1980434,-77.9919434,-0.184,,0,11,Very Low Density Rural,48.0,191.0,Westmoreland,Rural,34.64603058204654,7.93809499227347,34.64603058204654,7.93809499227347,50.128748591576844,11.485493763026819,50.467959061929676,11.563213631386853,0.6272115311673098,0.12931142044889507,,,,,,,,,,,,,,
1623,18.3440975,-77.0471191,-0.558,0.0,0,12,Low Density Rural,38.0,70.0,Saint Ann,Rural,34.64603058204654,7.93809499227347,34.64603058204654,7.93809499227347,72.86399838376857,16.694591875899956,50.467959061929676,11.563213631386853,0.6272115311673098,0.12931142044889507,44.216586711410606,44.34577284761819,10.160498950566385,0.5511255181613605,0.11362486188103627,0.0,0.0,34.650309286624534,34.62629913526486,7.9335741251999075,0.4303327200657431,0.08872116109500233,34.60830162113958,34.63432822689843
1624,17.8846589,-76.2561035,-0.381,,0,10,Water,82.0,,,Unknown,,,,,,,,,,,,,,,,,,,,,,,,
1625,18.4483464,-77.2009277,-0.341,,0,10,Water,,,,Unknown,,,,,,,,,,,,,,,,,,,,,,,,
1626,18.2189158,-77.9919434,-0.485,1.1487749814987183,0,12,Low Density Rural,38.0,123.0,Westmoreland,Rural,34.64603058204654,7.93809499227347,34.64603058204654,7.93809499227347,67.73443337654928,15.51930646477845,50.467959061929676,11.563213631386853,0.6272115311673098,0.12931142044889507,41.00903935536665,41.128854106751284,9.423438856858017,0.5111459238483821,0.10538231869953545,0.0,0.0,34.650875350738104,34.626864807137046,7.933703731881553,0.4303397501879769,0.08872261048655018,34.60753138898199,34.63432822689843
1627,18.260653,-77.9260254,0.4,0.5564069747924805,0,12,Low Density Rural,35.0,134.0,Westmoreland,Rural,34.64603058204654,7.93809499227347,34.64603058204654,7.93809499227347,27.954960673527406,6.40503773747525,27.175054879500593,6.226345801515998,0.33772928601316676,0.06962922639555888,33.16762555741165,33.26453030994055,7.6215657908730705,0.41340877216090566,0.08523197182722107,4.758645072098404,5.732203029091125,34.650875350738104,34.626864807137046,7.933703731881553,0.4303397501879769,0.08872261048655018,34.60753138898199,34.63432822689843
1628,18.260653,-76.9592285,-0.181,1.3244229555130005,0,12,Low Density Rural,35.0,37.0,Saint Mary,Rural,34.64603058204654,7.93809499227347,34.64603058204654,7.93809499227347,49.97858769976049,11.45108891481369,50.467959061929676,11.563213631386853,0.6272115311673098,0.12931142044889507,34.92932354678897,35.031375393956765,8.026385156264384,0.43536697358374066,0.08975906687473276,0.0,0.0,34.65058665738557,34.62657631382807,7.933637632324032,0.43033616481750775,0.08872187129518465,34.602729891972594,34.63512114144663
1629,18.0309744,-77.0690918,0.72,,0,11,Very Low Density Rural,8.0,21.0,Saint Catherine,Rural,34.64603058204654,7.93809499227347,34.64603058204654,7.93809499227347,20.299467774514824,4.651011985488305,27.175054879500593,6.226345801515998,0.33772928601316676,0.06962922639555888,,,,,,,,,,,,,,
1630,18.4066544,-78.2116699,0.075,,0,11,Very Low Density Rural,53.0,67.0,Hanover,Rural,34.64603058204654,7.93809499227347,34.64603058204654,7.93809499227347,38.690522279348635,8.86476851732896,38.821506970715134,8.894779716451426,0.4824704085902382,0.09947032342222697,,,,,,,,,,,,,,
1631,17.9264757,-76.5637207,-0.519,,0,11,Very Low Density Rural,58.0,69.0,Saint Thomas,Rural,34.64603058204654,7.93809499227347,34.64603058204654,7.93809499227347,70.07700211682914,16.056035575555953,50.467959061929676,11.563213631386853,0.6272115311673098,0.12931142044889507,,,,,,,,,,,,,,
1632,18.2189158,-77.8161621,0.156,,0,11,Very Low Density Rural,46.0,34.0,Saint Elizabeth,Rural,34.64603058204654,7.93809499227347,34.64603058204654,7.93809499227347,35.680155564712365,8.175033602797539,38.821506970715134,8.894779716451426,0.4824704085902382,0.09947032342222697,,,,,,,,,,,,,,
1633,18.1145288,-77.0251465,0.222,0.9760230183601379,0,11,Very Low Density Rural,6.0,43.0,Saint Catherine,Rural,34.64603058204654,7.93809499227347,34.64603058204654,7.93809499227347,33.401294866853604,7.652901272199887,38.821506970715134,8.894779716451426,0.4824704085902382,0.09947032342222697,31.466751019792024,31.558686383545556,7.230723004492423,0.3922086879709794,0.08086117686569756,0.0,0.0,34.57252774924877,34.54857149485347,7.915765176158843,0.42936672751794414,0.08852200361416578,34.316075650061904,34.838266917561754
1634,18.4275017,-77.7502441,0.487,,0,12,Low Density Rural,17.0,41.0,Saint James,Rural,34.64603058204654,7.93809499227347,34.64603058204654,7.93809499227347,25.625672158748092,5.871351390609549,27.175054879500593,6.226345801515998,0.33772928601316676,0.06962922639555888,,,,,,,,,,,,,,
1635,18.2815179,-77.0910645,-0.082,,0,12,Low Density Rural,25.0,43.0,Saint Ann,Rural,34.64603058204654,7.93809499227347,34.64603058204654,7.93809499227347,45.26774136637348,10.371740283521788,38.821506970715134,8.894779716451426,0.4824704085902382,0.09947032342222697,,,,,,,,,,,,,,
1636,18.3858046,-77.244873,0.028,,0,12,Low Density Rural,37.0,96.0,Saint Ann,Rural,34.64603058204654,7.93809499227347,34.64603058204654,7.93809499227347,40.55238794377207,9.29135898840891,38.821506970715134,8.894779716451426,0.4824704085902382,0.09947032342222697,,,,,,,,,,,,,,
1637,18.0309744,-77.7282715,-0.006,0.8300560116767883,0,12,Low Density Rural,73.0,133.0,Saint Elizabeth,Rural,34.64603058204654,7.93809499227347,34.64603058204654,7.93809499227347,41.954876332693495,9.612696984992796,38.821506970715134,8.894779716451426,0.4824704085902382,0.09947032342222697,32.44254296239882,32.53732926513664,7.454949561678685,0.40437117901753655,0.08336870250142721,0.0,0.0,34.650875350738104,34.626864807137046,7.933703731881553,0.4303397501879769,0.08872261048655018,34.60753138898199,34.63452707933807
1638,18.0100796,-77.4865723,0.629,1.5962239503860474,1,21,Suburban / Peri-urban,54.0,39.0,Manchester,Urban,22.91662051591443,5.07397966218306,22.91662051591443,5.07397966218306,26.43589570484236,5.853184027060734,26.635714441930098,5.89742598705663,0.31028900386176245,0.06746249003931432,22.340146611138778,24.81716340930482,5.494779752731865,0.28910404974253723,0.06285649453684951,0.0,0.0,22.895136746401928,21.22896157916262,4.7003143079990295,0.24730379790558676,0.053768357225843076,21.0665747183371,21.521983519314258
1639,18.3440975,-78.0358887,0.119,,0,11,Very Low Density Rural,55.0,166.0,Hanover,Rural,34.64603058204654,7.93809499227347,34.64603058204654,7.93809499227347,37.02504841192176,8.483175314740421,38.821506970715134,8.894779716451426,0.4824704085902382,0.09947032342222697,,,,,,,,,,,,,,
1640,18.1980434,-77.6403809,0.028,1.1869250535964966,0,12,Low Density Rural,66.0,125.0,Saint Elizabeth,Rural,34.64603058204654,7.93809499227347,34.64603058204654,7.93809499227347,40.55238794377207,9.29135898840891,38.821506970715134,8.894779716451426,0.4824704085902382,0.09947032342222697,32.32154493369448,32.4159777205013,7.427145508152461,0.40286303227384024,0.0830577697650507,0.0,0.0,34.650875350738104,34.626864807137046,7.933703731881553,0.4303397501879769,0.08872261048655018,34.60753138898199,34.63502886222999
1641,18.1771685,-76.6516113,-0.487,,0,12,Low Density Rural,33.0,61.0,Portland,Rural,34.64603058204654,7.93809499227347,34.64603058204654,7.93809499227347,67.87003780252688,15.550376137023697,50.467959061929676,11.563213631386853,0.6272115311673098,0.12931142044889507,,,,,,,,,,,,,,
1642,17.9473804,-76.7614746,0.83,,0,10,Water,,,,Unknown,,,,,,,,,,,,,,,,,,,,,,,,
1643,17.9682826,-76.3220215,-0.725,0.0,0,12,Low Density Rural,69.0,222.0,Saint Thomas,Rural,34.64603058204654,7.93809499227347,34.64603058204654,7.93809499227347,86.10734087744005,19.728905156927087,50.467959061929676,11.563213631386853,0.6272115311673098,0.12931142044889507,50.22460764456328,50.3713472164459,11.541077935206223,0.6260108473144038,0.1290638769538953,0.0,0.0,34.65009029081241,34.62608029120094,7.9335239836703115,0.430330000290207,0.08872060036226642,34.6075741747178,34.633440492397064
1644,18.4483464,-77.9040527,0.96,6.218443870544434,1,30,Urban Centre,0.0,4.0,Saint James,Urban,22.91662051591443,5.07397966218306,22.91662051591443,5.07397966218306,18.986396943435196,4.203787023580721,18.645000109351066,4.128198190939641,0.2172023027032337,0.04722374302752002,19.832418619683214,22.031385122647993,4.877979279903339,0.2566515179574038,0.05580072209548878,0.0,2.1997623368529586,25.17993462985916,23.347485133807396,5.169377598664356,0.2719832396701973,0.05913411809232425,21.863861831095583,27.47916936326692
1645,18.2397857,-78.0358887,-0.42,,0,11,Very Low Density Rural,67.0,44.0,Westmoreland,Rural,34.64603058204654,7.93809499227347,34.64603058204654,7.93809499227347,63.471733667468754,14.542637142326482,50.467959061929676,11.563213631386853,0.6272115311673098,0.12931142044889507,,,,,,,,,,,,,,
1646,18.3858046,-76.9152832,-0.016,1.351228952407837,0,11,Very Low Density Rural,54.0,86.0,Saint Mary,Rural,34.64603058204654,7.93809499227347,34.64603058204654,7.93809499227347,42.37652984983268,9.709306195821453,38.821506970715134,8.894779716451426,0.4824704085902382,0.09947032342222697,33.18389940584092,33.280851705133514,7.625305347274529,0.41361161308136385,0.0852737912872377,0.0,0.0,34.65074619627431,34.62673574216793,7.933674160528997,0.4303381461794455,0.08872227979010838,34.60753138898199,34.63512114144663
1647,18.0309744,-77.2888184,-0.085,,0,11,Very Low Density Rural,21.0,50.0,Clarendon,Rural,34.64603058204654,7.93809499227347,34.64603058204654,7.93809499227347,45.403748499166454,10.402902223911488,38.821506970715134,8.894779716451426,0.4824704085902382,0.09947032342222697,,,,,,,,,,,,,,
1648,18.0727566,-77.2668457,0.21,4.497325897216797,0,12,Low Density Rural,33.0,34.0,Clarendon,Rural,34.64603058204654,7.93809499227347,34.64603058204654,7.93809499227347,33.8045249469873,7.745289307021458,38.821506970715134,8.894779716451426,0.4824704085902382,0.09947032342222697,32.54153727061038,32.63661280173817,7.4776973954556425,0.4056050664219219,0.08362309153129424,0.0,0.0,34.65058665738557,34.62657631382807,7.933637632324032,0.43033616481750775,0.08872187129518465,34.57654743566532,34.64186898941144
1649,18.1980434,-76.9592285,0.155,1.0349149703979492,0,11,Very Low Density Rural,26.0,58.0,Saint Catherine,Rural,34.64603058204654,7.93809499227347,34.64603058204654,7.93809499227347,35.71585356630304,8.183212725279985,38.821506970715134,8.894779716451426,0.4824704085902382,0.09947032342222697,32.72891509491201,32.82453808162,7.520754816409505,0.407940585922425,0.08410460267879193,0.0,0.0,34.65074619627431,34.62673574216793,7.933674160528997,0.4303381461794455,0.08872227979010838,34.60753138898199,34.634619358554716
1650,18.3649523,-78.2995605,0.847,14.545955657958984,1,22,Semi-dense Urban Cluster,57.0,107.0,Hanover,Urban,22.91662051591443,5.07397966218306,22.91662051591443,5.07397966218306,21.25777630950747,4.706694190915865,18.645000109351066,4.128198190939641,0.2172023027032337,0.04722374302752002,23.39554310050447,25.989579490277883,5.754364945336618,0.3027619457479084,0.06582597028930265,1.7982197619279734,3.244432557244134,22.428622056929488,20.79639712110225,4.604540009111575,0.24226469917631574,0.05267276523386253,19.728417504092057,21.478065836395892
1651,18.3649523,-78.0358887,-0.205,2.9908859729766846,0,12,Low Density Rural,29.0,151.0,Hanover,Rural,34.64603058204654,7.93809499227347,34.64603058204654,7.93809499227347,51.19258348271198,11.729239504748287,50.467959061929676,11.563213631386853,0.6272115311673098,0.12931142044889507,33.99201426034378,34.091327602028606,7.811001502084111,0.4236841390506026,0.08735043142516144,0.0,0.0,34.650875350738104,34.626864807137046,7.933703731881553,0.4303397501879769,0.08872261048655018,34.605418159809105,34.63507636031139
1652,17.9891824,-76.8054199,1.297,53.60445022583008,1,30,Urban Centre,0.0,2.0,Saint Andrew,Kingston Metropolitan Area (KMA),34.567489297207274,6.3937660639451295,34.567489297207274,6.3937660639451295,26.863910685722548,4.9688757841346165,24.564308502395935,4.543530504530647,0.30514316689380344,0.04581462172724751,38.88480698385051,34.97830552615694,6.469752573714252,0.43450809615868086,0.06523765308454199,9.636725986954218,12.23168409074738,32.499230974133894,36.20329312597996,6.696332065130621,0.4497251577575928,0.06752236398943014,31.73777635445629,38.74077172122185
1653,17.8846589,-77.1569824,-0.147,,0,12,Low Density Rural,8.0,17.0,Clarendon,Rural,34.64603058204654,7.93809499227347,34.64603058204654,7.93809499227347,48.307878712615086,11.068296242129342,50.467959061929676,11.563213631386853,0.6272115311673098,0.12931142044889507,,,,,,,,,,,,,,
1654,18.0727566,-76.6516113,-0.509,0.17550000548362732,0,11,Very Low Density Rural,23.0,135.0,Saint Andrew,Rural,34.64603058204654,7.93809499227347,34.64603058204654,7.93809499227347,69.37972429540677,15.896275352249898,50.467959061929676,11.563213631386853,0.6272115311673098,0.12931142044889507,41.886231740607776,42.0086093559172,9.625008289791817,0.5220794477542076,0.10763646971002938,0.0,0.0,34.650438441088326,34.626428200233974,7.9336036965524634,0.4303343240742745,0.08872149179144413,34.60786013810286,34.63432822689843
1655,18.3023803,-77.9260254,-0.438,,0,11,Very Low Density Rural,26.0,96.0,Westmoreland,Rural,34.64603058204654,7.93809499227347,34.64603058204654,7.93809499227347,64.62456926749027,14.806774717387897,50.467959061929676,11.563213631386853,0.6272115311673098,0.12931142044889507,,,,,,,,,,,,,,
1656,18.2397857,-76.8493652,0.077,,0,12,Low Density Rural,29.0,245.0,Saint Mary,Rural,34.64603058204654,7.93809499227347,34.64603058204654,7.93809499227347,38.61321856427291,8.847056698017553,38.821506970715134,8.894779716451426,0.4824704085902382,0.09947032342222697,,,,,,,,,,,,,,
1657,17.9891824,-77.310791,0.108,,0,11,Very Low Density Rural,18.0,9.0,Clarendon,Rural,34.64603058204654,7.93809499227347,34.64603058204654,7.93809499227347,37.43457219590833,8.577005362346661,38.821506970715134,8.894779716451426,0.4824704085902382,0.09947032342222697,,,,,,,,,,,,,,
1658,18.1771685,-77.3327637,0.222,0.7546460032463074,0,12,Low Density Rural,47.0,63.0,Clarendon,Rural,34.64603058204654,7.93809499227347,34.64603058204654,7.93809499227347,33.401294866853604,7.652901272199887,38.821506970715134,8.894779716451426,0.4824704085902382,0.09947032342222697,32.82380592499066,32.91970615109253,7.542559714777738,0.4091233266490483,0.08434844686178673,0.0,0.0,34.65074619627431,34.62673574216793,7.933674160528997,0.4303381461794455,0.08872227979010838,34.60753138898199,34.634619358554716
1659,18.1145288,-76.9592285,0.038,,0,11,Very Low Density Rural,11.0,173.0,Saint Catherine,Rural,34.64603058204654,7.93809499227347,34.64603058204654,7.93809499227347,40.1488849418633,9.19890842177808,38.821506970715134,8.894779716451426,0.4824704085902382,0.09947032342222697,,,,,,,,,,,,,,
1660,18.1562911,-77.8161621,0.215,,0,12,Low Density Rural,47.0,81.0,Saint Elizabeth,Rural,34.64603058204654,7.93809499227347,34.64603058204654,7.93809499227347,33.63592417543271,7.706659515443993,38.821506970715134,8.894779716451426,0.4824704085902382,0.09947032342222697,,,,,,,,,,,,,,
1661,18.0727566,-77.5305176,0.603,,0,11,Very Low Density Rural,53.0,43.0,Manchester,Rural,34.64603058204654,7.93809499227347,34.64603058204654,7.93809499227347,22.81902613770903,5.228292940610964,27.175054879500593,6.226345801515998,0.33772928601316676,0.06962922639555888,,,,,,,,,,,,,,
1662,18.260653,-76.7614746,0.377,0.16242000460624695,0,12,Low Density Rural,34.0,37.0,Saint Mary,Rural,34.64603058204654,7.93809499227347,34.64603058204654,7.93809499227347,28.60537587157894,6.5540608012956385,27.175054879500593,6.226345801515998,0.33772928601316676,0.06962922639555888,33.92755384470023,34.02667885452467,7.796189187651655,0.42288068987881744,0.08718478530977726,4.976121871935792,5.837457264504624,34.650309286624534,34.62629913526486,7.9335741251999075,0.4303327200657431,0.08872116109500233,34.602729891972594,34.63349170239746
1663,17.9473804,-77.310791,-0.298,1.2921489477157593,0,11,Very Low Density Rural,20.0,30.0,Clarendon,Rural,34.64603058204654,7.93809499227347,34.64603058204654,7.93809499227347,56.18190150179324,12.872391540255993,50.467959061929676,11.563213631386853,0.6272115311673098,0.12931142044889507,36.88387938280056,36.9916417909871,8.475521193160109,0.45972899874248524,0.09478175526891126,0.0,0.0,34.65058665738557,34.62657631382807,7.933637632324032,0.43033616481750775,0.08872187129518465,34.602729891972594,34.640392516567694
1664,17.9473804,-77.6184082,0.722,,0,11,Very Low Density Rural,80.0,59.0,Saint Elizabeth,Rural,34.64603058204654,7.93809499227347,34.64603058204654,7.93809499227347,20.25890941084891,4.641719257343049,27.175054879500593,6.226345801515998,0.33772928601316676,0.06962922639555888,,,,,,,,,,,,,,
1665,18.3858046,-77.6403809,0.307,,0,11,Very Low Density Rural,46.0,325.0,Trelawny,Rural,34.64603058204654,7.93809499227347,34.64603058204654,7.93809499227347,30.679499650120373,7.029283829827137,27.175054879500593,6.226345801515998,0.33772928601316676,0.06962922639555888,,,,,,,,,,,,,,
1666,17.9264757,-76.5856934,-0.106,0.9305340051651001,1,21,Suburban / Peri-urban,21.0,32.0,Saint Thomas,Urban,22.91662051591443,5.07397966218306,22.91662051591443,5.07397966218306,55.13158444818975,12.206709887253222,34.62642877450913,7.66665378317362,0.40337570502029124,0.08770123705110862,24.187464760931476,26.86930734508014,5.949145900950154,0.313010211486421,0.06805413021988359,0.0,0.0,23.054604983650037,21.37682464366993,4.7330527382390875,0.24902630784966753,0.0541428623114211,20.83254499687806,21.612422548309866
1667,17.9682826,-77.5305176,0.284,,0,12,Low Density Rural,63.0,60.0,Manchester,Rural,34.64603058204654,7.93809499227347,34.64603058204654,7.93809499227347,31.393305442018747,7.192830940042427,27.175054879500593,6.226345801515998,0.33772928601316676,0.06962922639555888,,,,,,,,,,,,,,
1668,18.2815179,-77.0690918,-0.437,,0,11,Very Low Density Rural,27.0,65.0,Saint Ann,Rural,34.64603058204654,7.93809499227347,34.64603058204654,7.93809499227347,64.55997699973935,14.791975343590687,50.467959061929676,11.563213631386853,0.6272115311673098,0.12931142044889507,,,,,,,,,,,,,,
1669,18.4066544,-77.7282715,0.41,2.2108590602874756,0,12,Low Density Rural,24.0,25.0,Trelawny,Rural,34.64603058204654,7.93809499227347,34.64603058204654,7.93809499227347,27.67680416729034,6.341306547144519,27.175054879500593,6.226345801515998,0.33772928601316676,0.06962922639555888,33.736948602476744,33.83551672728099,7.752390140560478,0.42050494311278364,0.08669498055703148,5.8040292640217,6.440958396133625,34.65058665738557,34.62657631382807,7.933637632324032,0.43033616481750775,0.08872187129518465,34.60008348926964,34.640256236851776
1670,17.8219152,-77.2888184,0.751,1.140089988708496,0,12,Low Density Rural,33.0,24.0,Clarendon,Rural,34.64603058204654,7.93809499227347,34.64603058204654,7.93809499227347,19.67983815383608,4.50904251001474,27.175054879500593,6.226345801515998,0.33772928601316676,0.06962922639555888,38.411740228234265,38.52396653682481,8.826607282594383,0.47877260121713777,0.09870795108020052,18.317846309128402,19.386997421495096,34.63743765888201,34.613436426626855,7.930627022709058,0.43017286340956445,0.08868820364723316,34.44566945788323,34.74384946527484
1671,18.4066544,-77.8161621,0.003,1.1227749586105347,0,12,Low Density Rural,18.0,150.0,Saint James,Rural,34.64603058204654,7.93809499227347,34.64603058204654,7.93809499227347,41.578976532122056,9.526570861036218,38.821506970715134,8.894779716451426,0.4824704085902382,0.09947032342222697,31.74427587169098,31.837022070608075,7.294495248715601,0.39566782037311926,0.08157434188613177,0.0,0.0,34.650875350738104,34.626864807137046,7.933703731881553,0.4303397501879769,0.08872261048655018,34.60753138898199,34.64768604232013
1672,17.9473804,-77.0910645,0.736,0.12308900058269501,0,12,Low Density Rural,0.0,17.0,Saint Catherine,Rural,34.64603058204654,7.93809499227347,34.64603058204654,7.93809499227347,19.977260819481895,4.577187960823617,27.175054879500593,6.226345801515998,0.33772928601316676,0.06962922639555888,33.93251117727082,34.03165067076956,7.797328329682446,0.4229424791910386,0.08719752433534493,12.694705102918732,14.950875017047386,34.5363500972448,34.51241891133859,7.907481899912302,0.42891742626456486,0.08842937173417495,33.86917378218008,35.638721821917066
1673,18.3023803,-77.5744629,0.354,1.3946160078048706,0,12,Low Density Rural,57.0,63.0,Trelawny,Rural,34.64603058204654,7.93809499227347,34.64603058204654,7.93809499227347,29.27092398055805,6.70655111612385,27.175054879500593,6.226345801515998,0.33772928601316676,0.06962922639555888,33.33316930683849,33.43055772305454,7.6596059748271665,0.4154721468233759,0.08565737521230507,3.878128381795074,4.397066715589626,34.65074619627431,34.62673574216793,7.933674160528997,0.4303381461794455,0.08872227979010838,34.60753138898199,34.63512114144663
1674,18.4691886,-77.8381348,0.256,,0,11,Very Low Density Rural,10.0,13.0,Saint James,Rural,34.64603058204654,7.93809499227347,34.64603058204654,7.93809499227347,32.284739836295714,7.397076297512534,27.175054879500593,6.226345801515998,0.33772928601316676,0.06962922639555888,,,,,,,,,,,,,,
1675,18.5317,-77.8601074,0.906,,1,21,Suburban / Peri-urban,,,,Unknown,,,,,,,,,,,,,,,,,,,,,,,,
1676,18.3649523,-78.2336426,0.204,1.4549349546432495,0,12,Low Density Rural,53.0,81.0,Hanover,Rural,34.64603058204654,7.93809499227347,34.64603058204654,7.93809499227347,34.00796179690881,7.791900737320277,38.821506970715134,8.894779716451426,0.4824704085902382,0.09947032342222697,32.50033163953026,32.59528678153114,7.468228781922004,0.40509147013443786,0.08351720402417485,0.0,0.0,34.65074619627431,34.62673574216793,7.933674160528997,0.4303381461794455,0.08872227979010838,34.60753138898199,34.63512114144663
1677,18.0100796,-76.6516113,-0.303,0.32143300771713257,0,12,Low Density Rural,14.0,25.0,Saint Andrew,Rural,34.64603058204654,7.93809499227347,34.64603058204654,7.93809499227347,56.463514454991795,12.936914671361903,50.467959061929676,11.563213631386853,0.6272115311673098,0.12931142044889507,36.61967857416764,36.72666907560631,8.41481067164532,0.45643594022336414,0.09410282949416288,0.0,0.0,34.647457010385025,34.62344883544592,7.932921064796189,0.43029729678041617,0.0887138579203715,34.60438123148297,34.6779339548958
1678,18.3232401,-77.8820801,0.022,0.7492539882659912,0,11,Very Low Density Rural,47.0,134.0,Saint James,Rural,34.64603058204654,7.93809499227347,34.64603058204654,7.93809499227347,40.796433676496115,9.347274721792415,38.821506970715134,8.894779716451426,0.4824704085902382,0.09947032342222697,32.698103012645916,32.79363597671416,7.513674529286197,0.4075565371735841,0.08402542382641685,0.0,0.0,34.650875350738104,34.626864807137046,7.933703731881553,0.4303397501879769,0.08872261048655018,34.60753138898199,34.63457457741948
1679,18.3232401,-77.1789551,0.58,8.116296768188477,0,13,Rural Cluster,27.0,46.0,Saint Ann,Rural,34.64603058204654,7.93809499227347,34.64603058204654,7.93809499227347,23.34994591177103,5.349937225078127,27.175054879500593,6.226345801515998,0.33772928601316676,0.06962922639555888,34.68882106074561,34.79017023976937,7.971120255945392,0.43236929630700194,0.0891410394829515,10.72808111284249,11.928953429745047,34.602446763944954,34.578469777842315,7.92261546770694,0.4297383008528138,0.08859861042597535,34.05912148154245,34.63044257292892
1680,18.0518668,-77.442627,0.369,,0,12,Low Density Rural,40.0,28.0,Manchester,Rural,34.64603058204654,7.93809499227347,34.64603058204654,7.93809499227347,28.835136696461337,6.606703578051851,27.175054879500593,6.226345801515998,0.33772928601316676,0.06962922639555888,,,,,,,,,,,,,,
1681,17.9682826,-76.607666,-0.454,1.5667270421981812,0,11,Very Low Density Rural,22.0,32.0,Saint Thomas,Rural,34.64603058204654,7.93809499227347,34.64603058204654,7.93809499227347,65.66687861471001,15.045588528683565,50.467959061929676,11.563213631386853,0.6272115311673098,0.12931142044889507,40.75189464673918,40.870958106949516,9.364349751694707,0.507940814152563,0.10472152522418345,0.0,0.0,34.65058665738557,34.62657631382807,7.933637632324032,0.43033616481750775,0.08872187129518465,34.602729891972594,34.63783521659482
1682,18.2189158,-77.8820801,-0.209,0.8448799848556519,0,11,Very Low Density Rural,37.0,35.0,Saint James,Rural,34.64603058204654,7.93809499227347,34.64603058204654,7.93809499227347,51.397763903911404,11.776250421920418,50.467959061929676,11.563213631386853,0.6272115311673098,0.12931142044889507,35.75044832628109,35.85489922650785,8.215070852760281,0.4456016581948878,0.0918691390579574,0.0,0.0,34.65058665738557,34.62657631382807,7.933637632324032,0.43033616481750775,0.08872187129518465,34.602729891972594,34.63321612812324
1683,18.2397857,-76.8933105,0.657,5.245489120483398,0,13,Rural Cluster,31.0,43.0,Saint Mary,Rural,34.64603058204654,7.93809499227347,34.64603058204654,7.93809499227347,21.61947800196926,4.953452594131527,27.175054879500593,6.226345801515998,0.33772928601316676,0.06962922639555888,36.01213272416231,36.11734817902303,8.275203129984783,0.44886335160234875,0.09254159832668706,13.764990093630827,14.918294095999396,34.68976929882425,34.66573180453791,7.942608934360719,0.43082278594778955,0.08882219736773002,34.5607373503283,34.87702051967974
1684,18.1562911,-76.7175293,-0.249,,0,11,Very Low Density Rural,63.0,51.0,Portland,Rural,34.64603058204654,7.93809499227347,34.64603058204654,7.93809499227347,53.49534644058762,12.25684831872243,50.467959061929676,11.563213631386853,0.6272115311673098,0.12931142044889507,,,,,,,,,,,,,,
1685,18.4066544,-77.4865723,0.369,,0,12,Low Density Rural,52.0,58.0,Trelawny,Rural,34.64603058204654,7.93809499227347,34.64603058204654,7.93809499227347,28.835136696461337,6.606703578051851,27.175054879500593,6.226345801515998,0.33772928601316676,0.06962922639555888,,,,,,,,,,,,,,
1686,18.0518668,-77.2668457,0.196,0.6369010210037231,0,12,Low Density Rural,51.0,83.0,Clarendon,Rural,34.64603058204654,7.93809499227347,34.64603058204654,7.93809499227347,34.281116653887636,7.854485950283244,38.821506970715134,8.894779716451426,0.4824704085902382,0.09947032342222697,32.61801699108768,32.71331597048051,7.495271617652416,0.4065583269223759,0.0838196240617822,0.0,0.0,34.65074619627431,34.62673574216793,7.933674160528997,0.4303381461794455,0.08872227979010838,34.60753138898199,34.63432822689843
1687,18.1562911,-77.7502441,0.268,,0,11,Very Low Density Rural,49.0,43.0,Saint Elizabeth,Rural,34.64603058204654,7.93809499227347,34.64603058204654,7.93809499227347,31.899638189350508,7.308841847453596,27.175054879500593,6.226345801515998,0.33772928601316676,0.06962922639555888,,,,,,,,,,,,,,
1688,18.2397857,-78.1018066,0.335,4.064608097076416,0,12,Low Density Rural,46.0,49.0,Westmoreland,Rural,34.64603058204654,7.93809499227347,34.64603058204654,7.93809499227347,29.832388559059975,6.835193823068024,27.175054879500593,6.226345801515998,0.33772928601316676,0.06962922639555888,33.06359109939126,33.160191897891515,7.597659784549292,0.41211206319154675,0.08496463095352165,2.987442150380203,3.591701176415626,34.65074619627431,34.62673574216793,7.933674160528997,0.4303381461794455,0.08872227979010838,34.59384490133966,34.658589441419764
1689,18.0518668,-77.4206543,-0.199,,0,12,Low Density Rural,56.0,26.0,Manchester,Rural,34.64603058204654,7.93809499227347,34.64603058204654,7.93809499227347,50.88634760814648,11.65907477241088,50.467959061929676,11.563213631386853,0.6272115311673098,0.12931142044889507,,,,,,,,,,,,,,
1690,18.2397857,-77.5085449,0.192,,0,12,Low Density Rural,69.0,80.0,Trelawny,Rural,34.64603058204654,7.93809499227347,34.64603058204654,7.93809499227347,34.41851573546762,7.88596681383701,38.821506970715134,8.894779716451426,0.4824704085902382,0.09947032342222697,,,,,,,,,,,,,,
1691,17.8637468,-77.1569824,-0.151,,0,11,Very Low Density Rural,18.0,19.0,Clarendon,Rural,34.64603058204654,7.93809499227347,34.64603058204654,7.93809499227347,48.50149720629498,11.112658091647779,50.467959061929676,11.563213631386853,0.6272115311673098,0.12931142044889507,,,,,,,,,,,,,,
1692,17.8637468,-77.310791,0.03,,0,11,Very Low Density Rural,37.0,51.0,Clarendon,Rural,34.64603058204654,7.93809499227347,34.64603058204654,7.93809499227347,40.47136421861758,9.272794840767782,38.821506970715134,8.894779716451426,0.4824704085902382,0.09947032342222697,,,,,,,,,,,,,,
1693,18.0100796,-76.739502,0.848,118.08141326904297,1,30,Urban Centre,0.0,8.0,Saint Andrew,Kingston Metropolitan Area (KMA),34.567489297207274,6.3937660639451295,34.567489297207274,6.3937660639451295,42.08888853833905,7.784959587080643,45.619430075878164,8.437985222699773,0.5666944528027779,0.08508429749345968,36.83162162369415,33.131390229413704,6.1281383984477795,0.411565313845966,0.06179299166961532,0.0,0.0,29.31511239409618,32.65626832429366,6.040257607133297,0.40566324651218355,0.060906847027877055,28.138186620519978,36.63534498902201
1694,18.260653,-77.1789551,-0.391,,0,11,Very Low Density Rural,35.0,69.0,Saint Ann,Rural,34.64603058204654,7.93809499227347,34.64603058204654,7.93809499227347,61.65748711281847,14.126957156819522,50.467959061929676,11.563213631386853,0.6272115311673098,0.12931142044889507,,,,,,,,,,,,,,
1695,18.1354112,-77.1350098,0.129,,0,11,Very Low Density Rural,40.0,28.0,Saint Catherine,Rural,34.64603058204654,7.93809499227347,34.64603058204654,7.93809499227347,36.656643024778035,8.3987663100238,38.821506970715134,8.894779716451426,0.4824704085902382,0.09947032342222697,,,,,,,,,,,,,,
1696,18.1771685,-76.541748,-0.35,,0,11,Very Low Density Rural,75.0,79.0,Portland,Rural,34.64603058204654,7.93809499227347,34.64603058204654,7.93809499227347,59.18065221026418,13.55946499663991,50.467959061929676,11.563213631386853,0.6272115311673098,0.12931142044889507,,,,,,,,,,,,,,
1697,18.093644,-77.244873,-0.072,0.0,0,12,Low Density Rural,35.0,43.0,Clarendon,Rural,34.64603058204654,7.93809499227347,34.64603058204654,7.93809499227347,44.8173198139784,10.268539743390296,38.821506970715134,8.894779716451426,0.4824704085902382,0.09947032342222697,33.94308456106107,34.042254946464865,7.799757980247877,0.42307426823342115,0.08722469511812435,0.0,0.0,34.650309286624534,34.62629913526486,7.9335741251999075,0.4303327200657431,0.08872116109500233,34.6065317403543,34.63432822689843
1698,18.260653,-76.8713379,0.464,0.0,0,12,Low Density Rural,33.0,66.0,Saint Mary,Rural,34.64603058204654,7.93809499227347,34.64603058204654,7.93809499227347,26.221892873453633,6.007957419934776,27.175054879500593,6.226345801515998,0.33772928601316676,0.06962922639555888,34.43254711231024,34.53314754423089,7.9122312421657925,0.4291750399627814,0.08848248362958523,7.807632025702048,8.803402008902017,34.650309286624534,34.62629913526486,7.9335741251999075,0.4303327200657431,0.08872116109500233,34.60717262522007,34.63572016089688
1699,18.2189158,-77.9040527,-0.544,0.9287530183792114,0,11,Very Low Density Rural,67.0,56.0,Westmoreland,Rural,34.64603058204654,7.93809499227347,34.64603058204654,7.93809499227347,71.85100987140733,16.46249605129567,50.467959061929676,11.563213631386853,0.6272115311673098,0.12931142044889507,43.87152226529698,43.99970023814662,10.081206829591554,0.5468245570106356,0.1127381380756549,0.0,0.0,34.65074619627431,34.62673574216793,7.933674160528997,0.4303381461794455,0.08872227979010838,34.60753138898199,34.634571860473315
1700,17.9055685,-77.7502441,0.04,3.480884075164795,0,12,Low Density Rural,91.0,153.0,Saint Elizabeth,Rural,34.64603058204654,7.93809499227347,34.64603058204654,7.93809499227347,40.06866741624437,9.180528990492286,38.821506970715134,8.894779716451426,0.4824704085902382,0.09947032342222697,31.519580065311285,31.611669777936534,7.242862554409769,0.3928671611198862,0.08099693345495243,0.0,0.0,34.650875350738104,34.626864807137046,7.933703731881553,0.4303397501879769,0.08872261048655018,34.60571777423219,34.63600837841529
1701,18.4900283,-77.7722168,0.819,,0,11,Very Low Density Rural,16.0,81.0,Saint James,Rural,34.64603058204654,7.93809499227347,34.64603058204654,7.93809499227347,18.38609491352581,4.212620190786159,27.175054879500593,6.226345801515998,0.33772928601316676,0.06962922639555888,,,,,,,,,,,,,,
1702,18.4066544,-77.9260254,0.374,0.0,0,12,Low Density Rural,6.0,9.0,Saint James,Rural,34.64603058204654,7.93809499227347,34.64603058204654,7.93809499227347,28.69132085220589,6.573752506488538,27.175054879500593,6.226345801515998,0.33772928601316676,0.06962922639555888,32.692256520002616,32.787772402567036,7.512331067775826,0.40748366516949897,0.08401039989606648,3.498707407854228,4.611668457722459,34.37892471283649,34.35510261130458,7.8714376052983575,0.4269623125794477,0.0880262883799977,33.88290034840988,35.02524648740499
1703,18.2397857,-78.1896973,0.521,0.9582800269126892,1,21,Suburban / Peri-urban,56.0,59.0,Westmoreland,Urban,22.91662051591443,5.07397966218306,22.91662051591443,5.07397966218306,29.45085000725143,6.5207264686790944,26.635714441930098,5.89742598705663,0.31028900386176245,0.06746249003931432,21.349300319080605,23.716454682028566,5.251071318833043,0.27628149845437483,0.060068637965104414,0.0,0.0,22.826093263987485,21.164942680664527,4.686139853753077,0.24655801876432862,0.05360621123529076,20.964960123402303,21.327102507940932
1704,17.9055685,-77.1569824,0.709,55.315025329589844,1,23,Dense Urban Cluster,4.0,15.0,Clarendon,Urban,22.91662051591443,5.07397966218306,22.91662051591443,5.07397966218306,24.403407456512237,5.40316985378892,26.635714441930098,5.89742598705663,0.31028900386176245,0.06746249003931432,19.141313261952412,21.26365181747354,4.707995089881493,0.2477079169508142,0.05385622007861597,0.0,0.0,23.234908110295752,21.544006355251813,4.770068519159592,0.25097386765189256,0.054566297341742405,20.274955005777862,23.314726562518526
1705,17.8428322,-77.1789551,-0.222,,0,12,Low Density Rural,14.0,48.0,Clarendon,Rural,34.64603058204654,7.93809499227347,34.64603058204654,7.93809499227347,52.070296827184876,11.930341096687144,50.467959061929676,11.563213631386853,0.6272115311673098,0.12931142044889507,,,,,,,,,,,,,,
1706,17.9891824,-77.6403809,-0.226,,0,11,Very Low Density Rural,93.0,57.0,Saint Elizabeth,Rural,34.64603058204654,7.93809499227347,34.64603058204654,7.93809499227347,52.278995132840585,11.978158031186995,50.467959061929676,11.563213631386853,0.6272115311673098,0.12931142044889507,,,,,,,,,,,,,,
1707,18.2189158,-78.2556152,0.156,,0,11,Very Low Density Rural,72.0,152.0,Westmoreland,Rural,34.64603058204654,7.93809499227347,34.64603058204654,7.93809499227347,35.680155564712365,8.175033602797539,38.821506970715134,8.894779716451426,0.4824704085902382,0.09947032342222697,,,,,,,,,,,,,,
1708,17.8637468,-77.1789551,-0.451,,0,11,Very Low Density Rural,27.0,65.0,Clarendon,Rural,34.64603058204654,7.93809499227347,34.64603058204654,7.93809499227347,65.47017318454019,15.000519400591493,50.467959061929676,11.563213631386853,0.6272115311673098,0.12931142044889507,,,,,,,,,,,,,,
1709,18.0727566,-77.4865723,0.71,0.5521510243415833,0,11,Very Low Density Rural,46.0,35.0,Manchester,Rural,34.64603058204654,7.93809499227347,34.64603058204654,7.93809499227347,20.50348081736838,4.69775543305293,27.175054879500593,6.226345801515998,0.33772928601316676,0.06962922639555888,38.13197200102255,38.24338092005421,8.762319534706034,0.47528550687868326,0.09798902118217132,17.305595517017558,18.28064556461699,34.63743765888201,34.613436426626855,7.930627022709058,0.43017286340956445,0.08868820364723316,34.49581182268385,34.68852696054673
1710,18.1771685,-78.013916,-0.383,,0,11,Very Low Density Rural,95.0,108.0,Westmoreland,Rural,34.64603058204654,7.93809499227347,34.64603058204654,7.93809499227347,61.1661950045707,14.014392359100789,50.467959061929676,11.563213631386853,0.6272115311673098,0.12931142044889507,,,,,,,,,,,,,,
1711,18.0518668,-76.9372559,0.423,1.5222899913787842,0,12,Low Density Rural,3.0,12.0,Saint Catherine,Rural,34.64603058204654,7.93809499227347,34.64603058204654,7.93809499227347,27.31933430159567,6.259403087986633,27.175054879500593,6.226345801515998,0.33772928601316676,0.06962922639555888,31.889636624498408,31.98280751911022,7.327897595802972,0.3974796296096437,0.08194788034056893,4.122213702965053,5.205403694994782,34.54474534544928,34.520808342244926,7.909404085465647,0.42902168940304297,0.08845086753561848,34.032330902959835,35.00170481653314
1712,18.1354112,-77.5744629,0.471,5.122086048126221,0,12,Low Density Rural,63.0,74.0,Manchester,Rural,34.64603058204654,7.93809499227347,34.64603058204654,7.93809499227347,26.038980563316265,5.966048570097328,27.175054879500593,6.226345801515998,0.33772928601316676,0.06962922639555888,33.833212503809534,33.932061879664445,7.77451055602477,0.42170479810947376,0.08694235316777725,7.368974318538289,8.222629118196535,34.65074619627431,34.62673574216793,7.933674160528997,0.4303381461794455,0.08872227979010838,34.566380118776245,34.63570091549456
1713,18.0100796,-77.7722168,0.255,,0,12,Low Density Rural,78.0,87.0,Saint Elizabeth,Rural,34.64603058204654,7.93809499227347,34.64603058204654,7.93809499227347,32.31704072388406,7.40447707358135,27.175054879500593,6.226345801515998,0.33772928601316676,0.06962922639555888,,,,,,,,,,,,,,
1714,18.4066544,-78.079834,-0.421,0.9570919871330261,0,11,Very Low Density Rural,27.0,95.0,Hanover,Rural,34.64603058204654,7.93809499227347,34.64603058204654,7.93809499227347,63.53523714758433,14.55718705321176,50.467959061929676,11.563213631386853,0.6272115311673098,0.12931142044889507,39.47455700969916,39.589888514861975,9.070831217453916,0.4920197895000875,0.10143910739461663,0.0,0.0,34.65074619627431,34.62673574216793,7.933674160528997,0.4303381461794455,0.08872227979010838,34.60753138898199,34.63457457741948
1715,17.9264757,-77.1130371,0.862,13.166080474853516,1,30,Urban Centre,0.0,16.0,Saint Catherine,Urban,22.91662051591443,5.07397966218306,22.91662051591443,5.07397966218306,20.94128925190694,4.636620643531595,18.645000109351066,4.128198190939641,0.2172023027032337,0.04722374302752002,17.650440848748445,19.607475385647454,4.34130029183146,0.22841452287381245,0.04966148423704497,0.0,0.0,26.24680091152262,24.336711079666706,5.388402577810312,0.2835070879981286,0.06163961294828761,21.883491552470137,28.889305755373314
1716,18.260653,-77.8601074,-0.295,,0,12,Low Density Rural,32.0,31.0,Saint James,Rural,34.64603058204654,7.93809499227347,34.64603058204654,7.93809499227347,56.01360836321556,12.833832233514812,50.467959061929676,11.563213631386853,0.6272115311673098,0.12931142044889507,,,,,,,,,,,,,,
1717,17.9055685,-76.3879395,-0.235,,0,11,Very Low Density Rural,47.0,65.0,Saint Thomas,Rural,34.64603058204654,7.93809499227347,34.64603058204654,7.93809499227347,52.75162975455448,12.086448027494574,50.467959061929676,11.563213631386853,0.6272115311673098,0.12931142044889507,,,,,,,,,,,,,,
1718,18.0309744,-77.7722168,0.167,,0,11,Very Low Density Rural,73.0,80.0,Saint Elizabeth,Rural,34.64603058204654,7.93809499227347,34.64603058204654,7.93809499227347,35.289824609582936,8.085601014180941,38.821506970715134,8.894779716451426,0.4824704085902382,0.09947032342222697,,,,,,,,,,,,,,
1719,17.9055685,-77.5524902,-0.138,,0,11,Very Low Density Rural,71.0,48.0,Manchester,Rural,34.64603058204654,7.93809499227347,34.64603058204654,7.93809499227347,47.87505841706457,10.969128500170347,50.467959061929676,11.563213631386853,0.6272115311673098,0.12931142044889507,,,,,,,,,,,,,,
1720,18.0100796,-76.9152832,0.445,1.4141000509262085,1,30,Urban Centre,0.0,7.0,Saint Catherine,Urban,22.91662051591443,5.07397966218306,22.91662051591443,5.07397966218306,31.776364934944066,7.035619816021532,34.62642877450913,7.66665378317362,0.40337570502029124,0.08770123705110862,14.333897349825161,15.923202251745622,3.525563654818888,0.18549510191495733,0.04033001914194331,0.0,0.0,25.46618428225207,23.612903197914513,5.228143936323972,0.27507519002498365,0.05980636450587992,21.47422068791055,26.430171254181634
1721,18.0518668,-76.6955566,-0.038,,0,12,Low Density Rural,10.0,16.0,Saint Andrew,Rural,34.64603058204654,7.93809499227347,34.64603058204654,7.93809499227347,43.31914424641744,9.925277910198794,38.821506970715134,8.894779716451426,0.4824704085902382,0.09947032342222697,,,,,,,,,,,,,,
1722,17.9682826,-76.541748,0.416,1.6775469779968262,0,13,Rural Cluster,43.0,42.0,Saint Thomas,Rural,34.64603058204654,7.93809499227347,34.64603058204654,7.93809499227347,27.51124052988941,6.303372623434484,27.175054879500593,6.226345801515998,0.33772928601316676,0.06962922639555888,33.68608611162036,33.78450563317048,7.740702483882174,0.41987098154512226,0.08656427748996298,5.844742592799458,6.5923258412123085,34.65074619627431,34.62673574216793,7.933674160528997,0.4303381461794455,0.08872227979010838,34.6055047351195,34.6351226967999
1723,18.3232401,-77.947998,-0.252,,0,11,Very Low Density Rural,19.0,34.0,Hanover,Rural,34.64603058204654,7.93809499227347,34.64603058204654,7.93809499227347,53.65607344987808,12.29367407469324,50.467959061929676,11.563213631386853,0.6272115311673098,0.12931142044889507,,,,,,,,,,,,,,
1724,18.3858046,-77.1569824,0.387,,0,11,Very Low Density Rural,24.0,89.0,Saint Ann,Rural,34.64603058204654,7.93809499227347,34.64603058204654,7.93809499227347,28.32074762598919,6.488846806704685,27.175054879500593,6.226345801515998,0.33772928601316676,0.06962922639555888,,,,,,,,,,,,,,
1725,17.9055685,-77.6623535,0.034,6.9158711433410645,0,12,Low Density Rural,84.0,64.0,Saint Elizabeth,Rural,34.64603058204654,7.93809499227347,34.64603058204654,7.93809499227347,40.30980210139366,9.235777744952456,38.821506970715134,8.894779716451426,0.4824704085902382,0.09947032342222697,32.1277037757693,32.221570223288246,7.382602882225002,0.4004469523240293,0.08255964957002386,0.0,0.0,34.59753179356254,34.57355821317792,7.921490130512126,0.42967726034214443,0.08858602577989128,34.445194588057774,34.69691180032736
1726,18.2815179,-77.0251465,-0.27,,0,12,Low Density Rural,35.0,136.0,Saint Ann,Rural,34.64603058204654,7.93809499227347,34.64603058204654,7.93809499227347,54.63062744511725,12.516963786655712,50.467959061929676,11.563213631386853,0.6272115311673098,0.12931142044889507,,,,,,,,,,,,,,
1727,18.1354112,-77.376709,0.016,5.2486572265625,0,12,Low Density Rural,49.0,68.0,Clarendon,Rural,34.64603058204654,7.93809499227347,34.64603058204654,7.93809499227347,41.04194808523853,9.40352695807541,38.821506970715134,8.894779716451426,0.4824704085902382,0.09947032342222697,32.50693740763421,32.601911849488864,7.469746716816571,0.40517380591926233,0.08353417909041705,0.0,0.0,34.65074619627431,34.62673574216793,7.933674160528997,0.4303381461794455,0.08872227979010838,34.56576769792457,34.63719883928316
1728,17.8846589,-76.3000488,-0.641,,0,11,Very Low Density Rural,69.0,92.0,Saint Thomas,Rural,34.64603058204654,7.93809499227347,34.64603058204654,7.93809499227347,79.16978058195579,18.13937204981506,50.467959061929676,11.563213631386853,0.6272115311673098,0.12931142044889507,,,,,,,,,,,,,,
1729,18.0727566,-76.4538574,-0.534,,0,11,Very Low Density Rural,112.0,355.0,Portland,Rural,34.64603058204654,7.93809499227347,34.64603058204654,7.93809499227347,71.13608037789666,16.298691478681615,50.467959061929676,11.563213631386853,0.6272115311673098,0.12931142044889507,,,,,,,,,,,,,,
1730,18.1145288,-78.013916,-0.218,,0,10,Water,,,,Unknown,,,,,,,,,,,,,,,,,,,,,,,,
1731,18.4066544,-77.5524902,0.395,,0,12,Low Density Rural,44.0,52.0,Trelawny,Rural,34.64603058204654,7.93809499227347,34.64603058204654,7.93809499227347,28.095085497027195,6.437143122739596,27.175054879500593,6.226345801515998,0.33772928601316676,0.06962922639555888,,,,,,,,,,,,,,
1732,18.2815179,-78.1677246,0.166,,0,11,Very Low Density Rural,57.0,54.0,Westmoreland,Rural,34.64603058204654,7.93809499227347,34.64603058204654,7.93809499227347,35.325132084987935,8.093690659343565,38.821506970715134,8.894779716451426,0.4824704085902382,0.09947032342222697,,,,,,,,,,,,,,
1733,17.9264757,-77.5744629,0.298,1.1314159631729126,0,11,Very Low Density Rural,70.0,51.0,Manchester,Rural,34.64603058204654,7.93809499227347,34.64603058204654,7.93809499227347,30.956861402668622,7.092832926273769,27.175054879500593,6.226345801515998,0.33772928601316676,0.06962922639555888,33.3580851186197,33.4555463305374,7.665331362024232,0.41578270312587734,0.08572140221852269,2.1666654974577195,2.8551251331890564,34.65074619627431,34.62673574216793,7.933674160528997,0.4303381461794455,0.08872227979010838,34.60755501469312,34.63432822689843
1734,18.2189158,-77.5744629,-0.789,,0,11,Very Low Density Rural,70.0,139.0,Manchester,Rural,34.64603058204654,7.93809499227347,34.64603058204654,7.93809499227347,91.7983815870047,21.032835823686636,50.467959061929676,11.563213631386853,0.6272115311673098,0.12931142044889507,,,,,,,,,,,,,,
1735,18.2189158,-77.4865723,0.321,1.9792230129241943,0,12,Low Density Rural,64.0,47.0,Trelawny,Rural,34.64603058204654,7.93809499227347,34.64603058204654,7.93809499227347,30.25297926419703,6.931559522519185,27.175054879500593,6.226345801515998,0.33772928601316676,0.06962922639555888,33.163123686218505,33.26001528577952,7.620531308997931,0.4133526598221082,0.08522040321619587,2.7325361431474144,3.2664382468804707,34.65074619627431,34.62673574216793,7.933674160528997,0.4303381461794455,0.08872227979010838,34.60755501469312,34.635073643365224
1736,17.9473804,-76.9152832,1.075,115.28632354736328,1,30,Urban Centre,0.0,12.0,Saint Catherine,Urban,22.91662051591443,5.07397966218306,22.91662051591443,5.07397966218306,16.92383143015428,3.7471134290147226,18.645000109351066,4.128198190939641,0.2172023027032337,0.04722374302752002,19.75135102507819,21.94132896601073,4.858039904160108,0.25560242144469275,0.05557262937496628,0.9047528408759793,6.005624126488179,28.37147923057388,26.306767642456503,5.82459372239919,0.30645698445208236,0.066629339112151,23.653213877759956,31.60065893309372
1737,18.0727566,-77.6623535,-0.045,0.16253100335597992,0,11,Very Low Density Rural,72.0,77.0,Saint Elizabeth,Rural,34.64603058204654,7.93809499227347,34.64603058204654,7.93809499227347,43.62344205592727,9.994998593268374,38.821506970715134,8.894779716451426,0.4824704085902382,0.09947032342222697,33.61245609584484,33.71066049501771,7.7237830933625,0.41895324040735954,0.08637506794225647,0.0,0.0,34.649961136348615,34.62595122623183,7.9334944123177555,0.4303283962816756,0.08872026966582462,34.60786013810286,34.6347454699361
1738,18.4066544,-77.7941895,-0.301,,0,11,Very Low Density Rural,60.0,150.0,Saint James,Rural,34.64603058204654,7.93809499227347,34.64603058204654,7.93809499227347,56.35070027786366,12.911066698607923,50.467959061929676,11.563213631386853,0.6272115311673098,0.12931142044889507,,,,,,,,,,,,,,
1739,18.3023803,-77.5524902,0.238,1.109192967414856,0,12,Low Density Rural,57.0,84.0,Trelawny,Rural,34.64603058204654,7.93809499227347,34.64603058204654,7.93809499227347,32.87112680369299,7.531429219657757,38.821506970715134,8.894779716451426,0.4824704085902382,0.09947032342222697,32.61061985159442,32.70589721900991,7.4935718340723545,0.4064661273059121,0.08380061538165223,0.0,0.03773465884908265,34.65074619627431,34.62673574216793,7.933674160528997,0.4303381461794455,0.08872227979010838,34.60753138898199,34.63432822689843
1740,18.4483464,-77.3986816,0.414,0.8009949922561646,0,12,Low Density Rural,62.0,69.0,Saint Ann,Rural,34.64603058204654,7.93809499227347,34.64603058204654,7.93809499227347,27.566318070130254,6.315991983835302,27.175054879500593,6.226345801515998,0.33772928601316676,0.06962922639555888,33.81996533963429,33.91877601168859,7.771466499309604,0.42153968246479717,0.08690831148089735,5.924258760489256,6.715661409746905,34.65074619627431,34.62673574216793,7.933674160528997,0.4303381461794455,0.08872227979010838,34.60753138898199,34.63457341582658
1741,18.1354112,-76.9152832,0.179,2.8046140670776367,0,11,Very Low Density Rural,16.0,224.0,Saint Catherine,Rural,34.64603058204654,7.93809499227347,34.64603058204654,7.93809499227347,34.868877448587725,7.989153643599925,38.821506970715134,8.894779716451426,0.4824704085902382,0.09947032342222697,30.790171829825088,30.880130454578822,7.07525233927574,0.383775652217193,0.07912254838418843,0.0,0.0,34.648023074498596,34.624014507318115,7.933050671477835,0.43030432690264997,0.08871530731191934,34.606531330532164,34.72098303794796
1742,18.2397857,-77.310791,-0.351,1.0697510242462158,0,11,Very Low Density Rural,68.0,231.0,Saint Ann,Rural,34.64603058204654,7.93809499227347,34.64603058204654,7.93809499227347,59.23986246266645,13.573031243629526,50.467959061929676,11.563213631386853,0.6272115311673098,0.12931142044889507,36.830772690646924,36.93837993877078,8.463317843014227,0.45906706494325206,0.09464528520168743,0.0,0.0,34.650875350738104,34.626864807137046,7.933703731881553,0.4303397501879769,0.08872261048655018,34.60723214781113,34.63452707933807
1743,18.1354112,-77.2888184,-0.238,,0,11,Very Low Density Rural,51.0,68.0,Clarendon,Rural,34.64603058204654,7.93809499227347,34.64603058204654,7.93809499227347,52.910122263712516,12.122761815023015,50.467959061929676,11.563213631386853,0.6272115311673098,0.12931142044889507,,,,,,,,,,,,,,
1744,17.8637468,-76.9152832,-0.206,,0,12,Low Density Rural,13.0,,,Unknown,,,,,,,,,,,,,,,,,,,,,,,,
