lga_id,state,lga_name,n_cells,total_population,pct_urban,mics_state_truth,ridge_moderate,ridge_severe,ridge_moderate_depth,gbm_moderate,gbm_severe,gbm_moderate_depth,ridge_moderate_lower,ridge_moderate_upper,gbm_moderate_lower,gbm_moderate_upper,rwi_moderate,heuristic_moderate,uniform_moderate,shelter_moderate,sanitation_moderate,water_moderate,nutrition_moderate,edu_5_14_moderate,edu_15_17_moderate,health_moderate,ridge_theme__wealth,ridge_theme__hazards,ridge_theme__access_services,ridge_theme__urban_built,ridge_theme__nightlights,ridge_theme__education_mics,ridge_theme__other,ridge_theme__health_mics,ridge_theme__dhs_cluster
NGA.1.10_1,Abia,Ohafia,75,4166,19.2,17.11,19.1,3.53,2.43,17.13,3.16,2.18,19.02,19.18,17.05,17.26,20.7,19.04,17.11,49.5846,7.4554,4.1092,22.7992,4.2221,24.17,77.0882,-0.7946,-3.8393,-0.3453,0.0198,-0.0373,1.3484,0.0,-4.1997,-4.1511
NGA.1.11_1,Abia,Osisioma Ngwa,35,871,69.0,17.11,16.04,2.96,2.04,17.08,3.15,2.18,15.93,16.14,16.93,17.14,12.65,14.56,17.11,48.6589,7.5577,4.0088,22.0106,3.734,16.2172,78.5295,-1.7754,-4.9501,-0.5808,1.1828,0.2213,2.1805,0.0,-4.4971,-8.856
NGA.1.12_1,Abia,Ugwunagbo,18,789,86.7,17.11,14.91,2.75,1.9,17.11,3.16,2.18,14.77,15.0,16.97,17.16,14.33,15.7,17.11,48.7513,7.6232,4.0098,21.8241,7.2309,29.1779,78.5495,-1.5776,-5.8916,-0.7034,1.7045,-0.0561,2.4773,0.0,-4.6032,-10.2967
NGA.1.13_1,Abia,Ukwa East,32,1216,28.1,17.11,14.04,2.59,1.79,16.99,3.14,2.16,13.92,14.13,16.81,17.05,20.95,19.15,17.11,49.518,7.4891,4.1032,22.7149,4.9413,46.2663,78.8389,-0.696,-6.8134,-0.4962,0.2841,-0.0561,1.498,0.0,-4.2532,-9.856
NGA.1.14_1,Abia,Ukwa West,43,1248,46.0,17.11,15.48,2.86,1.97,17.03,3.15,2.17,15.37,15.57,16.86,17.09,16.37,17.08,17.11,49.1871,7.521,4.0549,22.3511,3.3388,25.4887,79.1351,-1.1316,-6.2066,-0.7103,0.9178,0.2179,1.7972,0.0,-4.3601,-8.5143
NGA.1.15_1,Abia,Umu Nneochi,55,2219,30.6,17.11,18.25,3.37,2.33,17.18,3.17,2.19,18.15,18.33,17.07,17.32,21.59,19.07,17.11,49.3571,7.4153,4.1192,22.9982,4.695,35.671,79.141,-0.664,-3.5987,-0.8462,0.2836,-0.0561,1.5385,0.0,-4.2676,-5.8011
NGA.1.16_1,Abia,Umuahia North,35,1434,73.5,17.11,14.65,2.71,1.87,17.18,3.17,2.19,14.52,14.75,17.07,17.28,9.24,12.99,17.11,48.7334,7.5652,3.9591,21.6315,3.5622,8.3934,76.2337,-2.4266,-4.1039,-0.8575,0.9458,0.255,2.2569,0.0,-4.5244,-10.91
NGA.1.17_1,Abia,Umuahia South,23,860,66.7,17.11,14.57,2.69,1.86,17.13,3.16,2.18,14.45,14.67,17.01,17.22,12.38,14.46,17.11,48.7153,7.6189,4.0002,22.1482,6.5533,24.206,77.4152,-1.7636,-4.2456,-0.6793,1.0846,-0.0209,2.1428,0.0,-4.4836,-11.5366
NGA.1.1_1,Abia,Aba North,3,126,100.0,17.11,13.72,2.53,1.75,17.13,3.16,2.18,13.55,13.88,17.01,17.18,4.92,11.79,17.11,48.3297,7.7055,3.8309,19.7679,3.471,1.281,73.298,-3.6975,-5.3018,-0.6529,0.084,0.944,2.6996,0.0,-4.6827,-10.3061
NGA.1.2_1,Abia,Aba South,8,1114,100.0,17.11,13.31,2.46,1.7,17.13,3.16,2.18,13.17,13.49,17.0,17.19,6.66,11.79,17.11,48.7956,8.041,3.7462,19.0574,11.5722,5.0873,68.0794,-3.6375,-5.365,-0.7409,0.2945,0.8846,2.6996,0.0,-4.6827,-11.0481
NGA.1.3_1,Abia,Arochukwu,43,3196,30.7,17.11,20.44,3.77,2.6,17.13,3.16,2.18,20.35,20.51,17.04,17.27,19.45,18.23,17.11,49.5713,7.5048,4.0843,22.3194,3.7142,13.0741,76.4114,-1.0757,-4.1113,-0.4695,0.3256,-0.0382,1.5405,0.0,-4.2684,-1.6923
NGA.1.4_1,Abia,Bende,77,4243,25.1,17.11,17.33,3.2,2.21,17.12,3.16,2.18,17.24,17.41,17.05,17.26,19.32,18.6,17.11,49.5727,7.5166,4.0964,22.7559,4.2735,24.595,76.6639,-0.954,-3.8949,-0.5501,0.1995,-0.0395,1.4479,0.0,-4.2352,-6.9035
NGA.1.5_1,Abia,Ikwuano,37,1814,54.4,17.11,17.08,3.15,2.18,17.08,3.16,2.18,16.97,17.16,16.96,17.2,14.34,15.42,17.11,49.1302,7.5708,4.0483,22.2814,3.3414,11.2401,77.3753,-1.537,-4.3545,-0.5001,0.9236,-0.0303,1.9375,0.0,-4.4102,-7.3848
NGA.1.6_1,Abia,Isiala Ngwa North,45,1257,61.3,17.11,16.74,3.09,2.13,17.07,3.15,2.18,16.63,16.83,16.96,17.18,13.7,15.58,17.11,48.9002,7.5444,4.055,22.413,3.4806,19.9879,78.7534,-1.5299,-4.4168,-0.5389,1.2108,-0.0271,2.0532,0.0,-4.4516,-8.2087
NGA.1.7_1,Abia,Isiala Ngwa South,42,812,80.8,17.11,16.84,3.11,2.15,17.09,3.16,2.18,16.74,16.93,16.98,17.17,14.81,15.6,17.11,48.6974,7.4969,4.0709,22.5206,3.6398,26.6041,80.8419,-1.3459,-4.6287,-0.4292,1.689,-0.0492,2.3779,0.0,-4.5677,-8.7889
NGA.1.8_1,Abia,Isuikwuato,49,2036,37.5,17.11,16.49,3.05,2.1,17.13,3.16,2.18,16.39,16.57,17.06,17.26,19.0,18.04,17.11,49.3056,7.5063,4.1005,22.8553,4.346,33.3096,78.2958,-0.9611,-3.79,-0.7959,0.5403,-0.0561,1.6552,0.0,-4.3094,-8.607
NGA.1.9_1,Abia,Obi Ngwa,62,1310,38.4,17.11,15.9,2.94,2.03,17.02,3.14,2.17,15.8,16.0,16.86,17.11,14.42,15.36,17.11,49.0502,7.477,4.0456,22.3388,2.5425,19.7279,78.1969,-1.4637,-5.2777,-0.6723,0.5002,0.222,1.6699,0.0,-4.3146,-7.9586
NGA.10.10_1,Delta,Isoko South,76,4520,22.9,31.23,23.33,5.19,1.69,31.14,6.92,2.25,23.19,23.48,31.04,31.18,31.84,31.43,31.23,58.9598,0.8559,3.8513,23.4091,9.8776,10.9556,79.1178,-0.6703,-7.1273,-0.4737,0.0985,0.4986,-2.4639,0.0,-3.475,-7.8422
NGA.10.11_1,Delta,Ndokwa East,162,5124,6.0,31.23,31.57,7.02,2.28,31.17,6.93,2.26,31.41,31.74,31.1,31.25,39.47,36.66,31.23,59.4663,0.8339,3.9034,23.4307,6.857,12.1207,84.2109,-0.0912,-5.9458,-0.6886,-0.4113,0.5791,-2.6238,0.0,-3.3306,-1.1123
NGA.10.12_1,Delta,Ndokwa West,72,2486,19.0,31.23,28.27,6.28,2.05,31.15,6.92,2.25,28.09,28.47,31.07,31.23,34.72,32.8,31.23,59.7007,0.8546,3.801,22.3236,7.2473,16.2544,86.1443,-0.389,-5.8399,-0.4423,0.0199,0.8738,-2.5005,0.0,-3.4419,-5.0409
NGA.10.13_1,Delta,Okpe,60,2625,25.1,31.23,33.87,7.53,2.45,31.15,6.92,2.25,33.73,34.01,31.05,31.18,25.71,27.99,31.23,58.3431,0.8416,3.8621,23.6466,4.3721,2.1376,82.5694,-1.0958,-7.021,-0.8074,0.1536,0.1532,-2.4425,0.0,-3.4942,3.1142
NGA.10.14_1,Delta,Oshimili North,66,1619,13.5,31.23,40.13,8.92,2.9,32.62,7.25,2.36,40.02,40.26,32.13,33.47,35.91,34.34,31.23,58.3488,0.8226,3.9594,24.8088,4.124,4.8342,86.6649,-0.3315,-3.6821,-0.7467,-0.0101,0.0312,-2.5523,0.0,-3.3951,5.1911
NGA.10.15_1,Delta,Oshimili South,31,2058,23.5,31.23,27.29,6.06,1.97,31.62,7.03,2.29,27.12,27.43,31.35,32.0,33.9,34.31,31.23,58.3983,0.8614,3.7998,23.8908,12.2356,8.4548,81.9831,-0.7528,-4.7323,-0.9283,-0.0884,0.1883,-2.458,0.0,-3.4803,-5.4477
NGA.10.16_1,Delta,Patani,17,1160,48.8,31.23,34.81,7.74,2.52,31.13,6.92,2.25,34.66,34.97,31.01,31.18,29.93,29.57,31.23,58.5068,0.8405,3.9013,23.398,7.9746,1.8299,78.1538,-0.867,-8.0629,-0.3875,0.8375,-0.0561,-2.2175,0.0,-3.6973,3.9053
NGA.10.17_1,Delta,Sapele,51,2733,20.8,31.23,28.33,6.3,2.05,31.14,6.92,2.25,28.16,28.5,31.04,31.18,31.63,30.82,31.23,59.182,0.8568,3.8163,22.3124,7.9382,10.0676,83.0528,-0.8146,-7.0909,-0.4699,-0.0248,0.8956,-2.4833,0.0,-3.4575,-3.2574
NGA.10.18_1,Delta,Udu,23,910,51.3,31.23,25.94,5.76,1.88,31.14,6.92,2.25,25.74,26.13,31.02,31.19,17.65,23.88,31.23,58.3318,0.8635,3.7384,22.0964,4.7696,3.4874,82.1005,-1.9011,-7.6463,-0.8956,0.5374,1.298,-2.1941,0.0,-3.7185,-4.4589
NGA.10.19_1,Delta,Ughelli North,103,4155,26.2,31.23,25.04,5.56,1.81,31.14,6.92,2.25,24.88,25.19,31.04,31.18,28.47,29.37,31.23,58.6842,0.8572,3.8262,23.36,7.164,8.5875,82.1284,-0.9049,-6.9288,-0.817,0.2241,0.5573,-2.4324,0.0,-3.5034,-6.0315
NGA.10.1_1,Delta,Aniocha North,52,1583,32.2,31.23,41.01,9.11,2.97,32.42,7.21,2.35,40.9,41.15,31.94,33.26,32.81,31.24,31.23,58.3791,0.8252,3.9645,24.6767,4.7099,5.0006,85.0371,-0.5124,-3.9061,-0.2867,0.4189,-0.0082,-2.375,0.0,-3.5552,5.5696
NGA.10.20_1,Delta,Ughelli South,72,3755,30.4,31.23,30.29,6.73,2.19,31.15,6.92,2.25,30.1,30.48,31.04,31.19,31.63,31.12,31.23,59.2735,0.8526,3.8217,22.3266,7.6728,9.3909,82.7695,-0.7208,-7.897,-0.3581,0.4481,0.7546,-2.392,0.0,-3.5398,-1.141
NGA.10.21_1,Delta,Ukwuani,36,1211,31.0,31.23,28.5,6.33,2.06,31.14,6.92,2.25,28.34,28.68,31.06,31.23,30.89,31.37,31.23,59.113,0.8515,3.8236,22.3792,8.143,13.6602,84.8887,-0.6522,-5.8249,-0.1007,0.0877,1.0264,-2.3863,0.0,-3.545,-5.1465
NGA.10.22_1,Delta,Uvwie,15,881,79.9,31.23,21.88,4.86,1.58,31.06,6.9,2.25,21.65,22.09,30.89,31.13,14.34,24.21,31.23,57.8673,0.8738,3.6753,22.0039,9.8766,3.854,79.2671,-2.4981,-7.4532,-0.8279,0.7758,1.0982,-1.9231,0.0,-3.9631,-8.0424
NGA.10.23_1,Delta,Warri North,78,3256,20.9,31.23,33.56,7.46,2.43,31.16,6.93,2.26,33.36,33.75,31.07,31.2,37.15,33.84,31.23,59.7359,0.8525,3.8733,21.9697,15.1467,4.617,79.9148,-0.7992,-7.4545,0.5464,0.0988,0.4324,-2.4824,0.0,-3.4582,1.375
NGA.10.24_1,Delta,Warri South,44,3001,41.3,31.23,23.04,5.12,1.67,31.12,6.92,2.25,22.84,23.23,31.0,31.17,25.77,28.53,31.23,59.0454,0.8499,3.8122,22.3227,11.6677,8.0488,72.8208,-1.4043,-7.8766,0.0538,0.0554,0.6931,-2.2889,0.0,-3.6329,-7.3318
NGA.10.25_1,Delta,Warri South-West,71,4836,13.4,31.23,41.88,9.31,3.03,31.15,6.92,2.25,41.62,42.16,31.09,31.21,32.97,32.66,31.23,61.4008,0.7733,4.1164,21.0961,18.291,7.0157,71.0176,-1.0718,-9.2493,7.2302,-0.1296,1.0643,-2.5536,0.0,-3.394,4.2727
NGA.10.2_1,Delta,Aniocha South,86,2073,20.9,31.23,28.09,6.24,2.03,31.5,7.0,2.28,27.97,28.2,31.27,32.09,33.21,31.36,31.23,58.3707,0.8453,3.9074,24.779,7.1867,9.8894,85.5273,-0.4981,-4.6288,-1.0304,0.1824,-0.0374,-2.4829,0.0,-3.4578,-4.9845
NGA.10.3_1,Delta,Bomadi,17,919,33.6,31.23,32.27,7.17,2.33,31.17,6.93,2.26,32.09,32.41,31.06,31.21,31.46,32.15,31.23,58.5549,0.8357,3.8853,23.4838,9.2162,2.8765,80.6973,-0.737,-8.5914,0.2181,0.2072,-0.0561,-2.3621,0.0,-3.5669,1.9212
NGA.10.4_1,Delta,Burutu,90,2892,37.4,31.23,41.35,9.19,2.99,31.05,6.9,2.25,41.15,41.56,30.92,31.19,35.19,34.34,31.23,59.8214,0.8069,4.0227,22.5308,13.2636,3.1518,80.1903,-0.7341,-9.5329,3.4976,0.5059,0.304,-2.3257,0.0,-3.5997,7.5466
NGA.10.5_1,Delta,Ethiope West,55,2769,29.4,31.23,36.42,8.09,2.64,31.17,6.93,2.26,36.28,36.56,31.06,31.2,24.72,28.12,31.23,58.5293,0.8479,3.8456,23.3002,4.5593,1.4806,83.4112,-1.2216,-6.8191,-0.0167,0.265,0.4649,-2.4015,0.0,-3.5313,4.2433
NGA.10.6_1,Delta,Ethiope East,53,2282,25.2,31.23,30.05,6.68,2.17,31.15,6.92,2.25,29.92,30.18,31.05,31.19,29.68,30.21,31.23,58.373,0.8473,3.8786,24.0419,6.0191,5.1708,85.0523,-0.8377,-6.4419,-0.7332,0.199,0.0229,-2.4418,0.0,-3.4949,-1.3433
NGA.10.7_1,Delta,Ika North-East,49,1992,29.9,31.23,25.83,5.74,1.87,31.15,6.92,2.25,25.71,25.95,31.02,31.47,30.55,29.72,31.23,58.2605,0.8561,3.8696,24.5963,9.6872,10.0561,84.6175,-0.6783,-4.9317,-0.2503,0.4295,-0.0251,-2.3967,0.0,-3.5356,-7.6926
NGA.10.8_1,Delta,Ika South,60,1986,29.9,31.23,28.91,6.42,2.09,31.13,6.92,2.25,28.77,29.03,31.03,31.28,26.41,28.57,31.23,58.5154,0.8498,3.8372,23.7588,6.8804,7.8315,85.8103,-1.019,-5.3227,0.2424,0.3267,0.2172,-2.3973,0.0,-3.5351,-4.6721
NGA.10.9_1,Delta,Isoko North,60,2745,26.7,31.23,23.48,5.22,1.7,31.12,6.92,2.25,23.33,23.63,31.01,31.17,28.82,30.33,31.23,58.8052,0.8585,3.831,23.4487,7.0638,9.2855,81.3593,-0.8479,-6.5528,-0.7038,0.1875,0.6835,-2.427,0.0,-3.5082,-8.1441
NGA.11.10_1,Ebonyi,Izzi,183,1699,61.8,23.2,22.16,7.29,2.27,23.55,7.75,2.42,22.06,22.24,23.25,24.01,26.28,25.38,23.2,35.3985,1.1129,3.6225,16.3281,4.4071,7.0567,95.8357,-0.0917,-3.2881,-0.432,0.9394,-0.0561,2.6898,0.0,-4.4914,-2.5116
NGA.11.11_1,Ebonyi,Ohaozara,39,1548,42.2,23.2,21.58,7.1,2.21,23.19,7.63,2.38,21.49,21.65,22.99,23.33,23.85,23.27,23.2,35.6554,1.1484,3.5619,16.0246,5.8995,5.6848,91.7729,-0.4844,-3.8052,0.1393,0.6821,0.0083,1.6835,0.0,-4.2879,-2.1413
NGA.11.12_1,Ebonyi,Ohaukwu,91,1112,74.7,23.2,24.94,8.2,2.56,23.33,7.67,2.39,24.83,25.03,23.07,23.67,22.12,22.22,23.2,35.3541,1.1286,3.5986,16.0246,2.7506,3.519,97.7598,-0.461,-3.3245,-0.4174,1.6115,-0.0228,3.3549,0.0,-4.6259,1.2084
NGA.11.13_1,Ebonyi,Onicha,69,1848,77.8,23.2,24.54,8.07,2.52,23.07,7.59,2.37,24.43,24.62,22.89,23.21,23.88,23.73,23.2,35.4149,1.1427,3.5722,15.9093,4.5614,4.5458,94.92,-0.315,-3.7485,-0.1041,1.75,-0.0518,3.5141,0.0,-4.6581,0.2716
NGA.11.1_1,Ebonyi,Abakaliki,57,829,87.2,23.2,23.16,7.62,2.38,22.97,7.55,2.36,23.04,23.26,22.79,23.06,17.48,19.6,23.2,35.273,1.1441,3.5329,15.4611,2.3565,2.8432,96.4416,-1.0205,-3.8851,-0.8535,1.7443,0.2513,3.9957,0.0,-4.7555,-1.0772
NGA.11.2_1,Ebonyi,Afikpo North,23,1655,43.9,23.2,20.58,6.77,2.11,23.14,7.61,2.37,20.48,20.65,22.96,23.27,19.42,19.88,23.2,35.7515,1.1583,3.502,15.6279,5.9157,2.2004,89.367,-1.007,-4.0377,0.2502,0.3044,-0.0393,1.7686,0.0,-4.3051,-2.781
NGA.11.3_1,Ebonyi,Afikpo South,33,2309,33.8,23.2,24.91,8.19,2.56,23.18,7.62,2.38,24.82,25.01,23.0,23.32,24.01,24.09,23.2,35.8455,1.1425,3.5517,15.7782,5.7108,2.8125,92.1578,-0.5257,-3.9097,0.0988,0.1881,-0.0561,1.2502,0.0,-4.2003,4.4302
NGA.11.4_1,Ebonyi,Ebonyi,78,689,69.0,23.2,22.39,7.36,2.3,23.29,7.66,2.39,22.27,22.49,23.08,23.68,19.57,21.45,23.2,35.3251,1.1371,3.5475,15.7793,2.665,3.8102,97.24,-0.8522,-3.4623,-0.6847,1.2437,0.2731,3.0601,0.0,-4.5663,-1.8866
NGA.11.5_1,Ebonyi,Ezza North,53,1506,82.5,23.2,25.71,8.46,2.64,23.01,7.57,2.36,25.6,25.8,22.83,23.13,26.42,25.51,23.2,35.4722,1.1385,3.597,15.8643,4.6513,4.5731,96.5776,-0.125,-3.7697,-0.5403,1.978,-0.0412,3.7542,0.0,-4.7067,2.0323
NGA.11.6_1,Ebonyi,Ezza South,56,1029,66.1,23.2,24.7,8.12,2.53,23.05,7.58,2.36,24.6,24.79,22.86,23.16,25.35,24.45,23.2,35.4217,1.1332,3.5879,16.0548,3.7298,4.7141,94.3113,-0.2187,-3.9576,-0.3608,1.5492,-0.0205,2.9131,0.0,-4.5366,1.5606
NGA.11.7_1,Ebonyi,Ikwo,47,1395,88.9,23.2,20.68,6.8,2.12,22.96,7.55,2.36,20.56,20.77,22.71,23.03,22.51,22.6,23.2,35.3701,1.1489,3.5604,15.7077,6.5568,6.985,94.2129,-0.4655,-4.1644,-0.5991,1.6325,-0.0561,4.0841,0.0,-4.7734,-5.3348
NGA.11.8_1,Ebonyi,Ishielu,146,1857,35.0,23.2,22.96,7.55,2.36,23.5,7.73,2.41,22.88,23.02,23.17,23.83,27.15,26.05,23.2,35.6604,1.125,3.6303,16.5441,3.5522,5.932,96.1136,-0.0101,-3.349,-0.3073,0.7475,-0.0512,1.3147,0.0,-4.2133,-0.0675
NGA.11.9_1,Ebonyi,Ivo,31,1920,23.8,23.2,22.93,7.54,2.35,23.21,7.63,2.38,22.87,22.99,23.06,23.37,18.97,20.44,23.2,35.8697,1.1546,3.5339,15.8196,2.3599,0.918,90.4765,-1.0521,-3.786,-0.4245,0.0436,-0.0561,0.739,0.0,-4.0969,2.657
NGA.12.10_1,Edo,Igueben,39,1364,26.5,22.83,21.34,6.45,2.15,22.85,6.91,2.3,21.25,21.42,22.66,23.1,23.17,22.72,22.83,42.9922,0.1303,1.9173,22.9717,7.8495,10.9765,88.7113,-0.3963,-5.7107,-0.3842,0.2278,-0.0024,-1.8278,0.0,-3.2526,-5.6371
NGA.12.11_1,Edo,Ikpoba-Okha,93,2556,27.4,22.83,20.53,6.21,2.07,22.46,6.79,2.26,20.37,20.68,22.36,22.63,17.72,20.23,22.83,43.6099,0.1318,1.8302,20.57,4.7844,6.3791,86.8752,-1.2756,-8.2279,-0.819,-0.1578,0.8248,-1.8207,0.0,-3.2629,-3.2476
NGA.12.12_1,Edo,Oredo,35,1622,50.0,22.83,16.88,5.1,1.7,22.31,6.74,2.25,16.75,16.99,22.23,22.57,16.46,20.27,22.83,42.742,0.131,1.8631,21.6964,7.8969,7.7809,84.0844,-1.3653,-7.8747,-0.8111,0.4347,0.3099,-1.6378,0.0,-3.5318,-8.0773
NGA.12.13_1,Edo,Orhionmwon,136,3644,12.1,22.83,22.35,6.75,2.25,22.53,6.81,2.27,22.26,22.44,22.41,22.65,21.2,21.71,22.83,43.2222,0.1293,1.9108,22.132,4.7995,8.4853,90.9901,-0.4639,-7.5055,-0.1805,-0.0354,0.3134,-1.9445,0.0,-3.0811,-2.8212
NGA.12.14_1,Edo,Ovia North-East,171,3214,6.8,22.83,21.16,6.39,2.13,22.53,6.81,2.27,21.07,21.24,22.42,22.68,25.97,24.06,22.83,43.1638,0.1276,1.9409,22.8771,6.1171,11.0035,92.8801,-0.1092,-7.113,-0.7793,-0.2141,-0.0114,-1.9874,0.0,-3.018,-3.9711
NGA.12.15_1,Edo,Ovia South-West,226,6186,3.5,22.83,26.17,7.91,2.64,22.57,6.82,2.27,26.09,26.26,22.48,22.72,26.3,24.88,22.83,43.5428,0.1254,1.9698,22.6732,6.1197,7.5044,91.0622,-0.0886,-7.0559,0.4065,-0.4181,-0.0314,-2.0145,0.0,-2.9783,1.2365
NGA.12.16_1,Edo,Owan East,100,4130,13.7,22.83,23.98,7.25,2.42,22.98,6.95,2.32,23.91,24.06,22.87,23.09,24.67,23.6,22.83,43.1434,0.1291,1.9371,23.0953,6.7385,9.3454,88.4671,-0.2633,-4.4284,-0.4735,0.0518,-0.0341,-1.9317,0.0,-3.0999,-3.5055
NGA.12.17_1,Edo,Owan West,54,1987,19.0,22.83,21.31,6.44,2.15,22.98,6.94,2.31,21.24,21.39,22.84,23.09,23.93,23.92,22.83,43.0796,0.1298,1.9248,23.0983,6.8502,11.2311,88.6251,-0.3373,-5.1019,-0.6956,0.0051,-0.0046,-1.8891,0.0,-3.1625,-5.8279
NGA.12.18_1,Edo,Uhunmwonde,118,1195,17.9,22.83,19.68,5.95,1.98,22.51,6.8,2.27,19.59,19.77,22.41,22.69,20.32,21.38,22.83,42.7986,0.1296,1.9025,22.8525,4.5222,8.7975,90.7363,-0.6783,-6.9784,-0.4568,-0.1159,0.0962,-1.8982,0.0,-3.1491,-5.87
NGA.12.1_1,Edo,Akoko-Edo,152,8972,19.1,22.83,23.54,7.12,2.37,23.07,6.97,2.32,23.46,23.64,22.92,23.31,24.97,23.79,22.83,43.2032,0.1321,1.906,22.8276,9.2604,8.0182,85.5454,-0.4233,-3.6412,-0.7343,0.126,0.0119,-1.8877,0.0,-3.1646,-4.5123
NGA.12.2_1,Edo,Egor,18,850,62.6,22.83,16.91,5.11,1.7,22.27,6.73,2.24,16.78,17.02,22.19,22.57,12.87,18.98,22.83,42.4893,0.1316,1.8332,21.4453,4.9914,4.1263,85.7118,-1.9591,-7.5685,-0.9584,0.5373,0.4296,-1.5355,0.0,-3.6821,-7.7688
NGA.12.3_1,Edo,Esan Central,30,1128,52.5,22.83,22.63,6.84,2.28,23.16,7.0,2.33,22.53,22.71,22.96,23.31,18.79,20.11,22.83,42.6471,0.1308,1.8991,22.8114,5.2993,6.7862,88.7469,-0.7916,-5.1862,-0.6592,0.81,0.002,-1.6172,0.0,-3.562,-4.3657
NGA.12.4_1,Edo,Esan North-East,42,1095,36.8,22.83,22.31,6.74,2.25,23.1,6.98,2.33,22.22,22.41,22.93,23.23,20.32,21.7,22.83,42.6595,0.1304,1.8977,23.0257,4.4999,7.8862,90.3781,-0.6806,-4.9122,-0.9618,0.4712,0.0158,-1.7447,0.0,-3.3747,-4.5748
NGA.12.5_1,Edo,Esan South-East,82,3394,21.0,22.83,23.45,7.09,2.36,22.98,6.95,2.32,23.37,23.53,22.83,23.11,23.23,23.4,22.83,42.9855,0.1304,1.9102,22.9646,6.7943,8.2159,88.3991,-0.3611,-4.9414,-0.6544,0.1649,-0.0492,-1.8723,0.0,-3.1872,-3.4404
NGA.12.6_1,Edo,Esan West,49,1867,20.4,22.83,17.59,5.32,1.77,22.97,6.94,2.31,17.49,17.68,22.8,23.09,17.9,20.4,22.83,42.8951,0.1314,1.8792,22.748,5.181,7.2,86.7267,-1.0568,-5.4774,-0.4231,-0.1554,0.0148,-1.8773,0.0,-3.1798,-9.5076
NGA.12.7_1,Edo,Etsako Central,44,1877,27.8,22.83,28.62,8.65,2.88,22.99,6.95,2.32,28.54,28.71,22.86,23.18,23.93,23.71,22.83,43.1412,0.13,1.925,22.7543,5.64,4.7077,87.3769,-0.4147,-3.9719,-0.7555,0.3287,-0.0288,-1.8172,0.0,-3.2682,2.0424
NGA.12.8_1,Edo,Etsako East,84,4591,15.3,22.83,24.76,7.48,2.49,23.02,6.96,2.32,24.65,24.88,22.91,23.22,23.13,22.73,22.83,43.1747,0.1322,1.8833,22.3909,9.0515,4.5175,84.8275,-0.7658,-3.6235,-0.3908,-0.2993,0.0117,-1.919,0.0,-3.1186,-2.5953
NGA.12.9_1,Edo,Etsako West,100,3310,19.5,22.83,20.85,6.3,2.1,23.01,6.95,2.32,20.77,20.94,22.89,23.14,20.25,21.36,22.83,42.8923,0.1303,1.9037,23.0616,4.7952,8.0499,87.5797,-0.6799,-4.1762,-1.0151,-0.094,0.0863,-1.8846,0.0,-3.1692,-6.6593
NGA.13.10_1,Ekiti,Ikere,30,1583,26.7,35.65,39.97,12.48,2.66,35.63,11.12,2.37,39.8,40.14,35.5,35.69,38.38,36.66,35.65,61.4699,4.041,3.6076,27.25,6.2333,12.7911,87.0368,-0.45,-4.1951,-1.0248,0.0932,0.108,-0.2169,0.0,-3.3826,0.9886
NGA.13.11_1,Ekiti,Ikole,89,2861,11.1,35.65,33.98,10.61,2.26,35.76,11.17,2.38,33.83,34.14,35.52,36.01,39.76,38.39,35.65,61.5746,4.0542,3.6386,28.1409,5.6941,21.0385,83.6588,-0.2263,-3.5349,-0.1589,-0.1511,-0.0561,-0.2513,0.0,-3.5896,-5.4321
NGA.13.12_1,Ekiti,Ilejemeje,13,850,22.6,35.65,38.2,11.93,2.54,35.71,11.15,2.37,38.04,38.37,35.58,36.16,29.89,32.41,35.65,61.6122,4.1488,3.5751,27.2783,1.1487,4.0348,82.494,-0.9389,-3.4864,-0.8286,0.1514,-0.0209,-0.2258,0.0,-3.4366,-0.8617
NGA.13.13_1,Ekiti,Irepodun/Ifelodun,48,1844,30.7,35.65,31.18,9.74,2.07,35.68,11.14,2.37,31.03,31.35,35.51,35.8,32.41,34.41,35.65,61.1684,4.1095,3.5956,27.8734,3.5199,18.0307,86.0727,-0.6072,-3.8326,-0.7629,0.3388,0.0097,-0.2082,0.0,-3.3305,-7.4975
NGA.13.14_1,Ekiti,Ise/Orun,34,2523,12.2,35.65,36.99,11.55,2.46,35.59,11.11,2.37,36.84,37.16,35.46,35.64,41.03,38.3,35.65,61.533,4.112,3.594,27.6361,4.4559,11.2665,85.2661,-0.3068,-4.2388,-0.9855,0.1404,-0.0394,-0.2488,0.0,-3.5747,-1.4728
NGA.13.15_1,Ekiti,Moba,18,1539,36.9,35.65,35.78,11.17,2.38,35.78,11.17,2.38,35.59,35.95,35.6,36.18,28.77,31.41,35.65,61.2284,4.1562,3.5376,26.8504,6.4544,6.5602,82.0228,-1.1203,-3.5394,-0.6411,0.3322,0.0345,-0.1945,0.0,-3.2481,-3.4302
NGA.13.16_1,Ekiti,Oye,40,2196,27.9,35.65,29.42,9.19,1.96,35.72,11.15,2.37,29.25,29.6,35.53,35.99,30.13,31.81,35.65,61.3922,4.1549,3.5615,27.5019,4.8022,11.6013,82.2753,-0.93,-3.6039,-0.3591,0.0276,-0.0561,-0.2142,0.0,-3.3668,-8.9547
NGA.13.1_1,Ekiti,Ado-Ekiti,42,2029,47.9,35.65,36.38,11.36,2.42,35.7,11.15,2.37,36.19,36.58,35.54,35.79,26.32,32.39,35.65,60.908,4.1116,3.5473,26.5671,5.17,9.5046,85.2478,-1.2673,-3.931,-0.7945,0.459,0.3955,-0.1703,0.0,-3.1027,-2.8561
NGA.13.2_1,Ekiti,Efon,22,1888,22.7,35.65,35.29,11.02,2.35,35.62,11.12,2.37,35.13,35.46,35.49,35.68,34.1,35.41,35.65,61.5948,4.1605,3.5661,27.205,5.6665,7.4805,83.7318,-0.6989,-4.0903,-0.8152,0.1599,-0.0043,-0.2257,0.0,-3.4356,-3.126
NGA.13.3_1,Ekiti,Ekiti East,29,2019,19.8,35.65,35.58,11.11,2.37,35.65,11.13,2.37,35.42,35.75,35.52,35.84,36.59,37.23,35.65,61.5734,4.1219,3.5927,27.6707,5.8342,12.7911,84.5208,-0.4729,-3.6423,-0.3855,-0.0468,-0.0561,-0.2322,0.0,-3.4748,-3.6713
NGA.13.4_1,Ekiti,Ekiti South-West,39,3533,20.1,35.65,35.81,11.18,2.38,35.61,11.12,2.37,35.65,35.98,35.48,35.67,40.7,37.81,35.65,61.6707,4.1429,3.5764,27.3636,7.0327,12.8408,82.9138,-0.4133,-4.1569,-0.6454,0.0198,-0.0022,-0.2315,0.0,-3.4705,-2.8743
NGA.13.5_1,Ekiti,Ekiti West,41,3854,17.1,35.65,36.99,11.55,2.46,35.6,11.11,2.37,36.84,37.16,35.49,35.67,35.55,36.0,35.65,61.7222,4.1447,3.5727,27.3006,3.7655,5.9471,83.7539,-0.6486,-4.0021,-0.6044,-0.0415,-0.0498,-0.2381,0.0,-3.5102,-1.6276
NGA.13.6_1,Ekiti,Emure/Ise/Orun,38,3983,13.9,35.65,39.05,12.19,2.6,35.6,11.11,2.37,38.9,39.21,35.47,35.65,39.73,39.0,35.65,61.8174,4.1394,3.5866,27.1994,5.4115,6.1448,83.3548,-0.4228,-4.3228,-0.8176,-0.0138,-0.0434,-0.245,0.0,-3.552,0.5221
NGA.13.7_1,Ekiti,Gboyin,43,4311,25.1,35.65,34.97,10.92,2.33,35.62,11.12,2.37,34.82,35.14,35.5,35.7,36.98,35.87,35.65,61.7238,4.145,3.5819,27.1496,7.7044,8.8621,83.4143,-0.5775,-3.9616,-0.6496,-0.0098,-0.0561,-0.2204,0.0,-3.4037,-3.6408
NGA.13.8_1,Ekiti,Ido-Osi,33,1870,39.4,35.65,32.5,10.15,2.16,35.71,11.15,2.37,32.33,32.67,35.55,35.87,27.8,30.05,35.65,61.0163,4.1498,3.5562,27.3645,4.7099,10.9365,84.7295,-0.9771,-3.7179,-0.8138,0.5533,-0.0285,-0.1891,0.0,-3.2158,-6.3327
NGA.13.9_1,Ekiti,Ijero,52,4491,23.7,35.65,36.31,11.33,2.41,35.63,11.12,2.37,36.13,36.47,35.51,35.74,35.46,34.52,35.65,61.4644,4.1488,3.5694,27.3303,7.2483,10.7927,84.6939,-0.5982,-3.7704,-0.6435,0.3031,-0.0423,-0.2235,0.0,-3.4225,-2.9382
NGA.14.10_1,Enugu,Isi-Uzo,134,2581,22.8,30.6,31.42,3.7,2.18,30.74,3.62,2.13,31.31,31.51,30.51,30.88,40.34,36.9,30.6,53.8535,2.6397,5.8544,16.6522,10.3578,21.2922,87.4389,-0.0556,-4.958,-0.2755,0.3768,-0.0414,-0.5761,0.0,-4.3106,-1.519
NGA.14.11_1,Enugu,Nkanu East,118,2102,33.7,30.6,32.52,3.83,2.25,30.16,3.55,2.09,32.41,32.62,29.89,30.41,36.46,34.25,30.6,53.7125,2.6558,5.829,16.473,8.7669,15.1574,88.5693,-0.2854,-5.344,-0.7079,0.6488,-0.0561,-0.3752,0.0,-4.3865,0.2796
NGA.14.12_1,Enugu,Nkanu West,43,1313,56.0,30.6,34.53,4.06,2.39,30.42,3.58,2.11,34.4,34.66,30.13,30.67,25.97,28.25,30.6,53.4249,2.6958,5.7203,15.9229,6.047,4.0364,87.3568,-1.0806,-5.1896,-0.9253,1.1847,0.0908,0.0355,0.0,-4.5416,2.2692
NGA.14.13_1,Enugu,Nsukka,83,2174,51.7,30.6,28.78,3.39,1.99,30.82,3.63,2.14,28.65,28.9,30.67,30.96,28.7,29.43,30.6,53.4669,2.6749,5.715,16.1763,12.6379,13.0724,86.4325,-0.923,-4.1725,-0.7069,0.5094,0.0459,-0.0434,0.0,-4.5118,-4.2602
NGA.14.14_1,Enugu,Oji-River,45,1061,46.9,30.6,28.33,3.33,1.96,30.35,3.57,2.1,28.2,28.43,30.13,30.59,28.48,29.46,30.6,53.537,2.691,5.7513,16.274,10.1994,13.5453,86.3472,-0.8092,-5.2286,-0.4154,0.7667,0.0077,-0.1318,0.0,-4.4784,-4.2453
NGA.14.15_1,Enugu,Udenu,42,1046,61.9,30.6,30.09,3.54,2.08,30.82,3.63,2.14,29.95,30.22,30.69,30.98,28.59,29.16,30.6,53.2444,2.6982,5.7126,16.1342,15.3892,16.0791,85.6751,-0.8476,-4.5473,-0.3872,1.0574,0.0623,0.1455,0.0,-4.5831,-3.6221
NGA.14.16_1,Enugu,Udi,102,2711,38.3,30.6,26.53,3.12,1.84,30.65,3.61,2.12,26.41,26.64,30.46,30.83,29.61,29.36,30.6,53.6447,2.7148,5.7205,16.3473,10.3207,14.8817,86.4408,-0.7763,-4.8772,-0.5252,0.5387,-0.0175,-0.2911,0.0,-4.4182,-6.0115
NGA.14.17_1,Enugu,Uzo-Uwani,76,2758,36.1,30.6,38.7,4.55,2.68,30.87,3.63,2.14,38.58,38.81,30.7,30.99,37.19,33.55,30.6,53.9628,2.6513,5.8362,16.3655,9.7619,8.5245,87.6898,-0.3294,-3.9832,-0.0843,0.488,-0.0561,-0.3315,0.0,-4.403,4.8176
NGA.14.1_1,Enugu,Aninri,38,1599,38.4,30.6,33.69,3.96,2.33,30.01,3.53,2.08,33.58,33.78,29.74,30.23,33.28,32.07,30.6,53.7324,2.6894,5.7558,16.072,11.8479,11.3134,86.9501,-0.5891,-5.6255,-0.4262,0.6656,-0.0561,-0.2892,0.0,-4.4189,1.7107
NGA.14.2_1,Enugu,Awgu,62,2033,42.1,30.6,31.93,3.76,2.21,30.07,3.54,2.08,31.81,32.04,29.8,30.31,30.2,30.47,30.6,53.6426,2.6907,5.7513,16.1767,9.6002,9.8508,86.0787,-0.7378,-5.4942,-0.2907,0.6823,-0.0491,-0.2206,0.0,-4.4448,-0.2816
NGA.14.3_1,Enugu,Enugu East,44,1966,29.0,30.6,25.61,3.01,1.77,30.71,3.61,2.13,25.5,25.72,30.51,30.87,25.73,27.88,30.6,53.7724,2.7258,5.649,15.8512,7.9614,9.3879,82.8346,-1.3875,-5.0062,-1.0796,0.1866,0.1846,-0.462,0.0,-4.3537,-5.4041
NGA.14.4_1,Enugu,Enugu North,27,1068,67.2,30.6,24.8,2.92,1.72,30.42,3.58,2.11,24.64,24.98,30.18,30.7,14.19,22.8,30.6,53.5109,2.757,5.4646,14.7693,10.5148,3.2504,82.2971,-2.4631,-5.163,-0.9899,0.7813,0.9374,0.2439,0.0,-4.6203,-6.8778
NGA.14.5_1,Enugu,Enugu South,14,844,95.8,30.6,27.78,3.27,1.92,30.68,3.61,2.13,27.6,27.96,30.37,30.83,16.33,24.0,30.6,53.3,2.7623,5.4845,14.7398,17.6149,2.9359,83.0397,-2.2534,-5.1448,-0.9881,1.1372,0.6966,0.7708,0.0,-4.8193,-4.4902
NGA.14.6_1,Enugu,Ezeagu,80,2796,48.8,30.6,31.19,3.67,2.16,30.84,3.63,2.14,31.06,31.3,30.68,30.98,31.67,31.11,30.6,53.6942,2.6843,5.7727,16.2356,13.4722,14.3758,86.6305,-0.6115,-4.6315,-0.2925,0.6348,-0.0538,-0.0971,0.0,-4.4915,-2.0528
NGA.14.7_1,Enugu,Igbo-Etiti,46,1247,53.4,30.6,23.57,2.77,1.63,30.77,3.62,2.13,23.42,23.71,30.64,30.92,30.01,29.91,30.6,53.4228,2.7338,5.6934,16.2609,19.2821,28.2449,84.7667,-0.7714,-4.6271,-0.4734,0.8708,-0.0561,-0.0122,0.0,-4.5236,-9.8281
NGA.14.8_1,Enugu,Igbo-eze North,57,1061,83.3,30.6,31.5,3.71,2.18,30.88,3.63,2.14,31.35,31.64,30.74,31.02,26.82,27.62,30.6,53.0354,2.7021,5.7383,16.0969,17.3083,16.9107,86.2454,-0.8973,-4.0376,-0.4038,1.7401,-0.0561,0.54,0.0,-4.7321,-3.4277
NGA.14.9_1,Enugu,Igbo-eze South,29,854,57.2,30.6,32.02,3.77,2.22,30.86,3.63,2.14,31.89,32.14,30.71,30.99,29.49,29.88,30.6,53.3641,2.692,5.7532,16.1783,15.6606,14.0435,85.0879,-0.7875,-3.9389,-0.5521,0.9747,-0.0561,0.058,0.0,-4.5501,-1.8897
NGA.15.1_1,Federal Capital Territory,Abaji,124,4432,7.4,,0.0,0.0,0.0,0.0,0.0,0.0,35.27,35.54,34.35,38.11,0.0,0.0,0.0,,,,,,,,-0.0958,-4.5002,-0.4614,-0.2889,-0.0464,-3.2349,0.0,-1.8966,2.29
NGA.15.2_1,Federal Capital Territory,Abuja,257,11811,46.8,,0.0,0.0,0.0,0.0,0.0,0.0,29.9,30.28,36.26,40.04,0.0,0.0,0.0,,,,,,,,-1.5301,-4.438,-1.0357,0.4497,0.9892,-2.3349,0.0,-2.1106,-3.5298
NGA.15.3_1,Federal Capital Territory,Bwari,121,5247,31.6,,0.0,0.0,0.0,0.0,0.0,0.0,28.4,28.75,35.08,39.07,0.0,0.0,0.0,,,,,,,,-1.2036,-4.6052,-0.9805,0.2537,0.6562,-2.6818,0.0,-2.0281,-4.4751
NGA.15.4_1,Federal Capital Territory,Gwagwalada,139,7368,10.3,,0.0,0.0,0.0,0.0,0.0,0.0,31.91,32.19,35.02,38.56,0.0,0.0,0.0,,,,,,,,-0.5092,-4.3672,-0.9449,-0.2106,-0.0132,-3.1687,0.0,-1.9123,-0.4586
NGA.15.5_1,Federal Capital Territory,Kuje,156,3881,21.5,,0.0,0.0,0.0,0.0,0.0,0.0,33.22,33.49,35.38,38.98,0.0,0.0,0.0,,,,,,,,-0.1604,-4.4074,-0.7324,-0.0028,-0.0528,-2.9143,0.0,-1.9728,-0.0361
NGA.15.6_1,Federal Capital Territory,Kwali,164,7494,8.1,,0.0,0.0,0.0,0.0,0.0,0.0,37.46,37.72,34.96,38.46,0.0,0.0,0.0,,,,,,,,-0.2249,-4.368,-0.7235,-0.2542,-0.0325,-3.2181,0.0,-1.9006,4.6734
NGA.16.10_1,Gombe,Shomgom,106,2255,14.9,61.23,61.79,26.48,2.55,61.03,26.16,2.52,61.67,61.93,60.87,61.27,55.76,55.84,61.23,50.9395,1.8426,8.125,34.3738,51.1578,42.3577,95.0154,-0.0185,2.7473,-0.0302,0.0729,-0.0466,2.239,0.0,0.6663,2.3247
NGA.16.11_1,Gombe,Yamaltu/Deba,326,6487,9.3,61.23,60.6,25.97,2.5,61.32,26.28,2.53,60.49,60.7,61.16,61.38,57.61,57.37,61.23,50.9963,1.8518,8.1526,34.7207,54.28,46.6698,96.6138,0.0472,3.3327,-0.1247,0.0921,-0.0448,2.5403,0.0,0.8609,0.2526
NGA.16.1_1,Gombe,Akko,347,6252,9.9,61.23,57.84,24.79,2.39,61.27,26.26,2.53,57.7,57.98,61.11,61.38,60.76,62.7,61.23,50.9142,1.8417,8.0861,34.6151,54.4135,48.8245,96.2398,0.0701,3.2097,-0.5678,-0.0886,0.0665,2.5097,0.0,0.8411,-1.3831
NGA.16.2_1,Gombe,Balanga,255,4743,14.3,61.23,62.82,26.92,2.6,61.05,26.16,2.52,62.7,62.93,60.89,61.27,53.82,54.7,61.23,50.9874,1.8405,8.1509,34.3086,52.7122,41.9675,95.3483,-0.0963,2.8063,0.8589,0.1237,-0.049,2.2702,0.0,0.6864,2.2118
NGA.16.3_1,Gombe,Billiri,138,6363,15.3,61.23,56.07,24.03,2.32,61.0,26.14,2.52,55.94,56.19,60.83,61.29,53.47,54.55,61.23,50.9492,1.8943,7.9879,34.0156,53.5776,42.0884,92.2173,-0.2322,2.9402,-0.6558,0.1201,-0.0504,2.2214,0.0,0.6549,-1.8219
NGA.16.4_1,Gombe,Dukku,377,6452,3.7,61.23,69.7,29.87,2.88,61.31,26.27,2.53,69.58,69.81,61.23,61.4,73.02,71.09,61.23,51.0799,1.8198,8.2103,35.037,59.3354,49.8937,98.8793,0.5475,3.783,0.6492,-0.2142,-0.051,2.8379,0.0,1.0531,5.9494
NGA.16.5_1,Gombe,Funakaye,197,5216,13.2,61.23,57.53,24.65,2.38,61.38,26.3,2.54,57.41,57.64,61.25,61.45,62.96,63.5,61.23,50.9438,1.8633,8.099,34.6786,55.6452,49.9102,96.5236,0.2067,3.7881,-0.5578,0.0656,0.0159,2.3291,0.0,0.7245,-2.1785
NGA.16.6_1,Gombe,Gombe,2,36,100.0,61.23,41.23,17.67,1.7,61.59,26.39,2.54,40.94,41.46,61.27,61.75,43.78,43.88,61.23,50.0908,1.8925,7.9046,31.2766,42.4308,38.6469,97.4424,-0.4103,3.3154,-1.311,0.9261,-0.0561,-2.32,0.0,-2.278,-7.0811
NGA.16.7_1,Gombe,Kaltungo,147,4642,21.3,61.23,65.8,28.2,2.72,61.02,26.15,2.52,65.67,65.93,60.85,61.26,59.02,60.33,61.23,51.1074,1.8316,8.1796,33.9598,49.72,38.1825,96.3982,0.0584,2.8826,0.1612,0.215,-0.0527,1.8974,0.0,0.4457,5.6894
NGA.16.8_1,Gombe,Kwami,179,5615,14.8,61.23,60.8,26.06,2.51,61.36,26.3,2.54,60.69,60.92,61.21,61.42,63.87,63.8,61.23,51.1145,1.8565,8.1483,34.4653,55.9118,47.3053,97.5339,0.2117,3.4788,0.0898,0.1574,-0.0404,2.2479,0.0,0.6721,0.3116
NGA.16.9_1,Gombe,Nafada,228,4430,4.8,61.23,60.3,25.84,2.49,61.44,26.33,2.54,60.19,60.4,61.28,61.58,66.45,64.93,61.23,51.1805,1.8486,8.1894,35.0976,60.1445,53.6303,96.5466,0.3292,4.1848,0.1963,-0.1251,-0.0218,2.7818,0.0,1.0168,-1.6562
NGA.17.10_1,Imo,Isu,7,694,100.0,21.86,19.38,2.9,1.91,21.88,3.27,2.15,19.2,19.51,21.77,21.93,12.92,17.47,21.86,44.6998,0.8032,2.3396,26.2444,17.1016,0.3418,69.4795,-2.6462,-6.4698,-0.3337,1.5801,-0.0561,0.979,0.0,-6.0996,-7.0179
NGA.17.11_1,Imo,Mbatoli,31,1030,95.4,21.86,17.63,2.64,1.73,21.83,3.27,2.15,17.46,17.77,21.72,21.86,12.48,16.53,21.86,44.6059,0.7957,2.3683,27.1575,8.8579,4.4891,75.8897,-2.4727,-6.7668,-0.5979,1.6146,0.1562,1.165,0.0,-6.0526,-9.2405
NGA.17.12_1,Imo,Ngor-Okpala,87,2704,45.6,21.86,21.21,3.17,2.09,21.81,3.26,2.14,21.07,21.32,21.73,21.87,27.95,24.83,21.86,45.4415,0.773,2.4658,29.2062,4.5582,11.4297,77.6455,-0.8655,-6.883,-0.3905,0.7377,-0.0561,3.1767,0.0,-5.5441,-8.0138
NGA.17.13_1,Imo,Njaba,12,502,100.0,21.86,20.08,3.0,1.97,21.87,3.27,2.15,19.9,20.23,21.77,21.94,13.75,17.45,21.86,44.5936,0.7935,2.3761,27.1062,12.507,5.6645,75.2641,-2.2469,-6.4904,-0.6303,1.7222,0.0855,0.979,0.0,-6.0996,-6.5361
NGA.17.14_1,Imo,Nkwerre,7,334,100.0,21.86,21.32,3.19,2.1,21.94,3.28,2.16,21.12,21.48,21.85,22.07,13.79,17.15,21.86,44.5872,0.7924,2.3768,27.1462,13.3565,3.8946,73.0439,-2.2491,-6.2668,-0.2044,1.8643,-0.0561,0.979,0.0,-6.0996,-5.6684
NGA.17.15_1,Imo,Nwangele,8,562,100.0,21.86,24.01,3.59,2.36,21.94,3.28,2.16,23.83,24.15,21.86,22.07,13.65,18.55,21.86,44.6643,0.7951,2.358,26.4774,13.9733,1.4445,74.0692,-2.4406,-6.2756,-0.2043,1.7216,0.026,0.979,0.0,-6.0996,-2.1392
NGA.17.16_1,Imo,Obowo,13,614,85.5,21.86,20.17,3.02,1.98,21.92,3.28,2.16,19.99,20.33,21.8,21.97,13.59,17.13,21.86,44.7293,0.7967,2.3788,27.283,10.4839,3.3549,74.1502,-2.3362,-6.3094,-0.6252,1.6208,0.0113,1.564,0.0,-5.9517,-7.0737
NGA.17.17_1,Imo,Oguta,60,2132,33.0,21.86,22.22,3.32,2.19,21.8,3.26,2.14,22.05,22.35,21.75,21.92,28.68,25.51,21.86,46.1367,0.7743,2.4161,28.0419,3.3493,12.7803,77.8274,-0.8413,-6.6352,-0.8475,0.0957,0.6109,3.6822,0.0,-5.4163,-7.2631
NGA.17.18_1,Imo,Ohaji/Egbema,107,4022,18.1,21.86,25.41,3.8,2.5,21.81,3.26,2.15,25.27,25.53,21.75,21.94,32.06,25.93,21.86,45.9431,0.7635,2.4746,28.7928,2.2151,9.1125,78.2744,-0.6335,-7.0097,-1.127,-0.1553,0.3526,4.2842,0.0,-5.2641,-3.1824
NGA.17.19_1,Imo,Okigwe,46,2122,50.1,21.86,26.11,3.91,2.57,21.93,3.28,2.16,25.96,26.22,21.86,22.07,26.25,25.05,21.86,45.3175,0.7704,2.4454,28.8253,2.7799,2.9246,78.4507,-1.0358,-5.8634,-1.0125,0.6467,-0.0561,2.9933,0.0,-5.5904,-1.9658
NGA.17.1_1,Imo,Aboh-Mbaise,26,866,87.2,21.86,18.96,2.84,1.87,21.83,3.27,2.15,18.82,19.09,21.74,21.87,16.89,19.53,21.86,44.7863,0.7856,2.4089,27.9393,6.5853,5.8075,77.2026,-1.8737,-6.6148,-0.6918,1.4742,-0.0561,1.4976,0.0,-5.9685,-8.3374
NGA.17.20_1,Imo,Orlu,22,577,84.4,21.86,20.5,3.07,2.02,21.92,3.28,2.16,20.33,20.65,21.82,22.0,15.07,18.75,21.86,44.6575,0.7842,2.3985,27.7343,9.2169,7.5425,76.3079,-2.1266,-6.1721,-0.5925,1.2001,0.031,1.6076,0.0,-5.9407,-6.704
NGA.17.21_1,Imo,Orsu,23,411,82.7,21.86,21.23,3.18,2.09,21.92,3.28,2.16,21.07,21.36,21.82,22.0,16.09,19.22,21.86,44.5458,0.7737,2.4141,28.2582,5.3371,4.9737,77.9038,-1.8961,-6.0597,-0.5615,1.0649,-0.0561,1.6767,0.0,-5.9232,-6.061
NGA.17.22_1,Imo,Oru East,26,513,79.0,21.86,19.99,2.99,1.97,21.85,3.27,2.15,19.83,20.13,21.76,21.92,18.01,19.8,21.86,44.7069,0.7796,2.4099,28.231,8.9573,10.1895,77.8417,-1.6649,-6.5049,-0.6779,1.2395,0.0581,1.8276,0.0,-5.8851,-7.7114
NGA.17.23_1,Imo,Oru West,15,364,94.1,21.86,19.11,2.86,1.88,21.91,3.28,2.15,18.96,19.24,21.78,21.93,14.21,18.06,21.86,44.5635,0.7789,2.3962,27.7135,9.5254,5.8871,77.0541,-2.1108,-6.3634,-0.6723,1.2444,-0.0305,1.2188,0.0,-6.039,-7.6361
NGA.17.24_1,Imo,Owerri Municipal,7,384,100.0,21.86,16.96,2.54,1.67,21.81,3.26,2.15,16.76,17.18,21.67,21.84,8.09,15.32,21.86,44.9453,0.8031,2.2924,24.7469,4.5098,0.0,73.0617,-3.4579,-7.0646,-0.818,0.6503,1.4411,0.979,0.0,-6.0996,-8.633
NGA.17.25_1,Imo,Owerri North,32,1182,71.6,21.86,19.06,2.85,1.87,21.81,3.26,2.15,18.9,19.19,21.72,21.86,16.82,19.7,21.86,45.076,0.7913,2.3975,27.7234,4.4287,4.6619,76.9301,-2.0521,-6.8939,-0.7541,1.2134,0.3062,2.1249,0.0,-5.8099,-8.5927
NGA.17.26_1,Imo,Owerri West,44,896,29.9,21.86,20.99,3.14,2.06,21.8,3.26,2.14,20.83,21.12,21.71,21.88,24.92,22.74,21.86,45.4163,0.773,2.4492,29.0635,2.5469,9.0599,76.9254,-1.2661,-7.0692,-0.8319,0.2824,0.1323,3.8082,0.0,-5.3844,-7.7773
NGA.17.27_1,Imo,Unuimo,14,800,87.0,21.86,26.86,4.02,2.64,21.94,3.28,2.16,26.71,26.98,21.86,22.09,23.56,23.76,21.86,44.9967,0.777,2.4271,27.962,8.8458,5.7604,78.7976,-1.2606,-5.9822,-0.7332,1.5623,-0.0561,1.5035,0.0,-5.967,-0.0298
NGA.17.2_1,Imo,Ahiazu-Mbaise,17,508,100.0,21.86,17.66,2.64,1.74,21.85,3.27,2.15,17.48,17.8,21.75,21.88,13.69,17.34,21.86,44.4456,0.7902,2.3808,27.4434,11.6117,8.5688,76.1834,-2.2385,-6.4562,-0.6827,1.6441,-0.0561,0.979,0.0,-6.0996,-9.2485
NGA.17.3_1,Imo,Ehime-Mbano,26,866,71.2,21.86,20.72,3.1,2.04,21.92,3.28,2.16,20.57,20.84,21.8,21.96,22.17,21.92,21.86,44.9642,0.7835,2.4232,28.5416,6.9542,8.3675,77.3671,-1.4145,-6.1302,-0.5911,1.3284,-0.0561,2.1417,0.0,-5.8057,-7.9082
NGA.17.4_1,Imo,Ezinihitte Mbaise,17,757,89.6,21.86,18.22,2.73,1.79,21.86,3.27,2.15,18.04,18.35,21.75,21.88,17.38,20.13,21.86,44.7173,0.7877,2.3968,27.6592,14.0298,12.4135,75.2249,-1.8577,-6.4704,-0.6864,1.4161,-0.0561,1.3996,0.0,-5.9933,-9.2302
NGA.17.5_1,Imo,Ideato South,14,683,83.7,21.86,23.73,3.55,2.33,21.93,3.28,2.16,23.57,23.85,21.84,22.03,23.9,23.56,21.86,44.9169,0.7802,2.4191,28.1274,10.4857,8.6494,77.8456,-1.2943,-6.0767,-0.6225,1.5526,-0.0561,1.6373,0.0,-5.9332,-3.9848
NGA.17.6_1,Imo,Ideato North,32,1071,71.6,21.86,22.29,3.33,2.19,21.92,3.28,2.16,22.15,22.4,21.82,22.01,19.46,21.92,21.86,44.9443,0.7763,2.4308,28.5046,3.347,4.2026,76.6997,-1.5668,-5.9159,-0.7666,1.2567,-0.0561,2.1248,0.0,-5.81,-5.7886
NGA.17.7_1,Imo,Ihitte/Uboma,14,586,88.6,21.86,18.53,2.77,1.82,21.92,3.28,2.16,18.36,18.67,21.78,21.93,14.86,18.34,21.86,44.7232,0.7946,2.3833,27.6196,8.2248,3.8575,76.2117,-2.1953,-6.1787,-0.7485,1.6293,-0.0561,1.4396,0.0,-5.9832,-9.0019
NGA.17.8_1,Imo,Ikeduru,30,1060,84.1,21.86,17.08,2.56,1.68,21.83,3.27,2.15,16.92,17.22,21.73,21.87,15.37,18.37,21.86,44.815,0.7919,2.3988,27.8988,7.5738,6.5813,75.212,-2.03,-6.6427,-0.5864,1.6291,-0.0561,1.619,0.0,-5.9378,-10.8504
NGA.17.9_1,Imo,Isiala Mbano,31,1293,87.5,21.86,24.44,3.66,2.4,21.93,3.28,2.16,24.26,24.58,21.83,22.02,16.41,19.02,21.86,44.7111,0.785,2.4013,27.5438,9.6021,4.3692,76.447,-1.9517,-6.2741,-0.3141,1.6942,-0.0561,1.4829,0.0,-5.9722,-2.5198
NGA.18.10_1,Jigawa,Guri,163,3616,3.2,73.06,78.28,36.32,2.73,73.07,33.9,2.55,78.03,78.51,73.05,73.08,64.37,65.93,73.06,72.0855,1.9582,11.2792,34.3452,48.7396,67.9874,88.1802,0.0973,2.9373,-0.2622,-0.1573,-0.0532,-0.2476,0.0,-0.7129,-0.1093
NGA.18.11_1,Jigawa,Gwaram,324,5220,6.9,73.06,72.61,33.69,2.53,73.07,33.91,2.55,72.37,72.8,73.04,73.1,67.48,68.9,73.06,71.5091,1.9728,11.1472,34.4156,48.3869,72.6674,87.7472,0.2499,1.42,-0.35,0.0266,-0.0392,-0.3138,0.0,-0.8087,-1.9621
NGA.18.12_1,Jigawa,Gwiwa,99,2195,35.2,73.06,69.56,32.28,2.43,73.06,33.9,2.55,69.31,69.78,73.02,73.13,69.64,69.66,73.06,71.2795,2.0073,11.0421,33.6529,44.407,69.044,84.9297,0.2939,2.2451,0.5096,0.813,0.0533,-0.8173,0.0,-1.5376,-5.0941
NGA.18.13_1,Jigawa,Hadejia,7,641,63.5,73.06,63.43,29.43,2.21,73.06,33.9,2.55,62.99,63.87,73.01,73.11,39.47,51.66,73.06,71.0511,2.12,10.3791,30.1002,34.6541,33.1167,79.8103,-1.4332,2.4894,-0.5489,0.9811,0.6656,-1.3207,0.0,-2.2665,-5.6353
NGA.18.14_1,Jigawa,Jahun,206,5906,19.1,73.06,71.25,33.06,2.49,73.04,33.89,2.55,71.01,71.47,73.02,73.08,76.81,77.02,73.06,71.646,1.992,11.1326,34.1135,47.8337,73.6348,85.5323,0.4838,2.0135,-0.797,0.3408,-0.0436,-0.5306,0.0,-1.1226,-2.9036
NGA.18.15_1,Jigawa,Kafin Hausa,243,5139,21.5,73.06,72.16,33.48,2.52,73.06,33.9,2.55,71.93,72.37,73.06,73.09,73.81,73.54,73.06,71.4502,1.985,11.137,34.1653,46.5058,72.8604,88.1403,0.4632,2.4001,-0.6941,0.3874,-0.055,-0.574,0.0,-1.1854,-2.7764
NGA.18.16_1,Jigawa,Kaugama,144,3224,8.5,73.06,74.82,34.71,2.61,73.06,33.9,2.55,74.59,75.02,73.06,73.08,72.7,73.83,73.06,71.7672,1.9875,11.1382,34.4579,50.6179,74.6495,88.3743,0.3802,2.3338,-0.0914,-0.0103,-0.001,-0.3424,0.0,-0.8501,-1.9233
NGA.18.17_1,Jigawa,Kazaure,64,2160,30.6,73.06,72.17,33.49,2.52,73.09,33.91,2.55,71.89,72.41,73.04,73.11,65.5,69.16,73.06,71.284,2.0122,10.9638,33.32,42.432,59.8546,83.5356,0.0028,2.2555,-0.4361,0.6204,0.0852,-0.7348,0.0,-1.4181,-2.4048
NGA.18.18_1,Jigawa,Kiri Kasama,133,7180,24.3,73.06,73.25,33.99,2.56,73.06,33.9,2.55,73.0,73.49,73.06,73.09,62.56,64.61,73.06,71.825,2.0183,11.0318,33.318,44.091,57.0877,85.8971,-0.0638,2.7221,-0.7835,0.3402,-0.0129,-0.6229,0.0,-1.2561,-1.7312
NGA.18.19_1,Jigawa,Kiyawa,191,3802,15.2,73.06,73.98,34.33,2.58,73.05,33.89,2.55,73.74,74.2,73.03,73.08,67.53,69.85,73.06,71.5089,1.9759,11.1354,34.1293,44.1658,66.3118,86.9228,0.2261,1.7814,-0.8325,0.1937,-0.0104,-0.461,0.0,-1.0218,-0.8596
NGA.18.1_1,Jigawa,Auyo,87,3258,25.2,73.06,73.08,33.91,2.55,73.06,33.9,2.55,72.83,73.3,73.06,73.09,64.53,65.3,73.06,71.6154,2.0088,11.0513,33.6559,44.3576,61.9214,85.7078,0.0701,2.416,-0.1189,0.4375,-0.002,-0.6386,0.0,-1.2789,-2.392
NGA.18.20_1,Jigawa,Maigatari,189,4972,4.5,73.06,72.55,33.66,2.53,73.07,33.9,2.55,72.31,72.76,73.06,73.09,79.02,79.39,73.06,71.7454,1.9895,11.1472,34.741,53.8647,82.2157,86.6089,0.5868,2.6257,-0.6051,-0.0019,-0.0465,-0.2707,0.0,-0.7463,-3.3521
NGA.18.21_1,Jigawa,Malam Maduri,134,6065,12.1,73.06,73.93,34.3,2.58,73.06,33.9,2.55,73.67,74.17,73.04,73.08,72.35,76.08,73.06,71.7813,2.0183,10.9861,33.8815,50.1421,68.9037,86.8551,0.2081,2.5056,-0.5349,0.1103,0.0597,-0.4054,0.0,-0.9413,-2.0166
NGA.18.22_1,Jigawa,Miga,104,3752,38.0,73.06,70.25,32.6,2.45,73.07,33.9,2.55,70.02,70.46,73.05,73.1,73.25,72.73,73.06,71.4047,2.0119,11.0488,33.4421,42.0288,63.897,86.5015,0.3614,2.1381,-0.6663,0.7916,-0.0507,-0.867,0.0,-1.6095,-3.2351
NGA.18.23_1,Jigawa,Ringim,146,3766,26.4,73.06,72.29,33.54,2.52,73.05,33.9,2.55,72.06,72.51,73.03,73.09,65.88,67.57,73.06,71.4425,1.9978,11.0851,33.638,42.688,63.1328,87.2609,0.1551,2.0389,-0.7575,0.4938,0.0086,-0.6612,0.0,-1.3116,-1.9241
NGA.18.24_1,Jigawa,Roni,41,1020,51.4,73.06,65.85,30.56,2.3,73.06,33.9,2.55,65.61,66.08,72.97,73.11,68.58,68.81,73.06,71.0771,2.0138,11.0225,33.1645,38.8942,62.0796,86.7173,0.2606,2.0333,-0.022,1.1706,-0.0561,-1.105,0.0,-1.9542,-5.9989
NGA.18.25_1,Jigawa,Sule Tankarkar,253,3129,1.7,73.06,76.1,35.31,2.66,73.06,33.9,2.55,75.87,76.31,73.05,73.08,73.49,75.32,73.06,71.5814,1.9666,11.2137,34.7809,49.7606,76.3081,88.11,0.4249,2.5018,-0.9509,0.0347,-0.0314,-0.2203,0.0,-0.6733,-0.848
NGA.18.26_1,Jigawa,Taura,103,3617,10.9,73.06,73.91,34.3,2.58,73.06,33.9,2.55,73.69,74.13,73.06,73.08,72.54,72.27,73.06,71.9141,1.9798,11.1905,34.2045,49.1145,71.6725,86.9282,0.3528,2.0968,-0.4403,0.0372,-0.0287,-0.3839,0.0,-0.9102,-1.748
NGA.18.27_1,Jigawa,Yankwashi,74,2544,25.4,73.06,78.36,36.36,2.73,73.07,33.9,2.55,78.11,78.59,73.05,73.09,74.24,74.39,73.06,71.4855,1.9901,11.0958,33.9241,44.7946,64.6256,84.4204,0.3949,2.4178,-0.0834,0.4999,-0.0395,-0.6433,0.0,-1.2857,0.2762
NGA.18.2_1,Jigawa,Babura,182,3482,32.1,73.06,74.01,34.34,2.58,73.07,33.9,2.55,73.77,74.23,73.06,73.1,78.44,80.38,73.06,71.4772,1.9684,11.234,33.8535,42.6517,69.2597,87.6801,0.5677,2.3427,-0.8926,0.6581,-0.0558,-0.7626,0.0,-1.4585,-1.3705
NGA.18.3_1,Jigawa,Biriniwa,257,5874,2.2,73.06,84.22,39.17,2.95,73.05,33.9,2.55,83.98,84.44,73.05,73.08,85.55,85.48,73.06,72.2576,1.9391,11.3684,34.804,54.1044,80.2196,89.4257,0.7842,2.822,0.2132,-0.2319,-0.0476,-0.229,0.0,-0.6859,2.4045
NGA.18.4_1,Jigawa,Birnin Kudu,242,4918,21.6,73.06,65.5,30.39,2.29,73.03,33.89,2.55,65.25,65.71,72.96,73.08,64.01,65.86,73.06,71.408,1.9991,11.0462,33.7178,43.9595,68.1241,85.5506,0.0883,1.3767,-0.854,0.3513,0.0251,-0.5751,0.0,-1.187,-5.0989
NGA.18.5_1,Jigawa,Buji,97,1335,14.9,73.06,70.42,32.68,2.46,73.05,33.89,2.55,70.19,70.62,73.03,73.08,75.48,76.59,73.06,71.4284,1.977,11.1709,34.4677,48.2948,77.9671,87.0153,0.4935,1.6082,-0.4768,0.2937,-0.0313,-0.4563,0.0,-1.015,-3.452
NGA.18.6_1,Jigawa,Dutse,170,3784,24.4,73.06,69.88,32.42,2.44,73.05,33.9,2.55,69.62,70.1,73.01,73.09,61.67,66.39,73.06,71.3173,1.9972,11.0342,33.5619,41.2616,62.3523,85.5575,-0.0507,1.7069,-0.7802,0.4923,0.1011,-0.6248,0.0,-1.259,-2.9366
NGA.18.7_1,Jigawa,Gagarawa,118,2249,3.0,73.06,72.65,33.71,2.54,73.07,33.9,2.55,72.42,72.86,73.06,73.08,87.19,86.8,73.06,71.8748,1.9762,11.2151,35.1367,56.0586,89.316,88.1343,0.9101,2.2702,-0.2091,-0.1574,-0.0395,-0.2439,0.0,-0.7074,-3.5751
NGA.18.8_1,Jigawa,Garki,199,4424,10.1,73.06,69.58,32.28,2.43,73.06,33.9,2.55,69.34,69.78,73.06,73.08,80.79,81.64,73.06,71.7669,1.9766,11.2182,34.5196,51.7037,82.2731,87.4619,0.6453,2.1745,-0.9818,0.1219,-0.054,-0.3706,0.0,-0.8909,-4.169
NGA.18.9_1,Jigawa,Gumel,41,1738,16.0,73.06,69.91,32.44,2.44,73.08,33.91,2.55,69.63,70.16,73.04,73.1,70.97,75.36,73.06,71.4851,2.027,10.9128,33.7141,50.203,70.9585,84.8136,0.1226,2.5294,-0.5198,0.136,0.1558,-0.4755,0.0,-1.0428,-4.2377
NGA.19.10_1,Kaduna,Kaduna South,11,1012,100.0,25.76,21.6,4.33,1.85,26.01,5.22,2.23,21.34,21.82,25.86,26.14,5.25,18.59,25.76,52.1968,2.9808,1.8384,20.1831,10.8529,0.0,76.1585,-3.6273,-0.728,-0.8597,1.7571,1.9379,-0.0977,0.0,-3.5066,-8.311
NGA.19.11_1,Kaduna,Kagarko,300,6586,10.1,25.76,24.26,4.87,2.08,25.76,5.17,2.21,24.19,24.35,25.72,25.85,24.94,24.94,25.76,51.6741,2.8518,2.0601,27.1364,18.2069,28.9583,86.1639,-0.1511,-0.9716,-0.7482,-0.0028,-0.0087,-0.4724,0.0,-2.6591,-4.6892
NGA.19.12_1,Kaduna,Kajuru,288,2633,2.4,25.76,24.19,4.85,2.08,25.75,5.17,2.21,24.12,24.26,25.71,25.9,30.26,28.71,25.76,51.8144,2.7924,2.0975,27.0118,23.1258,38.5166,91.6414,0.3186,-0.7042,-1.4689,-0.0649,-0.0499,-0.5046,0.0,-2.5864,-4.7505
NGA.19.13_1,Kaduna,Kaura,84,2632,33.0,25.76,23.19,4.65,1.99,25.81,5.18,2.21,23.09,23.27,25.72,25.86,24.73,24.76,25.76,51.4432,2.8926,2.0333,26.3062,21.084,30.341,86.894,-0.2389,-1.2499,-0.4057,0.5873,0.0013,-0.3771,0.0,-2.8746,-6.6544
NGA.19.14_1,Kaduna,Kauru,390,7436,7.3,25.76,29.6,5.94,2.54,25.76,5.17,2.21,29.53,29.68,25.71,25.86,29.53,28.46,25.76,51.9289,2.7507,2.1152,26.7939,20.3012,29.9946,91.3509,0.2683,-0.6059,-0.9064,-0.0104,-0.0561,-0.4839,0.0,-2.6332,2.1812
NGA.19.15_1,Kaduna,Kubau,394,8342,4.9,25.76,26.55,5.33,2.28,25.71,5.16,2.21,26.49,26.63,25.68,25.79,29.19,28.47,25.76,51.7398,2.8193,2.0818,27.4558,21.2625,33.5194,85.5386,0.2129,-0.1889,-0.3272,0.0169,-0.0446,-0.4941,0.0,-2.6101,-3.0681
NGA.19.16_1,Kaduna,Kudan,67,1712,37.8,25.76,26.97,5.41,2.31,25.74,5.17,2.21,26.88,27.04,25.66,25.8,22.02,22.48,25.76,51.2295,2.8776,2.0393,26.5281,15.3873,21.5248,86.0788,-0.3847,0.0466,-0.6553,0.8461,0.001,-0.3571,0.0,-2.92,-2.5007
NGA.19.17_1,Kaduna,Lere,366,8571,14.4,25.76,28.93,5.81,2.48,25.74,5.17,2.21,28.86,29.01,25.69,25.82,27.82,27.26,25.76,51.6301,2.818,2.0753,27.0288,19.7394,27.864,88.3421,0.0969,-0.3512,-0.1,0.2296,-0.0184,-0.4543,0.0,-2.7001,0.1238
NGA.19.18_1,Kaduna,Makarfi,90,2597,38.1,25.76,29.76,5.97,2.55,25.75,5.17,2.21,29.68,29.84,25.67,25.82,22.74,22.79,25.76,51.3192,2.8499,2.0563,26.4526,14.6522,18.0178,88.4826,-0.3172,-0.007,-0.2719,0.9041,-0.033,-0.3558,0.0,-2.9228,0.9787
NGA.19.19_1,Kaduna,Sabon Gari,42,1900,52.4,25.76,22.73,4.56,1.95,25.72,5.16,2.21,22.57,22.85,25.56,25.79,13.78,19.24,25.76,51.3188,2.9092,1.9675,24.9538,13.8543,13.0826,82.1877,-1.6478,0.0341,-0.9882,0.8291,0.5464,-0.2962,0.0,-3.0576,-7.2719
NGA.19.1_1,Kaduna,Birnin Gwari,584,13505,3.5,25.76,26.5,5.32,2.27,25.76,5.17,2.21,26.42,26.58,25.7,25.85,27.25,26.84,25.76,51.9458,2.8071,2.0863,27.011,21.7019,29.1152,93.5352,0.0289,-0.6442,0.1516,-0.1883,-0.0396,-0.4998,0.0,-2.5973,-2.7927
NGA.19.20_1,Kaduna,Sanga,200,4558,7.7,25.76,27.35,5.49,2.35,25.81,5.18,2.21,27.28,27.43,25.74,25.87,26.66,26.07,25.76,51.6322,2.8252,2.0632,27.2644,18.0013,26.5867,86.0886,0.0309,-0.9668,-0.3523,-0.0395,-0.0533,-0.4823,0.0,-2.6369,-0.8932
NGA.19.21_1,Kaduna,Soba,370,7735,12.1,25.76,28.93,5.81,2.48,25.72,5.16,2.21,28.86,29.0,25.69,25.79,28.67,27.77,25.76,51.6742,2.8191,2.0778,27.168,19.9766,29.0039,87.6592,0.1635,-0.1028,-0.3121,0.1537,-0.0357,-0.4639,0.0,-2.6785,0.0923
NGA.19.22_1,Kaduna,Zangon Kataf,362,9107,15.0,25.76,22.02,4.42,1.89,25.77,5.17,2.21,21.94,22.1,25.7,25.82,24.74,24.3,25.76,51.599,2.88,2.0436,26.8306,20.3312,31.4843,87.606,-0.1695,-1.3104,-0.8891,0.0838,-0.0202,-0.4519,0.0,-2.7055,-7.3761
NGA.19.23_1,Kaduna,Zaria,54,3288,56.6,25.76,25.64,5.15,2.2,25.75,5.17,2.21,25.47,25.78,25.64,25.81,17.18,21.0,25.76,51.4153,2.9033,1.9771,24.852,15.8517,11.9915,81.8267,-1.3689,0.0167,-0.8898,0.9827,0.2592,-0.2786,0.0,-3.0973,-3.4053
NGA.19.2_1,Kaduna,Chikun,505,8064,11.5,25.76,22.96,4.61,1.97,25.79,5.18,2.21,22.88,23.04,25.73,25.91,25.84,26.1,25.76,51.6987,2.8336,2.0609,26.9237,20.7756,33.3015,89.6044,-0.1047,-0.7445,-0.789,-0.1401,0.0708,-0.4666,0.0,-2.6724,-6.6791
NGA.19.3_1,Kaduna,Giwa,323,7297,22.3,25.76,30.55,6.13,2.62,25.73,5.16,2.21,30.47,30.63,25.67,25.81,27.79,26.73,25.76,51.5937,2.812,2.0784,26.8279,18.0608,25.1898,90.2734,0.0952,-0.0683,-0.4631,0.3356,-0.0165,-0.4215,0.0,-2.7744,2.3957
NGA.19.4_1,Kaduna,Igabi,535,7871,11.5,25.76,23.7,4.76,2.03,25.74,5.17,2.21,23.61,23.79,25.69,25.84,22.8,24.2,25.76,51.5465,2.8587,2.0435,26.8209,17.2076,26.8536,87.9161,-0.4402,-0.4099,-1.2622,0.0133,0.1463,-0.4666,0.0,-2.6723,-5.3973
NGA.19.5_1,Kaduna,Ikara,156,4481,31.1,25.76,28.12,5.64,2.41,25.68,5.15,2.2,28.04,28.2,25.6,25.92,23.97,24.02,25.76,51.3356,2.8543,2.0528,26.6063,17.2899,22.7544,87.5358,-0.2257,0.0421,-0.377,0.7035,-0.0561,-0.3848,0.0,-2.8572,-1.1526
NGA.19.6_1,Kaduna,Jaba,71,3557,25.6,25.76,21.21,4.26,1.82,25.79,5.18,2.21,21.13,21.3,25.71,25.84,24.39,24.04,25.76,51.5734,2.9259,2.022,26.5059,21.4854,29.3388,83.5969,-0.2946,-1.2148,-0.5847,0.3852,-0.0539,-0.4078,0.0,-2.8052,-8.9918
NGA.19.7_1,Kaduna,Jema'a,222,7016,21.1,25.76,22.46,4.51,1.93,25.81,5.18,2.21,22.38,22.54,25.74,25.88,25.22,24.78,25.76,51.5955,2.8888,2.0361,26.7138,20.4108,30.0094,85.3823,-0.1521,-1.1022,-0.7747,0.1696,-0.0492,-0.4266,0.0,-2.7627,-7.1339
NGA.19.8_1,Kaduna,Kachia,480,8833,7.1,25.76,24.04,4.82,2.06,25.79,5.18,2.21,23.97,24.12,25.71,25.84,27.08,26.28,25.76,51.802,2.8349,2.0713,26.8941,20.5654,31.5813,89.4649,0.0159,-1.2113,-1.0975,-0.0965,-0.0321,-0.4848,0.0,-2.6311,-4.4812
NGA.19.9_1,Kaduna,Kaduna North,13,859,95.0,25.76,21.6,4.33,1.85,25.93,5.2,2.22,21.35,21.83,25.73,26.05,6.39,18.59,25.76,51.924,2.9723,1.8621,20.8319,10.4421,3.9504,78.4706,-3.2871,-0.6049,-1.0807,1.8097,1.774,-0.1184,0.0,-3.4597,-8.4639
NGA.2.10_1,Adamawa,Madagali,62,2637,34.3,52.64,53.4,26.9,2.7,52.88,26.64,2.67,53.24,53.57,52.72,52.95,43.91,44.43,52.64,47.4557,0.6625,6.6527,21.9447,26.7536,22.1421,92.8734,-0.4438,2.6273,0.3932,0.3843,-0.0561,-1.9062,0.0,-3.6046,-2.0662
NGA.2.11_1,Adamawa,Maiha,64,1446,18.0,52.64,49.47,24.92,2.5,52.82,26.61,2.67,49.35,49.61,52.68,52.92,51.42,51.18,52.64,47.6678,0.6653,6.6904,22.4993,27.8129,31.1046,90.2763,-0.0688,2.3734,-0.2889,0.0335,-0.0561,-1.5902,0.0,-3.3411,-4.6006
NGA.2.12_1,Adamawa,Mayo-Belwa,325,4549,3.8,52.64,63.16,31.82,3.19,52.41,26.4,2.65,63.05,63.26,52.17,52.56,53.02,52.24,52.64,47.5789,0.6482,6.7569,22.5724,25.7335,25.6341,92.1819,0.0422,1.3558,1.0767,-0.0126,-0.0238,-1.3132,0.0,-3.1102,4.4286
NGA.2.13_1,Adamawa,Michika,119,2528,21.5,52.64,43.78,22.05,2.21,52.79,26.6,2.67,43.63,43.92,52.69,52.86,47.8,48.68,52.64,47.4155,0.6652,6.6611,22.5595,28.6118,33.7689,87.6203,-0.2254,2.5015,-0.0301,0.2105,-0.0561,-1.6579,0.0,-3.3975,-9.0395
NGA.2.14_1,Adamawa,Mubi North,84,2897,12.6,52.64,43.05,21.69,2.18,52.81,26.6,2.67,42.9,43.2,52.72,52.87,49.58,49.7,52.64,47.6585,0.676,6.6047,22.4379,29.6102,32.3809,85.1555,-0.2654,2.4448,-0.5357,-0.0012,-0.034,-1.4849,0.0,-3.2533,-9.0959
NGA.2.15_1,Adamawa,Mubi South,27,3137,39.5,52.64,42.01,21.17,2.12,52.75,26.57,2.67,41.84,42.18,52.64,52.82,52.73,53.87,52.64,47.8445,0.6971,6.5133,21.4315,35.2698,28.7361,83.2506,-0.4184,2.451,-0.6782,0.6236,-0.0561,-2.0079,0.0,-3.6894,-9.2056
NGA.2.16_1,Adamawa,Numan,65,1592,11.2,52.64,53.13,26.77,2.68,52.61,26.51,2.66,52.96,53.26,52.45,52.73,50.88,51.18,52.64,47.7469,0.6574,6.6733,22.3269,29.636,29.8463,88.1794,-0.1973,1.7906,1.2123,-0.3813,0.0983,-1.4577,0.0,-3.2307,-2.7077
NGA.2.17_1,Adamawa,Shelleng,223,3511,7.2,52.64,60.89,30.67,3.08,52.7,26.55,2.66,60.78,61.0,52.61,52.82,57.09,55.67,52.64,47.8554,0.6458,6.8352,22.6802,28.8233,31.4156,90.0712,0.2044,2.141,1.361,-0.0685,-0.055,-1.38,0.0,-3.1659,1.7506
NGA.2.18_1,Adamawa,Song,429,5889,3.5,52.64,55.81,28.12,2.82,52.7,26.55,2.66,55.7,55.92,52.61,52.84,56.23,55.78,52.64,47.7754,0.6519,6.7859,22.7356,28.9919,33.3294,92.1544,0.1521,2.2353,0.7011,-0.1815,-0.0402,-1.3072,0.0,-3.1052,-1.3716
NGA.2.19_1,Adamawa,Teungo,163,2199,2.9,52.64,55.05,27.73,2.78,52.51,26.46,2.65,54.92,55.18,52.32,52.6,57.38,55.89,52.64,47.8772,0.6492,6.7988,22.6353,34.9922,38.0133,88.699,0.196,1.0626,3.3418,-0.1961,-0.0561,-1.295,0.0,-3.095,-3.4297
NGA.2.1_1,Adamawa,Demsa,251,2916,11.8,52.64,46.3,23.32,2.34,52.48,26.44,2.65,46.15,46.44,52.36,52.7,47.33,50.29,52.64,47.4923,0.6615,6.6464,22.4817,26.3439,31.4761,89.6058,-0.3621,1.9803,-0.0207,-0.1754,0.1372,-1.4698,0.0,-3.2407,-6.7047
NGA.2.20_1,Adamawa,Yola North,19,1454,42.6,52.64,38.39,19.34,1.94,52.54,26.47,2.65,38.17,38.61,52.34,52.78,44.37,50.82,52.64,47.6008,0.6912,6.3998,20.9405,31.0775,27.4822,85.7247,-1.0241,2.2721,-0.9868,0.3516,0.5616,-2.0684,0.0,-3.7398,-10.9928
NGA.2.21_1,Adamawa,Yola South,56,2645,25.4,52.64,37.9,19.1,1.92,52.45,26.42,2.65,37.72,38.07,52.35,52.69,46.45,49.12,52.64,47.5822,0.6801,6.5341,21.9345,30.1763,31.8564,87.8383,-0.5286,2.1847,-0.9363,0.0132,0.1729,-1.7342,0.0,-3.4612,-11.689
NGA.2.2_1,Adamawa,Fufore,446,5807,3.4,52.64,50.66,25.52,2.56,52.58,26.49,2.66,50.54,50.79,52.5,52.76,56.61,55.95,52.64,47.8355,0.6543,6.7866,22.7505,29.5003,35.9846,92.6683,0.149,2.1273,0.2138,-0.2327,-0.0244,-1.3056,0.0,-3.1038,-4.4963
NGA.2.3_1,Adamawa,Ganye,219,4694,4.6,52.64,57.68,29.06,2.91,52.49,26.45,2.65,57.56,57.8,52.26,52.58,55.23,54.65,52.64,47.8845,0.6479,6.8011,22.5395,32.5425,34.209,88.2393,0.1023,1.0746,2.8959,-0.1316,-0.0313,-1.3294,0.0,-3.1237,-1.0106
NGA.2.4_1,Adamawa,Girie,212,3237,6.4,52.64,49.16,24.77,2.48,52.65,26.52,2.66,49.04,49.28,52.63,52.84,56.36,56.12,52.64,47.7008,0.6623,6.7112,22.6767,31.7497,37.4399,89.0005,0.1159,2.3426,0.4468,-0.1921,-0.0342,-1.3635,0.0,-3.1521,-5.9326
NGA.2.5_1,Adamawa,Gombi,137,3633,10.6,52.64,53.33,26.87,2.69,52.79,26.6,2.67,53.2,53.48,52.72,52.89,52.59,52.17,52.64,47.7716,0.6622,6.7186,22.4497,26.6112,28.1453,91.797,-0.0871,2.3833,-0.427,-0.0221,0.0119,-1.4465,0.0,-3.2213,-1.9185
NGA.2.6_1,Adamawa,Guyuk,98,4576,23.1,52.64,60.07,30.27,3.04,52.66,26.53,2.66,59.94,60.21,52.56,52.8,51.26,51.01,52.64,47.6933,0.666,6.6498,21.9881,29.3225,23.3431,86.9943,-0.2255,2.0462,1.2542,0.187,-0.0053,-1.689,0.0,-3.4235,2.0501
NGA.2.7_1,Adamawa,Hong,253,3680,9.7,52.64,48.45,24.41,2.45,52.87,26.64,2.67,48.33,48.59,52.76,52.92,51.25,52.17,52.64,47.5331,0.6615,6.7031,22.817,26.759,33.344,89.1274,-0.0709,2.4148,-0.3018,-0.0329,-0.0263,-1.4285,0.0,-3.2063,-5.6332
NGA.2.8_1,Adamawa,Jada,235,4485,14.0,52.64,57.3,28.87,2.9,52.5,26.45,2.65,57.2,57.41,52.27,52.64,53.82,52.49,52.64,47.7074,0.6507,6.7873,22.3887,28.9096,30.6814,90.2321,0.0659,1.5301,1.0602,0.1966,-0.0487,-1.5117,0.0,-3.2757,0.1565
NGA.2.9_1,Adamawa,Lamurde,120,3731,9.5,52.64,59.34,29.9,3.0,52.66,26.53,2.66,59.2,59.48,52.57,52.79,53.4,52.83,52.64,47.7719,0.6513,6.733,22.4856,27.9383,26.8617,89.9923,-0.0236,1.8845,1.3078,-0.4291,-0.0157,-1.4237,0.0,-3.2023,1.5639
NGA.20.10_1,Kano,Dawakin Tofa,79,2729,67.6,50.05,48.66,12.11,2.25,50.09,12.47,2.31,48.51,48.79,50.05,50.13,45.18,45.07,50.05,61.7087,0.4319,4.8112,37.5883,27.5982,29.7797,89.2213,-0.6497,3.0791,-0.6818,1.3876,0.0005,-0.7625,0.0,-1.8111,-2.1246
NGA.20.11_1,Kano,Doguwa,181,3894,8.6,50.05,48.64,12.11,2.24,49.92,12.43,2.3,48.55,48.73,49.65,50.16,58.73,55.44,50.05,62.5573,0.4214,4.939,39.0947,44.3536,52.309,89.1925,0.0146,2.066,0.1136,0.0314,-0.0494,-1.6318,0.0,0.0809,-2.2087
NGA.20.12_1,Kano,Fagge,6,580,100.0,50.05,42.17,10.5,1.95,50.04,12.46,2.31,41.79,42.53,49.98,50.11,10.07,36.41,50.05,63.4519,0.4493,4.278,26.4406,10.6535,1.597,78.9347,-3.9198,2.9442,-0.7924,0.5836,2.6385,-0.2846,0.0,-2.8512,-5.4948
NGA.20.13_1,Kano,Gabasawa,108,3515,49.3,50.05,48.77,12.14,2.25,50.11,12.47,2.31,48.65,48.88,50.05,50.2,59.31,54.64,50.05,62.0744,0.4281,4.8657,38.5137,34.6695,43.5728,90.5379,-0.0293,3.4042,-0.8515,0.9631,-0.0433,-1.0316,0.0,-1.2254,-2.6565
NGA.20.14_1,Kano,Garko,75,2885,47.4,50.05,50.73,12.63,2.34,50.09,12.47,2.31,50.59,50.85,50.05,50.13,54.09,52.68,50.05,62.182,0.429,4.8678,37.7126,36.6812,38.0224,88.639,-0.3726,2.8245,-0.3435,0.9205,-0.0162,-1.0605,0.0,-1.1625,-0.5626
NGA.20.15_1,Kano,Garum Mallam,41,2041,48.8,50.05,43.3,10.78,2.0,49.95,12.43,2.31,43.18,43.42,49.89,50.04,49.79,49.08,50.05,62.2482,0.437,4.8312,37.8374,36.3094,40.0278,87.1824,-0.524,2.6224,-0.4602,1.0855,0.0,-1.0396,0.0,-1.2081,-6.6709
NGA.20.16_1,Kano,Gaya,104,2836,55.4,50.05,47.8,11.9,2.21,50.09,12.47,2.31,47.69,47.91,50.05,50.14,57.34,53.89,50.05,61.9407,0.4304,4.8514,38.2632,34.8211,44.0484,89.81,-0.0651,3.1339,-0.7178,1.294,0.0078,-0.9419,0.0,-1.4207,-3.5922
NGA.20.17_1,Kano,Gezawa,61,1540,60.9,50.05,49.35,12.28,2.28,50.06,12.46,2.31,49.16,49.52,50.01,50.13,37.4,43.07,50.05,61.924,0.4318,4.7272,36.1021,25.0884,25.9373,89.7139,-1.1733,3.2247,-0.7782,0.9023,0.6412,-0.8612,0.0,-1.5963,-1.3296
NGA.20.18_1,Kano,Gwale,3,569,100.0,50.05,39.24,9.77,1.81,50.01,12.45,2.31,38.82,39.61,49.95,50.08,11.52,36.41,50.05,62.9338,0.4702,4.2354,26.7929,22.8801,0.0548,73.2289,-4.1914,2.9295,-0.9487,0.138,2.3734,-0.2846,0.0,-2.8512,-6.8759
NGA.20.19_1,Kano,Gwarzo,62,1088,55.5,50.05,48.33,12.03,2.23,50.05,12.46,2.31,48.2,48.43,50.0,50.13,48.12,47.95,50.05,61.729,0.4273,4.8595,38.1885,33.0313,40.1898,90.1422,-0.3778,2.7272,0.1632,1.2818,-0.0453,-0.9401,0.0,-1.4245,-3.2344
NGA.20.1_1,Kano,Ajingi,115,2014,37.6,50.05,44.99,11.2,2.08,50.03,12.46,2.31,44.89,45.09,49.98,50.11,60.9,55.8,50.05,62.026,0.4269,4.8897,39.1704,39.1037,54.3621,91.2135,0.0995,3.3037,-0.5377,0.8221,-0.0407,-1.2049,0.0,-0.8482,-6.325
NGA.20.20_1,Kano,Kabo,54,1811,67.4,50.05,46.3,11.53,2.14,49.95,12.43,2.31,46.17,46.4,49.91,50.07,48.7,48.18,50.05,61.9028,0.4317,4.86,37.8331,31.8143,38.8112,89.2007,-0.3889,2.7556,-0.0443,1.556,-0.0422,-0.7655,0.0,-1.8046,-4.8721
NGA.20.21_1,Kano,Kano,4,988,100.0,50.05,40.77,10.15,1.88,50.04,12.46,2.31,40.35,41.14,49.99,50.1,16.78,36.41,50.05,63.02,0.4736,4.2616,27.7772,33.5196,0.0,72.3355,-3.6769,2.8933,-0.8429,0.617,1.9799,-0.2846,0.0,-2.8512,-6.2159
NGA.20.22_1,Kano,Karaye,75,2102,50.2,50.05,54.14,13.48,2.5,50.02,12.45,2.31,54.03,54.24,49.97,50.08,58.46,56.04,50.05,62.1463,0.4217,4.9283,38.2626,33.4816,39.0701,91.3219,-0.0157,2.6325,-0.1053,1.0613,-0.0378,-1.0183,0.0,-1.2543,1.9132
NGA.20.23_1,Kano,Kibiya,66,1970,50.2,50.05,53.96,13.43,2.49,50.05,12.46,2.31,53.84,54.07,50.0,50.09,52.31,50.34,50.05,62.1701,0.4199,4.9356,38.0549,31.0974,33.6999,90.5099,-0.2308,2.652,-0.3329,0.9911,-0.0438,-1.0188,0.0,-1.2533,2.2555
NGA.20.24_1,Kano,Kiru,144,4921,54.2,50.05,51.47,12.81,2.38,49.99,12.45,2.31,51.36,51.59,49.9,50.09,54.73,52.23,50.05,62.2028,0.4223,4.9311,37.9227,32.3345,37.4685,91.2837,-0.1679,2.4685,-0.4056,1.1859,-0.0338,-0.9594,0.0,-1.3826,0.165
NGA.20.25_1,Kano,Kumbotso,29,2319,71.1,50.05,42.7,10.63,1.97,50.05,12.46,2.31,42.45,42.89,50.0,50.1,32.93,39.15,50.05,61.9447,0.4466,4.6193,35.4187,31.0834,20.9266,85.0279,-1.5664,2.8986,-0.8912,1.1806,0.6427,-0.711,0.0,-1.9231,-6.3486
NGA.20.26_1,Kano,Kunchi,125,1947,34.6,50.05,55.22,13.75,2.55,50.11,12.47,2.31,55.13,55.32,50.06,50.17,59.4,55.8,50.05,62.0975,0.4193,4.9375,39.0671,35.9006,43.2806,92.1872,0.0742,3.2521,0.0746,0.7099,-0.0547,-1.2483,0.0,-0.7538,2.0574
NGA.20.27_1,Kano,Kura,43,2344,52.6,50.05,48.69,12.12,2.25,50.06,12.46,2.31,48.54,48.84,50.02,50.1,39.94,42.94,50.05,62.0576,0.4349,4.7745,37.157,28.2904,22.9004,87.7885,-0.9939,2.7643,-0.824,0.8889,0.103,-0.9835,0.0,-1.3301,-1.1574
NGA.20.28_1,Kano,Madobi,45,1769,66.1,50.05,51.62,12.85,2.38,50.06,12.46,2.31,51.49,51.74,50.01,50.1,46.16,44.97,50.05,61.9224,0.4304,4.8253,37.3495,27.4836,26.7842,91.1707,-0.5392,2.7815,-0.8197,1.4432,0.0615,-0.784,0.0,-1.7643,0.619
NGA.20.29_1,Kano,Makoda,67,3032,57.3,50.05,55.57,13.83,2.56,50.14,12.48,2.31,55.44,55.69,50.05,50.26,55.75,54.28,50.05,62.092,0.4274,4.8637,37.8573,31.3006,30.9534,90.9793,-0.192,3.4391,-0.6171,1.162,-0.0443,-0.9135,0.0,-1.4824,3.0556
NGA.20.2_1,Kano,Albasu,79,2536,64.8,50.05,47.65,11.86,2.2,50.09,12.47,2.31,47.53,47.77,50.05,50.13,50.05,48.53,50.05,61.8274,0.4317,4.835,37.7944,31.7814,37.1352,89.3341,-0.361,2.9143,-0.3074,1.4473,-0.0423,-0.8036,0.0,-1.7215,-3.5578
NGA.20.30_1,Kano,Minjibir,72,2498,69.4,50.05,49.41,12.3,2.28,50.07,12.47,2.31,49.27,49.53,50.02,50.13,50.35,49.08,50.05,61.7693,0.43,4.8343,37.8279,28.8953,34.4642,90.4375,-0.3449,3.3104,-0.7607,1.4606,-0.0229,-0.7357,0.0,-1.8695,-1.9559
NGA.20.31_1,Kano,Nasarawa,4,1371,100.0,50.05,40.72,10.14,1.88,50.07,12.46,2.31,40.19,41.27,50.03,50.12,9.9,36.41,50.05,63.7708,0.4952,4.0343,23.6582,30.5965,0.0,62.2188,-5.4678,3.0069,-0.7493,-0.0739,2.3724,-0.2846,0.0,-2.8512,-4.3838
NGA.20.32_1,Kano,Rano,76,2743,29.8,50.05,54.89,13.66,2.53,50.05,12.46,2.31,54.77,55.01,50.0,50.09,57.18,54.07,50.05,62.5177,0.4204,4.9429,38.2488,36.9038,38.3921,91.4577,-0.1071,2.545,-0.4539,0.4669,0.0079,-1.3196,0.0,-0.5985,3.2818
NGA.20.33_1,Kano,Rimin Gado,35,1536,88.4,50.05,48.74,12.13,2.25,50.01,12.45,2.31,48.59,48.88,49.97,50.08,45.33,44.77,50.05,61.6485,0.4348,4.797,36.8962,24.7307,26.387,90.6578,-0.6583,2.8203,-0.4,2.0313,0.0069,-0.4559,0.0,-2.4785,-2.3565
NGA.20.34_1,Kano,Rogo,144,3075,50.6,50.05,54.12,13.47,2.5,49.74,12.38,2.3,54.0,54.23,49.46,49.98,54.56,53.46,50.05,62.0863,0.4199,4.9374,38.0613,31.884,37.0382,90.566,-0.1745,2.2817,-0.1692,1.1232,-0.0266,-1.0126,0.0,-1.2667,2.3998
NGA.20.35_1,Kano,Shanono,109,1680,42.8,50.05,44.82,11.16,2.07,50.06,12.46,2.31,44.71,44.92,50.01,50.12,57.7,54.9,50.05,61.937,0.4271,4.8884,38.9709,38.2036,52.4532,89.3668,-0.0388,2.8441,0.0605,0.9914,-0.0442,-1.1269,0.0,-1.018,-6.5519
NGA.20.36_1,Kano,Sumaila,198,6190,33.6,50.05,57.27,14.26,2.64,50.07,12.46,2.31,57.15,57.39,50.02,50.1,56.18,53.05,50.05,62.3245,0.4165,4.9532,38.1778,33.5833,33.6298,90.6205,-0.1258,2.6178,-0.7225,0.6568,-0.0561,-1.2638,0.0,-0.72,5.4944
NGA.20.37_1,Kano,Takai,137,3383,43.1,50.05,48.07,11.97,2.22,50.07,12.46,2.31,47.96,48.17,50.02,50.12,54.34,52.11,50.05,62.1139,0.4266,4.8964,38.4894,36.0248,44.0888,89.1519,-0.1716,2.7326,-0.2698,0.9674,-0.0249,-1.1228,0.0,-1.0269,-3.157
NGA.20.38_1,Kano,Tarauni,4,571,100.0,50.05,42.24,10.52,1.95,50.07,12.46,2.31,41.87,42.65,50.03,50.11,16.39,36.41,50.05,63.0207,0.4551,4.3011,27.3911,21.6246,9.6276,78.3648,-3.2313,2.8892,-0.8522,-0.0849,2.4947,-0.2846,0.0,-2.8512,-5.189
NGA.20.39_1,Kano,Tofa,38,1124,73.9,50.05,50.3,12.52,2.32,50.09,12.47,2.31,50.17,50.43,50.04,50.11,44.61,46.9,50.05,61.6359,0.4312,4.8108,37.4112,25.228,27.8954,90.8166,-0.6165,2.8901,-0.5612,1.6976,0.1111,-0.6696,0.0,-2.0133,-0.979
NGA.20.3_1,Kano,Bagwai,63,1416,74.0,50.05,51.42,12.8,2.37,50.07,12.47,2.31,51.27,51.54,50.02,50.12,54.92,52.87,50.05,61.7001,0.4262,4.8508,37.8018,28.9611,36.3466,91.5234,-0.1898,2.8774,-0.1234,1.6296,0.0104,-0.6684,0.0,-2.0159,-0.6993
NGA.20.40_1,Kano,Tsanyawa,74,2036,64.9,50.05,43.53,10.84,2.01,49.98,12.44,2.31,43.4,43.64,49.94,50.07,57.31,54.32,50.05,61.8465,0.4309,4.8552,38.3064,34.6186,48.7477,88.9657,-0.0293,2.9502,-0.5053,1.4863,-0.0491,-0.8022,0.0,-1.7246,-7.3264
NGA.20.41_1,Kano,Tudun Wada,139,4368,34.2,50.05,53.3,13.27,2.46,50.03,12.46,2.31,53.18,53.41,49.92,50.11,49.43,48.64,50.05,62.3368,0.4208,4.9286,38.028,33.0827,33.1423,90.025,-0.3882,2.3969,-0.6305,0.6301,-0.0296,-1.255,0.0,-0.7391,2.4641
NGA.20.42_1,Kano,Ungogo,35,1590,89.3,50.05,46.28,11.52,2.14,50.06,12.46,2.31,46.0,46.52,50.01,50.11,27.91,39.62,50.05,61.7076,0.4372,4.6141,34.2786,22.4908,17.1894,86.4648,-1.9364,3.0601,-0.8859,0.8994,1.0323,-0.442,0.0,-2.5087,-2.8419
NGA.20.43_1,Kano,Warawa,46,1090,44.9,50.05,49.88,12.42,2.3,50.09,12.47,2.31,49.73,50.03,50.04,50.14,40.18,44.57,50.05,61.949,0.4303,4.7676,37.1786,28.5403,28.4202,89.7265,-0.986,3.0934,-0.816,0.7719,0.4788,-1.0972,0.0,-1.0826,-0.868
NGA.20.44_1,Kano,Wudil,45,2304,64.5,50.05,45.68,11.37,2.11,50.07,12.47,2.31,45.52,45.81,50.03,50.12,45.21,45.21,50.05,61.8932,0.4383,4.7657,37.1343,31.1292,32.5996,87.787,-0.7712,3.0689,-0.8033,1.2663,0.1177,-0.8083,0.0,-1.7114,-4.5014
NGA.20.4_1,Kano,Bebeji,128,4715,30.1,50.05,56.31,14.02,2.6,50.06,12.46,2.31,56.21,56.43,50.0,50.11,54.66,52.84,50.05,62.4341,0.421,4.932,38.1781,35.3052,34.6756,90.9619,-0.2106,2.4439,-0.2537,0.6068,0.0293,-1.3143,0.0,-0.6101,4.3636
NGA.20.5_1,Kano,Bichi,104,3177,61.8,50.05,51.21,12.75,2.36,50.08,12.47,2.31,51.09,51.33,50.04,50.13,51.19,51.05,50.05,61.8356,0.428,4.8551,37.9454,29.8614,34.2698,91.4092,-0.3333,3.0734,-0.44,1.4039,-0.0175,-0.8478,0.0,-1.6254,-0.5702
NGA.20.6_1,Kano,Bunkure,78,2782,53.9,50.05,49.56,12.34,2.29,50.04,12.46,2.31,49.45,49.67,49.99,50.09,51.27,50.23,50.05,62.1052,0.4284,4.8835,37.9896,32.3877,36.211,89.4169,-0.3512,2.7435,-0.2795,1.2001,-0.0265,-0.9638,0.0,-1.373,-1.737
NGA.20.7_1,Kano,Dala,5,1670,100.0,50.05,39.41,9.81,1.82,50.03,12.46,2.31,38.8,39.93,49.98,50.08,15.63,36.41,50.05,63.5911,0.5075,4.0535,24.5286,43.7065,2.6017,60.826,-4.8686,2.9413,-0.797,0.5845,2.0344,-0.2846,0.0,-2.8512,-6.3225
NGA.20.8_1,Kano,Dambatta,141,4272,31.7,50.05,55.28,13.76,2.55,50.23,12.5,2.32,55.16,55.4,50.07,50.5,60.38,56.46,50.05,62.2108,0.4219,4.9022,38.731,35.5287,39.6409,90.2906,-0.0007,3.493,-0.8989,0.5443,-0.0288,-1.2919,0.0,-0.659,3.0017
NGA.20.9_1,Kano,Dawakin Kudu,55,2919,58.4,50.05,45.89,11.42,2.12,50.09,12.47,2.31,45.74,46.02,50.05,50.13,47.05,47.31,50.05,62.0901,0.4347,4.812,37.2839,33.5303,35.3391,89.9616,-0.6336,2.9334,-0.7005,1.15,0.1451,-0.898,0.0,-1.5161,-4.4406
NGA.21.10_1,Katsina,Daura,52,1863,54.1,60.96,63.16,26.19,2.62,61.07,25.32,2.53,63.01,63.32,60.96,61.14,63.57,64.01,60.96,75.7471,1.2899,8.0239,32.1714,38.7733,41.4938,91.4633,0.1872,1.0587,0.2198,1.0515,0.1037,-1.9804,0.0,2.8583,1.1486
NGA.21.11_1,Katsina,Dutsi,54,1461,58.2,60.96,64.54,26.77,2.68,61.09,25.33,2.54,64.4,64.7,60.97,61.18,63.75,64.38,60.96,75.5762,1.2848,8.0637,32.3296,37.9689,41.0973,92.2235,0.2671,0.9258,0.5462,1.3425,-0.0358,-2.0235,0.0,2.8295,1.8523
NGA.21.12_1,Katsina,Dutsinma,89,2514,21.9,60.96,61.46,25.49,2.55,60.9,25.26,2.53,61.34,61.6,60.87,60.98,62.03,62.21,60.96,75.8886,1.282,8.0518,32.8516,34.9139,38.9623,92.7448,0.1473,0.4702,-0.5538,0.4862,0.039,-1.636,0.0,3.0886,1.3103
NGA.21.13_1,Katsina,Faskari,241,5730,9.8,60.96,63.77,26.45,2.65,60.96,25.28,2.53,63.64,63.91,60.88,61.01,59.3,59.38,60.96,76.2581,1.2795,8.0849,32.9542,39.9492,40.3637,92.8612,0.0987,-0.4679,1.8945,0.1328,-0.0368,-1.5071,0.0,3.1748,1.825
NGA.21.14_1,Katsina,Funtua,84,2283,39.5,60.96,60.23,24.98,2.5,60.92,25.27,2.53,60.07,60.38,60.77,61.01,49.81,52.41,60.96,75.5737,1.2987,7.9351,32.0494,35.6745,34.2248,92.0994,-0.3261,-0.5829,0.6953,0.8524,0.0849,-1.8243,0.0,2.9627,0.5463
NGA.21.15_1,Katsina,Ingawa,129,2319,43.7,60.96,57.01,23.64,2.37,60.95,25.28,2.53,56.89,57.16,60.87,61.06,64.19,63.58,60.96,75.7334,1.283,8.1061,32.858,39.6957,49.833,91.4169,0.3166,0.6224,0.4801,0.9875,-0.0365,-1.8686,0.0,2.9331,-3.4878
NGA.21.16_1,Katsina,Jibia,185,3482,15.8,60.96,51.32,21.28,2.13,60.95,25.28,2.53,51.18,51.47,60.9,61.0,60.16,61.43,60.96,75.956,1.2952,8.0466,33.3459,38.9822,49.8181,92.6992,0.0794,1.1897,-0.4558,0.2247,-0.039,-1.5711,0.0,3.132,-6.9649
NGA.21.17_1,Katsina,Kafur,180,2824,21.5,60.96,58.82,24.39,2.44,60.89,25.25,2.53,58.71,58.94,60.81,60.96,56.89,55.75,60.96,75.8566,1.2794,8.0981,33.0038,36.1562,42.5956,92.5102,0.0858,-0.3638,0.461,0.5332,-0.0465,-1.6321,0.0,3.0912,-0.8005
NGA.21.18_1,Katsina,Kaita,173,2692,28.4,60.96,57.16,23.7,2.37,60.99,25.29,2.53,57.03,57.31,60.92,61.04,62.55,61.95,60.96,75.8776,1.2832,8.0973,33.2353,36.4505,46.7008,93.2693,0.244,1.3054,-0.5265,0.531,-0.0521,-1.7059,0.0,3.0419,-2.7783
NGA.21.19_1,Katsina,Kankara,239,5444,23.2,60.96,65.21,27.04,2.71,60.94,25.27,2.53,65.09,65.35,60.89,60.99,62.06,61.96,60.96,76.1175,1.2649,8.1536,32.8476,38.7176,41.3173,92.0162,0.2003,-0.068,1.5101,0.4094,-0.0488,-1.6502,0.0,3.0791,2.7823
NGA.21.1_1,Katsina,Bakori,112,2834,30.7,60.96,59.78,24.79,2.48,60.93,25.27,2.53,59.66,59.92,60.85,60.98,55.54,55.04,60.96,75.8242,1.2892,8.0379,32.6299,37.9942,41.0459,92.1716,0.0109,-0.4213,1.0124,0.6735,-0.0102,-1.7299,0.0,3.0258,-0.4934
NGA.21.20_1,Katsina,Kankia,147,2713,21.1,60.96,58.19,24.13,2.42,60.9,25.26,2.53,58.07,58.32,60.87,60.98,62.7,62.89,60.96,75.866,1.2808,8.0828,33.1374,36.0757,45.3646,92.0973,0.2385,0.4317,-0.5011,0.4883,0.0349,-1.6275,0.0,3.0943,-1.3092
NGA.21.21_1,Katsina,Katsina,25,1021,73.0,60.96,56.98,23.63,2.36,61.1,25.34,2.54,56.65,57.3,60.97,61.19,27.82,45.63,60.96,75.3985,1.3329,7.5438,28.4518,27.3632,19.4295,87.7703,-1.8793,1.1235,-0.8647,0.4518,1.3011,-2.1817,0.0,2.7237,-0.7542
NGA.21.22_1,Katsina,Kurfi,97,1495,30.1,60.96,58.52,24.27,2.43,60.97,25.29,2.53,58.4,58.65,60.91,61.04,62.7,62.13,60.96,75.7021,1.2772,8.1015,33.1645,36.3549,46.2241,92.6766,0.2799,0.765,-0.3217,0.6401,-0.0441,-1.7241,0.0,3.0297,-1.5238
NGA.21.23_1,Katsina,Kusada,69,1327,45.0,60.96,58.25,24.16,2.42,60.87,25.24,2.53,58.13,58.38,60.83,60.99,58.46,58.13,60.96,75.5912,1.2863,8.0625,32.5982,35.171,41.6693,91.3764,0.0962,0.3562,-0.2558,1.0878,-0.0296,-1.8826,0.0,2.9237,-1.3994
NGA.21.24_1,Katsina,Mai'Adua,105,2975,34.9,60.96,65.0,26.96,2.7,61.02,25.3,2.53,64.85,65.17,60.94,61.08,61.59,62.16,60.96,75.8693,1.2816,8.0389,32.4917,35.4711,37.8988,89.4268,0.1038,1.2534,-0.0355,0.6555,0.1095,-1.7753,0.0,2.9955,2.7482
NGA.21.25_1,Katsina,Malumfashi,112,1916,21.7,60.96,58.13,24.11,2.41,60.93,25.27,2.53,58.0,58.27,60.87,60.98,55.68,57.69,60.96,75.6964,1.2867,8.0214,32.8741,38.1425,43.0775,91.3008,-0.0513,-0.1362,0.9546,0.4264,0.0435,-1.6335,0.0,3.0903,-1.8886
NGA.21.26_1,Katsina,Mani,137,2803,30.1,60.96,59.67,24.75,2.48,61.01,25.3,2.53,59.55,59.82,60.94,61.07,61.94,61.58,60.96,75.7097,1.2817,8.0705,33.0869,36.9273,44.5613,91.2074,0.2244,0.908,0.0462,0.6273,-0.0443,-1.7237,0.0,3.03,-1.0846
NGA.21.27_1,Katsina,Mashi,156,2705,33.7,60.96,74.48,30.89,3.09,61.01,25.3,2.53,74.35,74.63,60.94,61.07,66.02,65.24,60.96,75.8107,1.2529,8.1684,32.7959,31.9736,33.0683,93.9813,0.3495,1.1715,-0.1227,0.7456,0.0055,-1.7625,0.0,3.004,9.9086
NGA.21.28_1,Katsina,Matazu,91,2660,24.9,60.96,59.35,24.61,2.46,60.89,25.25,2.53,59.25,59.49,60.86,60.98,63.61,64.28,60.96,76.1368,1.2765,8.1407,33.0225,38.5964,45.8296,88.7584,0.2739,0.2997,0.4203,0.5442,-0.0445,-1.6679,0.0,3.0673,-1.1565
NGA.21.29_1,Katsina,Musawa,153,2477,23.2,60.96,55.26,22.92,2.29,60.89,25.25,2.53,55.16,55.39,60.86,60.98,64.5,63.46,60.96,75.9926,1.2765,8.1467,33.2933,40.1808,52.2706,91.0318,0.3335,0.1134,0.7109,0.5906,-0.0341,-1.6504,0.0,3.079,-4.5334
NGA.21.2_1,Katsina,Batagarawa,78,2260,42.3,60.96,61.87,25.66,2.57,61.03,25.31,2.53,61.71,62.03,60.95,61.1,50.49,53.2,60.96,75.6191,1.2964,7.9426,32.1659,31.3204,31.1403,92.7088,-0.2883,1.0263,-0.7689,0.8258,0.1822,-1.8535,0.0,2.9432,1.5946
NGA.21.30_1,Katsina,Rimi,85,2549,31.7,60.96,61.28,25.41,2.54,61.01,25.3,2.53,61.16,61.42,60.94,61.07,55.57,56.95,60.96,75.7795,1.2892,8.0368,32.7221,32.9774,35.0995,92.1712,-0.053,0.8972,-0.5352,0.6717,-0.025,-1.7412,0.0,3.0182,0.9778
NGA.21.31_1,Katsina,Sabuwa,103,5100,20.9,60.96,66.32,27.5,2.75,60.95,25.28,2.53,66.2,66.46,60.77,61.06,57.43,57.6,60.96,76.3459,1.2867,8.0418,32.2292,37.9361,31.2021,91.8209,-0.0505,-0.7995,1.3068,0.3035,-0.049,-1.6248,0.0,3.0961,4.8804
NGA.21.32_1,Katsina,Safana,208,5726,19.3,60.96,58.6,24.3,2.43,60.91,25.26,2.53,58.48,58.74,60.88,60.98,66.61,65.49,60.96,76.3133,1.2675,8.1581,32.9106,38.4633,46.0132,93.8836,0.3638,0.4775,-0.4014,0.1888,-0.0492,-1.6081,0.0,3.1073,-0.9167
NGA.21.33_1,Katsina,Sandamu,52,1598,49.0,60.96,60.16,24.95,2.5,61.06,25.32,2.53,60.01,60.32,60.96,61.14,62.68,61.67,60.96,75.8036,1.295,8.0288,32.5377,39.4047,43.8782,91.4122,0.1976,1.0962,0.5787,0.978,-0.0189,-1.9253,0.0,2.8952,-1.4495
NGA.21.34_1,Katsina,Zango,104,3232,28.6,60.96,59.75,24.78,2.48,61.0,25.3,2.53,59.61,59.9,60.94,61.07,65.91,65.38,60.96,75.9803,1.2864,8.0617,33.0681,39.7505,46.3836,89.9928,0.2962,1.3094,0.4182,0.5071,-0.0273,-1.7077,0.0,3.0407,-1.7975
NGA.21.3_1,Katsina,Batsari,181,3977,25.1,60.96,57.88,24.0,2.4,60.99,25.29,2.53,57.76,58.02,60.93,61.05,63.7,62.73,60.96,76.044,1.2792,8.1311,33.1916,39.4778,48.116,93.1315,0.2828,0.9077,0.5142,0.5266,-0.0561,-1.6706,0.0,3.0655,-2.9616
NGA.21.4_1,Katsina,Baure,133,4630,29.1,60.96,65.6,27.2,2.72,61.01,25.3,2.53,65.44,65.77,60.94,61.06,65.93,65.97,60.96,76.1813,1.2585,8.164,32.8746,36.4883,39.1029,90.2455,0.2879,1.287,0.0519,0.2633,-0.0561,-1.7124,0.0,3.0375,3.3541
NGA.21.5_1,Katsina,Bindawa,68,1481,62.1,60.96,54.29,22.51,2.25,61.01,25.3,2.53,54.15,54.45,60.88,61.12,55.46,54.9,60.96,75.4352,1.2918,8.0429,32.3249,37.7112,45.3033,91.1073,0.0164,0.7188,0.0924,1.2841,-0.0153,-2.0658,0.0,2.8012,-4.9639
NGA.21.6_1,Katsina,Charanchi,85,1579,37.1,60.96,60.57,25.12,2.51,60.93,25.27,2.53,60.45,60.71,60.87,61.03,63.86,64.39,60.96,75.6518,1.2713,8.1051,32.9427,36.0055,44.0901,93.481,0.318,0.6316,-0.3114,0.7375,-0.0356,-1.7982,0.0,2.9801,0.1479
NGA.21.7_1,Katsina,Dandume,75,2065,23.4,60.96,60.99,25.29,2.53,60.93,25.27,2.53,60.86,61.12,60.73,61.05,53.75,54.39,60.96,75.8783,1.2873,8.0132,32.6046,36.3743,36.8689,92.5884,-0.0752,-0.6698,0.9728,0.4689,-0.018,-1.6521,0.0,3.0779,0.883
NGA.21.8_1,Katsina,Danja,77,1779,35.6,60.96,62.2,25.8,2.58,60.85,25.23,2.53,62.08,62.33,60.64,60.98,52.98,54.14,60.96,75.6138,1.2848,8.0206,32.4008,32.4915,33.3769,92.5386,-0.0909,-0.598,-0.0761,0.8392,-0.0288,-1.782,0.0,2.991,2.6631
NGA.21.9_1,Katsina,Danmusa,126,2677,13.7,60.96,60.58,25.12,2.51,60.91,25.26,2.53,60.47,60.72,60.89,60.98,67.53,65.8,60.96,76.2652,1.2583,8.1869,33.3319,39.3176,48.4902,90.6455,0.4205,0.3105,0.6048,0.027,-0.0381,-1.5487,0.0,3.1469,-0.246
NGA.22.10_1,Kebbi,Fakai,284,4248,4.7,70.08,64.22,39.12,2.66,70.1,42.7,2.9,64.08,64.35,70.07,70.13,71.83,71.86,70.08,77.1211,0.6069,3.1313,35.1574,73.4994,81.0503,85.6934,0.2679,2.5341,1.8881,-0.0612,-0.0561,0.2454,0.0,4.503,-3.5344
NGA.22.11_1,Kebbi,Gwandu,124,2110,19.1,70.08,76.76,46.76,3.18,70.08,42.69,2.9,76.61,76.92,70.05,70.1,73.17,72.8,70.08,76.8973,0.5985,3.149,34.6059,55.7796,58.3989,90.7629,0.2981,3.4716,-0.5703,0.2372,0.0456,0.0165,0.0,3.4098,8.53
NGA.22.12_1,Kebbi,Jega,65,4088,21.7,70.08,69.24,42.18,2.87,70.07,42.68,2.9,69.06,69.4,70.04,70.09,69.85,71.41,70.08,77.236,0.6247,3.0654,33.7004,60.7739,55.3671,84.5059,-0.07,3.2673,-0.5578,0.2247,-0.0051,-0.0249,0.0,3.2117,3.6041
NGA.22.13_1,Kebbi,Kalgo,83,2554,9.1,70.08,65.95,40.17,2.73,70.08,42.69,2.9,65.81,66.08,70.06,70.09,70.17,71.87,70.08,77.1188,0.6175,3.0974,34.9533,65.4512,69.5192,87.8305,0.1551,3.33,-0.2808,0.0059,-0.0146,0.1753,0.0,4.1684,-0.4213
NGA.22.14_1,Kebbi,Koko/Besse,115,6826,6.6,70.08,72.26,44.02,2.99,70.07,42.69,2.9,72.09,72.42,70.06,70.11,76.79,77.72,70.08,77.4412,0.6172,3.0794,34.1653,72.0407,65.6478,82.9629,0.1147,2.9815,0.8436,-0.1961,-0.0218,0.2157,0.0,4.3612,3.6774
NGA.22.15_1,Kebbi,Maiyama,139,8496,9.8,70.08,67.79,41.3,2.81,70.08,42.69,2.9,67.62,67.94,70.05,70.1,69.32,69.41,70.08,77.3948,0.6258,3.071,34.1085,66.8216,60.8568,84.3812,-0.1075,3.2126,-0.3395,0.0317,-0.0548,0.1639,0.0,4.1135,1.5173
NGA.22.16_1,Kebbi,Ngaski,300,4752,6.2,70.08,65.22,39.73,2.7,70.1,42.7,2.9,65.06,65.36,70.04,70.11,61.09,62.92,70.08,77.0278,0.6096,3.1084,34.5993,64.5482,66.2944,86.0873,-0.1573,2.1698,0.1307,-0.1185,-0.0354,0.2212,0.0,4.3875,-0.0382
NGA.22.17_1,Kebbi,Sakaba,208,2609,1.8,70.08,78.68,47.93,3.26,70.07,42.69,2.9,78.53,78.81,70.01,70.17,63.15,63.37,70.08,76.9847,0.5969,3.1397,34.8243,67.3219,64.0564,89.303,0.0101,1.8236,2.3491,-0.1196,-0.0561,0.2908,0.0,4.7198,7.8989
NGA.22.18_1,Kebbi,Shanga,198,5557,8.7,70.08,67.49,41.11,2.79,70.09,42.69,2.9,67.34,67.63,70.02,70.14,67.3,67.38,70.08,77.2547,0.6103,3.113,34.4845,68.6469,68.9326,86.157,0.0548,2.6594,1.0511,-0.1095,-0.0378,0.1819,0.0,4.1997,0.3022
NGA.22.19_1,Kebbi,Suru,145,3600,6.4,70.08,74.63,45.46,3.09,70.08,42.69,2.9,74.48,74.76,70.05,70.1,71.64,70.63,70.08,77.2517,0.6023,3.1473,34.9124,65.2119,66.2418,88.065,0.2248,3.1866,0.4072,-0.0565,-0.0491,0.2186,0.0,4.375,5.4894
NGA.22.1_1,Kebbi,Aleiro,46,1608,11.1,70.08,64.96,39.57,2.69,70.08,42.69,2.9,64.79,65.12,70.05,70.09,60.94,64.53,70.08,76.8858,0.6203,3.0646,34.5232,60.6146,62.2413,86.4077,-0.243,3.4584,-0.7183,-0.057,0.1468,0.1446,0.0,4.0217,-0.3971
NGA.22.20_1,Kebbi,Yauri,119,5197,15.3,70.08,63.69,38.8,2.64,70.05,42.67,2.9,63.51,63.86,69.95,70.09,63.44,63.85,70.08,77.3052,0.6179,3.0817,33.9047,65.872,62.8896,84.1654,-0.2076,2.4251,0.8282,-0.1191,-0.002,0.0769,0.0,3.6983,-1.3199
NGA.22.21_1,Kebbi,Zuru,85,1913,39.7,70.08,75.41,45.94,3.12,70.09,42.7,2.9,75.21,75.59,70.0,70.18,63.28,66.39,70.08,76.366,0.6044,3.1051,33.3223,51.5507,47.9016,88.0235,-0.0616,2.1506,1.7519,0.8518,-0.017,-0.3103,0.0,1.8483,8.1869
NGA.22.2_1,Kebbi,Arewa Dandi,362,4879,7.5,70.08,73.55,44.81,3.04,70.08,42.69,2.9,73.42,73.7,70.06,70.11,75.19,75.63,70.08,77.3179,0.599,3.1611,35.1942,66.0771,70.1664,90.2926,0.3628,3.6792,0.7197,-0.1598,-0.0454,0.2011,0.0,4.2913,3.9224
NGA.22.3_1,Kebbi,Argungu,177,5165,10.4,70.08,65.08,39.65,2.69,70.06,42.68,2.9,64.94,65.23,70.03,70.08,71.57,72.75,70.08,77.1075,0.6157,3.1017,34.9503,65.038,71.0625,88.4203,0.1956,3.4368,-0.3614,-0.0266,0.06,0.1548,0.0,4.0703,-1.0759
NGA.22.4_1,Kebbi,Augie,200,5435,7.9,70.08,77.92,47.46,3.22,70.08,42.69,2.9,77.76,78.07,70.05,70.1,72.37,73.3,70.08,77.1189,0.601,3.1357,34.9495,63.6565,62.7386,88.7824,0.2227,3.6985,0.4799,-0.1544,-0.0079,0.1945,0.0,4.2598,7.6344
NGA.22.5_1,Kebbi,Bagudo,399,9596,7.3,70.08,71.15,43.34,2.94,70.08,42.69,2.9,71.0,71.3,70.04,70.11,73.03,72.24,70.08,77.2586,0.6027,3.1333,34.6084,67.1016,67.7218,87.8476,0.2157,2.8717,0.4487,-0.1314,-0.0485,0.2039,0.0,4.3047,3.2572
NGA.22.6_1,Kebbi,Birnin Kebbi,169,4322,13.1,70.08,63.69,38.8,2.64,70.07,42.69,2.9,63.52,63.83,70.05,70.09,62.84,66.26,70.08,76.9266,0.6185,3.0697,34.5341,60.4358,65.091,88.1671,-0.1484,3.379,-0.8922,0.0435,0.1966,0.1125,0.0,3.8683,-1.1805
NGA.22.7_1,Kebbi,Bunza,112,3887,10.6,70.08,67.32,41.01,2.79,70.08,42.69,2.9,67.17,67.47,70.05,70.09,69.68,70.3,70.08,77.1045,0.6175,3.0839,34.7167,65.6669,67.4022,87.9097,0.1076,3.3056,0.1852,-0.0734,0.053,0.1515,0.0,4.0544,0.3895
NGA.22.8_1,Kebbi,Dandi,192,3949,7.9,70.08,72.39,44.1,3.0,70.08,42.69,2.9,72.25,72.54,70.05,70.1,68.36,69.65,70.08,77.1634,0.6018,3.1368,34.7926,63.7193,65.7227,86.7182,0.1245,2.9793,0.3132,-0.0906,0.0289,0.1949,0.0,4.2618,4.2666
NGA.22.9_1,Kebbi,Danko Wasagu,502,9764,4.2,70.08,74.78,45.56,3.09,70.09,42.7,2.9,74.63,74.92,70.02,70.15,67.67,67.74,70.08,77.0522,0.6,3.1284,34.5786,66.6177,64.7414,89.4895,0.1169,2.007,1.0033,-0.1075,-0.0561,0.2533,0.0,4.5407,6.1595
NGA.23.10_1,Kogi,Kabba/Bunu,141,2891,11.9,37.23,33.79,6.63,2.01,37.4,7.34,2.22,33.68,33.88,37.26,37.53,38.96,37.57,37.23,37.2196,1.3171,3.2483,18.3324,5.3956,59.3723,82.2849,-0.0659,-1.2397,-0.6471,-0.1071,0.0027,0.1951,0.0,-1.8143,-3.5806
NGA.23.11_1,Kogi,Kogi,145,3971,10.9,37.23,34.84,6.84,2.07,37.77,7.42,2.24,34.73,34.94,37.57,38.02,40.18,39.2,37.23,37.3858,1.3061,3.2834,18.4803,6.2093,61.3817,82.0527,0.0042,-0.6882,0.2878,-0.3655,-0.0256,0.1928,0.0,-1.7978,-3.734
NGA.23.12_1,Kogi,Lokoja,194,2398,30.8,37.23,30.91,6.07,1.83,37.57,7.38,2.23,30.77,31.04,37.4,37.82,33.04,34.95,37.23,37.1264,1.3138,3.2307,17.8222,6.3914,57.4224,81.0343,-0.5365,-0.83,-0.7266,0.0557,0.2346,0.2366,0.0,-2.1148,-6.6745
NGA.23.13_1,Kogi,Mopa-Muro,60,1465,9.4,37.23,35.34,6.94,2.1,37.49,7.36,2.23,35.25,35.43,37.34,37.65,42.5,39.39,37.23,37.3529,1.3183,3.264,18.3609,5.4802,54.8703,83.7192,0.0341,-1.2002,-0.4701,-0.0957,-0.0561,0.1896,0.0,-1.7746,-2.2129
NGA.23.14_1,Kogi,Ofu,196,5279,14.7,37.23,42.77,8.4,2.54,37.14,7.29,2.2,42.68,42.86,37.06,37.23,37.36,36.92,37.23,37.2098,1.2858,3.2834,18.1672,1.8344,23.7568,82.2966,-0.0976,-2.0109,-0.4322,-0.1475,-0.0419,0.2012,0.0,-1.8584,6.7987
NGA.23.15_1,Kogi,Ogori/Magongo,10,2314,14.2,37.23,28.56,5.61,1.7,36.86,7.24,2.19,28.34,28.77,36.84,37.13,30.16,33.66,37.23,37.9559,1.466,3.0496,16.2024,13.3778,3.9293,66.1513,-1.8673,-1.9044,-0.7351,-0.0226,0.0772,0.2001,0.0,-1.8504,-6.7814
NGA.23.16_1,Kogi,Okehi,52,2649,32.0,37.23,35.38,6.95,2.1,37.29,7.32,2.21,35.25,35.51,37.14,37.45,33.52,35.95,37.23,37.163,1.3452,3.1864,17.5284,5.4231,34.8996,81.1333,-0.6277,-1.3918,-1.184,0.3355,0.1538,0.2393,0.0,-2.1338,-0.9364
NGA.23.17_1,Kogi,Okene,31,4241,53.6,37.23,28.83,5.66,1.71,36.9,7.24,2.19,28.37,29.2,36.82,37.15,27.07,31.29,37.23,38.1042,1.5766,2.8593,13.6706,26.5298,15.248,53.9324,-3.3304,-1.7268,-0.7791,0.7948,0.1948,0.2867,0.0,-2.4775,-5.5569
NGA.23.18_1,Kogi,Olamaboro,190,3489,12.5,37.23,37.33,7.33,2.22,37.13,7.29,2.2,37.23,37.41,37.05,37.2,36.65,36.16,37.23,37.086,1.2973,3.2589,18.2082,2.4323,37.1428,79.2063,-0.1122,-3.0654,-0.4951,0.0144,-0.0561,0.1964,0.0,-1.8238,1.897
NGA.23.19_1,Kogi,Omala,102,2488,6.6,37.23,44.31,8.7,2.63,37.16,7.3,2.21,44.22,44.4,37.1,37.27,41.43,40.48,37.23,37.4122,1.2739,3.3211,18.339,2.1149,24.5966,83.111,0.1398,-1.8854,-0.1891,-0.3327,-0.0529,0.1834,0.0,-1.7295,7.9323
NGA.23.1_1,Kogi,Adavi,49,3009,36.3,37.23,32.45,6.37,1.93,37.14,7.29,2.2,32.27,32.61,37.04,37.34,29.79,32.42,37.23,37.2895,1.3869,3.1173,16.8807,8.7279,30.9363,76.5397,-1.1775,-1.5007,-1.0818,0.3886,0.2955,0.2486,0.0,-2.2014,-3.6728
NGA.23.20_1,Kogi,Yagba East,121,4814,7.6,37.23,34.21,6.72,2.03,37.36,7.34,2.22,34.1,34.3,37.25,37.49,40.84,39.52,37.23,37.3906,1.3298,3.2403,18.2482,7.1992,57.0973,80.7922,-0.0357,-1.3166,-0.1742,-0.2682,-0.0538,0.1857,0.0,-1.7459,-3.3987
NGA.23.21_1,Kogi,Yagba West,55,3034,27.4,37.23,38.95,7.65,2.31,37.66,7.39,2.24,38.82,39.06,37.47,37.8,31.42,33.88,37.23,37.255,1.3484,3.1903,17.438,6.361,16.8301,77.386,-0.8006,-1.1362,0.5584,0.3266,0.0161,0.2292,0.0,-2.061,1.1619
NGA.23.2_1,Kogi,Ajaokuta,109,3311,17.5,37.23,37.4,7.34,2.22,37.26,7.32,2.21,37.29,37.49,37.16,37.41,35.18,35.67,37.23,37.1718,1.3026,3.2563,18.0758,2.9119,35.3792,81.7188,-0.3281,-1.4349,-0.8547,-0.174,0.077,0.2075,0.0,-1.9036,1.0403
NGA.23.3_1,Kogi,Ankpa,154,5457,16.1,37.23,38.02,7.46,2.26,37.12,7.29,2.2,37.92,38.11,37.04,37.19,37.09,36.42,37.23,37.2153,1.3002,3.2542,18.0193,3.0887,30.5373,80.9261,-0.164,-2.7542,-0.6009,-0.097,-0.0415,0.2044,0.0,-1.8816,2.6282
NGA.23.4_1,Kogi,Bassa,182,3191,2.7,37.23,36.97,7.26,2.19,37.47,7.36,2.22,36.87,37.05,37.34,37.58,40.62,39.24,37.23,37.3779,1.2971,3.2949,18.5637,4.3632,54.7916,80.8207,0.0951,-1.2373,-0.2244,-0.4798,-0.0561,0.1748,0.0,-1.6672,-0.4404
NGA.23.5_1,Kogi,Dekina,246,5663,11.9,37.23,40.62,7.98,2.41,37.14,7.29,2.2,40.52,40.71,37.07,37.23,36.94,36.69,37.23,37.1997,1.2925,3.2681,18.2428,2.3263,29.2649,80.6959,-0.1592,-1.9592,-0.2554,-0.2652,-0.0561,0.1952,0.0,-1.8148,4.4145
NGA.23.6_1,Kogi,Ibaji,136,9072,9.0,37.23,43.68,8.58,2.59,37.16,7.3,2.21,43.53,43.84,37.06,37.21,41.92,41.09,37.23,37.7221,1.3458,3.2137,17.195,7.7362,17.1357,73.3933,-0.4949,-2.4132,-0.2896,-0.0923,-0.0561,0.1888,0.0,-1.7685,8.316
NGA.23.7_1,Kogi,Idah,8,1848,90.9,37.23,31.45,6.18,1.87,36.71,7.21,2.18,31.08,31.69,36.56,36.9,34.42,34.31,37.23,37.2767,1.4818,2.957,15.0178,24.4919,19.1286,67.5675,-1.6183,-1.9919,0.0078,1.6992,-0.0561,0.3686,0.0,-3.07,-5.1099
NGA.23.8_1,Kogi,Igalamela-Odolu,168,5420,7.5,37.23,42.26,8.3,2.51,37.12,7.29,2.2,42.14,42.38,37.06,37.21,39.79,38.83,37.23,37.4199,1.3241,3.221,17.7391,5.1315,21.0129,78.6296,-0.3029,-2.1202,-0.2879,-0.3244,-0.0561,0.1854,0.0,-1.7443,6.5119
NGA.23.9_1,Kogi,Ijumu,82,4102,12.7,37.23,31.42,6.17,1.87,37.26,7.32,2.21,31.32,31.5,37.16,37.4,41.02,39.47,37.23,37.3783,1.3371,3.2408,18.2134,6.7955,64.9295,82.3191,-0.0377,-1.4206,-0.9715,-0.0983,-0.0561,0.1968,0.0,-1.8263,-5.5946
NGA.24.10_1,Kwara,Isin,53,2434,10.7,38.36,32.99,10.76,2.03,38.42,12.53,2.36,32.91,33.07,38.34,38.47,33.92,34.89,38.36,46.64,3.6518,4.6107,14.389,21.0207,28.2564,87.4839,-0.405,-2.101,-0.593,0.0322,-0.0125,0.1875,0.0,0.9838,-3.4058
NGA.24.11_1,Kwara,Kaiama,593,4687,1.9,38.36,44.5,14.51,2.74,38.39,12.52,2.36,44.41,44.6,38.34,38.45,45.72,43.45,38.36,46.7402,3.434,4.7892,14.4512,22.022,30.5688,97.0459,0.3504,-1.4902,-0.9909,-0.1151,-0.0296,0.3428,0.0,1.4664,8.5177
NGA.24.12_1,Kwara,Moro,296,3583,6.8,38.36,37.95,12.38,2.33,38.41,12.53,2.36,37.87,38.04,38.36,38.48,39.3,38.39,38.36,46.5275,3.5462,4.6845,14.5405,20.9581,30.5627,93.9989,-0.0048,-1.9542,-0.7614,-0.0149,-0.0037,0.2572,0.0,1.2005,1.7257
NGA.24.13_1,Kwara,Offa,16,352,52.5,38.36,27.81,9.07,1.71,37.8,12.33,2.33,27.69,27.93,37.26,38.05,25.17,31.1,38.36,45.9214,3.665,4.4932,13.5502,14.038,19.6775,88.6096,-1.0546,-2.6515,-1.0399,0.7264,0.178,-0.5483,0.0,-1.3027,-5.6377
NGA.24.14_1,Kwara,Oke-Ero,37,1789,20.8,38.36,31.86,10.39,1.96,38.32,12.5,2.36,31.77,31.95,38.18,38.4,33.0,34.37,38.36,46.5679,3.6904,4.5631,14.072,20.3948,25.4286,86.0122,-0.5597,-2.0365,-0.7678,0.2815,-0.0035,0.0108,0.0,0.4349,-3.9919
NGA.24.15_1,Kwara,Oyun,75,1953,12.6,38.36,32.16,10.49,1.98,38.3,12.49,2.36,32.07,32.26,38.07,38.41,33.56,34.23,38.36,46.4218,3.6315,4.5883,14.3873,20.2839,29.3939,87.198,-0.3746,-2.6318,-0.8033,0.028,0.0143,0.1545,0.0,0.8813,-3.5454
NGA.24.16_1,Kwara,Pategi,188,3486,4.6,38.36,45.55,14.85,2.8,38.42,12.53,2.36,45.46,45.64,38.35,38.51,43.37,41.87,38.36,46.7533,3.509,4.7051,14.5231,21.9789,26.3342,93.6486,0.1551,-1.2351,0.1995,-0.3342,-0.0561,0.2946,0.0,1.3168,8.9229
NGA.24.1_1,Kwara,Asa,195,2408,9.4,38.36,32.27,10.52,1.99,38.4,12.52,2.36,32.18,32.37,38.33,38.48,37.96,37.72,38.36,46.4046,3.5805,4.6287,14.5814,20.9419,33.6499,90.8718,-0.1091,-2.2456,-0.9835,-0.0663,0.0679,0.2101,0.0,1.0539,-4.0806
NGA.24.2_1,Kwara,Baruten,1098,5432,1.1,38.36,46.23,15.08,2.84,38.41,12.53,2.36,46.14,46.34,38.34,38.48,44.13,42.08,38.36,46.6492,3.4014,4.8031,14.6349,19.2209,27.4913,95.4878,0.3016,-1.4028,-1.3129,-0.1489,-0.0556,0.3577,0.0,1.5129,10.8025
NGA.24.3_1,Kwara,Edu,233,7035,11.6,38.36,42.61,13.9,2.62,38.37,12.51,2.36,42.52,42.7,38.31,38.46,41.52,39.86,38.36,46.7332,3.5336,4.6839,14.3301,20.9542,25.2193,90.3471,0.0299,-1.4852,-0.433,-0.2184,-0.0349,0.1715,0.0,0.9342,6.8869
NGA.24.4_1,Kwara,Ekiti,36,1855,15.6,38.36,39.52,12.89,2.43,38.37,12.51,2.36,39.43,39.61,38.26,38.44,34.67,35.11,38.36,46.6393,3.6277,4.5949,14.1125,19.291,20.6515,87.552,-0.47,-1.9267,-0.4398,-0.002,-0.0121,0.1013,0.0,0.7159,4.2977
NGA.24.5_1,Kwara,Ifelodun,292,6756,6.3,38.36,37.9,12.36,2.33,38.4,12.52,2.36,37.83,37.99,38.31,38.46,40.57,39.14,38.36,46.6503,3.5742,4.6682,14.5732,22.0075,31.1425,90.4999,0.0578,-2.0021,-0.4479,-0.0598,-0.0325,0.2657,0.0,1.2268,1.3791
NGA.24.6_1,Kwara,Ilorin East,45,1410,31.6,38.36,26.63,8.69,1.64,38.25,12.47,2.35,26.52,26.74,38.08,38.36,25.44,32.31,38.36,46.2507,3.6994,4.4823,13.7134,18.0429,23.5158,86.9033,-1.2381,-2.1106,-0.832,0.2466,0.3067,-0.1806,0.0,-0.16,-8.7326
NGA.24.7_1,Kwara,Ilorin South,23,1554,46.9,38.36,27.54,8.98,1.69,38.15,12.44,2.35,27.42,27.66,37.84,38.26,22.64,31.22,38.36,46.4881,3.7668,4.4309,13.0193,14.9886,15.4572,82.9328,-1.6897,-2.245,-1.0581,0.6317,0.5285,-0.4484,0.0,-0.9921,-6.3702
NGA.24.8_1,Kwara,Ilorin West,17,971,100.0,38.36,22.85,7.45,1.41,37.85,12.34,2.33,22.64,23.05,37.35,38.0,14.0,29.29,38.36,45.9917,3.7035,4.3258,11.8182,8.637,5.6601,83.8202,-2.5318,-2.1272,-0.9674,0.7343,0.9532,-1.3838,0.0,-3.8989,-7.8777
NGA.24.9_1,Kwara,Irepodun,104,3654,17.0,38.36,32.67,10.65,2.01,38.36,12.51,2.36,32.58,32.76,38.18,38.42,34.07,35.62,38.36,46.5199,3.6475,4.5923,14.2812,19.5933,27.257,88.1908,-0.4098,-2.282,-0.8808,0.1112,0.0295,0.077,0.0,0.6406,-2.9779
NGA.25.10_1,Lagos,Ifako/Ijaye,6,894,100.0,21.75,21.37,2.0,2.05,21.74,2.04,2.09,21.07,21.61,21.64,21.83,10.95,17.1,21.75,67.223,1.9542,1.5515,14.7137,2.8505,5.24,76.8219,-4.0357,-4.9153,-0.7527,1.6113,2.1605,-0.1507,0.0,-4.6089,-5.8672
NGA.25.11_1,Lagos,Ikeja,6,537,100.0,21.75,21.26,1.99,2.04,21.74,2.04,2.09,21.04,21.5,21.64,21.83,11.54,17.1,21.75,66.4785,1.9474,1.5533,13.8829,0.7395,5.24,80.7661,-3.6268,-4.974,-0.6623,0.1411,2.5342,-0.1507,0.0,-4.6089,-5.3535
NGA.25.12_1,Lagos,Ikorodu,62,1776,76.4,21.75,17.04,1.6,1.64,16.62,1.56,1.6,16.92,17.16,16.54,16.68,19.22,21.5,21.75,65.2648,1.8687,1.6613,18.3154,1.399,5.24,88.4797,-2.6332,-5.047,-0.8612,1.1073,1.4955,-0.1507,0.0,-4.6089,-4.691
NGA.25.13_1,Lagos,Kosofe,11,2298,93.3,21.75,19.68,1.85,1.89,20.29,1.9,1.95,19.44,19.93,20.2,20.37,13.93,18.03,21.75,66.6096,2.0446,1.5369,13.9769,3.5131,5.24,73.9219,-4.0259,-4.9569,-0.7345,0.4741,2.3009,-0.1507,0.0,-4.6089,-5.2103
NGA.25.14_1,Lagos,Lagos Island,13,1323,58.3,21.75,14.25,1.34,1.37,12.69,1.19,1.22,14.07,14.44,12.62,12.74,26.0,23.85,21.75,67.0803,1.9724,1.6254,17.2027,3.3172,5.24,80.7076,-3.2859,-4.9173,-0.8592,1.4018,1.8582,-0.1507,0.0,-4.6089,-2.113
NGA.25.15_1,Lagos,Mainland,4,715,100.0,21.75,24.04,2.25,2.31,21.76,2.04,2.09,23.81,24.26,21.67,21.84,12.01,17.1,21.75,67.0365,1.984,1.5421,13.7781,2.7387,5.24,75.4544,-3.9877,-4.8555,-0.6943,1.0784,2.4025,-0.1507,0.0,-4.6089,-2.3624
NGA.25.16_1,Lagos,Mushin,3,639,100.0,21.75,23.82,2.23,2.29,21.75,2.04,2.09,23.57,24.06,21.65,21.83,13.74,17.1,21.75,67.2063,1.993,1.529,13.2987,3.7585,5.24,74.456,-3.8612,-4.974,-0.6959,0.302,2.476,-0.1507,0.0,-4.6089,-1.9444
NGA.25.17_1,Lagos,Ojo,29,3094,58.6,21.75,13.83,1.3,1.33,12.74,1.2,1.22,13.69,13.94,12.69,12.79,25.81,23.78,21.75,65.9744,1.919,1.6485,18.4515,2.3032,5.24,82.8046,-3.476,-4.7136,-0.7801,1.7846,1.287,-0.1507,0.0,-4.6089,-3.0571
NGA.25.18_1,Lagos,Oshodi/Isolo,8,1469,100.0,21.75,20.41,1.91,1.96,21.74,2.04,2.09,20.13,20.67,21.62,21.83,10.22,17.1,21.75,67.0137,2.0296,1.5242,13.8801,3.8525,5.24,71.7967,-4.5731,-4.9451,-0.7127,1.3217,2.179,-0.1507,0.0,-4.6089,-6.2794
NGA.25.19_1,Lagos,Shomolu,4,1246,100.0,21.75,21.88,2.05,2.1,21.76,2.04,2.09,21.61,22.19,21.68,21.84,10.32,17.1,21.75,67.7507,2.1057,1.4622,11.4112,5.0883,5.24,64.1796,-5.1676,-4.9808,-0.6139,0.2223,2.59,-0.1507,0.0,-4.6089,-3.2045
NGA.25.1_1,Lagos,Agege,2,659,100.0,21.75,19.07,1.79,1.83,21.73,2.04,2.09,18.67,19.42,21.61,21.81,13.84,17.1,21.75,68.6272,2.1307,1.4568,12.3336,10.4146,5.24,60.1448,-4.9846,-4.9779,-0.6815,1.5137,2.2271,-0.1507,0.0,-4.6089,-7.8029
NGA.25.20_1,Lagos,Surulere,4,1000,100.0,21.75,23.98,2.25,2.3,21.76,2.04,2.09,23.63,24.28,21.66,21.83,9.26,17.1,21.75,68.1963,1.9926,1.5109,13.1089,2.7155,5.24,69.9366,-4.9077,-4.8877,-0.6098,1.388,2.341,-0.1507,0.0,-4.6089,-1.8158
NGA.25.2_1,Lagos,Ajeromi/Ifelodun,2,1862,100.0,21.75,18.93,1.78,1.82,21.76,2.04,2.09,18.23,19.64,21.68,21.84,13.67,20.71,21.75,71.0305,2.5099,1.2516,6.7502,22.366,5.24,24.2715,-8.1202,-4.9122,-0.6454,1.3451,2.3116,-0.1507,0.0,-4.6089,-4.8645
NGA.25.3_1,Lagos,Alimosho,25,3010,100.0,21.75,20.45,1.92,1.97,21.73,2.04,2.09,20.15,20.72,21.6,21.82,11.14,17.83,21.75,66.8485,1.9372,1.5713,15.5379,2.7137,5.24,78.3298,-3.9497,-4.8469,-0.7479,1.8153,1.8385,-0.1507,0.0,-4.6089,-7.0718
NGA.25.4_1,Lagos,Amuwo Odofin,32,2818,82.1,21.75,18.06,1.69,1.74,17.87,1.68,1.72,17.87,18.23,17.79,17.93,17.88,21.33,21.75,65.9254,1.9743,1.6059,16.8231,3.1001,5.24,79.1595,-3.4353,-4.823,-0.8265,1.5507,1.4528,-0.1507,0.0,-4.6089,-4.9246
NGA.25.5_1,Lagos,Apapa,7,1276,82.2,21.75,19.55,1.83,1.88,17.88,1.68,1.72,19.33,19.78,17.81,17.94,19.27,21.52,21.75,67.5013,2.0139,1.5252,13.1363,3.4229,5.24,74.6472,-3.8282,-4.9626,-0.7032,0.7237,2.7758,-0.1507,0.0,-4.6089,-2.7363
NGA.25.6_1,Lagos,Badagry,74,1830,27.0,21.75,6.79,0.64,0.65,5.88,0.55,0.57,6.74,6.83,5.86,5.91,33.67,26.35,21.75,65.3487,1.8609,1.7194,20.6636,0.5003,5.24,90.5272,-2.5663,-4.4786,-0.5903,1.09,1.1087,-0.1507,0.0,-4.6089,-1.6291
NGA.25.7_1,Lagos,Epe,97,2961,17.8,21.75,3.75,0.35,0.36,3.87,0.36,0.37,3.73,3.78,3.85,3.89,46.48,29.07,21.75,65.7588,1.8588,1.7416,21.0693,1.436,5.24,93.2507,-2.3555,-5.5362,-0.9018,1.3598,0.7491,-0.1507,0.0,-4.6089,-5.484
NGA.25.8_1,Lagos,Eti-Osa,32,1357,83.7,21.75,17.42,1.63,1.67,18.2,1.71,1.75,17.26,17.58,18.1,18.27,15.48,19.84,21.75,66.0143,1.9242,1.5955,15.1943,0.6118,5.24,86.3812,-3.0464,-5.1143,-0.8594,0.821,2.3059,-0.1507,0.0,-4.6089,-6.6146
NGA.25.9_1,Lagos,Ibeju-Lekki,55,1179,22.6,21.75,5.13,0.48,0.49,4.91,0.46,0.47,5.1,5.16,4.88,4.93,36.52,27.24,21.75,65.8063,1.8278,1.7359,20.5237,0.7443,5.24,92.6301,-2.3103,-5.4062,-0.955,1.5688,1.0803,-0.1507,0.0,-4.6089,-4.0589
NGA.26.10_1,Nasarawa,Nasarawa Eggon,136,3907,9.5,47.82,46.78,17.31,2.4,47.8,17.68,2.45,46.6,46.97,47.77,47.88,48.16,47.42,47.82,36.7346,1.9965,1.9018,24.4803,28.4158,36.5589,89.419,0.0793,7.366,-0.0969,-0.0259,-0.0305,-1.3897,0.0,0.1467,-2.8305
NGA.26.11_1,Nasarawa,Obi,125,4231,19.7,47.82,51.88,19.19,2.66,47.77,17.67,2.45,51.67,52.07,47.63,47.84,45.36,44.49,47.82,36.7053,1.9854,1.8983,23.8488,24.9046,25.3389,90.7344,-0.0631,7.0379,-0.39,0.1414,-0.0488,-1.4381,0.0,-0.3414,3.4205
NGA.26.12_1,Nasarawa,Toto,209,3914,7.2,47.82,45.93,16.99,2.35,47.89,17.71,2.45,45.73,46.12,47.83,47.97,49.54,48.94,47.82,36.8829,1.9752,1.9251,24.5759,30.501,40.1289,90.7005,0.1365,7.8165,0.3086,-0.2303,-0.0527,-1.3787,0.0,0.2572,-4.4902
NGA.26.13_1,Nasarawa,Wamba,135,3356,3.9,47.82,54.18,20.04,2.78,47.82,17.69,2.45,53.99,54.38,47.78,47.86,46.83,47.63,47.82,36.7824,1.9521,1.9204,24.5017,23.1306,26.5348,87.4503,0.0475,7.218,-0.0678,-0.19,-0.0206,-1.3633,0.0,0.4129,4.5888
NGA.26.1_1,Nasarawa,Akwanga,120,1873,10.7,47.82,52.82,19.54,2.71,47.79,17.68,2.45,52.63,53.0,47.73,47.86,45.96,46.11,47.82,36.5972,1.9709,1.9058,24.428,23.3232,28.5029,90.8819,0.0085,7.2146,-0.0623,0.0252,0.0135,-1.3955,0.0,0.0876,3.3682
NGA.26.2_1,Nasarawa,Awe,286,4473,2.4,47.82,50.55,18.7,2.59,47.83,17.69,2.45,50.35,50.73,47.77,47.87,53.04,52.48,47.82,36.8666,1.946,1.9428,24.6756,28.2189,38.8439,92.6773,0.3576,7.2519,-0.0066,-0.1345,-0.0555,-1.3564,0.0,0.4828,0.4496
NGA.26.3_1,Nasarawa,Doma,205,4294,7.4,47.82,44.18,16.35,2.26,47.8,17.68,2.45,43.98,44.39,47.74,47.85,50.72,50.11,47.82,36.8667,2.0114,1.8995,24.226,31.1435,37.8259,90.092,0.0523,7.1841,-0.6547,-0.1896,-0.0556,-1.3801,0.0,0.2436,-4.583
NGA.26.4_1,Nasarawa,Karu,323,3442,12.4,47.82,41.29,15.27,2.12,47.89,17.72,2.45,41.09,41.49,47.79,47.97,41.96,43.99,47.82,36.5988,2.005,1.8904,24.3024,26.0512,37.5351,90.4622,-0.2612,7.4641,-0.7903,-0.0134,0.1591,-1.4033,0.0,0.0096,-7.4463
NGA.26.5_1,Nasarawa,Keana,112,2901,8.5,47.82,53.78,19.9,2.76,47.77,17.67,2.45,53.59,53.97,47.63,47.83,48.37,47.48,47.82,36.7553,1.9657,1.9152,24.2559,25.6202,28.853,92.679,0.1433,6.8219,0.024,-0.0452,-0.0498,-1.3851,0.0,0.1924,4.5269
NGA.26.6_1,Nasarawa,Keffi,26,855,33.0,47.82,41.48,15.34,2.13,47.99,17.75,2.46,41.27,41.72,47.77,48.25,33.29,40.86,47.82,36.3523,2.0434,1.84,23.1462,24.1583,26.1959,88.5902,-1.0763,7.4915,-0.9105,0.1625,0.2416,-1.5004,0.0,-0.9707,-5.5293
NGA.26.7_1,Nasarawa,Kokona,148,2614,8.1,47.82,45.83,16.95,2.35,47.85,17.7,2.45,45.65,46.02,47.79,47.93,47.4,46.56,47.82,36.6483,1.9965,1.8987,24.5454,26.83,36.5627,90.6068,0.07,7.4169,-0.7202,0.0179,-0.0344,-1.3832,0.0,0.2118,-3.3124
NGA.26.8_1,Nasarawa,Lafia,320,7070,12.2,47.82,45.64,16.88,2.34,47.78,17.68,2.45,45.45,45.85,47.72,47.86,46.26,46.95,47.82,36.6628,1.9835,1.9033,24.3976,26.5338,35.9481,88.5612,-0.0127,7.3433,-0.4594,0.0136,-0.0122,-1.4027,0.0,0.0152,-3.4083
NGA.26.9_1,Nasarawa,Nasarawa,443,4007,4.2,47.82,47.37,17.52,2.43,47.85,17.7,2.45,47.17,47.56,47.81,47.91,51.86,51.32,47.82,36.7856,1.9533,1.9309,24.7602,26.9257,39.1337,94.2878,0.2631,7.4488,-0.4508,-0.2688,-0.0385,-1.3647,0.0,0.3985,-2.1837
NGA.27.10_1,Niger,Katcha,263,6951,5.6,52.42,61.27,15.43,2.66,52.42,13.2,2.28,61.16,61.37,52.4,52.45,54.61,53.32,52.42,40.1251,2.4549,3.4371,33.4903,37.2918,30.5946,96.3609,0.0284,0.5229,-0.0303,-0.4681,-0.054,0.408,0.0,-0.449,9.4105
NGA.27.11_1,Niger,Kontagora,229,2377,8.7,52.42,53.48,13.47,2.33,52.43,13.2,2.28,53.35,53.59,52.38,52.47,41.48,43.42,52.42,39.7993,2.513,3.3682,33.2247,37.0026,31.8382,97.3127,-0.5036,0.253,0.4699,-0.1977,0.018,0.3373,0.0,-0.5649,2.8182
NGA.27.12_1,Niger,Lapai,274,4207,2.3,52.42,54.72,13.78,2.38,52.42,13.2,2.28,54.61,54.82,52.38,52.45,57.58,56.16,52.42,40.0751,2.4676,3.4221,33.8166,41.294,38.8106,95.9659,0.1757,0.2401,-0.1097,-0.5289,-0.0494,0.4846,0.0,-0.3234,3.8114
NGA.27.13_1,Niger,Lavun,333,12187,5.2,52.42,53.16,13.39,2.31,52.42,13.2,2.28,53.05,53.27,52.39,52.46,52.28,52.02,52.42,40.133,2.5267,3.3773,33.235,42.669,34.2704,92.7403,-0.2033,0.4151,0.1554,-0.4472,-0.0359,0.4188,0.0,-0.4314,2.4853
NGA.27.14_1,Niger,Magama,452,4780,4.3,52.42,58.42,14.71,2.54,52.43,13.2,2.28,58.32,58.52,52.4,52.46,44.9,45.17,52.42,39.9172,2.4743,3.4125,33.488,34.95,29.1157,98.0344,-0.3116,0.3449,0.0482,-0.2261,-0.0514,0.4384,0.0,-0.3992,7.0642
NGA.27.15_1,Niger,Mariga,858,8224,0.9,52.42,56.72,14.28,2.47,52.44,13.2,2.28,56.62,56.81,52.4,52.47,45.76,45.72,52.42,40.04,2.4554,3.4511,33.5888,39.2595,34.572,99.091,-0.2519,0.1505,0.7321,-0.2654,-0.0529,0.5174,0.0,-0.2698,4.8709
NGA.27.16_1,Niger,Mashegu,455,4813,3.3,52.42,54.33,13.68,2.36,52.43,13.2,2.28,54.22,54.43,52.36,52.47,61.67,59.29,52.42,40.1251,2.4322,3.4631,33.8487,44.0458,44.2531,98.9228,0.3469,0.118,0.489,-0.5166,-0.0476,0.4624,0.0,-0.3599,2.8744
NGA.27.17_1,Niger,Mokwa,287,7479,10.0,52.42,52.49,13.22,2.28,52.44,13.2,2.28,52.36,52.59,52.36,52.47,53.16,53.19,52.42,40.2171,2.5006,3.4129,33.0472,43.3168,37.8011,94.3206,-0.0969,0.2827,0.764,-0.4103,0.0525,0.3071,0.0,-0.6145,1.4847
NGA.27.18_1,Niger,Muya,320,3366,1.0,52.42,52.99,13.34,2.3,52.44,13.21,2.28,52.9,53.07,52.36,52.48,54.77,54.21,52.42,40.0327,2.4529,3.4528,34.1211,43.625,44.0916,97.8088,0.1333,0.0349,0.9629,-0.4805,-0.0512,0.5168,0.0,-0.2707,1.3601
NGA.27.19_1,Niger,Paikoro,359,4963,3.9,52.42,50.5,12.72,2.2,52.42,13.2,2.28,50.41,50.59,52.36,52.45,54.85,54.43,52.42,39.955,2.4704,3.4294,34.0877,41.7438,43.7106,95.4766,0.1188,0.1811,0.1974,-0.4123,-0.0323,0.4482,0.0,-0.3832,-0.0619
NGA.27.1_1,Niger,Agaie,213,7063,5.4,52.42,59.91,15.09,2.61,52.42,13.2,2.28,59.79,60.02,52.4,52.45,56.57,56.08,52.42,40.1488,2.4763,3.41,33.3078,38.366,30.3305,97.2923,0.034,0.396,-0.386,-0.5112,-0.0556,0.4136,0.0,-0.4399,8.7435
NGA.27.20_1,Niger,Rafi,539,7290,3.0,52.42,41.3,10.4,1.8,52.41,13.2,2.28,41.2,41.39,52.36,52.44,56.6,55.71,52.42,40.1249,2.4828,3.4441,34.1636,47.7088,54.4283,93.2434,0.1665,0.1566,0.4732,-0.4473,-0.0222,0.4701,0.0,-0.3473,-8.3594
NGA.27.21_1,Niger,Rijau,487,4799,4.5,52.42,56.29,14.17,2.45,52.44,13.21,2.28,56.17,56.39,52.42,52.48,45.41,45.96,52.42,39.8775,2.4917,3.4086,33.6315,41.6364,35.9533,96.6315,-0.2978,0.4415,1.8401,-0.0846,-0.0481,0.4335,0.0,-0.4073,3.18
NGA.27.22_1,Niger,Shiroro,656,7397,4.6,52.42,56.38,14.2,2.45,52.42,13.2,2.28,56.27,56.49,52.34,52.46,56.02,55.89,52.42,40.1629,2.4051,3.492,33.8725,43.1008,42.8633,93.3831,0.1637,0.1169,1.7661,-0.3508,-0.0329,0.4331,0.0,-0.4079,3.4513
NGA.27.23_1,Niger,Suleja,19,1520,44.4,52.42,40.72,10.25,1.77,52.39,13.19,2.28,40.52,40.92,52.29,52.48,34.06,44.31,52.42,39.9605,2.6323,3.2104,29.9411,34.5181,22.6627,87.0489,-1.5739,0.3546,-0.9181,0.1671,0.3057,-0.4915,0.0,-1.9235,-4.3238
NGA.27.24_1,Niger,Tafa,22,676,48.0,52.42,47.2,11.89,2.05,52.39,13.19,2.28,47.01,47.39,52.28,52.47,31.19,39.41,52.42,39.6804,2.5484,3.2703,30.2838,24.8823,19.1832,91.9935,-1.2156,0.3044,-0.9403,0.4351,0.7006,-0.5732,0.0,-2.0574,0.544
NGA.27.25_1,Niger,Wushishi,200,2467,2.1,52.42,51.53,12.97,2.24,52.43,13.2,2.28,51.43,51.61,52.41,52.45,55.75,54.49,52.42,40.1005,2.4581,3.4521,34.113,44.2615,44.9382,98.2086,0.1265,0.3668,1.0296,-0.5166,-0.0531,0.4906,0.0,-0.3137,-0.1899
NGA.27.2_1,Niger,Agwara,146,1890,6.1,52.42,53.39,13.44,2.32,52.42,13.2,2.28,53.28,53.49,52.4,52.49,49.27,47.73,52.42,39.9941,2.4935,3.398,33.4635,39.263,34.9422,92.6535,-0.2048,0.5548,-0.0216,-0.2753,-0.0254,0.3976,0.0,-0.4661,2.5916
NGA.27.3_1,Niger,Bida,8,729,80.0,52.42,31.61,7.96,1.37,52.27,13.16,2.27,31.36,31.85,52.18,52.55,24.36,39.75,52.42,39.6749,2.6598,3.1286,27.577,29.3607,13.7475,84.2416,-2.1935,0.5188,-0.9147,0.6749,0.7547,-1.3165,0.0,-3.276,-10.5387
NGA.27.4_1,Niger,Borgu,740,4280,2.5,52.42,57.56,14.49,2.5,52.42,13.2,2.28,57.44,57.67,52.39,52.45,55.71,55.03,52.42,40.1355,2.4014,3.4868,33.5265,39.2598,37.822,98.2562,0.1296,0.4259,-0.1691,-0.366,-0.0056,0.4809,0.0,-0.3295,5.9929
NGA.27.5_1,Niger,Bosso,232,4165,10.0,52.42,39.74,10.01,1.73,52.4,13.19,2.28,39.62,39.87,52.37,52.44,47.95,50.94,52.42,39.8052,2.5565,3.3352,33.4985,41.3209,43.6327,92.6616,-0.3213,0.3713,-0.8471,-0.3345,0.0979,0.3081,0.0,-0.6128,-7.9128
NGA.27.6_1,Niger,Chanchaga,12,663,79.3,52.42,33.66,8.48,1.46,52.3,13.17,2.27,33.44,33.87,52.22,52.5,23.6,41.17,52.42,39.4817,2.6308,3.1577,27.5976,24.2004,14.7642,86.6547,-2.2262,0.3777,-0.9178,0.5624,1.0083,-1.2991,0.0,-3.2475,-8.7714
NGA.27.7_1,Niger,Edati,104,6054,19.5,52.42,51.28,12.91,2.23,52.43,13.2,2.28,51.13,51.41,52.35,52.46,53.82,52.67,52.42,40.3332,2.575,3.3511,31.9382,45.6023,30.2632,85.988,-0.3713,0.3762,0.7083,-0.2385,-0.0541,0.0859,0.0,-0.9771,1.1988
NGA.27.8_1,Niger,Gbako,263,8495,8.2,52.42,47.03,11.84,2.05,52.41,13.2,2.28,46.93,47.14,52.39,52.45,56.18,55.48,52.42,40.0254,2.5318,3.3788,33.7472,42.9755,43.1983,95.0522,0.1001,0.4693,-0.3864,-0.3903,-0.053,0.3479,0.0,-0.5476,-2.4861
NGA.27.9_1,Niger,Gurara,157,4273,3.1,52.42,44.03,11.09,1.92,52.41,13.2,2.28,43.92,44.13,52.4,52.44,52.79,53.25,52.42,40.0325,2.5413,3.3714,33.8008,43.4867,43.6357,92.7789,-0.0849,0.2869,-0.6245,-0.4145,-0.0166,0.4661,0.0,-0.3539,-4.8044
NGA.28.10_1,Ogun,Ijebu North,106,5661,15.3,42.06,45.69,22.61,2.79,42.06,20.81,2.57,45.54,45.84,41.98,42.08,49.5,45.58,42.06,57.954,1.2364,2.4946,28.1368,13.8865,20.4582,94.6786,-0.3837,-4.077,-1.0795,-0.0954,-0.0028,-0.8198,0.0,-0.9527,1.1031
NGA.28.11_1,Ogun,Ijebu-Ode,25,756,56.4,42.06,34.07,16.86,2.08,42.06,20.81,2.57,33.85,34.27,41.91,42.08,19.48,31.04,42.06,57.1571,1.2489,2.405,27.0977,6.6033,5.5817,90.7954,-2.1165,-4.4,-0.8931,0.6106,0.4352,-0.931,0.0,-1.6711,-6.8361
NGA.28.12_1,Ogun,Ikenne,22,808,57.1,42.06,39.74,19.66,2.43,42.01,20.79,2.57,39.55,39.93,41.91,42.08,30.52,37.07,42.06,57.3298,1.2434,2.4389,27.6048,7.2833,11.7218,94.6799,-1.356,-3.8258,-1.0888,0.5541,0.4085,-0.9328,0.0,-1.6831,-3.2463
NGA.28.13_1,Ogun,Imeko-Afon,193,2872,7.1,42.06,41.62,20.59,2.54,42.08,20.82,2.57,41.51,41.75,42.03,42.27,55.26,49.81,42.06,58.1869,1.2133,2.5786,29.0593,17.1932,37.1143,97.0881,0.1345,-2.68,-0.7692,-0.0482,-0.039,-0.7976,0.0,-0.8098,-4.6243
NGA.28.14_1,Ogun,Ipokia,68,1349,31.6,42.06,42.68,21.12,2.61,42.05,20.81,2.57,42.57,42.81,41.96,42.09,42.31,42.83,42.06,57.4458,1.2321,2.5205,28.9372,10.3874,22.6184,94.8586,-0.4372,-3.1287,-0.7734,0.5288,-0.0134,-0.864,0.0,-1.2384,-2.8401
NGA.28.15_1,Ogun,Obafemi-Owode,201,3011,15.1,42.06,40.35,19.96,2.47,42.07,20.82,2.57,40.2,40.49,41.99,42.09,39.23,40.18,42.06,57.5858,1.2238,2.5001,28.6721,8.8456,19.6342,95.3087,-0.6775,-3.4487,-1.0142,-0.0492,0.2105,-0.8193,0.0,-0.95,-3.923
NGA.28.16_1,Ogun,Odeda,190,3218,4.3,42.06,38.93,19.26,2.38,42.07,20.82,2.57,38.79,39.06,42.02,42.11,53.57,48.02,42.06,57.8175,1.2271,2.5265,29.2456,15.3999,35.7045,96.9668,0.0465,-3.0433,-1.2389,-0.3082,-0.0326,-0.7899,0.0,-0.7598,-5.7043
NGA.28.17_1,Ogun,Odogbolu,56,1806,28.7,42.06,40.03,19.8,2.45,42.04,20.8,2.57,39.89,40.18,41.94,42.08,28.82,34.24,42.06,57.5367,1.252,2.468,27.9946,5.9642,9.4132,92.7219,-1.2759,-4.1665,-1.0574,0.2501,0.1467,-0.8559,0.0,-1.1862,-2.7893
NGA.28.18_1,Ogun,Ogun Waterside,79,1860,6.6,42.06,47.05,23.28,2.88,42.06,20.81,2.57,46.94,47.18,41.93,42.08,44.94,42.71,42.06,58.2083,1.2068,2.5589,28.5734,11.6799,17.6852,95.4374,-0.2934,-4.9592,0.5472,-0.3476,-0.0526,-0.7962,0.0,-0.8006,1.5069
NGA.28.19_1,Ogun,Remo-North,23,916,27.1,42.06,37.65,18.63,2.3,42.05,20.8,2.57,37.48,37.8,41.96,42.08,35.49,38.61,42.06,57.5326,1.2497,2.4535,28.1278,9.6081,17.4159,92.7541,-1.1085,-3.777,-0.7901,0.139,0.1705,-0.8518,0.0,-1.1595,-5.5035
NGA.28.1_1,Ogun,Abeokuta South,13,710,100.0,42.06,37.61,18.61,2.3,42.01,20.79,2.57,37.29,37.92,41.79,42.09,13.22,30.56,42.06,57.4339,1.2486,2.3392,25.7131,8.0493,1.2444,88.979,-2.9101,-3.0681,-0.6559,1.3823,0.956,-1.0489,0.0,-2.4331,-5.1296
NGA.28.20_1,Ogun,Shagamu,91,1746,37.3,42.06,39.5,19.54,2.41,42.04,20.8,2.57,39.3,39.68,41.94,42.09,27.77,34.54,42.06,57.5515,1.2264,2.4489,27.2832,5.0782,12.3456,93.2178,-1.411,-3.8063,-1.3711,0.3261,0.7698,-0.8793,0.0,-1.3371,-3.6597
NGA.28.2_1,Ogun,Abeokuta North,95,2652,17.9,42.06,45.55,22.54,2.78,42.07,20.81,2.57,45.41,45.7,41.99,42.1,44.57,42.69,42.06,57.7377,1.2236,2.5078,28.7476,12.0101,20.1279,95.901,-0.3638,-3.0241,-0.7094,-0.1472,0.0516,-0.8268,0.0,-0.998,-0.4037
NGA.28.3_1,Ogun,Ado Odo/Ota,150,3267,43.6,42.06,38.56,19.08,2.36,42.05,20.81,2.57,38.34,38.77,41.94,42.09,31.31,36.94,42.06,57.6702,1.2267,2.4519,27.6983,8.252,15.0501,92.7107,-1.2666,-3.4417,-1.108,0.5121,0.5931,-0.8963,0.0,-1.4469,-5.0768
NGA.28.4_1,Ogun,Yewa North,262,5365,9.6,42.06,41.25,20.41,2.52,42.08,20.82,2.57,41.14,41.37,42.02,42.14,50.83,47.67,42.06,57.9424,1.2248,2.549,29.1434,14.8872,32.7187,95.8635,-0.0321,-2.9287,-0.6929,-0.0143,-0.0041,-0.8043,0.0,-0.8527,-4.6102
NGA.28.5_1,Ogun,Yewa South,89,2943,18.2,42.06,38.71,19.15,2.37,42.06,20.81,2.57,38.59,38.84,41.99,42.09,42.96,42.27,42.06,57.7326,1.2503,2.4945,28.7685,12.4706,24.2841,93.7951,-0.493,-3.1681,-1.0376,0.0581,0.031,-0.8277,0.0,-1.004,-5.5707
NGA.28.6_1,Ogun,Ewekoro,76,1404,13.8,42.06,41.43,20.5,2.53,42.07,20.81,2.57,41.31,41.57,41.99,42.09,36.3,37.14,42.06,57.6942,1.231,2.5055,28.6398,7.7043,16.0938,94.8953,-0.7327,-3.2988,-0.9819,-0.0538,0.2317,-0.8156,0.0,-0.926,-3.2121
NGA.28.7_1,Ogun,Ifo,80,2454,61.9,42.06,37.87,18.74,2.31,42.05,20.81,2.57,37.58,38.13,41.91,42.09,25.1,34.43,42.06,57.8045,1.2365,2.4144,26.7916,7.544,10.8066,92.24,-1.8049,-3.5839,-1.1141,0.9135,0.8259,-0.9459,0.0,-1.7674,-5.2207
NGA.28.8_1,Ogun,Ijebu North-East,19,1230,57.2,42.06,52.68,26.07,3.22,42.02,20.79,2.57,52.52,52.83,41.89,42.08,31.42,35.46,42.06,57.3522,1.251,2.4598,27.3113,5.2252,1.6372,93.1195,-1.2589,-4.3447,-0.6415,1.0812,0.0141,-0.9331,0.0,-1.685,7.1691
NGA.28.9_1,Ogun,Ijebu East,180,2856,11.4,42.06,50.37,24.92,3.08,42.06,20.81,2.57,50.24,50.51,41.96,42.08,50.85,46.04,42.06,58.134,1.21,2.549,28.3214,11.1586,18.7379,96.6992,-0.1845,-4.5826,-0.7794,-0.1287,0.0183,-0.8093,0.0,-0.8851,4.8636
NGA.29.10_1,Ondo,Ilaje,111,7100,32.3,39.0,45.03,10.59,2.61,38.49,9.05,2.23,44.89,45.19,38.08,38.84,34.37,35.41,39.0,46.4063,0.4663,0.5087,25.6629,6.1768,6.4743,77.6653,-0.5128,-7.1227,2.3575,0.292,0.141,-0.8985,0.0,-1.1245,5.0334
NGA.29.11_1,Ondo,Ile-Oluji/Okeigbo,47,5444,21.5,39.0,32.03,7.53,1.86,39.18,9.21,2.27,31.91,32.17,39.05,39.29,41.81,39.39,39.0,46.17,0.4963,0.4926,26.6757,9.3887,14.767,76.0019,-0.3305,-4.3097,-0.709,0.0386,-0.0561,-0.9537,0.0,-0.7649,-6.8127
NGA.29.12_1,Ondo,Irele,80,4364,8.4,39.0,38.16,8.97,2.21,38.49,9.05,2.23,38.04,38.29,38.35,38.88,44.38,43.35,39.0,46.3774,0.4712,0.5097,27.169,7.235,17.5775,81.5279,0.0658,-6.0764,0.8415,-0.1749,-0.0561,-1.0205,0.0,-0.3298,-1.4599
NGA.29.13_1,Ondo,Odigbo,216,8151,8.1,39.0,39.82,9.36,2.31,39.07,9.19,2.26,39.72,39.94,38.93,39.23,43.45,41.57,39.0,46.1074,0.4719,0.5071,27.4646,4.4108,15.1965,83.6526,0.0816,-5.326,-0.4635,-0.2845,-0.0124,-1.0225,0.0,-0.3172,0.6735
NGA.29.14_1,Ondo,Okitipupa,86,4321,20.2,39.0,35.64,8.38,2.07,38.89,9.14,2.25,35.52,35.76,38.67,39.14,38.89,38.81,39.0,45.9033,0.4819,0.4996,27.1162,6.2028,16.2278,81.8048,-0.1928,-5.4759,0.0019,0.0758,-0.0438,-0.9607,0.0,-0.7192,-3.2382
NGA.29.15_1,Ondo,Ondo East,46,2505,13.6,39.0,37.63,8.85,2.18,39.17,9.21,2.27,37.52,37.76,39.06,39.26,44.36,40.38,39.0,46.0806,0.4853,0.4977,27.1936,5.5062,13.4606,82.1533,-0.1017,-4.8818,-0.7878,-0.1449,-0.0533,-0.9941,0.0,-0.5021,-1.24
NGA.29.16_1,Ondo,Ondo West,119,9014,10.3,39.0,40.34,9.49,2.34,39.18,9.21,2.27,40.23,40.48,39.06,39.25,41.72,40.99,39.0,46.1057,0.4813,0.4987,26.9286,5.0217,9.963,82.1711,-0.199,-5.1207,-0.9375,-0.1506,-0.0182,-1.0111,0.0,-0.3909,1.642
NGA.29.17_1,Ondo,Ose,180,5583,5.5,39.0,43.61,10.25,2.53,39.18,9.21,2.27,43.51,43.71,39.07,39.28,42.63,41.03,39.0,46.0139,0.472,0.5072,27.7003,3.3718,11.6661,85.1469,0.1373,-4.3508,-0.6113,-0.2259,-0.0561,-1.0357,0.0,-0.231,3.2163
NGA.29.18_1,Ondo,Owo,109,4196,11.9,39.0,36.69,8.63,2.13,39.21,9.22,2.27,36.57,36.82,39.1,39.3,39.2,40.26,39.0,45.736,0.4828,0.4971,27.5402,5.2377,16.8381,84.0391,-0.1601,-3.9694,-0.5604,0.0189,0.0357,-1.0027,0.0,-0.446,-3.4957
NGA.29.1_1,Ondo,Akoko North-East,55,3058,21.5,39.0,42.17,9.92,2.44,39.19,9.21,2.27,42.05,42.31,39.07,39.3,37.11,38.87,39.0,45.8087,0.484,0.4957,27.0877,4.1137,8.691,80.9568,-0.3813,-3.2599,-0.949,0.0924,-0.0122,-0.9538,0.0,-0.7642,1.738
NGA.29.2_1,Ondo,Akoko South-East,23,1356,42.4,39.0,39.87,9.37,2.31,39.12,9.2,2.27,39.75,39.99,38.99,39.28,32.11,34.1,39.0,45.531,0.4868,0.4947,26.7943,3.52,6.9676,80.4421,-0.6423,-3.3247,-0.6378,0.8142,-0.042,-0.8471,0.0,-1.4597,-0.4871
NGA.29.3_1,Ondo,Akoko South-West,65,3528,24.1,39.0,36.22,8.52,2.1,39.18,9.21,2.27,36.1,36.36,39.04,39.29,37.31,38.0,39.0,45.7963,0.4882,0.4948,27.017,5.4104,12.3126,81.485,-0.4481,-3.5492,-1.099,0.1584,-0.0561,-0.9407,0.0,-0.8501,-3.2238
NGA.29.4_1,Ondo,Akoko North-West,57,3410,22.6,39.0,37.48,8.81,2.17,39.19,9.21,2.27,37.36,37.61,39.07,39.31,33.41,36.04,39.0,45.7724,0.488,0.4939,27.2122,4.1341,9.548,81.0518,-0.5384,-3.1264,-0.8013,0.1304,-0.0307,-0.9482,0.0,-0.8011,-2.7266
NGA.29.5_1,Ondo,Akure North,80,1731,24.6,39.0,33.08,7.78,1.92,39.17,9.21,2.27,32.95,33.2,39.04,39.28,33.86,37.46,39.0,45.5504,0.477,0.4982,27.4455,4.2188,17.1928,82.9009,-0.4493,-3.9201,-0.694,-0.1022,0.1013,-0.9379,0.0,-0.8681,-6.0599
NGA.29.6_1,Ondo,Akure South,49,1886,54.1,39.0,35.26,8.29,2.04,39.08,9.19,2.26,35.1,35.4,38.93,39.27,25.7,32.2,39.0,45.217,0.4805,0.4871,26.1314,3.7446,8.9203,82.7166,-1.1582,-4.1756,-0.9157,0.4317,0.1942,-0.7875,0.0,-1.8476,-2.6463
NGA.29.7_1,Ondo,Ese-Odo,57,4916,21.8,39.0,39.42,9.27,2.28,38.43,9.03,2.23,39.28,39.56,38.13,38.79,37.16,38.02,39.0,46.3759,0.4835,0.4993,25.8063,7.6325,5.7946,78.7268,-0.5663,-6.9918,0.5188,0.0122,-0.0561,-0.9523,0.0,-0.7741,1.7669
NGA.29.8_1,Ondo,Idanre,145,3405,8.9,39.0,36.78,8.65,2.13,39.15,9.2,2.27,36.68,36.89,39.04,39.26,40.27,39.8,39.0,45.8724,0.477,0.5016,27.6968,3.9596,15.0356,84.9852,-0.0305,-4.7905,-0.6754,-0.2079,-0.0315,-1.0183,0.0,-0.3444,-2.3957
NGA.29.9_1,Ondo,Ifedore,32,3119,23.3,39.0,39.2,9.22,2.27,39.18,9.21,2.27,39.06,39.34,39.06,39.29,31.57,34.48,39.0,45.8904,0.4913,0.4891,26.3712,4.7248,4.5128,78.154,-0.9386,-3.7702,-0.7417,-0.0304,0.0125,-0.9446,0.0,-0.8244,-0.0114
NGA.3.10_1,Akwa Ibom,Ibiono Ibom,47,2316,55.1,32.85,38.23,11.76,2.73,32.82,10.1,2.35,38.04,38.4,32.74,32.9,32.35,32.43,32.85,45.2071,3.6466,4.6249,21.7733,3.8879,4.8158,93.438,-0.9605,-5.7975,-0.5408,1.091,-0.0368,-1.0575,0.0,-1.9256,-3.6205
NGA.3.11_1,Akwa Ibom,Ika,20,697,94.2,32.85,28.94,8.91,2.07,32.76,10.08,2.34,28.73,29.13,32.69,32.8,26.26,28.92,32.85,44.7385,3.6802,4.582,21.1568,5.7073,9.031,93.378,-1.2983,-7.2753,-0.3487,1.9961,-0.0561,-1.1492,0.0,-2.1347,-10.0595
NGA.3.12_1,Akwa Ibom,Ikono,47,1314,65.4,32.85,31.18,9.6,2.23,32.79,10.09,2.35,30.97,31.37,32.72,32.87,26.75,29.61,32.85,44.7962,3.6594,4.5818,21.8218,3.9928,7.9184,94.4492,-1.2503,-5.8061,-0.82,1.3163,-0.0561,-1.0817,0.0,-1.9807,-8.8412
NGA.3.13_1,Akwa Ibom,Ikot Abasi,46,3595,33.3,32.85,28.31,8.71,2.03,32.79,10.09,2.35,27.99,28.56,32.71,32.85,37.6,34.43,32.85,45.6131,3.66,4.5563,20.909,4.3446,4.1586,88.7423,-0.9267,-12.4826,-0.6645,0.213,-0.0237,-1.0064,0.0,-1.8092,-4.13
NGA.3.14_1,Akwa Ibom,Ikot Ekpene,22,640,70.5,32.85,30.79,9.48,2.2,32.8,10.1,2.35,30.56,31.01,32.72,32.86,20.7,26.09,32.85,44.6241,3.645,4.5113,21.2674,3.7973,3.3623,92.8204,-1.8759,-5.8694,-0.9338,0.9379,0.102,-1.0937,0.0,-2.0083,-8.0919
NGA.3.15_1,Akwa Ibom,Ini,68,2741,19.8,32.85,42.7,13.14,3.05,32.96,10.14,2.36,42.54,42.85,32.85,33.19,36.63,35.37,32.85,45.5061,3.5688,4.6919,22.4865,1.4573,2.9179,95.1814,-0.6748,-5.2612,-0.7944,0.0025,-0.0443,-0.9748,0.0,-1.737,0.2396
NGA.3.16_1,Akwa Ibom,Itu,34,1717,44.2,32.85,31.19,9.6,2.23,32.78,10.09,2.34,31.0,31.37,32.72,32.85,26.14,29.2,32.85,45.1062,3.6796,4.561,21.7143,2.8365,4.4423,92.2256,-1.4771,-6.1874,-0.6912,0.7149,0.112,-1.0322,0.0,-1.8679,-8.0824
NGA.3.17_1,Akwa Ibom,Mbo,25,3151,39.3,32.85,40.24,12.39,2.88,32.85,10.11,2.35,39.96,40.48,32.75,32.9,33.13,32.54,32.85,45.8313,3.6851,4.5779,20.3662,4.974,1.0574,84.2167,-1.3766,-10.0853,0.2339,0.7165,0.0492,-1.0206,0.0,-1.8415,2.1007
NGA.3.18_1,Akwa Ibom,Mkpat Enin,45,2291,62.9,32.85,33.23,10.23,2.38,32.81,10.1,2.35,32.95,33.47,32.73,32.85,36.53,34.23,32.85,45.1392,3.6324,4.588,20.927,5.8724,7.1334,92.2037,-0.8182,-11.0516,-0.3424,1.1723,-0.0561,-1.0758,0.0,-1.9673,-2.7279
NGA.3.19_1,Akwa Ibom,Nsit Atai,23,822,72.9,32.85,32.34,9.95,2.31,32.81,10.1,2.35,32.11,32.54,32.75,32.86,29.03,30.28,32.85,44.9272,3.6548,4.5945,21.3033,4.103,6.2372,94.7943,-1.0896,-8.7157,-0.3591,1.6992,-0.0561,-1.0993,0.0,-2.0209,-5.9485
NGA.3.1_1,Akwa Ibom,Abak,31,744,88.8,32.85,29.37,9.04,2.1,32.77,10.09,2.34,29.13,29.57,32.71,32.82,24.04,26.92,32.85,44.5769,3.661,4.5676,21.2073,5.937,9.2352,93.6172,-1.4532,-7.0804,-0.4353,1.8184,-0.0561,-1.1366,0.0,-2.106,-9.5315
NGA.3.20_1,Akwa Ibom,Nsit Ibom,18,691,88.6,32.85,31.81,9.79,2.28,32.79,10.09,2.35,31.57,32.04,32.72,32.82,31.38,31.8,32.85,44.7152,3.6691,4.5706,21.0992,7.4764,13.0068,94.7231,-0.9557,-8.2449,-0.4519,2.025,-0.0561,-1.1362,0.0,-2.105,-7.0901
NGA.3.21_1,Akwa Ibom,Nsit Ubium,37,1554,60.9,32.85,30.16,9.28,2.16,32.78,10.09,2.35,29.9,30.38,32.72,32.84,28.17,30.28,32.85,45.0066,3.6557,4.5685,21.1732,4.4208,5.8772,93.1355,-1.2071,-9.7875,-0.0033,1.1964,-0.0283,-1.0711,0.0,-1.9567,-6.4852
NGA.3.22_1,Akwa Ibom,Obot Akara,36,1194,69.9,32.85,35.71,10.99,2.55,32.83,10.11,2.35,35.5,35.9,32.76,32.93,29.99,30.49,32.85,44.7778,3.6351,4.583,21.756,5.4751,9.6478,94.5669,-1.0237,-5.6182,-0.4537,1.275,-0.0561,-1.0922,0.0,-2.0047,-5.8966
NGA.3.23_1,Akwa Ibom,Okobo,42,2383,43.2,32.85,31.54,9.71,2.26,32.83,10.1,2.35,31.3,31.76,32.75,32.88,35.63,35.21,32.85,45.3577,3.6468,4.6037,21.6088,4.6693,7.5951,93.5626,-0.7499,-8.9622,-0.6066,0.6615,-0.0498,-1.0297,0.0,-1.8624,-5.6313
NGA.3.24_1,Akwa Ibom,Onna,19,1175,61.9,32.85,24.46,7.53,1.75,32.74,10.08,2.34,24.13,24.7,32.69,32.8,31.67,31.91,32.85,45.0042,3.6815,4.5192,20.8002,7.5086,10.8138,90.5075,-1.1512,-11.4135,0.1049,1.002,-0.0035,-1.0736,0.0,-1.9623,-9.4375
NGA.3.25_1,Akwa Ibom,Oron,8,617,33.9,32.85,26.41,8.13,1.89,32.73,10.07,2.34,26.12,26.65,32.7,32.83,28.05,32.63,32.85,45.3339,3.6767,4.5247,21.2073,4.7478,5.2749,88.8312,-1.5357,-9.0776,-0.7223,0.075,-0.0561,-1.0079,0.0,-1.8125,-8.2271
NGA.3.26_1,Akwa Ibom,Oruk Anam,74,2224,58.6,32.85,31.16,9.59,2.23,32.79,10.09,2.35,30.9,31.39,32.72,32.84,38.65,35.6,32.85,45.1283,3.5765,4.658,21.5942,4.7705,11.2307,96.0068,-0.5168,-9.6036,-0.8684,0.9497,-0.0561,-1.0659,0.0,-1.9448,-5.4319
NGA.3.27_1,Akwa Ibom,Udung Uko,7,677,56.6,32.85,35.61,10.96,2.55,32.81,10.1,2.35,35.35,35.87,32.73,32.85,35.48,37.8,32.85,45.405,3.6726,4.5935,20.8966,7.3008,7.9057,90.7599,-0.9175,-9.4125,-0.4173,0.9376,-0.0561,-1.0612,0.0,-1.9341,-2.0906
NGA.3.28_1,Akwa Ibom,Ukanafun,46,1397,77.4,32.85,30.24,9.31,2.16,32.79,10.09,2.35,29.99,30.47,32.72,32.82,35.31,35.14,32.85,44.8692,3.6256,4.6115,21.4675,5.7434,12.3036,97.3178,-0.6837,-8.5342,-0.725,1.6403,-0.0561,-1.1099,0.0,-2.0451,-7.7637
NGA.3.29_1,Akwa Ibom,Uruan,40,1686,32.3,32.85,27.63,8.5,1.98,32.76,10.08,2.34,27.41,27.81,32.72,32.84,30.58,31.37,32.85,45.2859,3.6544,4.5865,21.9425,3.1958,7.1069,91.8713,-1.1246,-7.3877,-0.8897,0.2916,0.0757,-1.0043,0.0,-1.8043,-9.5375
NGA.3.2_1,Akwa Ibom,Eastern Obolo,14,2116,39.6,32.85,39.51,12.16,2.83,32.84,10.11,2.35,39.2,39.79,32.75,32.9,41.38,39.32,32.85,46.0493,3.6449,4.6019,20.0416,6.7825,1.3749,83.6806,-0.9408,-12.8678,0.2357,0.3228,-0.0561,-1.0213,0.0,-1.8432,4.3584
NGA.3.30_1,Akwa Ibom,Urue Offong,19,1492,52.7,32.85,36.33,11.18,2.6,32.84,10.11,2.35,36.09,36.56,32.75,32.88,33.83,32.8,32.85,45.3917,3.6671,4.5783,21.0787,4.0882,2.3844,92.1134,-0.9395,-9.8527,-0.4787,1.021,-0.0561,-1.0519,0.0,-1.9128,-1.1023
NGA.3.31_1,Akwa Ibom,Uyo,36,1249,85.0,32.85,27.57,8.48,1.97,32.77,10.08,2.34,27.32,27.8,32.7,32.82,20.89,26.81,32.85,44.7742,3.6564,4.4709,20.3433,6.0797,8.4048,92.1321,-1.905,-7.0789,-0.8003,1.0003,0.755,-1.1276,0.0,-2.0856,-10.1897
NGA.3.3_1,Akwa Ibom,Eket,28,1570,52.0,32.85,25.85,7.96,1.85,32.74,10.08,2.34,25.55,26.1,32.69,32.82,27.07,30.07,32.85,45.3183,3.6653,4.5129,20.5565,4.8779,6.2198,89.705,-1.5819,-11.0441,0.3332,0.5054,0.4804,-1.0503,0.0,-1.9093,-8.5439
NGA.3.4_1,Akwa Ibom,Esit Eket,19,881,33.6,32.85,33.93,10.44,2.43,32.83,10.1,2.35,33.65,34.17,32.74,32.88,40.36,36.77,32.85,45.5746,3.5848,4.6546,21.5743,4.7074,9.5717,93.582,-0.4864,-10.5564,0.1509,0.3291,0.1905,-1.0072,0.0,-1.811,-3.1198
NGA.3.5_1,Akwa Ibom,Essien Udim,49,1416,70.6,32.85,27.83,8.56,1.99,32.77,10.09,2.34,27.59,28.02,32.71,32.82,26.24,29.24,32.85,44.7396,3.6692,4.5776,21.6154,5.227,10.1515,93.0634,-1.2915,-6.4692,-0.6704,1.4306,-0.0561,-1.094,0.0,-2.0088,-11.0631
NGA.3.6_1,Akwa Ibom,Etim Ekpo,30,1085,67.6,32.85,29.38,9.04,2.1,32.77,10.09,2.34,29.15,29.59,32.71,32.83,33.35,33.42,32.85,44.9546,3.6548,4.6215,21.6607,6.1197,12.5892,94.4882,-0.8399,-7.5441,-0.3367,1.5267,-0.0561,-1.0869,0.0,-1.9926,-9.6389
NGA.3.7_1,Akwa Ibom,Etinan,29,1472,80.5,32.85,29.53,9.09,2.11,32.78,10.09,2.35,29.27,29.77,32.7,32.81,29.67,30.6,32.85,44.9086,3.6912,4.5557,20.9148,7.2828,10.389,92.9546,-1.1192,-9.3472,-0.145,1.7363,-0.0561,-1.117,0.0,-2.0614,-7.7433
NGA.3.8_1,Akwa Ibom,Ibeno,19,943,18.8,32.85,35.02,10.78,2.51,32.82,10.1,2.35,34.61,35.35,32.73,32.88,35.96,34.12,32.85,47.3277,3.6605,4.3332,18.2286,2.4811,15.404,88.7419,-0.8745,-11.2191,0.8104,0.0036,1.5986,-0.9726,0.0,-1.7321,-3.0416
NGA.3.9_1,Akwa Ibom,Ibesikpo Asutan,29,929,76.4,32.85,29.71,9.14,2.13,32.79,10.09,2.35,29.48,29.91,32.71,32.83,28.0,29.29,32.85,44.7644,3.6642,4.5607,21.3166,5.6608,10.0794,93.5206,-1.1389,-7.8822,-0.5111,1.5937,0.1124,-1.1075,0.0,-2.0397,-8.7323
NGA.30.10_1,Osun,Ejigbo,63,2393,21.8,22.2,18.15,3.42,1.83,22.14,4.17,2.23,18.05,18.25,22.13,22.27,20.65,21.09,22.2,54.1795,3.38,2.5937,20.4067,15.248,18.6138,80.3305,-0.472,-3.0391,-1.025,0.1946,-0.0128,-2.6657,0.0,-2.9483,-6.3942
NGA.30.11_1,Osun,Ife East,16,1739,54.7,22.2,28.54,5.37,2.88,22.31,4.2,2.25,28.43,28.64,22.15,22.34,23.19,21.38,22.2,54.4959,3.3886,2.5907,19.1446,22.2429,3.8843,78.511,-0.5799,-4.0086,-0.5889,0.9019,-0.0561,-3.2198,0.0,-3.1078,9.8906
NGA.30.12_1,Osun,Ife North,90,2942,15.5,22.2,23.21,4.37,2.34,22.21,4.18,2.24,23.11,23.32,22.14,22.27,24.53,22.97,22.2,54.4983,3.338,2.6085,19.9852,13.7387,10.1268,79.8779,-0.403,-3.9614,-0.5898,0.0002,0.0579,-2.5588,0.0,-2.9175,1.6107
NGA.30.13_1,Osun,Ife South,87,8668,6.5,22.2,27.3,5.14,2.75,22.23,4.19,2.24,27.21,27.41,22.14,22.25,26.54,24.09,22.2,54.8641,3.3574,2.6186,19.6552,13.6332,3.6215,78.0809,-0.2745,-4.3142,-0.506,-0.1707,-0.0561,-2.4084,0.0,-2.8742,7.9837
NGA.30.14_1,Osun,Ife Central,12,1100,83.1,22.2,21.41,4.03,2.16,22.35,4.21,2.25,21.29,21.52,22.16,22.41,19.44,19.63,22.2,53.8199,3.4002,2.5421,18.9563,36.8957,15.9293,79.6881,-0.8766,-3.8641,-0.9685,1.1428,0.0885,-3.6977,0.0,-3.2454,-0.0523
NGA.30.15_1,Osun,Ifedayo,18,518,11.2,22.2,21.03,3.96,2.12,22.34,4.21,2.25,20.93,21.1,22.19,22.92,23.0,22.82,22.2,54.354,3.3568,2.6237,20.7155,11.8722,17.3012,79.6714,-0.206,-2.6255,-0.4438,0.031,-0.0342,-2.4873,0.0,-2.8969,-3.3866
NGA.30.16_1,Osun,Ifelodun,23,718,60.8,22.2,15.18,2.86,1.53,22.16,4.17,2.24,15.05,15.3,22.13,22.31,16.78,18.43,22.2,53.6228,3.3971,2.5454,19.9417,24.2363,23.8488,80.4186,-0.9877,-3.049,-0.9465,0.7925,0.2298,-3.3227,0.0,-3.1374,-10.4068
NGA.30.17_1,Osun,Ila,45,1080,17.1,22.2,22.87,4.31,2.31,22.22,4.18,2.24,22.77,22.97,22.17,22.46,20.97,22.24,22.2,54.1493,3.3377,2.6176,20.5638,9.6887,12.1842,81.2161,-0.3874,-2.7672,-0.5445,0.2076,-0.0051,-2.5858,0.0,-2.9252,-0.2691
NGA.30.18_1,Osun,Ilesha East,14,592,45.2,22.2,15.81,2.98,1.6,22.13,4.17,2.23,15.69,15.92,22.11,22.28,13.06,17.58,22.2,53.731,3.3888,2.5302,19.6329,17.0792,9.8838,77.874,-1.5671,-3.3888,-0.5388,0.3939,0.2614,-3.0601,0.0,-3.0618,-8.9171
NGA.30.19_1,Osun,Ilesha West,10,409,51.4,22.2,19.85,3.74,2.0,22.18,4.18,2.24,19.71,19.97,22.13,22.31,11.53,17.88,22.2,53.9673,3.3642,2.5262,19.2004,12.0648,2.3034,77.3424,-1.9905,-3.3414,-0.3018,0.8265,0.4382,-3.1648,0.0,-3.092,-3.192
NGA.30.1_1,Osun,Atakumosa East,85,4893,6.6,22.2,21.03,3.96,2.12,22.19,4.18,2.24,20.94,21.12,22.13,22.24,24.18,23.2,22.2,54.6107,3.3746,2.6034,20.0702,14.5645,11.0745,77.4188,-0.3432,-4.1354,-0.7289,-0.2325,-0.0337,-2.4086,0.0,-2.8742,-1.2875
NGA.30.20_1,Osun,Irepodun,11,733,67.5,22.2,17.85,3.36,1.8,22.15,4.17,2.23,17.71,17.97,22.13,22.32,14.25,17.98,22.2,53.9327,3.4434,2.5078,18.9548,24.8374,10.2687,76.2535,-1.6985,-3.0872,-0.7614,1.1361,0.4674,-3.4347,0.0,-3.1696,-6.2644
NGA.30.21_1,Osun,Irewole,45,2010,23.4,22.2,22.39,4.22,2.26,22.26,4.19,2.25,22.28,22.51,22.17,22.31,20.91,21.46,22.2,54.1705,3.3608,2.5933,20.0716,12.6392,11.3658,80.4466,-0.5704,-3.3795,-0.9736,0.1092,0.0771,-2.6925,0.0,-2.956,0.3918
NGA.30.22_1,Osun,Isokan,33,1246,49.9,22.2,28.79,5.42,2.9,22.26,4.19,2.25,28.71,28.88,22.1,22.32,22.11,22.78,22.2,54.1654,3.3053,2.6323,19.845,14.1399,6.0484,82.84,-0.3054,-3.4974,-0.9281,0.8974,-0.0561,-3.138,0.0,-3.0842,9.7234
NGA.30.23_1,Osun,Iwo,54,2522,29.0,22.2,19.18,3.61,1.93,22.15,4.17,2.24,19.06,19.29,22.14,22.29,18.05,19.76,22.2,54.0568,3.4026,2.5757,20.0042,15.6231,14.0919,78.9726,-0.8276,-2.9803,-0.9702,0.3455,0.1661,-2.7862,0.0,-2.983,-4.7912
NGA.30.24_1,Osun,Obokun,80,3092,15.4,22.2,20.59,3.88,2.08,22.18,4.18,2.24,20.49,20.68,22.15,22.3,20.18,20.97,22.2,54.3555,3.3717,2.6088,20.3527,10.8771,12.8436,80.5789,-0.5448,-2.9911,-0.6241,0.0256,0.0381,-2.5576,0.0,-2.9171,-3.1383
NGA.30.25_1,Osun,Odo-Otin,38,1567,31.6,22.2,18.18,3.42,1.83,22.17,4.17,2.24,18.09,18.27,22.14,22.27,18.48,20.44,22.2,54.1011,3.4065,2.5858,20.2392,14.0368,14.3888,78.6325,-0.7457,-3.0295,-0.7839,0.477,0.0442,-2.831,0.0,-2.9959,-6.4546
NGA.30.26_1,Osun,Ola Oluwa,59,2563,14.1,22.2,19.88,3.74,2.01,22.13,4.17,2.23,19.78,19.96,22.13,22.26,21.17,21.27,22.2,54.2809,3.3782,2.6095,20.4601,12.8834,14.7949,80.2941,-0.3633,-3.0475,-0.8244,0.193,-0.0487,-2.5363,0.0,-2.911,-4.2358
NGA.30.27_1,Osun,Olorunda,13,552,73.8,22.2,16.58,3.12,1.67,22.16,4.17,2.24,16.46,16.71,22.13,22.34,13.2,18.81,22.2,54.0084,3.3868,2.5108,19.0281,21.0171,11.9958,79.3801,-1.796,-3.0909,-0.8027,1.0679,0.7328,-3.5412,0.0,-3.2003,-8.0937
NGA.30.28_1,Osun,Oriade,83,4330,17.9,22.2,19.88,3.74,2.01,22.21,4.18,2.24,19.79,19.98,22.16,22.28,19.99,21.07,22.2,54.4634,3.3943,2.5957,20.1014,12.6813,11.7738,77.9616,-0.6835,-3.4016,-0.7967,-0.0105,0.0161,-2.6006,0.0,-2.9295,-3.3577
NGA.30.29_1,Osun,Orolu,15,777,26.8,22.2,19.72,3.71,1.99,22.23,4.19,2.24,19.61,19.82,22.17,22.31,20.15,21.56,22.2,54.1563,3.3762,2.5652,20.0416,16.849,13.4074,78.4158,-0.6823,-3.094,-0.7809,0.2436,0.1713,-2.7489,0.0,-2.9722,-4.1407
NGA.30.2_1,Osun,Atakumosa West,94,5788,8.8,22.2,24.02,4.52,2.42,22.22,4.18,2.24,23.93,24.11,22.16,22.26,24.98,23.58,22.2,54.6368,3.3584,2.6205,20.0998,13.2718,8.2417,78.6693,-0.2351,-3.8146,-0.5548,-0.0653,-0.0404,-2.4459,0.0,-2.885,2.4829
NGA.30.30_1,Osun,Osogbo,10,775,76.6,22.2,17.76,3.34,1.79,22.15,4.17,2.23,17.6,17.92,22.13,22.34,13.38,19.1,22.2,54.2695,3.4288,2.471,18.3188,28.6153,14.0272,76.5897,-1.9883,-3.1621,-0.9603,1.1943,0.9433,-3.5893,0.0,-3.2142,-6.1729
NGA.30.3_1,Osun,Aiyedade,122,3332,7.6,22.2,24.03,4.52,2.42,22.15,4.17,2.23,23.93,24.12,22.12,22.23,23.36,23.42,22.2,54.4913,3.3285,2.6233,20.2713,9.6977,9.9083,81.064,-0.2747,-3.5589,-0.6363,-0.1811,-0.0269,-2.4263,0.0,-2.8793,2.4417
NGA.30.4_1,Osun,Ayedire,45,3442,28.9,22.2,25.84,4.87,2.61,22.23,4.18,2.24,25.75,25.95,22.16,22.3,26.0,25.3,22.2,54.6288,3.3632,2.6264,19.9322,18.8915,9.6111,80.5187,-0.1279,-3.1644,-0.7367,0.4282,-0.0481,-2.785,0.0,-2.9826,4.6013
NGA.30.5_1,Osun,Boluwaduro,23,837,34.9,22.2,23.56,4.44,2.38,22.28,4.19,2.25,23.48,23.65,22.18,22.35,20.83,21.46,22.2,54.073,3.346,2.618,20.1848,12.328,11.0064,80.5137,-0.5434,-3.0136,-0.8829,0.6804,0.0243,-2.8854,0.0,-3.0115,1.3945
NGA.30.6_1,Osun,Boripe,23,983,32.2,22.2,17.12,3.22,1.73,22.14,4.17,2.23,17.02,17.22,22.13,22.27,21.92,22.43,22.2,54.1342,3.3791,2.5948,20.419,20.124,24.3135,79.4665,-0.3312,-3.0204,-0.835,0.3206,0.0367,-2.8402,0.0,-2.9985,-8.2415
NGA.30.7_1,Osun,Ede North,15,608,32.7,22.2,16.71,3.15,1.69,22.13,4.17,2.23,16.6,16.81,22.12,22.26,14.0,17.61,22.2,53.9749,3.387,2.5427,19.783,11.7206,8.2037,77.2861,-1.3428,-3.293,-0.8497,0.0751,0.3833,-2.8497,0.0,-3.0012,-7.6575
NGA.30.8_1,Osun,Ede South,39,1853,31.6,22.2,17.35,3.27,1.75,22.12,4.17,2.23,17.25,17.44,22.11,22.24,22.71,22.99,22.2,54.1145,3.3974,2.597,20.345,21.348,24.403,80.1639,-0.2815,-3.405,-0.8345,0.5438,-0.0134,-2.8313,0.0,-2.9959,-7.7515
NGA.30.9_1,Osun,Egbedore,51,1377,10.6,22.2,16.94,3.19,1.71,22.15,4.17,2.23,16.84,17.03,22.14,22.24,18.29,20.65,22.2,54.1714,3.3688,2.5881,20.3853,9.8487,14.2123,78.546,-0.7208,-3.1523,-0.9725,-0.1754,0.1321,-2.4767,0.0,-2.8939,-7.9237
NGA.31.10_1,Oyo,Ibadan South-West,5,639,100.0,34.42,25.45,6.99,1.75,34.34,9.43,2.35,25.19,25.7,34.26,34.5,5.08,24.63,34.42,61.1347,4.1424,1.8739,16.1775,1.3585,0.0,72.4045,-4.252,-4.0341,-0.638,1.2782,2.1142,-0.168,0.0,-3.8121,-4.5652
NGA.31.11_1,Oyo,Ibarapa Central,41,2041,25.5,34.42,28.95,7.95,1.98,34.33,9.42,2.35,28.84,29.07,34.25,34.51,33.83,34.09,34.42,60.5498,3.9637,2.1002,21.7887,13.9761,19.437,84.4332,-0.1768,-3.3693,-0.4964,0.0624,-0.024,-1.0971,0.0,-0.9365,-3.9772
NGA.31.12_1,Oyo,Ibarapa East,117,3398,11.1,34.42,30.42,8.35,2.09,34.38,9.44,2.36,30.32,30.53,34.3,34.48,36.88,35.98,34.42,60.5677,3.9327,2.1116,22.1691,12.4801,20.6683,89.1155,0.1413,-3.4022,-1.0847,-0.2034,-0.0126,-1.2774,0.0,-0.3784,-2.0924
NGA.31.13_1,Oyo,Ibarapa North,160,4944,4.8,34.42,26.11,7.17,1.79,34.39,9.44,2.36,26.02,26.22,34.36,34.55,38.82,35.9,34.42,60.8304,3.9317,2.1283,22.1743,15.828,26.0846,87.9424,0.2081,-3.2593,-1.0792,-0.452,-0.0561,-1.3565,0.0,-0.1336,-7.1793
NGA.31.14_1,Oyo,Ido,129,894,20.8,34.42,28.0,7.69,1.92,34.38,9.44,2.36,27.89,28.12,34.28,34.44,31.77,32.84,34.42,60.2129,3.8744,2.1062,22.0455,9.6253,20.7773,87.3335,-0.2625,-3.7264,-1.1312,0.053,0.2496,-1.1559,0.0,-0.7544,-4.3861
NGA.31.15_1,Oyo,Irepo,99,2460,15.0,34.42,42.5,11.67,2.91,34.65,9.51,2.38,42.4,42.63,34.56,34.88,36.66,36.28,34.42,60.3262,3.8351,2.1275,21.8925,7.4721,8.5754,94.851,0.0993,-2.6616,-1.2254,0.0626,-0.0417,-1.2292,0.0,-0.5277,11.2444
NGA.31.16_1,Oyo,Iseyin,205,7233,9.6,34.42,34.87,9.57,2.39,34.38,9.44,2.36,34.77,34.97,34.28,34.43,38.24,37.53,34.42,60.698,3.8902,2.1216,21.8393,11.2853,16.217,88.2563,0.1644,-3.4957,-1.6881,-0.1459,0.0126,-1.2955,0.0,-0.3225,3.6266
NGA.31.17_1,Oyo,Itesiwaju,211,4892,4.8,34.42,33.54,9.21,2.3,34.36,9.43,2.36,33.46,33.63,34.31,34.52,37.65,35.72,34.42,60.6528,3.8497,2.1438,22.1297,11.8168,19.1876,88.2461,0.2086,-3.2506,-1.0963,-0.336,-0.0456,-1.3563,0.0,-0.1342,1.3244
NGA.31.18_1,Oyo,Iwajowa,237,4483,4.5,34.42,32.26,8.86,2.21,34.38,9.44,2.36,32.18,32.36,34.36,34.62,38.18,36.1,34.42,60.7945,3.8676,2.1458,22.0514,12.3326,19.6942,87.0926,0.2115,-3.1376,-1.5107,-0.3607,-0.0561,-1.36,0.0,-0.1227,0.1681
NGA.31.19_1,Oyo,Kajola,93,7992,16.1,34.42,33.76,9.27,2.31,34.38,9.44,2.36,33.65,33.86,34.35,34.56,35.37,35.16,34.42,60.6855,3.9776,2.0854,21.3295,13.3226,11.4501,82.3224,-0.2437,-3.2433,-1.3734,-0.1253,-0.0287,-1.2152,0.0,-0.5708,2.3687
NGA.31.1_1,Oyo,Afijio,119,2842,15.6,34.42,30.72,8.43,2.11,34.38,9.44,2.36,30.63,30.82,34.27,34.43,32.76,32.39,34.42,60.2313,3.9414,2.1023,22.1927,10.4054,17.7661,85.9698,-0.09,-3.5928,-0.8317,0.1875,-0.0287,-1.2212,0.0,-0.5524,-1.8329
NGA.31.20_1,Oyo,Lagelu,46,765,32.8,34.42,33.54,9.21,2.3,34.37,9.44,2.36,33.42,33.65,34.27,34.43,24.01,28.26,34.42,59.994,3.852,2.0835,21.3914,5.2226,7.5004,85.2942,-0.9346,-3.9266,-0.835,0.2465,0.243,-1.0063,0.0,-1.2175,2.7434
NGA.31.21_1,Oyo,Ogbomosho North,32,1003,50.6,34.42,27.48,7.55,1.88,34.36,9.43,2.36,27.34,27.62,34.29,34.51,26.35,30.61,34.42,59.809,3.9337,2.053,21.374,9.1495,14.0968,84.2197,-0.8638,-3.4703,-1.0947,0.5017,0.1121,-0.7839,0.0,-1.9058,-4.2127
NGA.31.22_1,Oyo,Ogbomosho South,13,570,47.5,34.42,31.72,8.71,2.17,34.36,9.43,2.36,31.59,31.84,34.28,34.5,27.87,30.17,34.42,59.8183,3.9257,2.0659,21.4072,10.0446,12.9375,84.8386,-0.5452,-3.5346,-0.9932,0.5513,0.0018,-0.8229,0.0,-1.7853,0.3301
NGA.31.23_1,Oyo,Ogo Oluwa,78,2220,8.5,34.42,35.56,9.76,2.44,34.37,9.44,2.36,35.48,35.66,34.24,34.4,32.06,30.92,34.42,60.3888,3.8957,2.1136,22.1277,7.9848,12.0974,85.3071,-0.1253,-3.7389,-0.8451,-0.0337,-0.0561,-1.3095,0.0,-0.279,4.0506
NGA.31.24_1,Oyo,Olorunsogo,119,2008,3.6,34.42,38.89,10.68,2.67,34.31,9.42,2.35,38.8,39.0,34.27,34.54,35.05,34.13,34.42,60.5305,3.8147,2.1409,22.0936,7.4134,10.1555,92.3014,0.0733,-3.1205,-1.288,-0.1951,-0.0402,-1.3706,0.0,-0.09,7.5565
NGA.31.25_1,Oyo,Oluyole,101,2507,17.8,34.42,25.33,6.95,1.74,34.38,9.44,2.36,25.22,25.44,34.27,34.43,31.21,32.56,34.42,60.3698,3.9356,2.0935,21.9024,11.2918,20.8352,85.3079,-0.3455,-4.169,-0.86,-0.0703,0.1508,-1.1938,0.0,-0.6373,-7.0918
NGA.31.26_1,Oyo,Ona Ara,31,1250,45.9,34.42,26.64,7.31,1.83,34.37,9.44,2.36,26.46,26.78,34.26,34.45,24.97,28.1,34.42,60.3421,3.9428,2.0505,21.0676,10.8196,14.3531,82.7075,-1.0051,-4.1886,-0.6171,0.6311,0.2678,-0.8428,0.0,-1.7234,-5.2243
NGA.31.27_1,Oyo,Orelope,95,4694,10.1,34.42,43.79,12.02,3.0,34.43,9.45,2.36,43.69,43.91,34.31,34.64,37.91,36.64,34.42,60.6942,3.8765,2.1157,21.4878,10.0487,5.6974,89.6818,0.0407,-2.9899,-1.0965,-0.0252,-0.0334,-1.2894,0.0,-0.3414,12.9556
NGA.31.28_1,Oyo,Ori-Ire,261,6436,7.3,34.42,34.14,9.37,2.34,34.38,9.44,2.36,34.05,34.24,34.31,34.49,37.13,35.79,34.42,60.698,3.875,2.1355,22.1596,10.8663,17.3512,85.4149,0.16,-3.3512,-1.0288,-0.1439,-0.0484,-1.3246,0.0,-0.2324,1.9766
NGA.31.29_1,Oyo,Oyo East,22,1116,35.0,34.42,34.13,9.37,2.34,34.37,9.44,2.36,34.0,34.25,34.27,34.45,29.71,29.76,34.42,60.1829,3.9344,2.0699,21.2522,9.6084,9.1506,84.0818,-0.5778,-3.5661,-1.1228,0.1348,0.0813,-0.9785,0.0,-1.3036,3.3349
NGA.31.2_1,Oyo,Akinyele,81,1293,42.4,34.42,29.05,7.98,1.99,34.36,9.43,2.36,28.92,29.17,34.26,34.44,22.81,28.23,34.42,59.8269,3.8986,2.0654,21.3228,6.8482,11.3108,84.6309,-1.0634,-3.8165,-0.9031,0.3445,0.3026,-0.8862,0.0,-1.5891,-2.2837
NGA.31.30_1,Oyo,Oyo West,81,2127,21.2,34.42,29.17,8.01,2.0,34.37,9.44,2.36,29.06,29.29,34.27,34.44,36.1,37.15,34.42,60.378,3.9017,2.0982,21.9144,12.8191,20.7411,86.7943,-0.0565,-3.5265,-1.1017,-0.1305,0.0091,-1.1515,0.0,-0.7681,-3.0304
NGA.31.31_1,Oyo,Saki East,170,3106,11.6,34.42,39.55,10.86,2.71,34.63,9.51,2.37,39.46,39.66,34.53,34.77,35.22,35.42,34.42,60.444,3.8261,2.1342,21.9695,8.1694,11.1011,89.0163,0.0363,-2.9399,-1.3448,-0.0998,-0.0491,-1.2709,0.0,-0.3986,8.3659
NGA.31.32_1,Oyo,Saki West,291,8127,8.9,34.42,38.8,10.65,2.66,34.7,9.53,2.38,38.7,38.92,34.6,34.82,34.82,33.49,34.42,60.8111,3.8417,2.1413,21.5423,10.0905,9.888,85.8132,-0.0708,-2.8425,-1.5286,-0.1846,-0.0561,-1.3051,0.0,-0.2925,7.6989
NGA.31.33_1,Oyo,Surulere,136,5465,11.8,34.42,37.7,10.35,2.59,34.33,9.43,2.35,37.62,37.8,34.19,34.37,35.69,34.45,34.42,60.6052,3.8978,2.1195,21.9522,9.6981,12.2482,86.2538,0.0473,-3.7708,-0.7435,-0.0396,-0.0561,-1.269,0.0,-0.4043,6.3838
NGA.31.3_1,Oyo,Atiba,138,3679,11.9,34.42,38.96,10.7,2.67,34.38,9.44,2.36,38.86,39.07,34.29,34.45,40.39,37.76,34.42,60.8072,3.8535,2.1298,21.6214,12.5815,13.1785,86.0255,0.1891,-3.4651,-1.0658,-0.3146,-0.0489,-1.2677,0.0,-0.4083,7.9895
NGA.31.4_1,Oyo,Atisbo,218,5301,4.7,34.42,41.2,11.31,2.83,34.46,9.46,2.36,41.12,41.31,34.38,34.66,36.7,35.1,34.42,60.8956,3.8268,2.1553,21.7542,8.8641,8.9639,89.3226,0.0754,-2.9893,-1.3088,-0.2065,-0.0549,-1.3567,0.0,-0.133,10.1865
NGA.31.5_1,Oyo,Egbeda,34,1251,62.2,34.42,27.64,7.59,1.9,34.36,9.43,2.36,27.46,27.8,34.26,34.46,16.29,25.71,34.42,60.1147,3.9521,2.018,20.2692,5.6002,5.0626,81.1227,-1.8829,-4.082,-0.8403,0.8223,0.5867,-0.6395,0.0,-2.3528,-3.1464
NGA.31.6_1,Oyo,Ibadan North,4,701,100.0,34.42,23.75,6.52,1.63,34.34,9.43,2.35,23.44,24.04,34.25,34.51,5.88,24.63,34.42,61.4028,4.2759,1.8436,16.0865,8.4332,0.0,66.7108,-4.523,-4.0485,-0.7723,1.3452,1.8045,-0.168,0.0,-3.8121,-5.8793
NGA.31.7_1,Oyo,Ibadan North-East,2,593,100.0,34.42,26.89,7.38,1.84,34.34,9.43,2.35,26.51,27.27,34.27,34.51,5.99,24.63,34.42,61.8128,4.3189,1.827,15.7221,11.2181,0.0,62.8346,-4.8767,-4.1486,-0.7598,1.4855,1.4613,-0.168,0.0,-3.8121,-1.585
NGA.31.8_1,Oyo,Ibadan North-West,5,430,100.0,34.42,29.84,8.19,2.05,34.33,9.43,2.35,29.43,30.29,34.28,34.52,6.94,24.63,34.42,61.5974,3.9819,1.9182,17.5091,2.6032,0.0,76.1358,-3.4929,-4.0537,-0.8186,2.4533,1.7757,-0.168,0.0,-3.8121,-0.8674
NGA.31.9_1,Oyo,Ibadan South-East,5,938,100.0,34.42,24.35,6.69,1.67,34.33,9.43,2.35,24.03,24.63,34.27,34.51,7.35,24.63,34.42,61.193,4.2013,1.8785,17.1049,10.5822,0.0,69.0266,-3.9258,-4.1244,-0.6333,1.4548,1.3432,-0.168,0.0,-3.8121,-5.4864
NGA.32.10_1,Plateau,Langtang South,142,2845,4.3,54.3,57.46,23.56,2.69,54.41,22.31,2.55,57.34,57.63,54.35,54.46,61.09,60.12,54.3,39.4544,2.9119,2.9782,29.3774,24.9339,34.744,86.2286,0.1684,1.2494,2.0375,-0.0954,-0.0561,-1.8959,0.0,-2.7191,4.1932
NGA.32.11_1,Plateau,Mangu,289,4884,25.8,54.3,53.53,21.94,2.5,54.35,22.28,2.54,53.41,53.67,54.19,54.42,50.3,49.49,54.3,38.9668,2.99,2.9169,29.2148,17.2999,24.763,88.9813,-0.2104,0.9124,-0.5966,0.5367,-0.0328,-1.1922,0.0,-3.1238,3.4021
NGA.32.12_1,Plateau,Mikang,125,1458,21.4,54.3,55.11,22.59,2.58,54.4,22.3,2.54,55.01,55.25,54.35,54.46,60.62,58.17,54.3,39.0974,2.9541,2.9528,29.5693,22.072,37.9179,89.3127,0.2046,1.1652,0.3498,0.455,-0.0561,-1.3353,0.0,-3.0415,3.2375
NGA.32.13_1,Plateau,Pankshin,196,3173,23.5,54.3,55.42,22.72,2.59,54.39,22.3,2.54,55.31,55.57,54.22,54.44,57.6,55.53,54.3,39.1091,2.9623,2.9414,29.3929,19.1829,30.5261,89.4787,0.072,0.958,-0.2238,0.4044,-0.052,-1.2663,0.0,-3.0811,4.4174
NGA.32.14_1,Plateau,Qua'an Pan,340,3195,3.7,54.3,63.47,26.02,2.97,54.35,22.28,2.54,63.36,63.61,54.23,54.39,60.61,58.31,54.3,39.1888,2.8909,2.9821,29.3822,15.634,21.7766,91.1866,0.2006,1.0418,-0.3177,0.0791,-0.0561,-1.9146,0.0,-2.7084,11.4165
NGA.32.15_1,Plateau,Riyom,118,2004,24.3,54.3,48.23,19.77,2.26,53.97,22.12,2.52,48.11,48.37,53.7,54.06,55.93,54.75,54.3,39.1337,2.9918,2.9257,29.3706,22.1005,39.0656,89.6712,0.0283,0.4005,-0.0571,0.399,-0.0551,-1.2401,0.0,-3.0962,-0.9727
NGA.32.16_1,Plateau,Shendam,401,4299,4.6,54.3,55.69,22.83,2.61,54.38,22.29,2.54,55.59,55.82,54.34,54.43,60.86,59.36,54.3,39.1271,2.9516,2.9502,29.5782,21.5436,36.19,90.6811,0.1998,1.3218,0.2464,0.089,-0.0561,-1.8863,0.0,-2.7247,4.2569
NGA.32.17_1,Plateau,Wase,539,3684,2.3,54.3,61.58,25.25,2.88,54.37,22.29,2.54,61.46,61.74,54.33,54.42,63.39,60.86,54.3,39.3379,2.8771,2.9948,29.3908,18.4967,28.4609,90.6839,0.2831,1.1893,0.213,-0.1065,-0.0554,-1.9617,0.0,-2.6813,9.3346
NGA.32.1_1,Plateau,Barkin Ladi,141,3850,27.1,54.3,50.49,20.7,2.36,54.12,22.19,2.53,50.36,50.65,53.91,54.22,43.95,44.12,54.3,39.0556,3.0326,2.8907,28.8316,16.8085,20.7036,88.6273,-0.5278,0.717,-0.7186,0.5241,-0.0048,-1.148,0.0,-3.1492,1.5462
NGA.32.2_1,Plateau,Bassa,226,4352,11.5,54.3,56.72,23.25,2.65,54.25,22.24,2.54,56.6,56.86,54.1,54.31,54.03,54.5,54.3,39.1458,2.9659,2.9292,29.1525,16.0761,23.2144,91.6794,-0.1046,0.874,-0.5917,0.1752,0.02,-1.6603,0.0,-2.8546,6.42
NGA.32.3_1,Plateau,Bokkos,237,3267,11.7,54.3,50.08,20.53,2.34,54.07,22.16,2.53,49.94,50.27,53.91,54.21,52.8,52.19,54.3,39.1334,2.9478,2.935,29.3966,19.1862,32.7924,81.955,-0.1103,0.6982,-0.0118,0.063,-0.0537,-1.6526,0.0,-2.859,0.8333
NGA.32.4_1,Plateau,Jos East,104,2565,26.6,54.3,54.49,22.34,2.55,54.44,22.32,2.55,54.36,54.64,54.35,54.54,57.87,55.99,54.3,39.2008,2.983,2.938,29.2947,19.9267,31.106,90.7699,0.033,1.2726,-0.4142,0.4024,-0.0451,-1.1656,0.0,-3.1391,3.5295
NGA.32.5_1,Plateau,Jos North,70,2033,65.7,54.3,41.45,16.99,1.94,54.34,22.28,2.54,41.23,41.69,54.11,54.46,27.54,43.91,54.3,38.6318,3.1176,2.7695,27.249,15.8223,15.6635,87.0957,-1.9991,0.9118,-1.1293,0.6708,0.5877,0.118,0.0,-3.8772,-5.3601
NGA.32.6_1,Plateau,Jos South,78,3272,42.5,54.3,42.68,17.5,2.0,54.0,22.14,2.53,42.53,42.85,53.73,54.11,33.9,43.01,54.3,38.8902,3.123,2.8179,28.0432,18.6013,16.5166,86.8808,-1.2929,0.6114,-0.7995,0.7321,0.2235,-0.6413,0.0,-3.4406,-4.4751
NGA.32.7_1,Plateau,Kanam,310,5097,4.2,54.3,55.96,22.94,2.62,54.43,22.32,2.55,55.84,56.1,54.4,54.6,60.94,59.19,54.3,39.3089,2.9413,2.9562,29.511,19.4743,31.3477,88.7458,0.1849,1.5374,-0.2989,-0.2031,-0.0561,-1.9002,0.0,-2.7166,5.1133
NGA.32.8_1,Plateau,Kanke,175,3322,8.0,54.3,53.78,22.05,2.52,54.38,22.29,2.54,53.67,53.92,54.33,54.43,58.86,57.55,54.3,39.1775,2.9662,2.9383,29.5712,19.9775,32.722,89.2217,0.0927,1.2442,-0.0171,-0.0361,-0.0502,-1.7735,0.0,-2.7895,3.2274
NGA.32.9_1,Plateau,Langtang North,132,1611,19.3,54.3,63.58,26.07,2.97,54.4,22.3,2.54,63.45,63.76,54.35,54.46,55.86,54.91,54.3,39.0005,2.9205,2.9447,29.2891,15.0009,18.0565,88.1697,-0.0279,1.1748,-0.0845,0.3557,-0.0459,-1.4041,0.0,-3.0019,10.8683
NGA.33.10_1,Rivers,Emuoha,73,4680,24.7,19.55,23.46,5.21,2.7,19.58,4.35,2.25,23.35,23.56,19.53,19.68,21.41,20.6,19.55,58.8439,4.5858,1.7128,18.7593,1.6698,3.05,97.7063,-0.7381,-8.7897,-0.7975,0.0764,0.2887,-0.2844,0.0,-2.4995,-2.6894
NGA.33.11_1,Rivers,Etche,76,2153,33.6,19.55,20.38,4.52,2.35,19.54,4.34,2.25,20.26,20.49,19.49,19.64,17.4,18.57,19.55,58.2465,4.5517,1.709,18.9549,1.049,3.05,99.9247,-0.9785,-8.5358,-0.739,0.42,0.2706,-0.4097,0.0,-2.4382,-6.7259
NGA.33.12_1,Rivers,Gokana,14,2949,50.3,19.55,19.68,4.37,2.26,19.56,4.34,2.25,19.45,19.84,19.51,19.66,14.71,16.82,19.55,58.5814,4.8738,1.5953,16.4557,4.2522,3.05,88.1529,-2.3439,-13.0989,-0.8857,0.5115,0.1017,-0.6456,0.0,-2.3229,-1.2993
NGA.33.13_1,Rivers,Ikwerre,80,1894,22.6,19.55,20.2,4.48,2.32,19.55,4.34,2.25,20.09,20.3,19.5,19.66,16.42,17.93,19.55,58.2174,4.5547,1.7062,19.0372,0.481,3.05,99.9788,-1.1462,-8.5397,-1.0753,0.1414,0.4194,-0.2547,0.0,-2.514,-6.384
NGA.33.14_1,Rivers,Khana,70,4133,38.5,19.55,21.23,4.71,2.44,19.58,4.35,2.25,21.06,21.35,19.53,19.67,17.16,18.09,19.55,58.2158,4.5661,1.6936,18.2979,0.9775,3.05,99.6518,-1.1077,-13.3659,-0.9409,0.4916,-0.0372,-0.4798,0.0,-2.4039,-0.2724
NGA.33.15_1,Rivers,Obio/Akpor,43,1554,89.6,19.55,18.76,4.16,2.16,19.52,4.33,2.25,18.56,18.94,19.51,19.68,8.8,14.17,19.55,57.993,4.6114,1.6193,16.4669,1.7664,3.05,99.7167,-2.4261,-9.8507,-0.8732,0.7433,1.7022,-1.1997,0.0,-2.0519,-7.1274
NGA.33.16_1,Rivers,Ogba/Egbema/Ndoni,103,4284,22.6,19.55,22.87,5.08,2.63,19.54,4.34,2.25,22.72,23.03,19.49,19.66,20.65,20.55,19.55,59.8759,4.5774,1.6598,16.8642,0.8153,3.05,99.6109,-0.6709,-8.0277,-1.0896,-0.1481,1.6542,-0.2556,0.0,-2.5136,-5.0864
NGA.33.17_1,Rivers,Ogu/Bolo,3,1551,69.1,19.55,14.98,3.33,1.72,19.45,4.32,2.24,14.29,15.54,19.45,19.59,27.68,24.99,19.55,61.3749,5.9426,1.376,11.1063,20.7914,3.05,39.1596,-4.4248,-12.9305,-0.357,1.2347,0.8644,-0.9108,0.0,-2.1932,-6.9046
NGA.33.18_1,Rivers,Okrika,24,3746,21.7,19.55,13.35,2.96,1.54,19.43,4.31,2.24,12.95,13.69,19.4,19.52,18.33,18.91,19.55,61.0003,5.2783,1.5156,13.7459,8.2166,3.05,65.4021,-3.1608,-12.3307,-0.819,-0.1918,1.4722,-0.242,0.0,-2.5202,-9.7926
NGA.33.19_1,Rivers,Omumma,45,1266,30.4,19.55,19.76,4.39,2.27,19.49,4.33,2.24,19.65,19.85,19.46,19.6,17.83,18.92,19.55,58.1686,4.563,1.7181,19.4351,0.9719,3.05,99.9796,-0.8643,-8.323,-0.6237,0.3862,0.0491,-0.3651,0.0,-2.46,-7.6815
NGA.33.1_1,Rivers,Abua/Odual,53,7041,23.8,19.55,24.02,5.33,2.76,19.59,4.35,2.25,23.88,24.13,19.53,19.68,24.18,21.82,19.55,59.1228,4.6458,1.7047,18.302,3.1628,3.05,95.3615,-0.813,-10.0089,-0.3966,0.0445,0.0406,-0.2725,0.0,-2.5053,-0.8553
NGA.33.20_1,Rivers,Opobo/Nkoro,17,2902,24.0,19.55,18.82,4.18,2.17,19.59,4.35,2.25,18.59,19.0,19.53,19.65,22.38,19.98,19.55,59.4838,4.6814,1.6733,17.0335,4.3728,3.05,85.2472,-1.2227,-15.5342,0.4059,-0.0462,0.3674,-0.2751,0.0,-2.504,-2.2056
NGA.33.21_1,Rivers,Oyigbo,48,1625,24.0,19.55,17.41,3.87,2.0,19.43,4.31,2.24,17.25,17.55,19.41,19.53,17.89,19.12,19.55,58.7728,4.5764,1.6705,18.3752,1.0867,3.05,99.9545,-0.9616,-10.7026,-0.9652,0.0008,0.7014,-0.2755,0.0,-2.5038,-7.9974
NGA.33.22_1,Rivers,Port Harcourt,23,3101,60.1,19.55,17.4,3.86,2.0,19.52,4.33,2.25,17.17,17.6,19.49,19.66,10.62,15.19,19.55,58.7498,4.8281,1.5859,16.0233,2.5849,3.05,92.6863,-2.7289,-10.8093,-0.923,0.361,1.3604,-0.7833,0.0,-2.2555,-6.9389
NGA.33.23_1,Rivers,Tai,16,1664,38.1,19.55,16.42,3.65,1.89,19.44,4.32,2.24,16.24,16.56,19.42,19.55,15.39,16.71,19.55,58.2408,4.7316,1.6358,17.6985,3.0782,3.05,93.7429,-1.7617,-12.1729,-0.9268,-0.0324,-0.0561,-0.4739,0.0,-2.4068,-6.0597
NGA.33.2_1,Rivers,Ahoada East,49,3178,22.2,19.55,25.05,5.56,2.88,19.61,4.35,2.26,24.93,25.15,19.53,19.7,20.65,20.25,19.55,58.7721,4.5766,1.7057,18.7464,1.2129,3.05,99.019,-0.7696,-8.8968,-0.8155,0.02,0.5156,-0.25,0.0,-2.5163,-0.8141
NGA.33.3_1,Rivers,Ahoada West,51,4610,50.8,19.55,22.12,4.91,2.55,19.56,4.34,2.25,21.97,22.26,19.51,19.67,21.1,19.2,19.55,58.9255,4.6203,1.6706,17.7185,2.851,3.05,95.7337,-0.9435,-9.1958,-0.7722,0.5034,0.8073,-0.6535,0.0,-2.319,-4.4769
NGA.33.4_1,Rivers,Akuku-Toru,21,1285,50.0,19.55,23.42,5.2,2.7,19.6,4.35,2.26,22.85,23.91,19.55,19.72,16.79,16.34,19.55,62.8527,5.3317,1.5638,11.749,15.701,3.05,49.8133,-4.3894,-11.2163,5.0711,0.7568,1.6084,-0.6416,0.0,-2.3248,-4.3478
NGA.33.5_1,Rivers,Andoni,26,6977,28.2,19.55,19.62,4.36,2.26,19.59,4.35,2.25,19.34,19.87,19.53,19.66,20.51,19.41,19.55,60.1121,4.924,1.6071,15.3096,5.6942,3.05,75.0866,-2.0831,-15.2244,-0.1099,0.0339,0.5209,-0.3345,0.0,-2.475,-0.3729
NGA.33.6_1,Rivers,Asari-Toru,13,5444,11.5,19.55,18.26,4.05,2.1,19.56,4.34,2.25,17.91,18.55,19.51,19.63,20.48,20.68,19.55,60.3575,5.2774,1.5432,15.4746,7.9829,3.05,73.0436,-2.839,-10.0463,-1.0644,-0.4412,0.0076,-0.0984,0.0,-2.5904,-4.6106
NGA.33.7_1,Rivers,Bonny,31,5140,39.4,19.55,17.8,3.95,2.05,19.55,4.34,2.25,17.32,18.15,19.5,19.64,17.75,18.71,19.55,61.6147,5.132,1.5069,13.9322,4.8595,3.05,77.3913,-2.2469,-14.7925,-0.5728,0.3464,0.9225,-0.4925,0.0,-2.3977,-3.0063
NGA.33.8_1,Rivers,Degema,72,25363,11.8,19.55,19.29,4.28,2.22,19.56,4.34,2.25,18.71,19.81,19.51,19.63,20.28,20.07,19.55,64.0342,5.5307,1.4582,11.8813,11.1556,3.05,56.7128,-3.9012,-11.3556,1.0457,-0.2975,1.1463,-0.1032,0.0,-2.5881,-4.3873
NGA.33.9_1,Rivers,Eleme,19,1506,85.7,19.55,16.03,3.56,1.85,19.48,4.32,2.24,15.82,16.21,19.47,19.63,12.52,14.6,19.55,57.844,4.7634,1.6181,16.9986,5.2951,3.05,95.8915,-2.0801,-11.4689,-0.9482,1.0155,0.7645,-1.1457,0.0,-2.0783,-8.4174
NGA.34.10_1,Sokoto,Kebbe,222,3381,4.7,69.93,65.87,36.54,2.6,69.93,38.79,2.76,65.76,65.98,69.9,69.96,73.63,72.77,69.93,73.9385,1.6829,1.8099,27.0262,58.4132,76.0223,96.5796,0.3533,0.6523,0.8258,-0.3814,-0.0512,3.3391,0.0,6.332,-0.6341
NGA.34.11_1,Sokoto,Kware,119,2686,49.1,69.93,66.78,37.04,2.64,69.9,38.78,2.76,66.63,66.91,69.84,69.93,58.14,59.84,69.93,72.9911,1.6955,1.7785,25.9358,44.8296,50.6527,95.9708,-0.1634,1.5547,-0.6983,0.6301,-0.0462,1.8755,0.0,3.5967,4.4284
NGA.34.12_1,Sokoto,Rabah,240,6118,5.9,69.93,64.66,35.87,2.55,69.94,38.8,2.76,64.56,64.77,69.92,69.96,73.9,73.51,69.93,74.0848,1.7087,1.8074,27.0549,59.5344,78.0847,96.3592,0.3632,1.4449,0.3811,-0.1896,-0.0533,3.3019,0.0,6.2624,-2.0664
NGA.34.13_1,Sokoto,Sabon Birni,269,5671,4.5,69.93,67.1,37.22,2.65,69.95,38.8,2.76,66.97,67.22,69.92,69.97,72.22,71.67,69.93,74.0545,1.6758,1.8162,27.1807,60.3701,77.1827,93.8411,0.2983,2.2574,1.2558,-0.6177,-0.0561,3.3459,0.0,6.3447,-1.3868
NGA.34.14_1,Sokoto,Shagari,111,3241,30.0,69.93,76.26,42.3,3.01,69.88,38.76,2.76,76.13,76.39,69.77,69.91,80.18,78.55,69.93,73.5823,1.666,1.8086,26.3341,52.1093,60.768,98.3541,0.5405,1.1863,-0.0708,0.1699,-0.0545,2.5073,0.0,4.7775,9.9067
NGA.34.15_1,Sokoto,Silame,98,6532,18.9,69.93,73.5,40.77,2.9,69.93,38.79,2.76,73.36,73.65,69.89,69.95,72.28,73.1,69.93,74.2499,1.716,1.7868,25.9214,56.8623,52.4156,92.7509,-0.0185,1.407,0.206,-0.1754,-0.0561,2.8722,0.0,5.4595,7.005
NGA.34.16_1,Sokoto,Sokoto North,8,672,100.0,69.93,53.41,29.63,2.11,69.85,38.74,2.76,52.74,54.19,69.78,69.92,26.63,49.64,69.93,74.9326,1.741,1.6481,22.1263,49.3276,32.1732,86.3401,-2.3439,1.492,-0.8185,3.374,1.1575,0.1972,0.0,0.46,-3.3087
NGA.34.17_1,Sokoto,Sokoto South,5,828,88.7,69.93,53.84,29.87,2.13,69.86,38.75,2.76,53.39,54.25,69.78,69.93,31.13,52.01,69.93,74.35,1.8454,1.6156,21.3845,59.0733,22.4346,80.3836,-2.5325,1.4868,-0.9178,1.744,1.1559,0.5684,0.0,1.1538,-2.0959
NGA.34.18_1,Sokoto,Tambuwal,223,4522,12.0,69.93,73.11,40.55,2.89,69.91,38.78,2.76,73.0,73.23,69.87,69.94,73.71,73.14,69.93,73.7061,1.6752,1.8103,26.9191,52.0811,65.7414,96.7756,0.3956,0.9343,0.1375,-0.0823,-0.0482,3.1006,0.0,5.8862,6.0543
NGA.34.19_1,Sokoto,Tangaza,215,3682,1.8,69.93,76.23,42.28,3.01,69.95,38.8,2.76,76.13,76.34,69.93,69.96,71.76,71.54,69.93,73.9518,1.6584,1.8292,27.2416,50.6985,63.3022,97.1429,0.3419,1.814,0.2243,-0.2796,-0.0561,3.4361,0.0,6.5133,6.9413
NGA.34.1_1,Sokoto,Binji,72,2792,22.8,69.93,72.81,40.39,2.87,69.94,38.79,2.76,72.71,72.94,69.9,69.95,74.12,73.15,69.93,73.8639,1.6902,1.8128,26.627,53.977,63.4453,94.9091,0.3145,1.5837,0.6395,0.22,-0.0523,2.7434,0.0,5.2186,5.4666
NGA.34.20_1,Sokoto,Tureta,86,1787,21.8,69.93,73.14,40.57,2.89,69.9,38.77,2.76,73.04,73.26,69.81,69.93,82.07,80.93,69.93,73.7867,1.6792,1.8175,26.7532,56.0777,71.0698,98.3913,0.6444,1.228,0.5212,0.1814,-0.054,2.7779,0.0,5.2831,5.8219
NGA.34.21_1,Sokoto,Wamako,86,2235,27.1,69.93,63.68,35.33,2.51,69.92,38.78,2.76,63.52,63.85,69.87,69.94,56.14,62.57,69.93,73.5704,1.7058,1.7618,26.0232,48.4311,56.4726,94.6348,-0.4588,1.4618,-0.5048,-0.0116,0.2833,2.6027,0.0,4.9557,0.3122
NGA.34.22_1,Sokoto,Wurno,78,2771,34.0,69.93,64.96,36.04,2.56,69.92,38.78,2.76,64.81,65.1,69.87,69.94,62.16,61.58,69.93,73.3272,1.7095,1.771,26.2371,49.3195,57.5079,94.7907,-0.0583,1.6579,-0.8526,0.2065,-0.0561,2.3745,0.0,4.5292,1.89
NGA.34.23_1,Sokoto,Yabo,116,1895,21.6,69.93,69.19,38.38,2.73,69.9,38.77,2.76,69.08,69.3,69.84,69.93,69.15,68.96,69.93,73.3857,1.6871,1.8035,26.8018,51.2512,66.0536,97.1772,0.248,1.2777,-0.0884,0.1729,-0.0431,2.7835,0.0,5.2936,3.5175
NGA.34.2_1,Sokoto,Bodinga,89,2479,57.8,69.93,63.44,35.19,2.5,69.9,38.77,2.76,63.3,63.57,69.82,69.93,63.77,66.51,69.93,73.0915,1.7031,1.7864,25.717,48.3231,58.0153,96.282,-0.0189,1.4264,-0.6881,0.9022,0.0181,1.5886,0.0,3.0605,2.1487
NGA.34.3_1,Sokoto,Dange-Shuni,141,2382,42.1,69.93,68.81,38.17,2.72,69.91,38.78,2.76,68.69,68.94,69.85,69.93,69.52,70.13,69.93,73.2339,1.6789,1.7985,26.1801,49.1995,60.0029,98.1019,0.2355,1.4265,-0.4372,0.4068,-0.0521,2.1069,0.0,4.029,5.1358
NGA.34.4_1,Sokoto,Gada,181,3391,20.9,69.93,70.95,39.35,2.8,69.12,38.34,2.73,70.82,71.07,69.08,69.14,64.36,64.86,69.93,73.3172,1.6745,1.8008,26.8405,50.554,61.6887,95.8249,0.1015,2.0979,0.3388,0.0066,-0.052,2.8104,0.0,5.3438,4.6442
NGA.34.5_1,Sokoto,Goronyo,175,5590,18.5,69.93,72.48,40.2,2.86,69.94,38.8,2.76,72.33,72.61,69.9,69.95,66.03,67.06,69.93,74.0023,1.6944,1.7991,26.3496,51.7337,53.9641,94.5403,-0.0266,2.088,-0.2045,-0.2175,-0.0434,2.885,0.0,5.4833,5.8913
NGA.34.6_1,Sokoto,Gudu,168,2375,3.0,69.93,77.35,42.91,3.05,69.95,38.8,2.76,77.24,77.49,69.93,69.96,76.89,77.26,69.93,74.4548,1.6256,1.8597,27.1465,54.3837,67.2168,99.4645,0.4719,1.9073,1.469,-0.3042,-0.0561,3.3972,0.0,6.4406,6.5302
NGA.34.7_1,Sokoto,Gwadabawa,155,3559,13.7,69.93,69.36,38.48,2.74,69.94,38.8,2.76,69.23,69.49,69.91,69.95,62.4,63.79,69.93,73.4896,1.6974,1.7901,26.8149,50.15,60.7045,94.3008,-0.0217,1.8227,-0.4457,0.0161,-0.0561,3.044,0.0,5.7804,3.1623
NGA.34.8_1,Sokoto,Illela,190,4058,11.0,69.93,76.27,42.31,3.01,69.11,38.34,2.73,76.15,76.39,69.08,69.12,67.02,67.03,69.93,73.7619,1.6518,1.8272,27.014,48.0999,57.7481,96.0894,0.2002,2.2141,0.0522,-0.227,-0.0561,3.1276,0.0,5.9368,8.4762
NGA.34.9_1,Sokoto,Isa,199,4998,6.0,69.93,66.49,36.88,2.62,69.95,38.8,2.76,66.36,66.61,69.92,69.98,73.27,73.23,69.93,73.9477,1.7192,1.7912,27.0596,61.6736,76.0232,93.8968,0.2907,1.9703,1.2619,-0.28,-0.0561,3.2987,0.0,6.2565,-1.803
NGA.35.10_1,Taraba,Lau,188,2755,7.4,63.35,64.19,29.05,2.58,63.29,28.64,2.55,64.06,64.32,63.25,63.37,60.92,59.99,63.35,59.7398,0.8657,2.8965,16.7796,23.6385,33.066,81.558,0.0437,0.9131,0.4373,-0.3499,-0.0469,-0.0917,0.0,1.3771,1.409
NGA.35.11_1,Taraba,Sardauna,583,7506,3.4,63.35,67.98,30.76,2.74,63.41,28.7,2.55,67.82,68.13,63.37,63.42,54.43,54.38,63.35,59.8227,0.8667,2.8907,16.5494,34.454,36.8215,75.6226,-0.2015,-0.9613,5.9515,-0.0489,-0.0557,-0.2066,0.0,1.6364,0.3724
NGA.35.12_1,Taraba,Takum,190,2925,8.5,63.35,54.99,24.89,2.21,63.28,28.64,2.55,54.88,55.12,63.26,63.35,65.51,65.34,63.35,59.6155,0.8816,2.8763,16.6318,27.022,41.7338,82.268,0.1535,0.0784,-0.4794,0.1468,-0.0455,-0.0592,0.0,1.3036,-4.1841
NGA.35.13_1,Taraba,Ussa,210,2231,7.0,63.35,56.11,25.39,2.26,63.32,28.66,2.55,55.98,56.25,63.27,63.37,57.47,58.69,63.35,59.7783,0.874,2.8829,16.7057,26.4,39.0388,76.6986,-0.0996,-0.4041,1.3808,-0.0825,-0.0526,-0.1034,0.0,1.4034,-4.3041
NGA.35.14_1,Taraba,Wukari,341,6150,6.3,63.35,61.82,27.98,2.49,63.35,28.67,2.55,61.71,61.95,63.31,63.39,60.24,61.12,63.35,59.8015,0.8843,2.8721,16.5375,25.6244,32.5651,82.7441,-0.0982,0.7612,0.1379,0.0065,-0.0419,-0.1231,0.0,1.448,-0.143
NGA.35.15_1,Taraba,Yorro,203,1828,3.7,63.35,66.52,30.1,2.68,63.32,28.66,2.55,66.41,66.65,63.31,63.38,62.51,63.06,63.35,59.803,0.8625,2.9184,16.8606,23.1734,33.8166,80.7775,0.0997,0.5901,0.7014,-0.0062,-0.044,-0.1969,0.0,1.6147,2.652
NGA.35.16_1,Taraba,Zing,145,2057,10.1,63.35,66.75,30.21,2.69,63.36,28.67,2.55,66.66,66.87,63.3,63.38,62.61,61.31,63.35,59.6638,0.8728,2.8891,16.7084,24.4764,33.1071,82.285,0.1036,0.662,0.8632,0.1154,-0.0232,-0.0152,0.0,1.2044,2.6752
NGA.35.1_1,Taraba,Ardo-Kola,221,1749,11.9,63.35,59.46,26.91,2.39,63.27,28.63,2.55,59.34,59.6,63.25,63.35,57.29,60.57,63.35,59.5058,0.8795,2.8664,16.5948,21.6972,33.0651,81.5789,-0.2136,0.7362,-0.2791,0.1241,0.1125,0.0365,0.0,1.0876,-1.3963
NGA.35.2_1,Taraba,Bali,623,6993,3.4,63.35,63.63,28.8,2.56,63.41,28.7,2.55,63.52,63.74,63.36,63.42,66.23,66.11,63.35,59.972,0.8665,2.9142,16.6804,30.4204,41.2326,83.0226,0.1876,0.7053,1.8689,-0.1306,-0.0561,-0.2067,0.0,1.6368,-0.7255
NGA.35.3_1,Taraba,Donga,343,2983,4.6,63.35,57.27,25.92,2.31,63.35,28.67,2.55,57.15,57.38,63.32,63.39,68.35,67.76,63.35,59.7539,0.8778,2.8833,16.7458,27.5673,43.0852,84.0968,0.2375,0.3916,-0.1519,-0.0964,-0.0424,-0.1727,0.0,1.5599,-3.136
NGA.35.4_1,Taraba,Gashaka,219,3465,4.4,63.35,60.18,27.24,2.42,63.42,28.7,2.55,60.06,60.31,63.37,63.42,67.34,67.22,63.35,59.9624,0.886,2.8684,16.6827,36.3728,45.7181,78.9147,0.1598,0.5313,3.4865,-0.1989,-0.0561,-0.1762,0.0,1.5679,-4.5741
NGA.35.5_1,Taraba,Gassol,552,7282,4.3,63.35,63.78,28.86,2.57,63.35,28.67,2.55,63.67,63.9,63.29,63.39,67.99,67.73,63.35,59.9936,0.8692,2.9152,16.7592,31.2876,43.0735,82.1148,0.2364,1.0092,2.1125,-0.1286,-0.0561,-0.1792,0.0,1.5747,-1.1763
NGA.35.6_1,Taraba,Ibi,236,2737,3.1,63.35,64.56,29.22,2.6,63.3,28.65,2.55,64.45,64.67,63.24,63.35,71.68,70.31,63.35,60.1072,0.8616,2.9348,16.7885,28.6595,41.7889,87.9057,0.381,1.1719,0.9432,-0.1865,-0.0561,-0.2147,0.0,1.6548,0.2718
NGA.35.7_1,Taraba,Jalingo,30,600,51.2,63.35,53.02,24.0,2.13,63.08,28.55,2.54,52.83,53.24,62.98,63.19,45.52,56.11,63.35,59.0672,0.899,2.7822,15.3878,20.7097,25.9646,78.6921,-1.013,0.704,-0.8479,0.4947,0.627,1.1614,0.0,-1.4527,-4.2113
NGA.35.8_1,Taraba,Karim Lamido,497,4845,2.0,63.35,68.96,31.21,2.78,63.27,28.63,2.55,68.85,69.08,63.22,63.33,65.0,65.56,63.35,60.0755,0.8518,2.9478,16.8656,25.3564,35.3182,82.9313,0.1813,1.2138,1.4279,-0.3016,-0.0554,-0.245,0.0,1.7232,3.2654
NGA.35.9_1,Taraba,Kurmi,203,2609,4.4,63.35,66.0,29.87,2.66,63.41,28.7,2.55,65.82,66.16,63.36,63.42,64.56,63.7,63.35,60.2767,0.8489,2.9354,16.541,32.407,40.2446,81.7835,0.1305,-0.0928,3.7837,-0.3765,-0.0561,-0.1783,0.0,1.5726,0.2427
NGA.36.10_1,Yobe,Karasuwa,182,2957,8.9,65.3,60.0,31.71,2.49,65.33,34.52,2.71,59.87,60.13,65.27,65.37,62.39,64.34,65.3,53.6063,0.3695,10.2133,22.5048,60.0977,61.3844,91.5651,0.1679,4.5354,0.0625,-0.073,-0.0027,1.7324,0.0,-0.8587,-2.101
NGA.36.11_1,Yobe,Machina,178,1987,2.8,65.3,68.26,36.07,2.83,65.32,34.52,2.71,68.14,68.38,65.29,65.35,75.68,74.16,65.3,53.9727,0.3521,10.5816,22.8694,59.4246,65.6064,93.3027,0.7445,4.1429,0.8466,-0.3472,-0.0385,1.7194,0.0,-0.7145,3.5955
NGA.36.12_1,Yobe,Nangere,167,3285,3.8,65.3,67.48,35.66,2.8,65.33,34.52,2.71,67.36,67.61,65.29,65.35,68.81,70.22,65.3,53.4949,0.3658,10.2299,22.5526,54.7882,54.8011,91.1604,0.4229,3.8594,-0.7222,-0.0292,0.0151,1.7216,0.0,-0.7394,4.8123
NGA.36.13_1,Yobe,Nguru,142,3353,7.2,65.3,58.69,31.02,2.44,65.32,34.52,2.71,58.56,58.84,65.28,65.37,64.13,65.09,65.3,53.6042,0.3684,10.1837,22.5117,57.7167,59.7216,91.3594,0.1924,4.3543,-0.7573,-0.3696,0.0109,1.7286,0.0,-0.817,-1.9005
NGA.36.14_1,Yobe,Potiskum,92,3339,12.3,65.3,60.96,32.22,2.53,65.33,34.53,2.71,60.83,61.1,65.29,65.38,64.5,68.52,65.3,53.5845,0.3725,10.1131,21.9755,58.4102,56.8807,89.4886,0.1031,3.7489,-0.8806,0.0108,0.1651,1.7395,0.0,-0.9377,0.2744
NGA.36.15_1,Yobe,Tarmuwa,473,2174,0.3,65.3,67.61,35.73,2.81,65.32,34.52,2.71,67.48,67.73,65.29,65.35,65.64,65.52,65.3,53.8822,0.3539,10.5582,22.5762,58.6038,60.5632,99.2176,0.4137,4.1608,1.0794,-0.1795,-0.0547,1.7142,0.0,-0.6566,2.9627
NGA.36.16_1,Yobe,Yunusari,382,4472,0.0,65.3,63.92,33.78,2.65,65.32,34.52,2.71,63.81,64.03,65.28,65.35,62.18,62.22,65.3,53.7788,0.3563,10.4616,22.6764,55.8089,58.056,96.6501,0.3096,4.5849,0.0376,-0.4522,-0.0555,1.7135,0.0,-0.6493,1.0571
NGA.36.17_1,Yobe,Yusufari,498,3586,0.3,65.3,72.68,38.41,3.02,65.32,34.52,2.71,72.51,72.83,65.29,65.34,71.74,70.76,65.3,54.2365,0.3449,10.7146,22.6323,59.8637,62.2828,97.8095,0.6007,4.6119,1.8424,-0.4408,-0.0554,1.7141,0.0,-0.6557,5.8001
NGA.36.1_1,Yobe,Bade,124,3400,14.3,65.3,61.74,32.63,2.56,65.33,34.53,2.71,61.61,61.87,65.29,65.39,58.17,58.94,65.3,53.9051,0.3646,10.376,22.1569,61.2804,59.4417,93.2782,0.0847,4.4436,0.7062,-0.0222,-0.0546,1.7437,0.0,-0.9851,-1.0812
NGA.36.2_1,Yobe,Borsari,336,3413,1.8,65.3,64.65,34.17,2.68,65.32,34.52,2.71,64.52,64.77,65.29,65.37,62.82,63.27,65.3,53.6909,0.3616,10.3627,22.7081,59.4053,60.1249,95.9212,0.3083,4.5044,1.0959,-0.3441,-0.0384,1.7173,0.0,-0.6909,0.5648
NGA.36.3_1,Yobe,Damaturu,178,1396,16.1,65.3,54.36,28.73,2.26,65.34,34.53,2.71,54.2,54.53,65.31,65.39,52.74,58.5,65.3,53.414,0.3711,10.1067,21.9714,54.7931,57.4328,93.8298,-0.2407,3.8268,-1.3904,-0.106,0.1935,1.7475,0.0,-1.0267,-3.9667
NGA.36.4_1,Yobe,Fika,272,5429,5.0,65.3,64.82,34.25,2.69,65.3,34.51,2.71,64.71,64.92,65.22,65.36,63.72,63.75,65.3,53.8692,0.3618,10.403,22.4747,58.3208,59.0151,94.2044,0.3563,3.4342,0.6611,-0.0948,-0.037,1.7241,0.0,-0.7671,1.9703
NGA.36.5_1,Yobe,Fune,646,9307,4.3,65.3,69.42,36.69,2.88,65.33,34.53,2.71,69.31,69.54,65.29,65.36,71.07,70.54,65.3,53.9485,0.3556,10.5241,22.5175,59.775,61.6883,95.3799,0.5869,3.8469,0.8681,-0.0897,-0.0459,1.7225,0.0,-0.7491,4.7243
NGA.36.6_1,Yobe,Geidam,541,3407,2.8,65.3,72.38,38.25,3.0,65.33,34.52,2.71,72.25,72.5,65.29,65.36,59.74,59.89,65.3,53.8073,0.3489,10.5771,22.2663,54.6717,52.2532,98.7155,0.2215,4.3661,0.6854,-0.2793,-0.0391,1.7194,0.0,-0.7141,7.2278
NGA.36.7_1,Yobe,Gujba,336,4769,3.8,65.3,55.41,29.28,2.3,65.27,34.49,2.71,55.28,55.54,65.17,65.35,65.32,64.81,65.3,53.9392,0.3653,10.3396,22.2946,59.7386,63.223,99.2078,0.3656,3.4264,-0.9186,-0.286,-0.0561,1.7214,0.0,-0.7373,-3.6513
NGA.36.8_1,Yobe,Gulani,262,3477,1.9,65.3,59.57,31.48,2.47,64.94,34.32,2.7,59.46,59.67,64.57,65.3,57.66,58.06,65.3,53.7693,0.3633,10.3644,22.4774,55.8461,58.1624,94.4953,0.1598,2.9053,0.103,-0.1582,-0.0561,1.7174,0.0,-0.6927,-0.852
NGA.36.9_1,Yobe,Jakusko,554,8040,1.2,65.3,71.65,37.87,2.97,65.32,34.52,2.71,71.54,71.76,65.29,65.35,64.69,64.95,65.3,53.9443,0.3574,10.4736,22.4536,56.2437,53.571,94.7791,0.3318,4.2835,0.6652,-0.1992,-0.0468,1.716,0.0,-0.6769,6.5399
NGA.37.10_1,Zamfara,Maru,877,14421,3.6,64.26,66.43,19.23,2.41,64.25,18.6,2.33,66.33,66.57,64.21,64.29,66.44,66.17,64.26,55.9089,1.3371,9.4673,31.4284,62.9887,61.5438,95.3686,0.3326,0.4244,1.0692,-0.2203,-0.0492,0.0473,0.0,5.7228,1.7063
NGA.37.11_1,Zamfara,Shinkafi,130,5021,9.4,64.26,59.42,17.2,2.15,64.3,18.61,2.33,59.3,59.56,64.24,64.33,63.92,63.97,64.26,55.774,1.3964,9.2226,31.6176,67.5066,65.8586,85.9474,0.1608,1.7726,1.8974,-0.1233,-0.0561,-0.0774,0.0,5.3362,-5.4365
NGA.37.12_1,Zamfara,Talata-Mafara,172,5936,28.3,64.26,65.06,18.83,2.36,64.27,18.6,2.33,64.95,65.22,64.21,64.3,61.51,62.09,64.26,55.6016,1.3828,9.2729,30.6735,53.2547,49.074,87.164,0.0824,1.1819,-0.1396,0.4614,0.0069,-0.4781,0.0,4.0941,2.7368
NGA.37.13_1,Zamfara,Tsafe,321,10148,8.0,64.26,60.57,17.53,2.2,64.25,18.6,2.33,60.46,60.69,64.21,64.26,60.8,60.49,64.26,55.6937,1.3954,9.2278,31.3899,66.6004,63.5124,86.1476,0.0633,0.7432,1.9326,-0.0383,-0.0375,-0.0468,0.0,5.431,-3.6653
NGA.37.14_1,Zamfara,Zurmi,375,13506,8.0,64.26,58.48,16.93,2.12,64.27,18.6,2.33,58.37,58.6,64.23,64.29,66.4,65.89,64.26,55.8808,1.3943,9.2737,31.5092,68.0915,67.2257,86.3769,0.2205,1.6892,1.3045,-0.1035,-0.055,-0.0479,0.0,5.4278,-5.7119
NGA.37.1_1,Zamfara,Anka,268,8520,4.3,64.26,74.06,21.44,2.69,64.25,18.6,2.33,73.95,74.23,64.22,64.26,66.49,67.08,64.26,56.1034,1.3445,9.4533,31.1833,59.3391,52.4086,89.8869,0.2398,0.9277,0.231,-0.2338,-0.0422,0.0326,0.0,5.6774,8.2472
NGA.37.2_1,Zamfara,Bakura,225,5203,11.6,64.26,60.02,17.37,2.18,64.25,18.6,2.33,59.91,60.15,64.21,64.27,61.55,62.13,64.26,55.6628,1.3891,9.2429,31.3658,61.1892,60.9417,86.9235,0.0875,1.2801,0.4595,-0.0088,0.0543,-0.1237,0.0,5.1927,-2.9923
NGA.37.3_1,Zamfara,Birnin-Magaji/Kiyaw,136,4601,18.2,64.26,65.5,18.96,2.38,64.27,18.6,2.33,65.39,65.64,64.23,64.29,63.0,62.87,64.26,55.6983,1.3814,9.2564,30.9694,61.8347,55.0892,87.9537,0.0981,1.2759,1.6867,0.1389,-0.0561,-0.265,0.0,4.7548,0.6619
NGA.37.4_1,Zamfara,Bukkuyum,403,7358,4.8,64.26,70.96,20.54,2.57,64.24,18.59,2.33,70.85,71.12,64.21,64.27,66.34,66.05,64.26,55.8626,1.3365,9.4599,31.4094,58.9892,56.871,88.2926,0.3349,0.6285,0.1038,-0.1678,-0.0504,0.0218,0.0,5.6438,6.1057
NGA.37.5_1,Zamfara,Bungudu,291,7544,22.2,64.26,60.16,17.41,2.18,64.27,18.6,2.33,60.05,60.29,64.23,64.29,61.88,62.34,64.26,55.4152,1.3862,9.2362,31.1337,59.8959,59.4266,89.0186,0.1429,0.9807,1.1813,0.3564,-0.0048,-0.3493,0.0,4.4934,-2.742
NGA.37.6_1,Zamfara,Gummi,398,7103,3.4,64.26,73.38,21.24,2.66,64.25,18.6,2.33,73.27,73.52,64.23,64.27,69.07,68.05,64.26,55.7849,1.3301,9.4334,31.5059,60.9448,57.6539,90.7175,0.423,0.7825,0.7127,-0.4267,-0.0453,0.0518,0.0,5.7368,7.3025
NGA.37.7_1,Zamfara,Gusau,372,8684,12.4,64.26,60.35,17.47,2.19,64.26,18.6,2.33,60.2,60.5,64.23,64.28,56.6,59.37,64.26,55.6213,1.3772,9.1689,30.9659,61.6253,58.1005,89.5343,-0.1494,0.8169,1.2446,-0.1172,0.112,-0.1408,0.0,5.1397,-2.698
NGA.37.8_1,Zamfara,Kaura Namoda,115,3915,35.3,64.26,60.66,17.56,2.2,64.28,18.61,2.33,60.54,60.81,64.23,64.31,58.68,59.19,64.26,55.2665,1.3952,9.1844,30.7251,56.2372,53.3805,86.2504,0.016,1.2911,1.5711,0.7496,-0.0444,-0.6284,0.0,3.6284,-2.1245
NGA.37.9_1,Zamfara,Maradun,266,7709,14.7,64.26,64.46,18.66,2.34,64.27,18.6,2.33,64.35,64.59,64.23,64.29,68.92,68.56,64.26,55.9587,1.3689,9.3726,31.2426,63.3941,61.9109,87.7472,0.3479,1.3084,1.276,0.0017,-0.0396,-0.1891,0.0,4.9899,-0.2296
NGA.4.10_1,Anambra,Idemili North,15,1050,100.0,23.56,20.86,1.31,1.82,23.42,1.47,2.05,20.68,21.0,23.29,23.55,12.78,18.36,23.56,42.4696,0.0103,6.7196,24.896,30.9613,6.0345,77.5075,-2.4655,-5.3078,-0.661,1.3238,0.7304,2.1376,0.0,-3.7621,-8.2848
NGA.4.11_1,Anambra,Idemili South,16,878,89.1,23.56,19.83,1.25,1.73,23.38,1.47,2.04,19.66,19.96,23.22,23.48,15.69,20.41,23.56,42.5038,0.0102,6.8167,25.6032,27.3795,7.1279,78.6463,-1.97,-5.4986,-0.7505,0.9377,0.4306,2.1482,0.0,-3.8134,-9.1268
NGA.4.12_1,Anambra,Ihiala,38,1165,88.4,23.56,20.31,1.28,1.78,23.32,1.47,2.04,20.15,20.44,23.14,23.42,17.51,20.47,23.56,42.2246,0.01,6.9171,26.1952,27.204,9.5934,81.7641,-1.649,-6.1717,-0.8372,1.1786,-0.0561,2.1488,0.0,-3.8166,-7.8008
NGA.4.13_1,Anambra,Njikoka,16,606,83.9,23.56,18.96,1.19,1.66,23.52,1.48,2.06,18.8,19.1,23.31,23.84,12.35,18.45,23.56,42.3778,0.0102,6.8361,25.6792,23.9614,5.411,78.8606,-2.3277,-5.0868,-0.7573,0.8255,0.4382,2.1531,0.0,-3.8375,-10.1876
NGA.4.14_1,Anambra,Nnewi North,12,458,91.4,23.56,19.3,1.21,1.69,23.33,1.47,2.04,19.11,19.46,23.16,23.46,12.8,18.33,23.56,42.2704,0.0101,6.7796,25.588,26.8141,7.9783,79.9541,-2.2044,-5.8287,-0.615,0.9157,0.626,2.146,0.0,-3.8026,-9.5735
NGA.4.15_1,Anambra,Nnewi South,28,821,93.8,23.56,19.68,1.24,1.72,23.33,1.47,2.04,19.5,19.81,23.17,23.45,13.79,18.8,23.56,42.2805,0.0101,6.8985,26.0379,24.1941,6.6831,80.5436,-2.0301,-5.8723,-0.5868,1.3775,0.2586,2.1436,0.0,-3.7912,-9.3404
NGA.4.16_1,Anambra,Ogbaru,61,3951,28.0,23.56,23.55,1.48,2.06,23.15,1.45,2.02,23.43,23.65,22.73,23.22,35.73,28.86,23.56,43.529,0.0099,7.1214,25.9644,16.8003,10.2023,79.488,-0.329,-6.1543,-0.6688,0.019,0.2441,2.2071,0.0,-4.1002,-3.976
NGA.4.17_1,Anambra,Onitsha North,6,558,59.2,23.56,18.8,1.18,1.64,23.34,1.47,2.04,18.64,18.94,23.07,23.48,10.08,17.7,23.56,43.1532,0.0104,6.6636,24.003,14.079,0.5189,73.0382,-3.1013,-5.2709,-0.6737,-0.1934,0.9538,2.177,0.0,-3.9536,-8.9316
NGA.4.18_1,Anambra,Onitsha South,2,491,78.3,23.56,18.95,1.19,1.66,23.35,1.47,2.04,18.71,19.16,23.15,23.46,13.91,17.77,23.56,43.3729,0.0112,6.3801,21.8782,42.2542,0.0,61.2597,-3.5719,-5.3732,-0.4254,0.8871,0.5832,2.1585,0.0,-3.8637,-9.1814
NGA.4.19_1,Anambra,Orumba North,56,1625,41.8,23.56,21.02,1.32,1.84,23.38,1.47,2.04,20.89,21.12,23.11,23.57,22.83,24.05,23.56,42.8547,0.0099,7.0614,26.5831,13.0741,7.5048,80.0328,-1.0706,-5.1998,-0.8088,0.2702,0.1564,2.1937,0.0,-4.0351,-7.5871
NGA.4.1_1,Anambra,Aguata,28,1040,93.7,23.56,20.02,1.26,1.75,23.33,1.47,2.04,19.87,20.15,23.18,23.46,12.13,17.62,23.56,42.2373,0.01,6.8161,25.7062,26.2121,4.6077,79.6037,-2.3062,-5.7633,-0.6064,1.0189,0.1748,2.1437,0.0,-3.7916,-8.2565
NGA.4.20_1,Anambra,Orumba South,37,1106,50.5,23.56,22.22,1.4,1.94,23.26,1.46,2.03,22.08,22.33,22.94,23.33,23.03,23.65,23.56,42.7965,0.0099,7.0626,26.665,13.0929,5.7766,79.8449,-1.0523,-5.5707,-0.6398,0.4733,-0.0192,2.1853,0.0,-3.9942,-5.8881
NGA.4.21_1,Anambra,Oyi,21,676,82.2,23.56,20.19,1.27,1.77,23.82,1.5,2.08,20.03,20.33,23.46,24.1,14.08,19.03,23.56,42.4297,0.0101,6.869,25.7707,22.5388,6.7717,79.7212,-2.0815,-4.9804,-0.7525,0.7925,0.5623,2.1548,0.0,-3.8456,-9.0113
NGA.4.2_1,Anambra,Anambra East,55,2127,29.7,23.56,23.43,1.47,2.05,23.95,1.5,2.09,23.3,23.55,23.7,24.22,26.1,25.08,23.56,43.2878,0.0099,7.0759,26.0778,11.3963,4.7198,77.9886,-1.0826,-4.4754,-0.654,-0.0455,0.2358,2.2054,0.0,-4.0919,-5.0127
NGA.4.3_1,Anambra,Anambra West,72,1419,22.5,23.56,30.81,1.94,2.69,23.94,1.5,2.09,30.69,30.92,23.78,24.26,36.38,28.9,23.56,43.3646,0.0096,7.301,26.9153,9.2213,6.653,82.1281,-0.1076,-3.9562,-0.5517,-0.0412,-0.0561,2.2123,0.0,-4.1257,3.3817
NGA.4.4_1,Anambra,Anaocha,16,632,100.0,23.56,19.01,1.19,1.66,23.4,1.47,2.05,18.85,19.13,23.29,23.56,12.5,17.88,23.56,42.201,0.0101,6.8058,25.7393,29.667,7.5928,79.7607,-2.2143,-5.4259,-0.7689,1.0807,0.4245,2.1376,0.0,-3.7621,-10.1895
NGA.4.5_1,Anambra,Awka North,35,1267,30.3,23.56,24.25,1.52,2.12,24.04,1.51,2.1,24.13,24.37,23.8,24.36,24.87,24.31,23.56,43.1251,0.0098,7.1196,26.3592,10.0729,4.9432,77.7319,-1.0197,-4.5357,-0.5723,0.0357,0.1861,2.2048,0.0,-4.089,-4.051
NGA.4.6_1,Anambra,Awka South,30,910,61.8,23.56,21.71,1.36,1.9,23.78,1.49,2.08,21.55,21.84,23.45,24.24,15.17,19.16,23.56,42.7321,0.01,6.8799,25.6748,10.7349,2.1527,79.9216,-2.0516,-4.8771,-0.7722,0.5536,0.7726,2.1745,0.0,-3.9415,-7.035
NGA.4.7_1,Anambra,Ayamelum,32,3474,32.6,23.56,32.91,2.07,2.88,23.99,1.51,2.1,32.78,33.02,23.8,24.33,31.13,27.6,23.56,43.5102,0.01,7.098,25.5949,14.8271,0.5975,75.5504,-0.872,-3.9891,-0.162,0.0837,-0.0561,2.2026,0.0,-4.0783,6.3806
NGA.4.8_1,Anambra,Dunukofia,10,371,90.1,23.56,19.64,1.23,1.72,23.69,1.49,2.07,19.49,19.77,23.49,24.39,13.89,18.58,23.56,42.3518,0.0101,6.8759,25.8322,24.4915,5.2106,79.0426,-2.1988,-4.9231,-0.8154,0.8827,0.4522,2.1471,0.0,-3.8083,-9.6279
NGA.4.9_1,Anambra,Ekwusigo,16,804,76.0,23.56,19.81,1.24,1.73,23.29,1.46,2.04,19.66,19.93,23.07,23.4,18.46,21.56,23.56,42.561,0.0101,6.8788,25.857,26.9808,9.5614,79.1969,-1.5784,-5.8368,-0.6868,0.8178,0.2797,2.1608,0.0,-3.8746,-8.9418
NGA.5.10_1,Bauchi,Itas/Gadau,265,6189,14.7,59.29,62.02,26.65,2.64,59.36,25.51,2.52,61.9,62.13,59.31,59.42,65.14,63.05,59.29,60.3976,0.3593,0.3806,33.0124,60.9426,73.2628,96.8964,0.4288,2.4258,-0.4612,-0.161,-0.0561,0.4043,0.0,1.425,0.6467
NGA.5.11_1,Bauchi,Jama'are,95,1500,18.2,59.29,56.33,24.21,2.39,59.31,25.49,2.52,56.2,56.44,59.27,59.36,65.74,64.07,59.29,60.0989,0.3625,0.3764,33.1601,60.7242,77.7937,95.5872,0.4661,2.1063,-0.5514,-0.1441,-0.0525,0.3561,0.0,1.2638,-3.2194
NGA.5.12_1,Bauchi,Katagum,328,4311,7.9,59.29,62.8,26.99,2.67,59.31,25.49,2.52,62.67,62.91,59.28,59.35,64.64,63.49,59.29,60.2414,0.3574,0.3798,33.3507,62.4305,75.8221,97.5451,0.4148,2.2172,-0.5126,-0.286,-0.0299,0.4985,0.0,1.74,1.2175
NGA.5.13_1,Bauchi,Kirfi,292,3439,8.4,59.29,56.45,24.26,2.4,59.3,25.48,2.52,56.33,56.56,59.27,59.34,60.81,60.9,59.29,60.5887,0.3589,0.3822,33.2077,63.3348,78.3832,97.2436,0.3412,1.664,-0.3732,-0.3776,-0.0541,0.4919,0.0,1.7177,-3.0942
NGA.5.14_1,Bauchi,Misau,206,5086,29.6,59.29,59.38,25.52,2.52,59.33,25.5,2.52,59.24,59.5,59.25,59.4,56.55,57.5,59.29,60.1515,0.3622,0.3766,32.2292,55.7269,64.7635,94.6902,0.1318,2.1053,0.1348,0.1569,-0.0474,0.1975,0.0,0.7332,-0.8128
NGA.5.15_1,Bauchi,Ningi,662,8201,7.3,59.29,65.4,28.11,2.78,59.28,25.48,2.52,65.27,65.51,59.23,59.32,57.19,57.73,59.29,60.5023,0.3512,0.3853,32.8419,61.55,70.2741,96.8222,0.2135,1.3406,0.2079,-0.3414,-0.0485,0.5067,0.0,1.7671,3.6397
NGA.5.16_1,Bauchi,Shira,155,3871,36.9,59.29,57.86,24.86,2.46,59.3,25.48,2.52,57.71,57.98,59.23,59.38,58.36,58.93,59.29,59.977,0.3641,0.3744,31.8993,51.9793,62.1728,95.4713,0.2016,1.8112,-0.5784,0.3711,-0.0496,0.0957,0.0,0.3929,-0.831
NGA.5.17_1,Bauchi,Tafawa-Balewa,351,6015,11.7,59.29,53.65,23.06,2.28,59.21,25.45,2.52,53.53,53.76,59.12,59.27,56.08,56.89,59.29,60.3191,0.3625,0.3777,32.9423,63.4922,76.9881,95.3147,0.1663,1.242,0.053,-0.2921,-0.0561,0.4453,0.0,1.562,-4.9798
NGA.5.18_1,Bauchi,Toro,832,10792,6.2,59.29,58.37,25.09,2.48,59.24,25.46,2.52,58.26,58.48,59.16,59.29,56.4,56.83,59.29,60.5616,0.3589,0.3816,33.07,64.7576,76.6269,95.3581,0.1769,1.0374,0.6269,-0.2931,-0.0275,0.5218,0.0,1.8178,-2.0449
NGA.5.19_1,Bauchi,Warji,104,2044,24.0,59.29,51.75,22.24,2.2,59.27,25.47,2.52,51.63,51.86,59.22,59.34,56.16,56.51,59.29,60.1944,0.3644,0.3766,32.7356,59.2668,74.9056,93.143,0.1832,1.5856,0.2036,-0.0014,-0.0561,0.2752,0.0,0.9933,-6.5246
NGA.5.1_1,Bauchi,Alkaleri,446,8116,7.4,59.29,55.66,23.92,2.37,59.24,25.46,2.52,55.55,55.78,59.17,59.29,60.3,60.12,59.29,60.8128,0.3629,0.3824,32.8774,67.1964,80.4864,94.4463,0.2786,1.263,0.1362,-0.047,-0.0519,0.5061,0.0,1.7654,-4.1472
NGA.5.20_1,Bauchi,Zaki,288,4624,6.4,59.29,63.59,27.33,2.7,59.34,25.5,2.52,63.46,63.7,59.31,59.37,52.56,54.02,59.29,60.3011,0.3596,0.3796,33.2391,60.8347,68.0203,96.1133,-0.0078,2.9408,-0.0414,-0.3609,-0.0545,0.5193,0.0,1.8095,1.0685
NGA.5.2_1,Bauchi,Bauchi,625,7627,13.7,59.29,53.26,22.89,2.26,59.29,25.48,2.52,53.1,53.4,59.25,59.34,50.81,54.26,59.29,60.3873,0.3629,0.3754,32.6154,59.031,71.3802,95.1301,-0.1497,1.5765,-0.7262,-0.1402,0.0919,0.4174,0.0,1.4687,-4.7074
NGA.5.3_1,Bauchi,Bogoro,95,1727,27.7,59.29,53.83,23.13,2.29,59.06,25.38,2.51,53.7,53.95,58.86,59.21,51.51,53.69,59.29,60.1532,0.3616,0.3776,32.337,55.1913,66.5801,94.4741,-0.0099,1.1022,0.5402,0.0853,-0.0561,0.2232,0.0,0.8193,-4.4291
NGA.5.4_1,Bauchi,Damban,157,2881,14.7,59.29,54.29,23.33,2.31,59.36,25.51,2.52,54.16,54.4,59.3,59.42,66.19,65.8,59.29,60.3071,0.3635,0.3786,33.3692,65.1583,83.2887,95.057,0.4881,2.5823,0.0496,-0.1394,-0.0402,0.4039,0.0,1.4235,-6.1325
NGA.5.5_1,Bauchi,Darazo,290,7002,9.3,59.29,63.37,27.24,2.69,59.32,25.49,2.52,63.25,63.49,59.28,59.36,66.06,64.18,59.29,60.5188,0.3586,0.3801,32.9691,64.4408,73.3129,97.2414,0.4478,1.9367,-0.0083,-0.3917,-0.0521,0.4796,0.0,1.6766,1.6209
NGA.5.6_1,Bauchi,Dass,78,2377,15.4,59.29,50.96,21.9,2.17,59.25,25.46,2.52,50.83,51.08,59.17,59.31,50.73,52.39,59.29,60.3228,0.3675,0.3736,32.6832,62.6904,73.0019,91.7545,-0.107,1.4224,0.4627,-0.2563,-0.0561,0.3937,0.0,1.3894,-7.2026
NGA.5.7_1,Bauchi,Gamawa,469,5518,4.8,59.29,67.84,29.15,2.88,59.34,25.5,2.52,67.72,67.96,59.3,59.37,70.1,67.99,59.29,60.4564,0.3578,0.384,33.5959,66.1663,78.9633,98.2731,0.6173,2.9247,0.2722,-0.0355,-0.0485,0.5416,0.0,1.884,3.0312
NGA.5.8_1,Bauchi,Ganjuwa,815,6555,1.5,59.29,61.31,26.35,2.61,59.31,25.49,2.52,61.19,61.42,59.29,59.33,58.71,58.7,59.29,60.4785,0.3594,0.3829,33.3846,64.4475,77.5831,97.7275,0.2799,1.6448,-0.2847,-0.0609,-0.0543,0.5881,0.0,2.0393,-0.0506
NGA.5.9_1,Bauchi,Giade,116,2587,29.1,59.29,61.88,26.6,2.63,59.31,25.49,2.52,61.75,62.0,59.26,59.38,59.0,59.62,59.29,60.0734,0.3599,0.3773,32.265,53.1184,62.2157,97.2096,0.2641,1.8862,-0.5279,0.1841,-0.0496,0.2046,0.0,0.757,1.8312
NGA.6.1_1,Bayelsa,Brass,96,4318,19.5,51.28,36.25,9.46,1.62,41.27,10.78,1.84,35.97,36.49,41.14,41.28,50.93,50.4,51.28,71.0071,0.9548,5.6434,27.6053,6.193,9.9,71.0707,-0.9027,-11.8658,3.0367,-0.5402,-0.0148,-0.1071,0.0,1.9158,1.533
NGA.6.2_1,Bayelsa,Ekeremor,123,12256,13.5,51.28,51.39,13.42,2.29,44.38,11.59,1.98,51.09,51.67,44.3,44.38,54.23,53.26,51.28,73.3352,0.9378,5.7076,25.2084,7.9611,9.9,66.7421,-1.3475,-10.1099,6.4707,-0.6685,0.358,-0.1071,0.0,1.9158,8.2167
NGA.6.3_1,Bayelsa,Kolokuma/Opokuma,41,3303,24.0,51.28,31.4,8.2,1.4,38.98,10.18,1.74,31.24,31.55,38.91,39.0,43.81,45.93,51.28,69.9327,0.9756,5.602,29.098,2.3228,9.9,77.7478,-0.7878,-8.359,-0.2702,-0.4831,0.0649,-0.1071,0.0,1.9158,-1.9744
NGA.6.4_1,Bayelsa,Nembe,40,642,8.1,51.28,43.96,11.48,1.96,47.11,12.3,2.1,43.7,44.19,47.03,47.1,46.95,48.25,51.28,71.3962,0.9233,5.6723,26.6648,0.2766,9.9,76.1731,-0.4576,-11.3093,1.6057,-0.542,1.0178,-0.1071,0.0,1.9158,3.2174
NGA.6.5_1,Bayelsa,Ogbia,73,4081,21.0,51.28,34.02,8.88,1.52,40.53,10.58,1.81,33.82,34.18,40.46,40.53,49.78,51.71,51.28,69.9043,0.9596,5.6571,29.3466,1.8036,9.9,83.6787,-0.4158,-9.9064,0.017,-0.3607,0.1969,-0.1071,0.0,1.9158,0.075
NGA.6.6_1,Bayelsa,Sagbama,90,6933,17.6,51.28,43.14,11.27,1.93,42.24,11.03,1.89,42.96,43.32,42.16,42.26,56.93,55.5,51.28,70.3166,0.9532,5.6919,29.2082,2.3441,9.9,80.3642,-0.4315,-8.2976,0.2914,-0.538,0.0749,-0.1071,0.0,1.9158,6.1182
NGA.6.7_1,Bayelsa,Southern Ijaw,160,11236,21.2,51.28,41.03,10.71,1.83,40.4,10.55,1.8,40.76,41.27,40.33,40.41,50.29,50.84,51.28,72.0803,0.9408,5.6399,26.2197,4.8498,9.9,69.3566,-0.939,-10.7164,3.6448,-0.5985,0.4633,-0.1071,0.0,1.9158,5.1219
NGA.6.8_1,Bayelsa,Yenagoa,73,5429,22.9,51.28,32.62,8.52,1.46,39.51,10.32,1.76,32.46,32.76,39.44,39.53,46.85,47.72,51.28,69.9878,0.9726,5.5486,28.599,2.1427,9.9,81.3451,-0.6307,-7.938,-0.6768,-0.5664,0.5446,-0.1071,0.0,1.9158,-1.7041
NGA.7.10_1,Benue,Konshisha,245,2436,33.0,62.24,65.57,36.29,2.87,62.26,34.46,2.72,65.34,65.77,62.23,62.29,65.32,64.78,62.24,50.4482,2.1127,4.9867,25.0833,11.5043,28.2836,80.2136,0.1449,-2.1415,-0.6231,0.7343,-0.0455,4.2368,0.0,-1.7786,0.8366
NGA.7.11_1,Benue,Kwande,448,3087,19.3,62.24,60.98,33.75,2.66,62.26,34.46,2.72,60.75,61.18,62.21,62.29,62.01,61.19,62.24,50.5535,2.1061,4.9939,25.2567,14.0054,34.714,76.2172,0.0259,-2.2403,0.2767,0.4156,-0.0531,3.7132,0.0,-1.0375,-2.8853
NGA.7.12_1,Benue,Logo,135,2299,19.4,62.24,67.93,37.6,2.97,62.26,34.46,2.72,67.71,68.11,62.23,62.3,67.77,65.83,62.24,50.5645,2.0844,4.9788,25.3351,14.7778,30.6334,79.7144,0.1969,-1.0061,0.2274,-0.1234,-0.0348,3.7195,0.0,-1.0464,1.0544
NGA.7.13_1,Benue,Makurdi,119,2504,30.8,62.24,60.35,33.4,2.64,62.24,34.45,2.72,60.09,60.58,62.18,62.31,50.23,57.47,62.24,50.5219,2.1599,4.8327,24.5529,10.5583,21.8723,77.8902,-0.7395,-0.6699,-0.9434,0.2945,0.3053,4.1534,0.0,-1.6606,-2.9575
NGA.7.14_1,Benue,Obi,54,1516,36.2,62.24,63.79,35.31,2.79,62.25,34.46,2.72,63.55,63.99,62.2,62.29,59.39,59.27,62.24,50.4965,2.1385,4.9203,24.8237,11.6758,21.8092,76.0333,-0.0973,-2.3355,-0.3168,0.6203,-0.0212,4.3589,0.0,-1.9515,-0.1158
NGA.7.15_1,Benue,Ogbadibo,82,1371,43.9,62.24,62.23,34.44,2.72,62.19,34.42,2.72,61.96,62.43,62.12,62.27,56.55,55.9,62.24,50.3583,2.1408,4.9258,24.7288,11.4152,22.8062,77.2918,-0.1808,-2.6602,-0.1826,0.9506,-0.0481,4.653,0.0,-2.3677,-1.0934
NGA.7.16_1,Benue,Ohimini,69,2556,5.9,62.24,66.16,36.62,2.89,62.26,34.46,2.72,65.98,66.33,62.24,62.29,61.25,60.59,62.24,50.839,2.1379,4.9219,25.0633,10.6418,16.5591,75.1112,-0.1088,-2.0691,-0.504,-0.186,-0.0561,3.203,0.0,-0.3153,1.8058
NGA.7.17_1,Benue,Oju,151,2737,27.5,62.24,58.03,32.12,2.54,62.19,34.42,2.72,57.8,58.23,62.13,62.27,59.78,59.43,62.24,50.5734,2.1326,4.9452,25.0124,12.2909,29.317,75.8051,-0.058,-2.717,-0.644,0.3041,-0.0331,4.0279,0.0,-1.483,-3.2061
NGA.7.18_1,Benue,Okpokwu,98,3414,22.6,62.24,67.12,37.15,2.93,62.24,34.45,2.72,66.91,67.31,62.19,62.29,59.68,61.95,62.24,50.6589,2.1267,4.9218,24.6549,10.2335,16.2011,77.742,-0.2075,-2.6163,-0.6059,0.0696,-0.0561,3.8381,0.0,-1.2143,3.2217
NGA.7.19_1,Benue,Otukpo,130,5654,18.0,62.24,59.88,33.15,2.62,62.25,34.45,2.72,59.68,60.06,62.23,62.29,54.85,57.84,62.24,50.8037,2.1667,4.8877,24.6398,12.1945,19.08,75.3709,-0.4318,-1.883,-0.5852,-0.0291,0.0799,3.6649,0.0,-0.9692,-2.3839
NGA.7.1_1,Benue,Ado,116,2084,45.0,62.24,61.8,34.21,2.7,61.9,34.26,2.71,61.53,62.01,61.24,62.38,62.89,62.6,62.24,50.5205,2.1142,4.9835,24.6758,13.1882,28.7361,77.4062,0.0663,-3.1959,-0.3628,0.8653,-0.054,4.6927,0.0,-2.424,-0.8111
NGA.7.20_1,Benue,Tarka,65,764,38.4,62.24,66.09,36.58,2.89,62.26,34.46,2.72,65.83,66.29,62.24,62.3,64.02,64.94,62.24,50.24,2.1374,4.9349,25.1794,14.5025,32.5097,79.21,0.0437,-1.0763,0.3666,0.8911,0.0494,4.4425,0.0,-2.0698,-0.9286
NGA.7.21_1,Benue,Ukum,260,2220,9.2,62.24,58.86,32.58,2.57,62.24,34.45,2.72,58.66,59.03,62.22,62.28,59.23,58.68,62.24,50.4388,2.1324,4.9649,25.5741,12.888,34.398,78.5181,-0.0791,-0.9481,-0.5943,0.1668,-0.0346,3.329,0.0,-0.4936,-4.5882
NGA.7.22_1,Benue,Ushongo,191,1444,16.6,62.24,64.57,35.74,2.82,62.26,34.46,2.72,64.36,64.76,62.25,62.29,62.38,62.36,62.24,50.3499,2.1236,4.9592,25.3634,11.4351,28.0634,80.5064,0.02,-2.0242,-0.3201,0.4892,-0.0531,3.6115,0.0,-0.8936,-0.1481
NGA.7.23_1,Benue,Vande Ikya,128,1799,64.4,62.24,62.19,34.42,2.72,62.25,34.46,2.72,61.88,62.43,62.18,62.27,63.06,61.63,62.24,50.1268,2.146,4.924,24.6321,14.1117,30.4543,78.0907,0.0539,-2.3798,-0.5459,1.5161,-0.0561,5.434,0.0,-3.4732,-1.5004
NGA.7.2_1,Benue,Agatu,102,2705,11.7,62.24,58.57,32.42,2.56,62.27,34.47,2.72,58.38,58.75,62.24,62.3,60.55,60.22,62.24,51.0216,2.1344,4.9968,25.4476,14.4799,32.0017,77.0117,-0.0826,-0.7092,0.0516,-0.203,-0.0561,3.4229,0.0,-0.6265,-5.235
NGA.7.3_1,Benue,Apa,89,2394,13.5,62.24,58.21,32.22,2.54,62.26,34.46,2.72,58.03,58.4,62.25,62.3,62.17,60.88,62.24,50.9738,2.1455,4.9643,25.3168,14.3296,31.0356,75.4578,-0.0167,-1.3492,-0.3395,-0.1584,-0.0561,3.4945,0.0,-0.728,-4.5294
NGA.7.4_1,Benue,Bukuru,209,1990,25.1,62.24,70.04,38.77,3.06,62.29,34.48,2.72,69.81,70.23,62.25,62.34,68.74,67.47,62.24,50.3854,2.1113,4.9839,25.3844,14.7083,32.0139,80.4514,0.2435,-1.4728,0.6063,0.6043,-0.0488,3.9365,0.0,-1.3536,1.9184
NGA.7.5_1,Benue,Gboko,303,3139,21.2,62.24,60.68,33.59,2.65,62.25,34.46,2.72,60.45,60.89,62.22,62.31,64.01,66.02,62.24,50.3508,2.1368,4.9192,25.203,16.5064,36.9566,79.5701,-0.0092,-1.6682,0.183,0.2429,0.0835,3.7879,0.0,-1.1432,-3.4656
NGA.7.6_1,Benue,Guma,352,4139,6.6,62.24,70.54,39.04,3.08,62.27,34.47,2.72,70.35,70.7,62.25,62.3,66.64,65.5,62.24,50.7506,2.1025,5.0094,25.5531,12.0282,27.0617,80.527,0.1883,-0.9052,-0.0136,0.0057,-0.0513,3.2313,0.0,-0.3554,2.6746
NGA.7.7_1,Benue,Gwer East,350,3670,4.2,62.24,57.28,31.7,2.5,62.25,34.46,2.72,57.11,57.45,62.25,62.29,65.48,65.3,62.24,50.6789,2.1361,4.9638,25.6536,14.0111,38.2694,78.6419,0.1247,-1.4645,-0.4802,-0.0017,-0.0326,3.138,0.0,-0.2233,-5.3839
NGA.7.8_1,Benue,Gwer West,173,3399,3.7,62.24,59.96,33.19,2.62,62.26,34.46,2.72,59.8,60.12,62.26,62.3,66.97,65.1,62.24,50.7819,2.1419,4.9543,25.5569,14.7547,35.8662,78.0165,0.1589,-1.0066,-0.5619,-0.096,-0.0429,3.1192,0.0,-0.1967,-3.8587
NGA.7.9_1,Benue,Katsina-Ala,443,2865,4.2,62.24,57.36,31.75,2.51,62.25,34.45,2.72,57.17,57.52,62.23,62.29,66.84,65.6,62.24,50.474,2.1004,4.9891,25.73,16.5464,44.7386,79.5243,0.1815,-1.3992,0.1062,-0.2159,-0.0492,3.1396,0.0,-0.2256,-5.8053
NGA.8.10_1,Borno,Guzamala,259,2296,8.1,38.92,40.7,14.95,2.55,38.93,14.3,2.44,40.58,40.84,38.92,38.95,36.97,37.73,38.92,72.3492,4.3503,1.6036,32.089,49.2358,48.736,97.4641,-0.2592,2.535,-1.7272,-0.2968,-0.052,-1.5279,0.0,1.0455,-2.4567
NGA.8.11_1,Borno,Gwoza,139,4063,16.2,38.92,37.13,13.64,2.33,38.9,14.29,2.44,37.02,37.25,38.9,38.96,38.39,38.88,38.92,72.3913,4.4596,1.5774,32.0841,50.5609,48.681,99.3495,-0.2423,0.8773,-0.5568,0.0822,-0.0423,-1.3987,0.0,0.8129,-5.8587
NGA.8.12_1,Borno,Hawul,194,2820,9.7,38.92,41.88,15.39,2.63,38.9,14.29,2.44,41.79,41.99,38.87,38.95,37.86,37.95,38.92,72.2519,4.4291,1.5847,32.5226,47.1881,48.0651,94.2143,-0.1473,0.6127,-0.8419,-0.048,0.0073,-1.5021,0.0,0.9991,-0.6289
NGA.8.13_1,Borno,Jere,100,7364,16.2,38.92,39.29,14.44,2.46,38.91,14.3,2.44,39.16,39.43,38.91,38.95,37.23,37.44,38.92,72.6356,4.6144,1.5342,31.3165,51.812,40.6593,89.5019,-0.6454,1.7506,-1.2055,-0.0882,0.0673,-1.3984,0.0,0.8123,-3.4424
NGA.8.14_1,Borno,Kaga,225,3532,5.6,38.92,38.23,14.05,2.4,38.94,14.31,2.44,38.15,38.33,38.93,38.96,46.2,44.23,38.92,72.7559,4.4315,1.6041,32.5314,56.8725,60.858,98.3051,0.2199,1.6403,-0.3255,-0.234,-0.0561,-1.5695,0.0,1.1204,-6.0094
NGA.8.15_1,Borno,Kala/Balge,73,1654,3.8,38.92,31.81,11.69,1.99,38.92,14.3,2.44,31.65,32.01,38.92,38.95,40.42,39.99,38.92,73.0515,4.4218,1.6055,32.3111,54.4413,54.6746,100.0,-0.0805,2.0521,-0.9281,-0.4829,-0.0561,-1.5981,0.0,1.1718,-11.7428
NGA.8.16_1,Borno,Konduga,139,1834,21.8,38.92,37.53,13.79,2.35,38.9,14.29,2.44,37.38,37.69,38.9,38.95,32.31,36.32,38.92,72.2601,4.4633,1.5576,31.7128,45.8552,45.7296,93.7377,-0.7561,1.6374,-1.051,0.0582,0.3002,-1.308,0.0,0.6496,-5.4529
NGA.8.17_1,Borno,Kukawa,103,4808,8.8,38.92,38.05,13.98,2.39,38.92,14.3,2.44,37.95,38.18,38.92,38.95,35.21,35.03,38.92,72.5795,4.5192,1.5726,31.7952,50.5219,44.8744,91.5078,-0.523,2.6594,-1.9231,-0.1616,-0.0561,-1.5178,0.0,1.0273,-4.8997
NGA.8.18_1,Borno,Kwaya Kusar,110,1780,7.1,38.92,42.98,15.79,2.69,38.91,14.3,2.44,42.91,43.08,38.9,38.95,40.9,40.87,38.92,72.3313,4.4042,1.5967,32.7678,48.1955,50.7056,94.6904,0.0547,0.6468,-0.7141,-0.0905,-0.0419,-1.5439,0.0,1.0743,0.1693
NGA.8.19_1,Borno,Lake Chad,119,1991,5.3,38.92,37.17,13.66,2.33,38.92,14.3,2.44,37.07,37.31,38.92,38.95,37.4,38.08,38.92,72.9365,4.383,1.6062,32.3243,51.7634,51.2411,93.918,-0.2396,2.5078,-0.772,-0.3801,-0.0561,-1.5744,0.0,1.1292,-6.9007
NGA.8.1_1,Borno,Abadam,189,3837,9.7,38.92,33.77,12.41,2.12,38.91,14.3,2.44,33.67,33.92,38.91,38.95,38.43,38.73,38.92,72.8322,4.3977,1.6082,32.1764,52.0703,53.4724,99.742,-0.1881,2.7582,-1.6456,-0.33,-0.0561,-1.5035,0.0,1.0015,-9.7316
NGA.8.20_1,Borno,Mafa,175,7854,5.7,38.92,33.12,12.17,2.08,38.91,14.3,2.44,32.97,33.28,38.9,38.94,38.97,38.8,38.92,73.4074,4.6551,1.5539,30.9804,60.7954,46.2656,96.6168,-0.6496,1.9158,-0.9075,-0.4346,-0.0561,-1.5673,0.0,1.1164,-9.7713
NGA.8.21_1,Borno,Magumeri,550,6965,1.0,38.92,44.73,16.44,2.8,38.94,14.31,2.44,44.64,44.84,38.93,38.96,38.63,38.17,38.92,72.5753,4.3447,1.6138,32.2413,49.6336,47.8135,98.536,-0.0843,1.8228,-1.0434,-0.2678,-0.0554,-1.6422,0.0,1.2513,1.3324
NGA.8.22_1,Borno,Maiduguri,19,2274,61.1,38.92,39.08,14.36,2.45,38.87,14.28,2.44,38.73,39.44,38.85,38.97,18.19,30.7,38.92,73.3049,4.6579,1.4551,27.1865,43.1483,17.9828,82.733,-2.6989,1.7122,-1.0168,1.0484,1.1074,-0.6736,0.0,-0.4927,-3.3464
NGA.8.23_1,Borno,Marte,154,6786,2.2,38.92,34.45,12.66,2.16,38.92,14.3,2.44,34.34,34.58,38.91,38.94,43.45,40.86,38.92,73.153,4.5184,1.5836,32.1945,56.3426,53.6957,98.7582,-0.1011,2.1568,-1.2019,-0.5218,-0.0561,-1.6238,0.0,1.2182,-8.8906
NGA.8.24_1,Borno,Mobbar,465,3746,2.0,38.92,48.08,17.66,3.01,38.92,14.3,2.44,47.96,48.22,38.92,38.95,34.76,34.59,38.92,72.1575,4.2712,1.612,32.2514,43.0615,38.8346,96.5529,-0.2959,2.4364,-2.109,-0.4507,-0.0442,-1.6275,0.0,1.2249,5.5406
NGA.8.25_1,Borno,Monguno,151,5236,4.3,38.92,35.39,13.0,2.22,38.92,14.3,2.44,35.27,35.52,38.91,38.94,40.86,38.85,38.92,73.064,4.5503,1.5674,31.8224,56.3884,48.6048,94.7748,-0.3481,2.301,-1.2153,-0.7173,-0.0561,-1.5898,0.0,1.157,-7.6033
NGA.8.26_1,Borno,Ngala,56,3154,21.5,38.92,33.0,12.13,2.07,38.91,14.3,2.44,32.74,33.24,38.91,38.96,36.16,38.25,38.92,72.9668,4.6698,1.5202,30.4064,56.5259,38.0313,98.5944,-1.1125,2.1799,-1.2849,-0.02,-0.0423,-1.313,0.0,0.6585,-9.5358
NGA.8.27_1,Borno,Nganzai,336,5138,2.2,38.92,38.16,14.02,2.39,38.94,14.31,2.44,38.07,38.27,38.92,38.96,38.0,37.72,38.92,72.61,4.4324,1.5998,32.527,54.157,55.6851,95.3744,-0.1534,1.9841,-0.2796,-0.3471,-0.0561,-1.6242,0.0,1.2189,-6.0294
NGA.8.28_1,Borno,Shani,167,2592,5.7,38.92,42.7,15.69,2.68,38.93,14.3,2.44,42.63,42.79,38.83,39.0,37.7,37.95,38.92,72.354,4.4032,1.5968,32.6584,49.4083,49.9239,92.4721,-0.1187,0.2945,0.2519,-0.1169,-0.0499,-1.5677,0.0,1.1172,-0.5348
NGA.8.2_1,Borno,Askira/Uba,206,3614,10.3,38.92,40.33,14.82,2.53,38.9,14.29,2.44,40.25,40.44,38.87,38.95,41.22,40.57,38.92,72.3672,4.4081,1.5965,32.7136,50.5803,54.2389,92.7107,0.0296,0.5109,-0.1556,-0.1859,-0.0561,-1.4932,0.0,0.983,-2.74
NGA.8.3_1,Borno,Bama,321,4981,14.4,38.92,32.68,12.01,2.05,38.9,14.29,2.44,32.58,32.8,38.89,38.94,40.8,40.55,38.92,72.6586,4.45,1.5989,32.3364,53.2014,58.3158,99.5814,-0.033,1.4909,-1.1086,-0.0525,-0.0561,-1.4277,0.0,0.865,-10.4751
NGA.8.4_1,Borno,Bayo,159,2157,3.5,38.92,49.03,18.01,3.07,38.91,14.3,2.44,48.96,49.12,38.89,38.95,41.05,40.77,38.92,72.4203,4.3376,1.6125,32.7071,47.7337,46.2115,96.1641,0.0722,0.6283,0.0893,-0.071,-0.046,-1.6019,0.0,1.1788,5.3815
NGA.8.5_1,Borno,Biu,277,5824,5.8,38.92,40.06,14.72,2.51,38.92,14.3,2.44,39.97,40.16,38.92,38.95,40.11,40.56,38.92,72.5174,4.4341,1.5877,32.3301,50.0137,51.2859,95.0755,-0.0667,0.7759,-1.2653,-0.2001,0.0065,-1.5651,0.0,1.1126,-2.181
NGA.8.6_1,Borno,Chibok,125,2652,3.6,38.92,43.02,15.81,2.7,38.94,14.31,2.44,42.94,43.12,38.93,38.97,37.98,38.04,38.92,72.5005,4.3766,1.6017,32.6792,51.3785,50.3303,91.8196,-0.1197,0.918,0.8797,-0.3152,-0.0561,-1.6008,0.0,1.1767,-1.2842
NGA.8.7_1,Borno,Damboa,536,13384,6.6,38.92,40.78,14.98,2.56,38.94,14.31,2.44,40.69,40.89,38.93,38.97,43.95,42.41,38.92,72.8993,4.4889,1.5809,32.0483,57.4692,53.1753,92.4415,-0.0295,1.0107,0.5476,-0.3324,-0.0561,-1.5531,0.0,1.0908,-3.3308
NGA.8.8_1,Borno,Dikwa,117,7745,10.9,38.92,31.69,11.64,1.99,38.9,14.29,2.44,31.5,31.88,38.9,38.94,38.46,39.95,38.92,73.6612,4.7074,1.5451,30.6147,61.4696,41.8159,96.2502,-0.8888,1.98,-0.5939,-0.3265,-0.0561,-1.484,0.0,0.9664,-11.3918
NGA.8.9_1,Borno,Gubio,371,4448,2.1,38.92,58.76,21.59,3.68,38.96,14.32,2.44,58.64,58.91,38.93,38.97,34.21,34.7,38.92,72.2794,4.2241,1.62,31.9043,42.684,29.7553,96.9967,-0.3289,2.0211,-0.4126,-0.3984,-0.0536,-1.6254,0.0,1.2211,14.9838
NGA.9.10_1,Cross River,Etung,68,2676,16.1,53.78,56.37,21.79,2.62,53.92,20.84,2.51,56.15,56.56,53.8,54.09,62.88,59.17,53.78,59.2543,7.3832,1.5982,31.8089,4.362,10.2437,89.0011,0.0785,-4.4594,0.0781,-0.0938,-0.0561,2.081,0.0,-2.1597,-1.0879
NGA.9.11_1,Cross River,Ikom,144,3130,14.5,53.78,54.71,21.15,2.54,53.94,20.85,2.51,54.5,54.89,53.8,54.14,52.3,52.86,53.78,58.9358,7.3823,1.5937,31.989,2.4202,7.8576,90.2327,-0.2368,-4.0435,-0.4996,0.0095,-0.0384,1.9779,0.0,-2.2096,-1.6939
NGA.9.12_1,Cross River,Obanliku,101,2622,22.8,53.78,53.7,20.76,2.5,53.44,20.66,2.48,53.48,53.9,53.11,53.71,53.45,53.98,53.78,59.0709,7.2887,1.6122,32.2326,4.2772,11.7513,82.8229,-0.1895,-3.1812,0.7383,0.096,-0.0561,2.5152,0.0,-1.9493,-5.3907
NGA.9.13_1,Cross River,Obubra,76,2386,22.0,53.78,53.81,20.8,2.5,53.98,20.87,2.51,53.57,54.0,53.82,54.13,53.99,54.7,53.78,58.9842,7.3876,1.5976,31.8351,3.2284,9.3118,87.5441,-0.1876,-4.4825,-0.5632,0.1934,-0.0561,2.4652,0.0,-1.9736,-2.7413
NGA.9.14_1,Cross River,Obudu,44,1666,37.3,53.78,66.35,25.65,3.08,53.37,20.63,2.48,66.1,66.55,53.05,53.69,49.35,49.7,53.78,58.7583,7.2621,1.6027,31.738,3.0152,4.1045,86.5307,-0.3793,-3.0226,-0.1682,0.2412,-0.0561,3.4581,0.0,-1.4925,2.533
NGA.9.15_1,Cross River,Odukpani,114,6663,26.2,53.78,54.35,21.01,2.53,53.9,20.84,2.51,54.1,54.56,53.76,54.07,45.96,47.15,53.78,59.1752,7.476,1.5808,30.8589,3.3966,4.504,85.5584,-0.5857,-5.6986,-0.3511,0.2235,-0.0472,2.7412,0.0,-1.8399,-1.4186
NGA.9.16_1,Cross River,Ogoja,129,3468,17.1,53.78,55.04,21.28,2.56,53.47,20.67,2.49,54.83,55.21,53.14,53.74,51.37,53.82,53.78,58.8686,7.3904,1.5928,32.1425,2.5928,7.9285,87.8738,-0.2447,-3.2801,-0.5164,0.0723,-0.0466,2.1481,0.0,-2.1272,-2.5194
NGA.9.17_1,Cross River,Yakurr,51,3479,22.1,53.78,49.71,19.22,2.31,53.93,20.85,2.51,49.47,49.93,53.79,54.09,50.84,53.16,53.78,59.1526,7.5504,1.5669,31.0683,4.9492,6.8435,85.7698,-0.5147,-4.5329,-0.4904,-0.0154,-0.0324,2.4719,0.0,-1.9703,-5.0223
NGA.9.18_1,Cross River,Yala,225,5312,13.7,53.78,55.01,21.27,2.56,53.29,20.6,2.48,54.82,55.17,52.91,53.53,54.99,55.39,53.78,58.9346,7.3444,1.6046,32.3048,2.7558,9.3748,87.6759,-0.0786,-3.0636,-0.5129,0.0534,-0.0468,1.9247,0.0,-2.2354,-2.5749
NGA.9.1_1,Cross River,Abi,39,2331,38.6,53.78,55.06,21.28,2.56,53.95,20.86,2.51,54.77,55.27,53.76,54.1,44.37,47.78,53.78,58.8312,7.4944,1.5674,31.1496,4.2345,5.4435,86.751,-0.7199,-4.4053,-0.0022,0.2143,-0.0561,3.544,0.0,-1.4509,-3.6262
NGA.9.2_1,Cross River,Akamkpa,163,5094,14.7,53.78,51.28,19.82,2.38,53.87,20.82,2.5,51.04,51.48,53.77,54.06,47.99,49.84,53.78,59.2751,7.4279,1.5913,31.1533,2.8793,5.5031,86.6921,-0.5031,-5.7113,-0.1619,-0.0063,0.0162,1.9951,0.0,-2.2013,-2.4794
NGA.9.3_1,Cross River,Akpabuyo,92,2960,26.3,53.78,45.97,17.77,2.14,53.87,20.82,2.5,45.66,46.22,53.75,54.05,45.47,49.27,53.78,58.9634,7.4932,1.5741,30.9088,3.6379,8.115,87.0879,-0.5946,-7.3789,-0.2499,0.3174,0.0972,2.7464,0.0,-1.8374,-5.7301
NGA.9.4_1,Cross River,Bakassi,7,198,40.9,53.78,49.96,19.31,2.32,53.96,20.86,2.51,49.61,50.26,53.79,54.07,46.69,47.96,53.78,59.2605,7.258,1.6149,30.6638,5.6838,10.332,90.4888,-0.4205,-8.1164,1.0929,0.3751,-0.0561,3.6935,0.0,-1.3785,-5.1319
NGA.9.5_1,Cross River,Bekwarra,44,1196,50.6,53.78,62.37,24.11,2.9,53.21,20.57,2.47,62.09,62.57,52.96,53.64,48.76,50.55,53.78,58.4792,7.3982,1.5932,32.0151,4.2006,8.2756,87.7727,-0.3266,-2.7962,-0.0032,0.9811,-0.0561,4.3218,0.0,-1.0741,-2.6206
NGA.9.6_1,Cross River,Biase,106,8053,8.1,53.78,55.17,21.33,2.56,53.93,20.85,2.51,54.96,55.35,53.82,54.11,56.23,58.26,53.78,59.6551,7.5404,1.5803,30.8818,4.6026,3.8645,81.3693,-0.4059,-4.497,-0.0204,-0.2679,-0.0561,1.5632,0.0,-2.4106,-0.3309
NGA.9.7_1,Cross River,Boki,139,7752,15.8,53.78,53.29,20.6,2.48,53.87,20.83,2.5,53.04,53.51,53.67,54.09,67.08,60.31,53.78,59.8721,7.3823,1.6098,31.3518,7.327,12.4889,80.9373,0.0184,-4.0016,1.0819,-0.1739,-0.0561,2.0643,0.0,-2.1678,-4.461
NGA.9.8_1,Cross River,Calabar,18,782,70.5,53.78,44.07,17.04,2.05,53.9,20.84,2.51,43.67,44.42,53.69,54.04,20.48,40.6,53.78,58.2586,7.7089,1.488,28.2733,4.131,2.9972,84.4185,-2.3972,-7.0062,-0.7547,0.3018,1.1969,5.6116,0.0,-0.4492,-10.4138
NGA.9.9_1,Cross River,Calabar South,8,503,14.7,53.78,35.54,13.74,1.65,53.78,20.79,2.5,35.2,35.81,53.68,54.02,54.18,54.91,53.78,59.3878,7.5778,1.553,30.5945,5.2069,12.4125,89.3252,-0.2466,-7.9395,-1.747,-0.3908,-0.0561,1.9938,0.0,-2.2019,-9.0763
