lat,lon,amenity
11.150732,7.654684,college
12.016059,8.506542,university
10.327314,13.170123,school
9.1,12.533333,school
10.444321,7.42363,school
10.620374,7.469802,college
10.613809,7.468483,college
6.36083,5.581611,school
9.077921,7.402321,school
7.405403,3.936274,school
7.405446,3.946241,school
6.331469,5.602005,school
6.332328,5.646953,college
6.463999,3.387442,school
6.496842,3.373224,school
6.487328,3.375429,school
6.489656,3.377225,school
6.489265,3.376301,school
6.494735,3.373668,school
5.897276,7.115268,college
6.162479,6.919051,school
6.366895,5.571954,school
7.561909,6.604372,kindergarten
7.552791,6.629909,school
7.554026,6.64498,school
7.55536,6.634774,school
7.543522,6.683548,school
7.56454,6.601635,school
7.557084,6.600841,school
7.54962,6.600162,school
10.476237,7.421158,school
10.480374,7.419441,school
6.534435,3.39441,school
6.37139,5.635697,school
6.365373,5.624668,school
6.366627,5.629554,school
6.369736,5.628702,school
6.367513,5.635442,school
6.382418,5.629915,college
6.365575,5.58701,school
6.371252,5.586712,school
6.356131,5.572296,school
6.362561,5.582934,school
6.361854,5.575063,school
6.365404,5.568687,school
6.36408,5.581479,school
6.362815,5.578038,school
6.363398,5.588697,school
6.361707,5.576699,school
6.366769,5.5784,school
6.359844,5.626251,school
6.363162,5.631597,school
6.361225,5.63183,school
6.3827,5.633447,school
6.36654,5.585962,school
6.360944,5.581691,school
6.362636,5.583084,school
6.365905,5.583477,school
6.365614,5.586415,school
6.36024,5.584804,school
6.317907,5.623212,school
6.312518,5.620225,school
6.313208,5.625998,kindergarten
6.308887,5.618255,school
6.312345,5.623325,school
6.308847,5.622323,school
6.310765,5.626998,school
6.311079,5.627563,school
6.304569,5.625294,school
6.307145,5.622664,college
6.306267,5.62634,school
6.311777,5.627816,school
7.448418,6.059938,school
7.435738,6.07139,school
7.424097,6.073612,school
6.308144,5.609752,school
6.30207,5.591959,school
6.30602,5.600574,school
6.321686,5.632246,school
6.328231,5.612881,school
6.311224,5.603497,kindergarten
6.305052,5.603963,school
6.295617,5.600429,school
6.307666,5.597479,school
6.310092,5.615317,school
6.310194,5.614926,school
6.328377,5.6167,school
6.33263,5.630474,school
6.326564,5.632584,school
6.301557,5.604831,school
6.310184,5.617772,school
6.323513,5.631012,school
6.288637,5.596605,school
6.288777,5.596665,kindergarten
6.297652,5.586342,school
6.307346,5.612333,school
6.313098,5.615631,school
6.322462,5.627769,college
6.33012,5.616384,school
6.303032,5.619727,school
6.322755,5.613029,school
6.304589,5.618809,kindergarten
6.327669,5.634085,school
6.329603,5.633653,school
6.319991,5.632357,school
6.327763,5.630385,school
8.282392,4.783344,school
8.277577,4.790758,school
8.27178,4.798947,school
8.275467,4.793081,school
8.327702,4.815579,school
8.298061,4.804004,school
8.320733,4.830122,school
6.329559,5.632016,school
6.330585,5.625821,school
6.301399,5.605015,school
6.294637,5.595481,school
6.299001,5.607627,school
6.336164,5.63212,school
6.331398,5.626379,college
6.333199,5.631593,school
6.325865,5.615324,kindergarten
6.296694,5.601179,college
6.323529,5.629839,school
6.332929,5.629848,school
6.307295,5.611681,school
6.312948,5.607564,school
6.321911,5.617372,school
6.308145,5.606479,kindergarten
6.33284,5.631078,school
6.310389,5.597788,school
6.314507,5.601133,school
11.981857,8.571814,school
6.59673,3.340141,school
10.260582,11.17116,school
6.341814,5.602508,school
6.342365,5.600526,school
6.341201,5.602443,school
6.32899,5.593622,school
6.325886,5.591752,school
6.325629,5.593737,school
6.340536,5.611326,school
6.343541,5.611569,school
6.339782,5.61132,school
6.325968,5.599496,school
6.330778,5.598352,school
6.329575,5.598731,school
6.334318,5.596054,school
6.333695,5.608583,school
6.334076,5.608862,college
6.330703,5.607385,school
6.347597,5.597325,school
6.323932,5.601228,school
6.334411,5.604558,school
6.32689,5.628951,school
6.344436,5.6088,school
6.343104,5.609962,school
6.345021,5.60782,school
6.34398,5.607209,school
6.32888,5.590838,school
6.330872,5.59397,school
6.335965,5.616696,school
6.344241,5.602152,school
6.345285,5.600969,school
6.343299,5.604342,school
6.322651,5.597777,school
6.323771,5.599227,school
6.338301,5.598684,school
6.337641,5.59592,school
6.338887,5.595709,school
6.342411,5.609282,school
6.342783,5.609976,school
6.348962,5.608675,school
6.349504,5.605773,school
6.328949,5.615323,school
6.33655,5.615401,kindergarten
6.344632,5.631513,school
6.339011,5.627792,kindergarten
6.33959,5.626329,school
6.351724,5.618611,school
6.350532,5.61726,school
6.337373,5.619006,school
6.339567,5.624717,school
6.345961,5.624048,school
6.346344,5.628963,school
6.344147,5.622531,school
6.340169,5.624172,school
6.338757,5.624489,college
6.341614,5.624274,school
6.346865,5.619505,college
6.345265,5.621606,college
6.341174,5.619761,college
6.343435,5.613491,school
6.343072,5.618414,college
6.34562,5.613908,school
13.702069,13.302365,school
6.465779,7.50298,college
6.45407,7.484622,school
6.483071,7.51449,school
6.462455,7.495811,university
6.461448,7.494273,university
6.461798,7.493526,university
6.476999,7.506913,school
6.479255,7.511708,school
6.465915,7.495831,school
6.459873,7.500532,college
6.461937,7.494073,university
6.481227,7.50914,school
6.481174,7.517894,school
6.461381,7.499558,school
6.461387,7.49381,university
6.46983,7.504187,school
6.480415,7.520734,school
6.480021,7.507836,school
6.447395,7.488415,school
6.476649,7.501828,school
6.47625,7.495381,school
6.482994,7.52245,school
6.413441,7.496133,school
6.413662,7.502434,school
6.413759,7.493559,school
6.417746,7.491049,school
6.419208,7.487365,college
6.419481,7.492346,school
6.421559,7.492255,school
6.421991,7.489037,school
6.424389,7.476417,school
6.424658,7.489773,school
6.429425,7.495381,college
6.431292,7.479129,school
6.43145,7.478238,college
6.431651,7.477204,school
6.428507,7.478696,school
6.43336,7.497057,school
6.436922,7.478114,college
6.442223,7.497481,school
6.462466,7.513008,school
6.462553,7.513196,kindergarten
6.481112,7.525955,school
6.467566,7.504813,school
6.460075,7.498636,college
6.45951,7.499036,college
6.442606,7.510234,college
6.599935,3.233055,school
6.459205,7.494089,school
10.471467,7.429835,school
12.995228,7.609107,school
12.99073,7.610405,school
12.988179,7.612618,school
12.985939,7.618262,school
12.984344,7.6042,school
12.980346,7.608982,school
12.980603,7.618837,school
7.429247,3.912135,school
7.402969,3.910961,school
7.420391,3.913552,school
7.397554,3.907753,school
7.436509,3.91055,school
7.399067,3.862587,school
7.411303,3.867436,college
7.41209,3.870719,college
7.406795,3.847721,college
7.39952,3.868336,school
6.49792,8.551832,school
12.027281,8.551032,school
11.9489,8.56084,school
7.393336,3.878014,school
7.375604,3.898106,school
7.37805,3.903095,school
7.392039,3.887268,school
11.682285,10.193812,school
11.682192,10.192463,school
9.066179,7.476082,school
7.768635,4.544672,school
7.896011,4.32002,school
10.530646,7.403679,school
12.303787,4.482054,college
7.269388,5.206451,school
7.255425,5.196752,school
7.418197,3.900939,school
7.424855,3.921772,school
7.431116,3.941929,school
7.526516,3.924482,school
7.524981,3.923389,school
7.438654,3.960794,school
7.829049,4.340266,school
7.74867,4.51657,school
11.990424,8.532391,school
11.96664,8.531887,school
11.967557,8.531557,school
7.767481,4.552619,school
11.949377,8.539857,school
12.019254,8.562883,school
10.167576,13.22625,school
10.172857,13.187396,school
7.877448,4.344777,school
7.714611,4.488952,school
7.717388,4.489838,school
13.627126,13.250169,kindergarten
5.483191,7.012121,school
5.482473,7.013323,school
5.476002,7.269296,school
5.482974,7.265922,school
11.037333,7.673944,school
7.164461,4.72926,school
7.159139,4.72511,school
7.161496,4.724893,school
7.165279,4.723666,school
7.164024,4.723617,school
7.16795,4.723182,school
12.373122,14.302328,school
12.361299,14.46093,school
12.368167,14.383282,school
6.413481,7.502396,school
10.141403,6.006208,school
6.89224,2.982727,school
10.136487,6.02249,school
4.974358,7.036368,school
5.443848,6.923906,school
5.424884,6.944755,school
13.377072,11.01169,school
13.191184,11.990376,school
13.161254,12.030651,school
13.147108,12.037873,school
13.121954,12.092676,school
13.118467,12.107919,school
7.717586,4.491468,childcare
10.280141,11.16208,school
7.217336,4.754967,school
7.221414,4.774215,school
6.349237,5.590796,school
5.486627,7.021453,school
5.500817,7.034381,school
5.482945,7.033815,school
5.479713,7.032002,school
7.567956,2.735082,school
7.554702,2.741344,school
6.289918,5.635155,school
7.33185,2.739487,school
4.823365,7.058438,school
4.824732,7.059441,school
4.824989,7.059239,school
10.535266,7.45566,school
10.551863,7.455845,school
10.543201,7.455569,school
10.552899,7.474061,school
10.56519,7.478374,school
10.542323,7.440071,school
10.546406,7.439446,college
10.54585,7.444275,school
10.510874,7.441281,school
10.536475,7.434155,school
10.538195,7.465409,school
5.123737,7.384547,school
5.120179,7.383657,school
10.448483,7.43643,school
9.024728,7.457384,school
7.558963,6.637409,school
7.616536,5.190465,school
7.615077,5.193308,school
11.957721,8.562055,school
11.965125,8.555606,school
11.965058,8.556239,school
11.961717,8.536444,school
11.958514,8.544745,school
11.960267,8.579655,school
11.946445,8.567444,school
11.978936,8.553712,school
11.978937,8.553311,school
11.967894,8.54481,school
11.968397,8.545984,school
13.375109,11.012013,school
11.767644,8.426157,school
6.553094,3.324123,school
6.293052,5.564972,school
5.72069,6.861648,school
5.7208,6.861586,school
5.554958,5.765723,school
5.550609,5.775656,school
5.551185,5.776047,school
5.538113,5.733645,school
5.534864,5.742567,school
5.541829,5.743602,school
5.541687,5.762394,school
5.546725,5.779198,college
5.540726,5.761042,school
5.522093,5.761259,college
5.551549,5.777465,school
5.548141,5.775988,school
5.544528,5.745744,school
5.539362,5.76213,school
5.548785,5.781392,college
5.544014,5.778643,school
5.54019,5.77981,school
5.546704,5.782063,college
5.55113,5.7732,school
5.562904,5.75642,school
5.570334,5.744984,school
4.88825,7.129835,school
5.562772,5.747058,college
5.569283,5.795471,college
5.592521,5.705625,school
5.599587,5.696679,school
5.55867,5.774489,school
5.554441,5.774076,school
5.554798,5.770126,school
5.560425,5.770658,school
5.564473,5.754772,school
5.562137,5.744535,school
5.561513,5.771892,school
5.561183,5.772842,school
5.557732,5.764135,school
5.558104,5.763682,school
5.559026,5.764274,school
5.558268,5.760306,school
5.559992,5.76448,school
5.559663,5.762178,school
5.560254,5.759142,school
5.564337,5.766456,school
5.564809,5.761743,school
5.562516,5.757898,school
5.15848,6.489035,school
5.143934,6.496419,school
5.170355,6.495724,school
4.927953,6.30984,school
4.953172,6.343423,school
4.929856,6.306613,school
4.930768,6.305329,school
4.931929,6.309683,school
4.926572,6.316489,school
4.94938,6.336919,college
11.837547,13.061975,kindergarten
5.557222,5.762836,school
5.567079,5.777441,school
4.950471,6.353097,college
4.953176,6.355146,school
4.952167,6.348795,school
4.951806,6.349169,college
4.952826,6.34872,school
4.950919,6.345648,school
4.950539,6.344815,school
4.94774,6.341161,school
4.946205,6.342976,school
4.945848,6.336949,college
4.946848,6.333738,school
4.945137,6.33374,school
4.944036,6.333858,school
5.089883,6.473206,school
4.949082,6.347548,school
4.942786,6.325139,school
4.94032,6.326578,school
4.938638,6.32667,school
4.937603,6.32541,school
4.937023,6.322478,school
4.930737,6.322566,school
5.554119,5.781786,school
5.55207,5.782316,school
5.59317,5.709074,school
5.59125,5.708141,school
5.592877,5.707808,school
5.547315,5.770961,school
5.546548,5.771235,school
5.507914,5.762872,school
5.542097,5.784418,school
5.543725,5.781905,school
5.54332,5.781631,school
5.545456,5.781869,college
5.545029,5.781928,school
5.554277,5.777185,school
5.559831,5.776825,school
5.593268,5.707021,school
5.555273,6.343443,school
5.543321,5.738285,school
5.543472,5.737891,school
5.5648,5.772251,school
5.565581,5.772329,school
5.562425,5.773461,school
5.584889,5.711977,school
5.56589,5.774279,school
5.563181,5.772899,school
5.566289,5.772471,school
5.566377,5.777662,school
5.567747,5.772916,school
5.563093,5.775274,school
5.548279,5.774637,school
5.544204,5.77098,school
5.539984,5.77185,school
5.539855,5.772666,school
5.539146,5.772496,school
5.540775,5.770412,school
5.54111,5.769594,school
5.540995,5.769764,school
5.563553,5.770261,school
5.568954,5.763191,school
5.562688,5.752256,school
5.555481,5.774995,school
5.564561,5.755527,college
5.562911,5.751136,school
5.55422,5.777734,school
5.535741,5.763561,school
5.590633,5.707219,school
5.53536,5.764596,school
5.535206,5.765242,school
5.59261,5.708467,school
5.562593,5.778291,school
5.565553,5.781604,school
5.566477,5.783078,school
5.590008,5.709798,school
5.566333,5.782872,school
5.566437,5.781282,school
5.565437,5.782685,school
5.566953,5.77901,school
5.539145,5.758816,school
5.539707,5.759579,school
5.536736,5.758595,school
5.536445,5.760869,school
5.537186,5.758149,school
5.536448,5.758402,school
5.533325,5.763918,school
5.535388,6.072357,school
5.53719,5.760691,school
5.538704,5.757393,college
5.539223,5.754203,school
5.538192,5.760131,school
5.536949,5.760757,school
5.542577,5.76509,school
5.533815,5.761445,school
5.53656,5.755324,school
5.542098,5.765585,school
5.542492,5.764386,school
5.538468,5.754495,school
5.536504,5.753342,school
5.537017,5.75178,school
5.533228,5.751228,school
5.535571,5.7539,school
5.536871,5.749403,school
5.539578,5.748819,school
5.53772,5.749418,school
5.537183,5.749251,school
5.538118,5.749232,school
5.531447,5.745317,school
5.531283,5.745145,school
5.531383,5.744877,college
5.541091,5.750835,school
5.535104,5.750891,school
5.531704,5.754971,school
5.532457,5.758263,school
5.532494,5.753449,school
5.530456,5.752235,school
5.530644,5.754009,school
5.533747,5.748061,school
5.53001,5.747697,school
5.530642,5.751616,school
5.530283,5.745346,school
5.531723,5.757365,school
5.531511,5.757151,school
5.529865,5.750408,school
5.532955,5.756543,school
5.535452,5.757358,school
5.528931,5.758031,school
5.53024,5.756739,school
5.529374,5.753624,school
5.531724,5.751217,school
5.528606,5.751321,school
5.531845,5.749094,school
4.82822,7.063073,school
4.843373,7.063954,school
4.817727,7.06575,school
4.817189,7.058961,school
4.817694,7.0659,school
4.82783,7.063142,school
4.834754,7.028147,school
4.833982,7.028058,school
4.831495,7.02735,school
10.075775,4.715971,school
10.075695,4.716166,school
10.075117,4.716109,school
10.075294,4.716159,school
4.832795,7.027293,school
4.838906,7.030983,school
4.836638,7.029762,school
4.834717,7.027653,school
4.837179,7.027334,school
4.827113,7.047566,school
4.838289,7.033402,school
4.821549,7.05226,school
4.827782,7.047325,college
4.843954,7.042623,college
4.834158,7.030908,school
4.83366,7.032436,school
4.820854,7.052408,school
4.845461,7.044709,college
4.837598,7.033885,school
4.828552,7.038276,school
4.819997,7.050885,school
4.828504,7.039941,college
4.838945,7.044692,school
4.837409,7.046569,school
4.838603,7.045409,school
11.822273,13.160722,kindergarten
11.816348,13.145708,kindergarten
11.815793,13.140278,school
11.811551,13.142115,school
11.806158,13.152129,school
11.830055,13.153222,school
11.84128,13.155565,school
11.840473,13.163665,school
11.826577,13.171839,school
11.219496,13.782651,school
11.218469,13.783517,school
5.06644,6.437899,college
4.834744,6.995204,college
7.447377,4.030639,school
6.28359,5.567733,school
5.017407,6.394984,school
5.526333,5.757272,school
5.529388,5.733349,school
5.507728,5.831676,school
5.507854,5.831384,school
5.507129,5.831122,school
7.505538,4.524461,university
10.55703,13.317803,kindergarten
4.858659,6.967675,school
4.855752,6.972364,school
10.842823,7.560993,school
5.971618,8.358294,school
5.416948,6.948117,school
13.540454,4.843208,school
12.306753,4.48932,university
7.492648,4.556148,school
7.494076,4.553075,school
4.959446,6.364371,school
4.924792,6.92209,school
6.730797,3.414299,school
11.244601,12.01375,school
12.320502,7.862852,school
12.503002,7.740057,school
11.804309,13.139272,school
11.805569,13.139629,school
11.805568,13.135678,school
6.16557,8.298572,school
4.862025,6.928609,school
4.864561,6.928665,school
4.865431,6.932131,school
8.314749,6.586398,school
6.131894,8.143583,university
6.133989,8.147001,university
6.155031,8.144583,school
6.156711,8.135329,school
9.846987,11.178971,school
7.667007,6.701576,school
9.896046,11.22241,school
6.538357,3.259858,school
6.532362,3.262341,school
10.590636,7.473869,school
6.203752,6.553126,school
6.203281,6.547563,school
5.57919,5.824217,school
6.224829,6.57136,school
7.431472,2.785139,school
11.726565,9.36323,school
4.877033,6.985305,childcare
7.534597,5.768448,school
7.532746,5.766323,school
7.252832,2.754742,school
6.072538,7.019332,school
6.084464,7.021945,school
4.899663,6.903959,school
6.382766,5.679902,school
5.525219,7.262114,school
5.524146,7.262974,school
5.522776,7.265189,school
5.494596,7.196712,school
7.888511,4.32238,school
9.881398,7.957553,school
9.894928,7.951385,school
9.893707,7.951943,school
9.893348,7.952801,school
7.896912,4.319421,school
9.091759,7.377686,school
6.432979,7.522475,school
8.15898,4.248019,school
8.132355,4.232497,school
8.154086,4.255027,school
8.159828,4.258474,college
8.164312,4.257713,school
8.142257,4.241759,school
8.147396,4.242202,college
8.160543,4.24543,school
8.135791,4.234967,school
8.142825,4.252833,school
8.141126,4.25131,school
8.145422,4.243324,college
8.154474,4.229205,college
8.140375,4.248784,kindergarten
8.135846,4.211247,college
12.996678,5.214263,school
9.759714,8.860644,school
9.756285,8.861263,school
5.171211,7.728487,school
5.17178,7.72749,school
8.360516,4.432141,school
9.151589,7.627644,school
9.607515,6.551729,college
9.606592,6.551762,college
9.195876,7.62485,school
9.18706,7.628849,school
9.174802,7.67911,school
9.172683,7.683571,school
7.485862,3.913283,school
6.494304,3.393481,kindergarten
6.495643,3.388309,school
6.495404,3.38838,school
6.494686,3.387578,school
6.495713,3.388116,school
7.392191,3.862492,school
6.625984,3.312411,school
4.714184,5.942304,school
4.718174,5.944724,school
9.01505,7.586754,childcare
12.510377,8.654703,school
12.508644,8.655491,school
12.508762,8.655464,school
12.374398,8.566972,school
13.024155,5.189852,school
11.197798,8.807346,school
11.205773,8.80482,school
9.090401,7.207212,school
10.304987,11.175339,university
10.303376,11.174665,college
10.30375,11.175129,college
10.305297,11.17128,college
10.305536,11.172058,college
10.304152,11.174353,childcare
10.30607,11.174213,school
10.300673,11.174272,school
10.30809,11.173093,college
10.306036,11.173712,college
10.306011,11.173111,college
10.305983,11.174546,school
10.306492,11.172298,college
10.306318,11.173114,college
10.305364,11.17098,college
10.306066,11.171441,college
10.305646,11.171581,college
10.305262,11.171586,college
10.296494,11.173958,school
10.300285,11.172837,school
10.299062,11.172415,school
10.319148,11.160775,school
10.309241,11.178119,school
10.315145,11.148224,school
10.306377,11.174511,college
10.306473,11.174285,college
10.287629,11.151902,school
10.304457,11.175113,college
10.290358,11.053318,school
6.592096,3.227515,school
6.460641,3.168405,school
6.460406,3.167536,school
10.285442,11.184632,school
10.289785,11.079959,school
10.288163,11.080259,school
6.812429,3.196775,school
6.736948,6.303536,school
9.310556,7.240481,school
9.311646,7.242208,university
9.24232,7.27691,university
9.250223,7.163129,university
9.068432,7.428698,school
6.320646,5.638888,school
10.812983,7.546312,school
10.809379,7.548409,school
10.81136,7.543973,school
7.260984,5.177583,school
7.252493,5.179355,school
11.846908,13.148924,school
11.845684,13.150302,school
11.84486,13.150758,school
7.258518,5.218756,school
7.261343,5.220516,school
7.253033,5.209987,school
7.419403,3.934207,school
4.933616,6.283081,school
4.710473,6.092504,school
5.150546,6.194089,college
7.678163,4.460089,college
8.167315,4.267042,college
5.205435,6.20655,school
5.100167,6.066092,college
4.436658,7.171608,school
4.825644,7.081831,school
7.541928,4.470377,college
5.574672,5.797596,college
4.43719,7.16573,school
4.833614,6.994701,school
4.939326,6.357821,school
4.861495,6.37339,school
5.13061,6.171487,college
8.166756,4.268041,college
5.100773,6.066533,college
4.933944,6.283508,school
7.104266,4.818371,school
5.488974,5.792392,school
8.843162,7.906626,school
8.565634,7.725123,college
8.545848,8.53528,college
7.203856,8.153506,school
7.621138,4.192088,school
10.919937,11.48231,school
10.916651,11.46684,school
6.8217,3.9258,school
6.8255,3.9099,school
6.820747,3.926998,school
6.504479,3.10131,school
6.8322,3.9319,school
6.8164,3.9322,school
6.8564,3.6447,school
6.6371,3.3857,school
6.812779,3.926568,school
6.816,3.9296,school
6.823492,3.912532,school
6.8192,3.9209,school
6.819,3.9208,school
6.8094,3.9189,school
6.8315,3.9354,school
6.8357,3.6589,school
6.5408,3.0864,school
6.820492,3.233139,school
6.8307,3.6304,school
6.6609,3.0921,school
6.8083,3.1932,school
6.830154,3.633543,school
6.850647,3.634156,school
6.819127,3.156701,school
6.8529,3.5264,school
6.8471,3.6358,school
6.736883,3.260335,school
6.8276,3.6435,school
6.8106,3.1887,school
6.681651,3.352057,school
6.8301,3.9191,school
6.7034,3.2711,school
6.760496,3.528063,school
6.8513,3.6416,school
6.806939,3.202778,school
6.691,3.2361,school
6.851338,3.630168,school
6.809723,3.919314,school
6.8101,3.9193,school
6.7298,3.2852,school
6.818,3.6346,school
6.6798,3.3688,school
6.8138,3.1075,school
6.7397,3.2164,school
6.742477,3.254673,school
6.690137,3.23837,school
6.77269,3.49381,school
6.813,3.1886,school
6.7031,3.271,school
6.7469,3.2934,school
6.8131,3.1892,school
6.8342,3.6574,school
6.8468,3.6359,school
6.8112,3.1814,school
6.8472,3.6364,school
6.7238,3.3417,school
6.8755,3.317,school
6.8517,3.641,school
6.752,3.2114,school
6.8524,3.651,school
6.802571,3.200609,school
6.8471,3.6546,school
6.53415,3.13239,school
6.64093,3.05246,school
6.68758,3.33173,school
6.61002,3.11814,school
6.72573,3.99916,school
6.52878,3.13421,school
6.58891,2.94241,school
6.57342,3.1502,school
6.60335,3.19633,school
6.59097,3.0686,school
6.54101,3.01186,school
6.52639,3.14203,school
6.59444,2.935,school
6.67424,3.05746,school
6.53054,3.1365,school
6.72399,3.21893,school
6.72213,3.28811,school
6.60931,2.99372,school
6.67535,3.12619,school
6.75462,3.22969,school
6.59152,2.94476,school
6.68327,3.23728,school
6.753151,3.600671,school
6.5916,2.94218,school
6.708917,3.236951,school
6.59193,2.93898,school
6.76053,3.23837,school
6.583797,3.19186,school
6.667327,3.128894,school
6.52729,2.9267,school
6.6717,3.04451,school
6.678694,3.133628,school
6.63476,3.11167,school
6.68883,3.229341,school
6.689129,3.229358,school
6.69466,3.05824,school
6.56072,2.96049,school
6.80004,3.18374,school
6.58054,2.93065,school
6.68857,3.02244,school
6.742144,3.263063,school
6.6836,3.2353,school
6.63777,3.20698,school
6.68205,3.22964,school
6.676088,3.223446,school
6.58842,2.93143,school
6.67144,3.05812,school
6.59232,2.94166,school
6.59591,2.95429,school
6.67778,3.03644,school
6.74263,3.27801,school
6.72598,3.21987,school
6.53574,3.06814,school
6.71236,3.19658,school
6.52124,3.06084,school
6.85051,3.65025,school
6.64192,3.08772,school
6.83123,3.64706,school
6.80101,3.20051,school
6.8311,3.64704,school
6.6611,3.182244,school
6.71207,3.07565,school
6.82519,3.64375,school
6.678674,3.134488,school
6.66156,3.182404,school
6.68155,3.22903,school
6.694818,3.236606,school
6.58607,3.07467,school
6.53541,2.89843,school
6.54755,2.94835,school
6.84969,3.62958,school
6.81737,3.20633,school
6.65048,3.0612,school
6.80679,3.90882,school
6.55918,2.92861,school
6.68611,3.57991,school
6.83006,3.64786,school
6.71161,3.30696,school
6.75301,3.10222,school
6.711504,3.265268,school
6.81158,3.19674,school
6.72566,3.19527,school
6.64374,2.94163,school
6.81035,3.92213,school
6.58105,3.04786,school
6.55181,3.0445,school
6.58342,3.02367,school
6.80867,3.21061,school
6.7852,3.20763,school
6.80871,3.21044,school
6.71105,3.30663,school
6.7852,3.20763,school
6.56223,2.94288,school
6.72968,3.58585,school
6.7061,3.96031,school
6.52327,3.14015,school
6.68479,3.08521,school
6.65075,2.98333,school
6.73423,3.98172,school
6.82738,3.23038,school
6.74668,3.28352,school
6.81448,3.93005,school
6.71151,3.23061,school
6.6566,3.09137,school
6.61753,3.08731,school
6.71362,3.96212,school
6.68291,3.32142,school
6.81374,3.10748,school
6.85143,3.65611,school
6.66517,4.00536,school
6.80562,3.59072,school
6.69296,3.28621,school
6.80771,3.16072,school
6.76473,3.25793,school
6.80492,3.1926,school
6.81786,3.18696,school
6.61281,3.22777,school
6.818225,3.184795,school
6.67252,3.17624,school
6.76003,3.10723,school
6.83436,3.722,school
6.61435,3.22553,school
6.79505,3.24311,school
6.83451,3.12304,school
6.75068,3.27298,school
6.83189,3.90802,school
6.81834,3.93031,school
6.54276,3.12967,school
6.68548,3.29043,school
6.80786,3.91153,school
6.68194,3.29676,school
6.66237,3.09285,school
6.8213,3.91545,school
6.68387,3.29801,school
6.70867,3.23627,school
6.75527,3.18471,school
6.74022,3.26074,school
6.76796,3.22506,school
6.76719,3.14722,school
6.81237,3.24641,school
6.81683,3.18559,school
6.79252,3.20321,school
6.85125,3.64178,school
6.72367,3.1629,school
6.714573,3.306022,school
6.69971,3.30329,school
6.77028,3.13533,school
6.67544,3.1264,school
6.68026,3.18459,school
6.81639,3.09585,school
6.8114,3.15765,school
6.714612,3.306543,school
6.81672,3.90098,school
6.84181,3.6465,school
6.72364,3.16292,school
6.81537,3.89754,school
6.82206,3.91321,school
6.80301,3.1949,school
6.794836,3.122364,school
6.81407,3.92268,school
6.67047,3.15758,school
6.68632,3.58004,school
6.580495,2.930502,school
6.84959,3.9112,school
6.84218,3.64892,school
6.822836,3.914386,school
6.81067,3.913,school
6.7941,3.94658,school
6.82548,3.90986,school
6.504417,3.101732,school
6.85635,3.64474,school
6.812573,3.926581,school
6.62298,3.14301,school
6.59138,2.9988,school
6.64452,3.17153,school
6.52875,2.99786,school
6.70572,3.24412,school
6.5341,3.02369,school
6.81599,3.92957,school
6.8235,3.91248,school
6.81925,3.92085,school
6.66092,3.09212,school
6.80833,3.19325,school
6.82996,3.63351,school
6.85072,3.63401,school
6.81911,3.156685,school
6.54227,2.9646,school
6.84708,3.63583,school
6.73681,3.26028,school
6.64104,3.04908,school
6.81225,3.11444,school
6.687383,3.204174,school
6.60416,3.06717,school
6.81255,3.19688,school
6.812652,3.196594,school
6.68445,3.29992,school
6.68993,3.29398,school
6.5789,3.08657,school
6.85134,3.64155,school
6.80696,3.20279,school
6.84176,3.64897,school
6.69099,3.23608,school
6.72977,3.28521,school
6.81105,3.19225,school
6.81797,3.6346,school
6.73968,3.21638,school
6.74245,3.25475,school
6.69014,3.23841,school
6.77271,3.49384,school
6.812953,3.1886,school
6.70307,3.27103,school
6.74687,3.29342,school
6.83421,3.65744,school
6.84725,3.63644,school
6.85235,3.65098,school
6.84707,3.65458,school
6.8777,3.3074,school
6.8761,3.5735,school
6.8755,3.317,school
6.8734,3.2978,school
6.872,3.5568,school
6.8564,3.6447,school
6.8529,3.5264,school
6.8524,3.651,school
6.8514,3.6561,school
6.851331,3.63014,school
6.8507,3.634,school
6.8505,3.6503,school
6.8497,3.6296,school
6.8496,3.9112,school
6.8472,3.6364,school
6.8471,3.6358,school
6.8471,3.6546,school
6.8422,3.6489,school
6.842,3.6418,school
6.842,3.6418,school
6.8418,3.6465,school
6.8418,3.649,school
6.8393,3.6331,school
6.8379,3.9332,school
6.8357,3.6589,school
6.8352,3.9367,school
6.8345,3.123,school
6.8344,3.722,school
6.8342,3.6574,school
6.8322,3.9319,school
6.8319,3.908,school
6.8315,3.9354,school
6.8313,3.5019,school
6.8312,3.6471,school
6.8311,3.647,school
6.8309,3.1952,school
6.8301,3.9191,school
6.8301,3.1979,school
6.8301,3.6479,school
6.83,3.6335,school
6.8287,3.2053,school
6.8276,3.6435,school
6.8274,3.2304,school
6.8266,3.1857,school
6.8255,3.9099,school
6.8252,3.6437,school
6.8251,3.9255,school
6.8235,3.9125,school
6.822815,3.914411,school
6.8221,3.9132,school
6.8217,3.9258,school
6.8213,3.9154,school
6.8208,3.9268,school
6.8208,3.9268,school
6.8203,3.2333,school
6.8192,3.9209,school
6.818963,3.156738,school
6.819,3.9208,school
6.819,3.2712,school
6.8183,3.9303,school
6.8182,3.1848,school
6.818,3.6346,school
6.8179,3.187,school
6.8174,3.2063,school
6.8168,3.1856,school
6.8167,3.901,school
6.8165,3.2083,school
6.8164,3.0958,school
6.8164,3.9322,school
6.8162,3.1958,school
6.816,3.9296,school
6.8154,3.8975,school
6.8145,3.93,school
6.8141,3.9227,school
6.8137,3.1075,school
6.8135,3.1932,school
6.8131,3.1892,school
6.813,3.1886,school
6.812982,3.926366,school
6.81261,3.196603,school
6.8124,3.2464,school
6.8122,3.1144,school
6.8116,3.1967,school
6.8114,3.1577,school
6.8112,3.1814,school
6.811,3.1922,school
6.811,3.1922,school
6.8107,3.913,school
6.8106,3.1887,school
6.8104,3.9221,school
6.8104,3.9221,school
6.8101,3.9193,school
6.8094,3.9189,school
6.8087,3.2104,school
6.8083,3.1932,school
6.8079,3.9115,school
6.8077,3.1607,school
6.807,3.2028,school
6.8068,3.9088,school
6.8056,3.5907,school
6.8049,3.1926,school
6.803,3.1949,school
6.8026,3.2007,school
6.801,3.2005,school
6.8,3.1837,school
6.7951,3.2431,school
6.794811,3.122379,school
6.7941,3.9466,school
6.7937,3.3149,school
6.7925,3.2032,school
6.7852,3.2076,school
6.7852,3.2076,school
6.7727,3.49381,school
6.7703,3.1353,school
6.768,3.2251,school
6.7672,3.1472,school
6.7647,3.2579,school
6.762,3.3261,school
6.7605,3.2384,school
6.7604,3.5282,school
6.76,3.1072,school
6.755257,3.184707,school
6.7546,3.2297,school
6.753111,3.600681,school
6.753,3.1022,school
6.7507,3.273,school
6.7491,3.3078,school
6.7484,3.4952,school
6.7469,3.2934,school
6.7467,3.2835,school
6.7459,3.6632,school
6.7426,3.278,school
6.742499,3.254694,school
6.742114,3.263073,school
6.7402,3.2607,school
6.7397,3.2164,school
6.7368,3.2603,school
6.7348,3.4872,school
6.7342,3.9817,school
6.7325,3.8483,school
6.7297,3.5859,school
6.7284,3.3289,school
6.726,3.2199,school
6.7257,3.9992,school
6.7257,3.1953,school
6.7253,3.3484,school
6.724,3.2189,school
6.7238,3.3417,school
6.7237,3.1629,school
6.7236,3.1629,school
6.722676,3.498976,school
6.7221,3.2881,school
6.7165,3.2976,school
6.7164,3.2978,school
6.7162,3.353743,school
6.714444,3.30624,school
6.7144,3.3063,school
6.7136,3.9621,school
6.7126,3.2877,school
6.7124,3.1966,school
6.7121,3.0757,school
6.7116,3.307,school
6.7115,3.2306,school
6.711504,3.265228,school
6.7111,3.3066,school
6.709,3.237,school
6.7087,3.2363,school
6.7061,3.9603,school
6.7057,3.2441,school
6.7051,3.511,school
6.7046,3.5113,school
6.7045,3.3819,school
6.7044,3.3202,school
6.7044,3.5115,school
6.7034,3.2711,school
6.7031,3.271,school
6.7022,3.3554,school
6.7018,3.3416,school
6.6997,3.3033,school
6.696131,3.238124,school
6.695543,3.237033,school
6.694808,3.236636,school
6.6947,3.0582,school
6.693,3.2862,school
6.692,3.3674,school
6.691,3.2361,school
6.6901,3.2384,school
6.6899,3.294,school
6.6891,3.2294,school
6.6888,3.2294,school
6.6886,3.0224,school
6.6876,3.3317,school
6.687423,3.204204,school
6.6863,3.58,school
6.6861,3.5799,school
6.6859,3.5036,school
6.6855,3.2904,school
6.6848,3.0852,school
6.6846,3.2997,school
6.6844,3.2999,school
6.6841,3.369,school
6.6839,3.298,school
6.6836,3.2353,school
6.6833,3.2373,school
6.6829,3.3044,school
6.6829,3.3214,school
6.6829,3.3214,school
6.6821,3.2296,school
6.6819,3.2968,school
6.6816,3.3521,school
6.6815,3.229,school
6.6803,3.1846,school
6.6798,3.3688,school
6.678704,3.133608,school
6.678704,3.134508,school
6.6778,3.0364,school
6.676118,3.223476,school
6.6754,3.1264,school
6.6753,3.1262,school
6.6742,3.0575,school
6.6725,3.1762,school
6.6717,3.0445,school
6.6714,3.0581,school
6.6708,3.0904,school
6.6705,3.1576,school
6.6692,3.3744,school
6.6682,3.1293,school
6.6652,4.0054,school
6.6633,3.36,school
6.6624,3.0928,school
6.6616,3.182454,school
6.6611,3.182254,school
6.6609,3.0921,school
6.6566,3.0914,school
6.6508,2.9833,school
6.6505,3.0612,school
6.649,3.3701,school
6.6445,3.1715,school
6.6437,2.9416,school
6.6419,3.0877,school
6.641,3.0491,school
6.6409,3.0525,school
6.6381,2.9692,school
6.6378,3.207,school
6.6375,3.1556,school
6.6371,3.3857,school
6.6348,3.1117,school
6.623,3.143,school
6.6175,3.0873,school
6.6161,3.1042,school
6.6143,3.2255,school
6.6128,3.2278,school
6.61,3.1181,school
6.6093,2.9937,school
6.6042,3.0672,school
6.6034,3.1963,school
6.5959,2.9543,school
6.5944,2.935,school
6.5923,2.9417,school
6.5919,2.939,school
6.5916,2.9422,school
6.5915,2.9448,school
6.5914,2.9988,school
6.591,3.0686,school
6.5889,2.9424,school
6.5884,2.9314,school
6.5861,3.0747,school
6.583815,3.19182,school
6.5834,3.0237,school
6.5811,3.0479,school
6.5804,2.9306,school
6.5789,3.0866,school
6.5734,3.1502,school
6.5622,2.9429,school
6.5607,2.9605,school
6.5592,2.9286,school
6.5531,3.1304,school
6.5518,3.0445,school
6.5476,2.9483,school
6.5428,3.1297,school
6.5423,2.9646,school
6.541,3.0119,school
6.5408,3.0864,school
6.538477,3.064076,school
6.536185,3.067499,school
6.5354,2.8984,school
6.534079,3.132572,school
6.5341,3.0237,school
6.5305,3.1365,school
6.5288,3.1342,school
6.528645,2.998428,school
6.5273,2.9267,school
6.5264,3.142,school
6.5233,3.1401,school
6.5212,3.0608,school
6.517477,3.198612,school
6.504784,3.101992,school
6.59631,3.16493,school
6.7542,3.64758,school
6.8456,3.64784,school
6.5177,3.16887,school
6.75747,3.52776,school
6.69807,3.54724,school
6.85033,3.6344,school
6.70332,3.38315,school
6.69584,3.17539,school
6.73583,3.53417,school
6.84302,3.63841,school
6.73124,3.12397,school
6.71622,3.20258,school
6.73677,3.18616,school
6.84802,3.65248,school
6.504376,3.101495,school
6.580243,2.93082,school
6.5288,2.9979,school
6.6747,2.9831,school
6.44431,3.512497,school
6.8734,3.2978,school
6.8524,3.651,school
6.8514,3.6561,school
6.8345,3.123,school
6.8342,3.6574,school
6.8319,3.908,school
6.8315,3.9354,school
6.8165,3.2083,school
6.816,3.9296,school
6.8127,3.1968,school
6.7937,3.3149,school
6.683293,3.018268,school
6.731053,3.123932,school
6.75415,3.5506,school
6.81312,3.9288,school
6.74415,4.0031,school
6.812705,3.926865,school
6.684569,3.361946,school
6.4584,7.525122,school
6.457157,7.525215,school
6.459673,7.536035,school
6.460355,7.531242,school
6.432565,7.502852,school
6.434024,7.506589,school
6.488893,7.499479,school
6.487405,7.591169,school
6.461755,7.586601,school
6.503733,7.569231,university
6.455309,7.557867,school
6.428903,7.517448,school
6.414104,7.512851,school
8.977335,7.55845,school
7.792137,6.731998,university
7.680877,6.421942,university
7.656645,6.360058,college
7.611632,6.262983,college
7.955431,3.615423,school
11.828096,13.108769,school
11.727989,11.959721,college
13.619753,5.824262,childcare
6.626051,3.500598,school
9.022538,7.457403,school
8.994816,7.424255,school
8.99358,7.421978,school
8.992287,7.423129,school
4.861168,7.044973,school
4.385636,7.18122,school
7.394407,3.942365,college
4.744223,7.202887,school
12.498432,4.652439,school
12.500338,4.646024,school
6.436224,3.489854,kindergarten
9.955963,8.854843,school
9.953979,8.854222,school
8.318554,4.735253,school
6.796695,9.209874,school
5.513839,5.747775,school
5.51193,5.76374,school
5.50773,5.762331,college
4.733914,7.311089,school
5.50748,5.762391,school
4.859416,7.113528,school
6.828489,6.595718,school
6.788465,6.60516,school
8.743192,4.141494,school
9.966926,8.879771,school
9.965542,8.878779,school
9.93061,8.87634,school
9.973773,8.852562,school
9.971157,8.85899,school
7.783639,4.490433,school
7.781503,4.490572,school
7.779619,4.488514,school
7.779918,4.487633,school
7.783579,4.485513,school
7.783365,4.486777,school
7.784666,4.486098,school
7.126147,3.32685,school
7.128189,3.328791,school
7.131995,3.333305,school
7.780751,4.502562,school
7.283135,3.723078,school
7.285253,3.721458,school
7.245785,3.660125,school
6.821002,2.763828,school
6.911584,4.51304,school
6.871327,4.488455,school
6.868838,4.491948,school
6.868423,4.488261,school
6.921714,4.386977,school
6.853984,4.529996,school
6.856022,4.52769,school
6.988024,4.44892,school
6.98811,4.448971,school
6.989284,4.453477,school
6.989801,4.448689,school
6.922971,4.385328,school
6.968348,4.535204,school
6.987423,4.490098,school
6.985442,4.489668,school
6.794343,2.747566,school
6.476019,2.858534,school
5.855272,7.324949,school
5.863794,7.326991,school
5.858879,7.326883,school
5.86676,7.325983,school
5.852118,7.321432,school
5.876211,7.332126,school
5.875969,7.334015,school
5.847647,7.261516,school
5.844683,7.259429,school
5.423241,6.774033,school
5.426959,6.773578,school
8.831406,7.571229,school
8.829345,7.567856,school
8.829663,7.566928,school
7.404808,3.889035,school
12.271783,8.920944,school
11.929998,9.717792,school
11.94897,9.805123,school
11.949035,9.805339,school
11.559242,9.454432,school
11.558777,9.45447,school
11.97721,9.381533,school
11.992856,9.489962,school
11.993001,9.490487,school
11.959846,9.445707,school
11.960164,9.446004,school
11.916285,9.385025,school
12.40831,8.990155,school
12.578844,9.074023,school
12.574447,9.072543,school
12.789478,9.198481,school
12.78978,9.198367,school
12.548733,8.994417,school
12.483098,8.958462,school
12.800655,9.251154,school
12.564646,9.178797,school
12.806713,9.300859,school
12.5746,9.070154,school
12.781109,9.147664,school
12.781213,9.1479,school
5.319308,6.823255,school
5.319539,6.823304,school
5.320053,6.82294,school
5.321586,6.824242,school
5.317363,6.82137,school
5.326553,6.821599,school
5.31837,6.822836,school
5.313235,6.827138,school
5.312317,6.831384,school
12.327539,8.94662,school
12.326321,8.953868,school
12.364946,8.948923,school
12.364698,8.979132,school
12.365897,8.913412,school
12.365486,8.913125,school
12.364461,8.916865,school
12.366035,8.91424,school
12.587128,8.83875,school
12.3453,8.861289,school
12.345686,8.861655,school
12.647122,8.734006,school
12.647068,8.731623,school
12.653821,8.705836,school
12.6656,8.802492,school
12.721655,10.544636,school
12.721172,10.544124,school
12.696582,10.506329,school
12.665644,8.800177,school
12.666994,8.802961,school
12.720657,10.545975,school
12.901542,10.003511,school
12.902932,10.003963,school
12.92996,9.970987,school
12.949144,9.974489,school
12.968731,10.017839,school
10.957202,10.157949,school
10.959085,10.16,school
10.967441,10.14861,school
10.969454,10.151231,school
10.97021,10.151334,school
11.01985,10.079177,school
11.075487,10.162372,school
11.07254,10.162722,school
11.073614,10.164665,school
11.343063,9.386764,school
11.340932,9.383276,school
11.342132,9.382663,school
11.341312,9.382694,school
11.34103,9.381286,school
11.340298,9.380975,school
11.342046,9.381446,school
11.342663,9.384803,school
11.326373,9.463202,school
11.326398,9.463475,school
11.325447,9.464003,school
11.326489,9.464651,school
11.559206,9.454877,school
11.362276,9.442306,school
11.36181,9.438613,school
11.362704,9.441404,school
11.363627,9.443284,school
11.959847,9.44964,school
11.988598,9.490711,school
11.990161,9.491632,school
11.912078,9.351448,school
11.910672,9.351329,school
11.911406,9.352225,school
11.948889,9.807421,school
11.948421,9.805927,school
11.927831,9.718244,school
12.574378,9.072345,school
12.808773,9.301192,school
12.566277,9.178625,school
12.801635,9.251655,school
12.780007,9.145575,school
12.79096,9.19818,school
12.48145,8.959878,school
12.482192,8.959868,school
6.581349,4.977242,school
6.92705,4.791989,school
6.930159,4.794664,school
6.894509,4.786531,school
6.965489,4.720611,school
6.966469,4.714823,school
6.965507,4.720625,school
6.982529,5.103044,school
7.354497,4.941472,school
6.965644,4.714553,school
6.812591,4.51485,school
6.812509,4.515273,school
6.77106,4.458012,school
6.924912,4.793342,school
6.770357,4.454444,school
6.769264,4.454203,school
6.770592,4.455178,school
6.937398,4.777728,school
6.935915,4.779668,school
6.813927,4.518972,school
6.809505,4.51668,school
6.828771,4.551008,school
6.828905,4.55885,school
6.82893,4.550143,school
6.829119,4.549733,school
6.618732,5.015506,school
6.624706,5.015283,school
6.621907,5.015433,school
6.624391,5.018957,school
6.624048,5.020114,school
6.62722,5.015623,school
6.621869,5.019128,school
6.626456,5.017588,school
6.816737,5.120955,school
6.636965,4.966829,school
6.640985,4.969364,school
6.640969,4.96907,school
6.633082,4.972142,school
6.826703,5.120966,school
6.820041,5.11972,school
6.822685,5.119777,school
6.824975,5.120604,school
7.298298,4.91609,school
7.006772,5.016985,school
7.003677,5.015758,school
7.359049,4.944872,school
7.355107,4.941392,school
6.78019,4.48183,school
6.780913,4.481604,school
6.776782,4.479718,school
6.779175,4.48157,school
7.301914,4.911717,school
7.295434,4.911433,school
7.303169,4.911631,school
6.915385,4.642633,school
6.914641,4.643674,school
8.162596,4.069043,school
8.236753,4.071946,school
8.232772,4.073488,school
8.23342,4.071882,kindergarten
7.699087,3.652523,school
8.193679,4.010748,school
8.1941,4.010186,school
8.350884,4.081946,school
8.236054,4.072284,school
8.232141,4.074411,school
8.324122,4.054456,school
8.323743,4.055982,school
8.324549,4.053413,school
8.164739,4.066526,school
8.149872,4.00297,school
8.157981,4.001561,school
8.189735,4.014017,school
8.188277,4.012484,school
8.191106,4.013996,school
8.162273,4.005729,school
8.156396,4.001713,school
8.150987,4.005257,school
8.454885,4.242295,school
7.60701,3.709248,school
7.60893,3.708632,school
8.252292,4.080133,school
8.255616,4.081299,school
7.595914,3.732126,school
8.82498,3.412486,school
8.424125,4.132686,school
8.391961,4.070081,school
7.602618,3.597935,school
8.421723,4.1311,school
8.241343,4.00805,school
8.454498,4.242571,school
8.461655,4.241543,school
8.428862,4.267037,school
8.431441,4.265279,school
8.428447,4.267123,school
8.226551,3.977818,school
8.285928,4.107987,school
8.280176,4.079663,school
8.240477,4.00584,school
7.852404,3.188077,school
8.282775,2.998063,school
8.2808,2.995688,school
7.850222,3.225634,school
7.876396,3.150326,school
7.879829,3.14748,school
7.881803,3.145977,school
8.280542,2.998851,school
8.677019,3.136754,school
8.305429,3.028529,school
8.303909,3.029308,kindergarten
7.844029,3.226595,school
7.828601,3.220075,school
7.841531,3.222018,school
7.837843,3.224209,school
7.8317,3.224658,school
7.794086,3.122037,school
7.791809,3.121505,school
7.772916,3.207101,school
7.735459,3.099228,school
7.732538,3.101387,school
8.796181,3.161588,school
8.629744,3.039046,school
8.058731,2.964318,school
8.56818,2.87332,school
8.570623,2.918649,school
8.734503,3.299538,school
8.559752,2.765793,school
8.56263,2.759736,school
11.498032,8.02275,school
8.626957,3.039622,school
8.491437,3.537682,school
8.489209,3.541599,school
11.497154,8.046303,school
11.49851,8.045224,school
11.495688,8.046837,school
11.498234,8.0431,school
12.442633,8.708972,school
12.444012,8.70817,school
11.485768,8.066527,school
11.486265,8.066542,school
11.486482,8.06553,school
12.292461,8.732356,school
11.539947,8.074651,school
11.343356,8.760747,school
11.498976,8.044203,school
11.498213,8.045799,school
11.496917,8.045696,school
11.499124,8.046124,school
12.429736,8.677346,school
11.540344,8.076093,school
11.538418,8.071481,school
11.539466,8.073192,school
11.538272,8.071531,school
12.516399,8.630908,school
12.516751,8.630519,school
12.515472,8.632226,school
12.515429,8.631364,school
12.398262,8.707963,school
12.19849,8.766332,school
12.198818,8.765344,school
11.29082,8.740521,school
11.213545,8.765861,school
11.209727,8.765048,school
11.351605,8.572026,school
11.280224,8.73249,school
11.211293,8.764824,school
11.212985,8.766441,school
11.250834,8.80953,school
11.248506,8.808912,school
11.250725,8.80959,school
11.360936,8.792516,school
11.360519,8.789713,school
11.366302,8.593043,school
11.366601,8.601367,school
4.685023,7.56158,school
4.763517,7.558499,school
4.755605,7.581659,school
4.764864,7.588715,school
4.689338,7.584134,school
5.44708,6.417054,school
5.482118,7.714524,school
5.483049,7.71518,school
5.482563,7.714645,kindergarten
4.765833,7.555032,kindergarten
5.985187,6.608651,school
5.459858,6.419517,kindergarten
5.981877,6.609382,school
5.978425,6.609187,school
5.459706,6.431695,school
5.464134,6.412712,school
5.461665,6.415858,school
5.819264,6.531804,school
5.818068,6.533989,school
4.682823,6.11782,school
5.50014,6.483483,school
4.703133,5.999213,school
4.703247,5.998397,school
4.710308,5.999897,school
4.706362,6.089261,school
4.697115,6.087441,school
4.697712,6.08768,school
5.315077,6.454066,school
5.313927,6.454399,school
4.701212,6.028625,school
4.701207,6.029846,school
4.700964,6.029439,kindergarten
4.701325,6.028628,school
4.70383,6.027593,school
4.761295,6.230092,school
4.761885,6.230986,kindergarten
4.818239,6.159142,school
4.817118,6.160285,school
4.819418,6.153618,school
4.817295,6.16213,school
4.820466,6.164137,school
4.817909,6.158439,school
4.81539,6.160669,school
4.829993,6.11486,school
4.830398,6.114215,school
5.026937,6.064673,school
4.922372,6.059389,school
4.8804,6.126723,school
4.878807,6.122436,school
4.881319,6.125958,school
4.878613,6.122286,school
5.027355,6.06555,school
4.761845,6.230842,school
5.314679,6.470636,school
5.314084,6.469572,school
4.805982,6.079386,school
4.811093,6.081624,school
4.809862,6.080509,school
4.811172,6.081566,school
4.800457,6.078906,school
4.801534,6.078255,school
4.805838,6.079375,school
5.241149,6.542374,school
5.240774,6.54236,school
5.238345,6.532169,school
4.741364,6.132529,school
4.743035,6.126572,school
4.741462,6.127996,school
4.743345,6.126985,school
4.742252,6.132937,school
4.712917,6.141429,school
4.713723,6.142077,school
5.308669,6.439681,school
5.307943,6.438973,school
5.239547,6.53705,kindergarten
5.239276,6.537028,school
5.237078,6.53118,school
5.237979,6.532791,school
5.238112,6.532979,school
5.241948,6.532025,school
4.749641,6.007902,school
4.75181,6.010303,school
4.754077,6.011593,school
4.744483,6.008998,school
4.748216,6.008251,school
4.744527,6.009805,school
6.262676,9.05005,school
6.266331,9.046135,school
5.513397,8.290312,school
5.51755,8.289837,school
6.131017,8.408841,school
5.639156,8.196683,school
5.63914,8.201739,school
5.568832,8.265967,kindergarten
5.570895,8.267776,school
5.564914,8.266662,school
6.74118,8.680085,school
6.739457,8.676711,school
5.639223,8.192868,school
6.331784,9.009887,kindergarten
6.332451,9.009379,school
6.332993,9.010679,school
6.328683,9.009235,school
6.329254,9.006545,school
5.602734,8.82297,school
6.732308,8.612173,school
5.867973,8.427569,school
5.899218,8.366396,school
5.888342,8.363484,school
6.837378,8.682756,school
6.069008,8.4774,school
6.72791,8.628184,school
6.726957,8.626447,school
5.867434,8.427335,school
5.862055,8.42463,school
6.847772,8.597382,school
6.848526,8.599487,school
6.253642,8.987103,school
6.256996,8.987415,school
6.789334,8.651846,kindergarten
6.792743,8.646821,school
6.786435,8.65341,kindergarten
6.44726,9.049259,school
6.450418,9.048755,school
6.276667,9.056115,school
6.351108,8.518437,school
6.245317,8.42388,school
6.249226,8.420915,school
6.245869,8.425738,school
6.265502,9.047859,school
6.262581,9.049395,kindergarten
6.256801,8.98791,school
6.362628,8.580354,school
6.3615,8.584484,school
6.279583,9.127678,school
6.87234,8.750499,school
6.738149,8.619543,school
6.745899,8.614391,kindergarten
6.34646,5.098846,school
6.346057,5.098822,school
6.866594,8.7502,school
6.863719,8.74983,school
6.8701,8.749145,school
6.762003,8.593108,school
6.760796,8.594912,kindergarten
6.739081,8.678505,school
6.773835,5.29007,school
6.773734,5.289836,school
6.735868,8.611468,school
6.437293,5.143503,school
6.436829,5.143784,school
6.266633,5.108592,school
6.806915,5.292111,school
6.644528,5.441779,school
6.392342,5.103124,school
6.392693,5.103373,school
6.391874,5.102595,school
6.394003,5.103497,school
6.393324,5.104055,school
6.346188,5.09886,kindergarten
6.249565,5.358577,school
6.250779,5.356509,school
6.266801,5.108637,kindergarten
6.665082,5.458099,school
6.178358,5.160607,school
6.172152,5.163038,school
6.172639,5.269745,school
6.825136,5.312879,school
5.119487,6.542313,school
5.086675,6.539199,school
5.070102,6.528267,school
5.109689,6.503822,school
5.104205,6.504545,school
5.188499,6.555645,school
4.806834,6.483069,school
4.812933,6.51193,school
4.818262,6.511799,school
4.819691,6.510953,school
4.715006,6.470325,school
4.719249,6.469477,school
4.719668,6.467865,school
4.725108,6.464617,school
4.713683,6.468217,school
4.766321,6.498471,school
4.762945,6.500468,school
4.758298,7.381975,school
4.75837,7.378296,school
4.747015,7.359614,school
4.754372,7.362189,school
4.748249,7.360265,school
4.749473,7.354833,school
4.753759,7.367153,school
4.740193,7.35605,school
4.747239,7.359978,school
4.7876,7.393578,school
4.787939,7.392495,school
4.797306,7.386375,school
4.788335,7.393631,kindergarten
4.788614,7.390471,school
4.75082,7.441219,school
4.754326,7.437328,school
4.749852,7.440934,school
4.751381,7.439728,school
6.492546,3.375777,college
6.494036,3.37599,school
8.655891,7.546544,school
8.655891,7.546646,school
8.543964,8.229155,school
8.539455,8.228957,school
8.239335,7.956074,school
8.697614,7.581178,school
8.696799,7.58369,school
8.433893,8.157525,school
8.435346,8.159202,school
8.633886,7.481483,school
8.710349,7.541125,school
8.257171,7.893529,school
8.254758,7.893263,school
8.542019,8.252332,school
8.543988,8.256402,school
9.200658,7.766181,school
9.193509,7.765863,school
9.196917,7.76405,school
9.194803,7.763947,school
9.196763,7.764147,school
8.472739,8.163684,kindergarten
8.46818,8.166361,school
8.468971,8.167694,school
8.438426,8.159539,school
8.435516,8.157535,school
8.290937,7.984068,school
9.21705,7.737684,school
9.216935,7.739094,school
8.123339,7.962032,school
8.473345,8.162383,school
8.472653,8.163923,school
8.187322,7.881517,school
8.186955,7.880824,school
8.287816,7.979891,kindergarten
8.289041,7.977127,school
8.709071,7.540257,kindergarten
8.256529,7.878921,school
8.256567,7.878698,school
8.125618,7.958561,school
8.257377,7.891407,kindergarten
8.700031,7.580798,school
8.713028,7.399939,school
8.727686,7.373994,school
8.726957,7.373197,school
8.727279,7.374486,school
8.721542,7.166458,school
8.943585,6.905857,school
8.666207,7.057158,school
8.666822,7.054259,kindergarten
8.670248,7.317586,school
8.865301,7.425254,school
8.921347,6.959435,school
8.739997,7.399084,school
8.770896,7.075483,school
8.790093,7.198253,school
8.626652,7.098263,school
8.627576,7.096864,school
8.735334,7.181885,school
8.697902,7.116846,school
8.69723,7.115876,kindergarten
8.683359,7.156617,school
8.81483,7.393751,school
8.742334,7.050754,school
8.68323,7.171189,school
8.67935,7.31723,school
8.683306,7.319009,school
4.883556,6.95381,school
10.291273,9.789295,school
7.619114,6.849089,school
7.619438,6.848623,school
7.522779,6.881183,school
7.616314,6.892045,school
7.517788,6.872756,school
7.595217,6.861417,school
7.589131,6.893606,school
7.58671,6.893815,school
7.568359,6.885534,school
7.525009,6.840967,school
7.524607,6.840831,kindergarten
7.526107,6.842654,school
8.549136,6.261563,school
8.557474,6.242589,school
8.557418,6.243614,kindergarten
8.490244,6.322746,school
8.490579,6.323192,school
8.558737,6.2444,school
6.82618,6.757381,school
6.639086,6.765281,school
6.828858,6.759616,school
6.835165,6.757542,school
6.828171,6.755801,school
6.816255,6.775194,school
6.708384,6.798621,school
6.706927,6.796566,school
6.713009,6.803586,school
10.311594,9.826996,school
7.938412,7.414659,school
7.222243,7.058082,school
7.252525,7.741514,school
7.194736,7.260439,school
7.195286,7.258626,school
7.195808,7.259917,school
7.738984,7.262184,school
7.178586,7.049577,school
7.300691,7.731911,school
7.29813,7.72807,school
7.992713,7.312446,school
7.999219,7.321346,school
7.998209,7.321635,school
7.998155,7.319838,kindergarten
7.207672,7.286245,school
7.932485,7.646589,school
7.934344,7.642762,school
7.748154,7.292025,school
7.740427,7.286455,school
7.807493,7.315885,school
7.805645,7.317893,school
7.798019,7.3202,school
7.263506,7.726409,school
7.969189,7.363298,school
7.315656,7.722575,school
7.286795,7.763157,school
4.866164,7.036488,school
4.926313,6.967164,school
8.898668,5.239024,school
8.88622,5.250892,school
8.95578,5.266826,school
9.392918,3.378484,school
9.495365,3.604435,school
9.494183,3.603034,school
9.835458,3.482086,kindergarten
9.837811,3.481472,school
9.525099,3.33434,school
9.412851,3.28757,school
9.485142,3.509975,school
9.485398,3.509259,school
9.495254,3.503563,school
9.484263,3.511042,school
9.483931,3.511036,school
9.363128,3.518853,school
9.522122,3.335244,school
9.522347,3.335432,school
9.668504,3.442125,school
9.006283,2.878662,school
9.180025,3.534129,kindergarten
9.182021,3.536297,school
9.188278,3.532926,school
9.319421,3.673251,school
9.11068,3.105819,school
8.971161,3.169107,school
9.103444,3.108069,school
9.080091,3.53338,school
9.244055,3.722674,school
9.319435,3.487632,school
9.011764,3.533608,school
9.012152,3.5341,school
9.018831,3.537806,school
8.954491,2.931358,school
8.952154,2.926936,school
8.84992,3.006741,school
8.848418,3.004331,kindergarten
9.046779,3.652088,kindergarten
9.045941,3.651533,school
9.050835,3.65299,school
9.060244,2.944244,school
8.992868,3.113074,school
9.057167,2.9304,school
9.086488,3.130613,school
9.086975,3.123929,school
9.085392,3.144169,school
9.899718,8.860969,school
9.897575,8.865145,school
9.898058,8.86311,school
4.867533,7.034829,school
11.390806,9.445864,school
11.39045,9.444201,school
11.426453,9.375037,school
11.675577,9.561413,school
11.674757,9.645139,school
9.058539,7.426672,school
7.730996,7.972421,school
7.731431,7.972171,school
7.846345,8.091288,school
7.541082,7.745794,school
7.75984,7.996306,school
7.759951,7.995559,kindergarten
7.746996,7.998797,school
7.742712,7.996208,school
7.868442,8.05942,school
7.868474,8.056833,school
7.774683,8.03307,school
7.297152,7.822298,school
7.869973,8.047958,school
6.993063,7.923664,kindergarten
7.793672,8.032066,school
7.793419,8.033896,school
7.799729,7.765339,school
7.91069,8.075918,school
7.912735,8.077696,school
7.911766,8.078057,school
6.98957,7.91596,school
7.630316,7.792994,school
6.992809,7.923832,school
7.546819,7.747818,school
7.547088,7.745441,kindergarten
7.747475,7.998679,school
7.748904,7.998694,school
7.740585,7.995635,school
7.688575,7.755102,school
7.682621,7.753914,school
7.682036,7.753744,school
7.866595,8.09258,school
7.867206,8.092785,school
7.564532,7.79849,school
7.56397,7.797875,school
8.003003,7.699059,school
7.628493,7.792067,school
7.80007,7.765351,school
7.793026,7.76037,school
7.867632,8.092682,school
7.092357,8.424859,school
6.752156,8.095293,school
6.868707,8.164041,school
6.869469,8.168617,school
6.73099,8.117518,school
6.847765,8.597338,school
6.848515,8.5999,school
6.859868,8.587652,school
6.860729,8.590279,kindergarten
6.829945,8.1306,school
6.973174,7.923136,school
6.773553,8.325202,school
6.795337,8.337712,school
6.794559,8.343312,school
6.79462,8.34294,school
6.954699,7.892829,school
7.154529,8.40491,school
7.154697,8.40524,kindergarten
6.822778,8.225246,school
6.970427,7.943891,school
6.969793,7.94393,school
6.803691,8.603586,school
6.802591,8.604051,school
6.75556,8.098844,school
7.124327,8.421471,school
7.122865,8.42322,school
7.121374,8.422023,school
7.124167,8.421992,school
6.876993,8.15087,school
6.970314,7.93549,school
6.96921,7.930126,school
7.154278,8.404832,school
6.803522,8.609693,school
6.802449,8.60377,school
6.802422,8.604051,kindergarten
6.803476,8.609952,school
6.773684,8.325477,school
7.514344,9.791032,school
7.567833,9.821894,kindergarten
7.151498,8.272351,school
7.664434,9.630624,school
6.849181,8.204986,school
7.151427,8.271965,school
7.152205,8.272315,kindergarten
7.569111,9.782323,school
7.56943,9.781571,school
7.567688,9.780645,school
7.711815,9.607118,school
7.710832,9.607292,school
12.129023,9.444628,school
12.131947,9.444738,school
11.670204,9.583244,school
12.13808,9.443344,school
12.138877,9.441937,school
12.142662,9.443693,school
12.142936,9.442779,school
12.14127,9.438717,school
12.143256,9.441706,school
12.282212,8.919256,school
12.279718,8.918872,school
12.229733,8.92918,school
12.226696,8.928611,school
12.220852,9.435279,school
12.223346,9.44059,school
12.220877,9.442132,school
12.28014,8.916703,school
12.281708,8.915922,school
12.283112,8.916701,school
12.282535,8.91671,school
12.281039,8.9183,school
12.633534,10.483293,school
9.347907,9.137314,school
9.435428,9.105327,school
9.503869,10.112936,kindergarten
9.467708,10.220308,school
9.482582,10.170588,school
9.482648,10.17077,school
9.287516,9.091718,school
9.487827,10.144878,school
9.466003,10.220395,school
9.478242,10.100649,school
8.538697,9.001262,school
9.499027,10.095151,school
9.495613,10.091693,school
9.497635,10.095997,school
9.499931,10.099927,school
9.625941,9.073699,school
9.627723,9.074589,school
9.626473,9.072909,school
8.643462,8.982955,school
8.643392,8.983102,school
8.635045,8.963124,school
9.434347,9.105159,school
9.423243,9.092491,school
9.431416,9.099665,school
9.427331,9.098329,school
9.42609,9.097918,school
9.676884,9.153546,school
9.680557,9.154305,school
9.678357,9.151321,school
9.661519,9.060915,school
9.662985,9.064967,school
9.664126,9.061455,school
9.679795,9.004269,school
9.673515,9.003402,school
9.673113,9.002886,school
9.673852,9.007437,school
9.676746,9.003598,school
9.673019,9.003337,school
9.500563,10.316882,school
9.533499,10.229064,school
9.53348,10.228853,kindergarten
9.533595,10.228892,school
9.390648,9.108648,school
10.011866,8.682991,school
9.675654,9.085933,school
9.676002,9.085943,school
9.309773,9.120487,school
9.309893,9.120273,school
9.307368,9.119113,school
8.552794,9.137811,school
8.55209,9.137973,school
8.549175,9.136446,school
8.55022,9.135365,school
9.123326,8.873168,kindergarten
9.123911,8.870888,school
7.694217,3.334727,school
8.331168,3.234857,school
8.475765,3.008876,school
8.514969,3.66095,school
8.344481,3.250547,school
8.340621,3.25047,school
8.435937,9.100144,school
8.435732,9.09978,school
8.435207,9.099677,school
8.435026,9.099677,school
7.938348,8.075956,school
7.947185,8.074749,school
7.965544,8.057724,school
7.967263,8.059623,school
8.524807,8.316151,school
8.397845,9.112861,school
8.431814,9.061673,school
8.431854,9.061499,kindergarten
8.431722,9.061345,school
8.431797,8.236179,school
8.432278,8.239003,school
8.431332,8.236993,school
8.432681,8.237388,school
8.432497,8.238593,school
8.692979,8.736983,school
8.631468,8.67923,school
8.692907,8.798627,school
8.692766,8.799114,school
8.690431,8.801523,school
8.691911,8.802433,school
8.69053,8.809507,school
8.694188,8.801245,school
8.693396,8.801144,school
8.688119,8.807493,school
8.691225,8.809802,school
8.680568,8.684256,kindergarten
8.678619,8.683046,school
8.679085,8.76443,school
8.680648,8.764688,school
8.677966,8.764772,school
8.746834,8.75623,school
8.145091,8.264809,school
8.146294,8.263219,school
8.745048,8.756688,school
8.765009,8.798133,school
8.760354,8.753747,school
8.754359,8.755152,kindergarten
12.558832,9.110934,school
12.559074,9.110779,school
12.000958,9.533654,school
12.611888,9.143377,school
12.612055,9.144161,school
12.641443,8.815166,school
12.417204,9.054079,school
12.417056,9.054584,school
11.843234,9.546912,school
11.842281,9.544096,school
12.069965,9.855484,school
11.844471,9.545572,school
12.631211,10.403709,school
12.630659,10.403562,school
12.632544,10.40164,school
12.308741,9.062675,school
12.338987,8.811606,school
12.00469,9.681949,school
12.004478,9.681715,school
12.006693,9.680478,school
11.537928,8.073201,school
11.371246,8.603435,school
11.339759,8.733099,school
11.353391,8.573641,school
11.351202,8.906565,school
11.349849,8.908436,school
11.333896,8.768098,school
11.334141,8.767301,school
11.366234,8.601733,school
11.292466,8.739852,school
11.292529,8.740221,school
11.278396,8.731852,school
11.279358,8.731773,school
11.278772,8.730744,school
11.278166,8.72897,school
11.278079,8.732879,school
11.278097,8.729341,school
11.287674,8.739653,school
11.365761,8.592048,school
11.365062,8.590999,school
11.358589,8.790385,school
11.359219,8.79238,school
11.358316,8.791007,school
11.358722,8.791055,school
12.743634,9.182329,school
12.746724,9.181147,school
12.74371,9.182595,school
8.012096,8.116695,school
8.014577,8.119677,school
8.004354,8.120634,school
8.015087,8.119973,school
8.015028,8.120193,kindergarten
8.006642,8.114192,school
9.140865,7.377369,school
9.140681,7.377785,school
9.140528,7.379241,school
9.140094,7.380274,school
9.14158,7.381475,school
9.141852,7.381275,school
9.143101,7.380528,school
9.1432,7.377016,school
9.14059,7.372218,school
9.138069,7.370198,school
9.13747,7.370244,school
9.149699,7.366121,school
9.138299,7.370567,school
6.257278,8.111405,school
6.235256,8.104754,school
6.251463,8.110041,school
9.206758,12.486451,school
9.207772,12.487611,school
9.206675,12.487795,school
13.289517,5.41801,school
5.521395,5.740207,college
5.537994,5.743079,college
5.527824,5.736386,school
5.53011,5.723882,college
5.528773,5.717296,college
5.511071,5.753783,school
9.016867,7.422165,school
9.018865,7.423311,school
9.018685,7.420742,school
9.017517,7.419634,school
9.968386,8.880106,school
9.967356,8.879268,school
5.522919,5.731153,school
8.950438,7.444818,school
8.950393,7.444904,school
8.941772,7.433287,school
8.939528,7.429351,school
5.523003,5.749354,college
11.169702,7.659999,school
11.182492,7.668799,school
9.961016,8.883534,university
9.965571,8.883384,university
9.966809,8.879658,school
9.965105,8.88463,university
9.965025,8.886113,university
9.944045,8.964889,school
9.978965,8.886402,university
9.977076,8.885711,university
9.873941,8.934537,school
9.871635,8.93331,school
9.972995,8.889706,university
10.67742,8.288102,school
9.963057,8.865149,school
9.963113,8.86556,school
5.369914,5.922327,school
9.656069,6.528752,university
9.920248,8.911002,school
4.908955,6.909472,school
4.886355,6.946292,school
4.826168,6.981357,school
5.071969,6.811875,school
5.067874,6.812937,school
9.925266,8.912853,school
9.925963,8.912403,school
10.284021,9.797502,college
10.278357,9.794811,university
10.259319,9.773635,school
10.292758,9.786163,school
10.300482,9.8053,school
10.313457,9.825624,university
10.313283,9.824692,school
10.319564,9.833009,school
10.320308,9.832979,school
10.320685,9.833461,school
10.311461,9.839211,school
10.310428,9.83592,school
10.308067,9.83625,school
10.291705,9.800331,school
10.310156,9.798631,school
10.267443,9.780491,school
10.330736,9.814058,school
10.329648,9.814568,school
10.334112,9.814504,school
10.324593,9.823463,school
10.319461,9.822958,school
10.336146,9.84491,college
10.338698,9.845041,school
9.516112,8.910043,school
10.284902,9.787912,school
10.287425,9.787339,school
4.872301,6.958676,school
10.28666,9.784928,school
10.291099,9.798975,school
10.272823,9.799412,school
10.288774,9.787009,school
10.27192,9.796157,college
10.280149,9.800343,school
10.278326,9.800954,school
10.319798,9.833377,college
10.276695,9.790876,school
10.278515,9.803139,school
13.286647,8.145447,school
5.350724,5.344093,school
9.934349,8.913166,school
9.912293,8.91111,school
5.384276,6.991206,university
5.385043,6.993344,university
9.901347,8.941269,school
9.903431,8.944626,school
9.907333,8.944914,college
9.910306,8.946951,school
9.908957,8.946505,school
6.470489,3.629154,school
6.471747,3.62856,school
6.470432,3.628348,school
8.109122,4.70598,school
8.111737,4.704336,school
10.3028,11.175614,school
10.293594,11.178047,school
10.306507,11.173197,school
10.30743,11.17284,school
10.307517,11.17284,school
10.307532,11.172938,school
10.307892,11.173345,school
10.306758,11.174677,school
10.306798,11.174957,school
10.314838,11.148333,school
10.301619,11.172483,school
10.293686,11.178308,school
10.295614,11.178582,school
10.295782,11.178388,school
10.295622,11.178077,school
10.300806,11.181563,school
10.306928,11.167547,school
10.307194,11.167411,school
10.307526,11.167162,school
10.307334,11.167165,school
10.307374,11.167784,school
10.271742,11.195809,school
10.29484,11.17027,school
10.294828,11.170293,school
10.29419,11.170117,school
10.294369,11.17076,school
10.290832,11.167461,school
10.292411,11.167363,school
5.360475,5.345788,school
9.909144,11.26512,school
10.303012,11.175446,college
6.689209,6.304571,kindergarten
5.527095,5.718161,kindergarten
9.821861,11.341642,school
9.827966,11.319876,school
10.306713,11.149043,school
10.299728,11.145922,school
10.305379,11.172402,school
10.305074,11.137734,college
10.277148,11.183222,school
10.276776,11.143157,school
10.304975,11.175997,school
10.306095,11.178082,school
10.305583,11.175454,school
10.305591,11.175017,school
10.304752,11.175854,school
10.305814,11.175415,school
10.270158,11.180027,kindergarten
6.714718,6.327126,kindergarten
5.522361,5.755944,kindergarten
6.437166,2.973844,school
12.548873,10.143342,school
10.303544,11.16015,school
9.936512,8.917241,school
9.935971,8.917412,school
10.305096,11.175265,school
10.305234,11.175572,school
10.304849,11.175387,school
10.305201,11.175734,school
10.305939,11.175408,school
10.284603,11.176963,school
10.276311,11.286989,school
10.288157,11.156174,school
10.288985,11.158528,school
10.303249,11.172811,school
9.911952,8.920273,school
10.307997,11.173879,school
9.913624,8.912381,school
9.492057,7.703182,school
6.32667,8.079489,school
9.928377,8.913065,school
9.926568,8.913829,school
6.4246,7.505567,school
9.925293,8.916693,school
6.309628,8.129423,school
9.920695,8.914354,school
5.516872,5.971172,school
7.293082,5.149673,school
10.702245,6.809682,school
6.668516,3.636578,university
6.670862,3.638643,university
7.824925,4.125015,school
7.834382,4.135494,school
7.822005,4.122161,school
6.890815,3.723908,university
6.888716,3.722546,school
6.890112,3.718971,school
11.815332,13.152173,school
5.71712,6.447074,school
7.42225,3.940619,college
7.439061,3.950747,school
7.291917,5.149589,school
7.302278,5.133892,school
7.301986,5.133965,school
7.302273,5.133911,school
7.302208,5.134217,school
7.301641,5.13381,school
7.302404,5.133194,school
7.30129,5.133721,school
7.302534,5.132816,school
7.301515,5.133762,school
7.301714,5.134041,school
7.301113,5.134033,school
7.301458,5.134131,school
7.300878,5.133692,school
7.304719,5.132133,university
7.288554,5.149951,school
7.286699,5.151872,college
7.286306,5.151498,college
7.296125,5.148411,school
7.295854,5.147979,school
7.294097,5.145767,school
7.295761,5.149196,school
7.296138,5.149028,school
7.296672,5.146208,childcare
7.295609,5.148906,school
7.30093,5.138242,school
7.28912,5.148282,school
7.629732,4.167499,school
7.645201,4.17136,school
7.630835,4.176507,school
7.630301,4.163907,school
7.64558,4.165657,university
7.649733,4.161187,college
7.64181,4.167042,college
7.651276,4.174241,college
7.64491,4.17755,school
7.639742,4.170549,school
7.299336,5.134929,school
7.298967,5.134976,school
9.894177,8.886279,school
7.898152,4.315523,school
10.319171,9.830804,school
6.050799,7.107266,college
9.924057,8.885822,childcare
9.923618,8.886418,school
6.539737,3.52306,school
9.913383,8.88795,school
4.938045,8.31403,school
4.933016,8.315564,school
9.967458,8.884109,university
9.965255,8.881094,university
9.979189,8.886327,university
7.452271,4.043173,school
6.521542,3.23233,school
6.520079,3.231677,school
6.522779,3.234354,school
6.521117,3.22904,school
6.525701,3.232988,school
6.521673,3.233245,school
6.521316,3.232675,school
6.525188,3.236198,school
6.527491,3.237274,school
6.522517,3.23614,school
6.522484,3.237516,school
6.524151,3.239459,school
6.524763,3.240084,school
6.525975,3.237839,school
6.531825,3.234557,school
6.530736,3.2343,school
6.533972,3.235662,school
6.530527,3.235919,school
6.534518,3.234828,school
6.53187,3.234585,school
6.534795,3.235964,school
6.535962,3.235543,school
6.530577,3.234302,school
6.532814,3.232903,school
6.53037,3.235814,school
6.529964,3.232186,school
6.524032,3.229044,school
6.524601,3.22776,school
6.523186,3.229344,school
6.522448,3.228363,school
6.530427,3.23156,school
12.047413,8.572689,school
12.05089,8.570085,school
12.048556,8.572107,school
12.049293,8.570147,school
12.049389,8.571165,school
12.04768,8.571193,school
12.047841,8.570775,school
12.050914,8.569583,school
12.048539,8.569068,school
12.04839,8.56838,school
12.04967,8.575832,school
12.049672,8.575022,school
12.048052,8.574923,school
12.049216,8.574097,school
12.045595,8.565715,school
12.045176,8.565286,school
12.044456,8.565208,school
12.044492,8.564657,school
12.049899,8.577069,school
12.043588,8.564,school
12.039625,8.565751,school
12.038249,8.568899,school
12.039169,8.570076,school
12.041786,8.567066,school
12.042983,8.566432,school
12.044625,8.571604,school
12.043634,8.571276,school
12.04436,8.570387,school
12.042961,8.567985,school
12.043415,8.567237,school
12.044184,8.565282,school
12.044437,8.565398,school
12.037418,8.567597,school
12.040797,8.571342,school
12.040879,8.5685,school
12.040926,8.568601,school
12.044314,8.564175,school
12.037004,8.566345,school
12.037795,8.567754,school
12.040532,8.569914,school
12.040182,8.569025,school
12.042357,8.569461,school
12.042529,8.5692,school
12.041595,8.567557,school
12.042473,8.564833,school
12.042995,8.565148,school
12.042897,8.56698,school
12.041976,8.571074,school
12.042187,8.570978,school
12.042048,8.571291,school
12.043103,8.572132,school
12.04391,8.571562,school
12.043541,8.570319,school
12.043342,8.569295,school
12.043582,8.563672,school
12.041825,8.564252,school
12.040352,8.564646,school
12.039238,8.564703,school
12.038759,8.564848,school
12.03685,8.564987,school
12.036307,8.564367,school
12.041325,8.563538,school
12.042026,8.562803,school
12.041096,8.562753,school
12.03724,8.564153,school
12.039102,8.564337,school
12.036019,8.56536,school
12.039516,8.564235,school
12.039134,8.563643,school
12.037624,8.563908,school
12.050352,8.579489,school
12.049783,8.580322,school
12.047299,8.567795,school
12.053948,8.577231,school
12.04074,8.564711,school
12.040023,8.564497,school
12.04422,8.562593,school
12.03534,8.564167,school
12.038635,8.56309,school
12.041521,8.562257,school
12.055335,8.581962,school
12.055323,8.581965,school
12.055295,8.581587,school
12.055975,8.581546,school
12.054925,8.580471,school
12.046101,8.566442,school
12.036557,8.56322,school
12.038032,8.562949,school
12.036534,8.564044,school
12.036275,8.564442,school
12.035364,8.564468,school
12.034371,8.563149,school
12.036236,8.563577,school
12.034257,8.561321,school
12.045899,8.570417,school
12.046472,8.570273,school
12.043172,8.572195,school
12.042325,8.572764,school
12.056992,8.583236,school
12.052392,8.578922,school
12.051745,8.574165,school
11.961998,8.478663,school
11.962714,8.477798,school
11.962644,8.477649,school
11.961282,8.465725,school
11.960608,8.467523,school
11.960154,8.467671,school
11.957401,8.470805,school
11.954756,8.471757,school
11.958567,8.470131,school
11.956972,8.470126,school
11.957934,8.469774,school
11.953573,8.470994,school
11.956562,8.471478,school
11.960619,8.466974,school
11.958576,8.472248,school
11.957191,8.476374,school
11.956077,8.473868,school
11.959821,8.472224,school
11.964485,8.468159,school
11.963181,8.467098,school
11.955246,8.470527,school
11.954462,8.471344,school
11.959553,8.475474,school
11.95955,8.474068,school
11.960411,8.472858,school
11.961122,8.473615,school
11.96261,8.475043,school
11.961835,8.474537,school
11.959674,8.475703,school
11.959642,8.474313,school
11.958787,8.477011,school
11.959926,8.477469,school
11.959113,8.478515,school
11.960194,8.478636,school
11.959532,8.473487,school
11.961269,8.479013,school
11.963102,8.479594,school
11.963068,8.479507,school
11.961406,8.475126,school
11.960722,8.477714,school
11.96071,8.477701,school
11.96437,8.479682,school
11.961662,8.467116,school
11.962221,8.466931,school
11.964648,8.469258,school
11.965756,8.469547,school
11.958629,8.472748,school
11.956579,8.470919,school
11.956546,8.471858,school
11.956566,8.47198,school
11.963214,8.467131,school
11.962432,8.467983,school
11.960711,8.470739,school
11.959132,8.470072,school
11.961727,8.467114,school
11.961953,8.466871,school
11.961158,8.468569,school
11.961208,8.470662,school
11.960389,8.470437,school
11.959802,8.470185,school
11.959667,8.470558,school
11.959116,8.471044,school
11.959382,8.471305,school
11.968882,8.47209,school
11.96669,8.473056,school
11.966069,8.47344,school
11.966228,8.475426,school
11.966903,8.478298,school
11.966533,8.467941,school
11.966879,8.468673,school
11.963421,8.476195,school
11.967765,8.469697,school
11.967806,8.47271,school
11.967405,8.474801,school
11.966275,8.4782,school
11.966489,8.479112,school
11.963493,8.476461,school
11.964341,8.477558,school
11.962081,8.476044,school
11.961622,8.475163,school
11.961231,8.474429,school
11.963854,8.475246,school
11.962148,8.476161,school
9.937278,8.911366,school
9.935608,8.91002,school
6.568236,3.379865,school
10.300457,11.171084,school
6.811178,3.111327,university
9.929828,8.879842,school
9.187025,9.878382,school
4.862746,7.066279,school
4.861624,7.067167,school
9.079905,7.469997,school
6.161852,6.778616,university
6.188217,6.724712,school
8.891892,7.262391,university
9.935772,8.919314,school
8.999079,7.419628,school
9.189241,9.893979,school
4.853117,6.271263,school
9.197504,9.892186,school
9.942861,8.874791,school
9.945075,8.87136,school
9.943516,8.872589,school
9.942872,8.874269,school
4.999325,8.359778,school
6.03745,6.927901,school
6.041015,6.894932,school
7.462229,5.43146,school
7.461672,5.432366,school
7.465389,5.425271,school
7.466401,5.425978,school
7.467089,5.426766,school
7.461815,5.430904,school
7.464561,5.419397,school
9.961769,8.933102,school
9.929705,8.917505,school
9.928852,8.908644,school
9.930064,8.908438,school
9.93039,8.917594,school
9.937777,8.916892,school
10.265734,9.796448,school
10.265405,9.796949,school
10.292397,9.783363,school
10.290132,9.780055,school
10.271902,9.802851,school
9.95083,8.811696,school
10.608128,7.439113,university
10.608819,7.441562,university
10.60853,7.441961,university
6.609269,3.387697,school
6.607512,3.388156,school
10.608951,7.442875,university
10.610696,7.442885,university
10.609812,7.440214,university
10.609342,7.442674,university
10.610539,7.440575,university
10.611682,7.439928,university
10.611761,7.441032,university
10.609438,7.441063,university
10.609445,7.441168,university
10.609453,7.441259,university
10.609459,7.441353,university
10.609974,7.443343,university
10.611214,7.443379,university
10.612096,7.441914,university
10.609137,7.442388,university
10.6088,7.441808,university
8.503616,4.538977,school
8.462649,4.585177,school
8.467828,4.610723,school
8.464562,4.601545,school
8.47328,4.553921,school
8.485345,4.571792,school
8.50783,4.552422,school
8.504057,4.596772,school
8.465234,4.494769,school
8.476443,4.533319,school
8.476681,4.566795,school
8.5142,4.582642,university
8.470553,4.61191,school
8.438948,4.595456,university
8.49419,4.616969,school
8.494176,4.50476,school
8.468097,4.540088,school
8.482952,4.551154,school
8.502954,4.572388,school
8.499322,4.575984,school
8.490931,4.583786,school
8.415021,4.603582,school
8.485362,4.54251,school
8.46997,4.584856,school
8.483321,4.505634,school
8.490567,4.522313,school
8.500862,4.584241,school
8.473923,4.554581,school
8.485919,4.57095,school
8.45764,4.612255,school
8.485045,4.563748,school
8.528625,4.592966,school
8.431987,4.572619,school
8.56253,4.558434,school
8.527832,4.58585,school
8.543344,4.634256,school
8.447638,4.599991,school
8.445239,4.527235,school
8.464689,4.589251,school
8.515534,4.577294,school
8.481014,4.612157,college
8.481243,4.552744,school
8.464901,4.601519,school
8.485593,4.590494,school
8.478103,4.623522,school
8.489754,4.538963,school
8.484895,4.597452,university
10.609306,7.444637,university
10.609631,7.445071,university
8.459203,4.57565,school
10.612569,7.442542,university
8.432521,4.595734,school
6.511976,3.391348,school
8.982167,7.492151,school
4.79302,6.320944,university
4.791952,6.321379,university
6.306864,7.537673,university
6.495525,7.532941,school
9.871118,8.849138,school
10.47907,12.1212,school
12.04473,5.74364,school
12.05153,5.74222,school
12.04518,5.74326,school
10.607929,7.441418,university
10.608135,7.441777,university
6.744861,5.404435,college
6.742202,5.405862,college
6.741841,5.406658,college
6.741252,5.405542,college
6.743903,5.405874,school
6.739744,5.403795,school
6.744679,5.403293,college
6.741051,5.410115,school
6.740634,5.405661,college
6.740495,5.404701,college
6.742838,5.40339,school
6.744316,5.403191,school
6.251847,7.115123,university
12.940799,13.675667,school
7.56772,4.889705,school
10.305041,9.787884,college
10.293991,9.787406,school
6.412143,2.938383,school
10.50897,7.442566,college
10.524519,7.408266,school
10.54894,7.463611,school
10.50415,7.429034,school
6.384264,5.630047,college
6.384901,5.630759,college
6.384587,5.630423,college
6.38373,5.63033,college
6.383964,5.630736,college
6.383234,5.630988,college
6.38394,5.631209,college
6.383512,5.630703,college
6.383607,5.631434,college
6.350931,5.615283,school
6.346812,5.598711,school
6.337006,5.605739,school
6.384244,5.633951,school
6.383777,5.633599,school
6.38378,5.635678,school
6.32719,5.620587,college
6.329951,5.614551,school
6.356564,5.579654,school
6.340289,5.602661,school
6.311576,5.608662,kindergarten
6.325224,5.613802,school
6.345747,5.607188,school
6.337311,5.605984,school
6.336866,5.605969,school
6.341597,5.601022,school
6.341696,5.600341,school
6.341369,5.600791,school
6.341389,5.600507,school
6.34621,5.598431,school
6.329401,5.614612,school
6.339666,5.608422,school
6.339669,5.608702,school
6.339144,5.601821,school
6.339001,5.602156,school
6.338882,5.601462,school
6.309414,5.604505,school
6.332168,5.617811,school
6.359644,5.627515,school
6.345731,5.630072,school
6.339647,5.629907,school
6.339624,5.63022,school
6.338212,5.627123,school
6.350018,5.616767,school
6.349772,5.615311,school
6.353523,5.614267,school
6.375035,5.629955,school
6.37414,5.632861,school
6.328943,5.632835,school
6.31415,5.591058,school
6.314256,5.591224,school
6.311442,5.608789,school
7.444333,3.899289,university
7.444119,3.899104,university
7.444529,3.898911,university
7.444823,3.897797,university
7.444609,3.899168,university
6.324592,5.589168,college
6.328999,5.604191,school
6.324617,5.588767,college
6.323042,5.599954,school
6.447002,3.411527,college
11.99153,8.531416,university
11.133452,7.687781,school
9.967878,8.879617,university
9.949963,8.889809,university
9.088783,7.504009,school
9.088552,7.503841,school
12.015023,8.506137,university
12.019392,8.505537,school
6.380882,5.631277,kindergarten
6.369611,5.636011,school
6.380585,5.63302,school
6.383262,5.633817,school
6.37649,5.638224,school
6.358788,5.627556,school
6.364097,5.63033,school
6.377843,5.631196,school
6.355011,5.582634,school
6.361308,5.582763,school
6.35371,5.575261,school
6.35507,5.583168,school
6.355361,5.573283,school
6.361752,5.583256,school
6.363611,5.628297,school
9.340739,9.391761,school
8.277352,4.798589,school
6.348814,5.611547,college
6.348601,5.610973,college
6.678679,9.172493,college
10.260702,11.17113,school
11.98871,8.513846,school
11.988145,8.513061,school
7.989419,5.990426,school
9.88366,8.874906,school
11.152485,7.655949,university
11.816125,13.184924,school
11.95836,8.54476,school
11.965385,8.53943,school
6.251915,5.731081,school
11.973356,8.429039,university
11.973223,8.428001,university
11.973165,8.427121,university
11.974552,8.424762,university
11.973818,8.428748,university
11.972873,8.423652,school
11.975485,8.422383,school
11.969718,8.425612,university
11.965781,8.427324,school
11.974263,8.428897,university
11.971375,8.43006,university
11.973755,8.429699,university
11.97164,8.429996,university
11.972776,8.430308,university
11.973006,8.430491,university
11.967542,8.427032,university
11.968216,8.428535,university
11.968213,8.428817,university
11.97484,8.430245,university
11.97538,8.429832,university
11.975243,8.429248,university
11.975575,8.429944,university
11.975855,8.429573,university
11.975514,8.430502,university
11.966027,8.428476,school
11.970679,8.427466,university
12.01898,8.538335,school
12.019043,8.538205,school
11.974236,8.520515,school
12.052514,8.472651,school
11.994353,8.557744,school
11.994189,8.557216,school
11.981383,8.478401,university
12.033095,8.536007,school
12.033009,8.536084,school
12.030877,8.534214,school
12.032565,8.535181,school
12.030158,8.534838,school
12.030264,8.535007,school
12.030504,8.535104,school
12.030378,8.535214,school
12.028702,8.53083,school
12.028693,8.531096,school
12.028557,8.531085,school
7.377786,3.831471,school
8.886467,7.605936,school
7.36402,3.91954,school
11.686511,10.181388,school
11.678984,10.21372,university
13.697381,13.308901,school
13.679407,13.29415,school
13.555835,13.138484,school
11.899062,4.391285,school
13.096257,12.486052,school
13.094506,13.820018,college
13.11658,13.859886,school
12.859812,13.84671,school
12.716895,13.68996,school
9.546625,8.881365,school
9.538273,8.890829,school
13.296017,11.591566,school
13.134236,7.204658,school
13.131603,7.205345,school
13.191438,11.990308,school
7.719064,4.490416,school
12.482246,14.178782,school
12.492433,14.18576,school
12.424722,13.936002,school
10.303449,11.173381,university
12.378527,14.205356,school
7.751734,4.56839,university
13.619469,13.343386,school
10.599849,13.283224,school
12.763183,14.147237,school
11.525206,13.906363,school
12.072877,14.116853,school
10.315927,9.879685,school
9.698659,10.19102,school
11.86681,5.998704,school
9.289079,7.415482,university
12.433156,13.691383,school
7.448428,3.897924,university
7.448455,3.897936,university
7.447952,3.89536,university
7.448188,3.895384,university
7.447806,3.895218,university
7.448111,3.895099,university
7.447577,3.895235,university
7.444506,3.899022,university
7.444336,3.898964,university
7.431562,3.896145,school
13.442013,12.819946,school
13.118451,12.107939,school
9.092112,8.549997,school
7.777223,4.510309,school
11.967445,8.531534,school
7.743987,4.546385,university
6.462095,3.695415,school
11.950118,8.539441,school
6.61714,3.961837,school
10.620686,12.169389,school
5.876417,7.09301,school
5.869942,7.076014,school
5.856449,7.103453,school
5.850896,7.094177,school
5.885799,7.102889,school
10.210093,13.286158,school
10.192521,13.322909,school
10.195917,13.307811,school
12.341518,14.185425,school
11.805144,8.85315,university
12.47284,7.486001,university
10.306842,11.165905,university
7.178391,8.120658,school
8.718925,4.478739,university
12.840015,9.191469,school
13.341786,7.923458,school
13.342001,7.896007,school
13.347452,11.592786,school
13.347851,11.593003,school
13.314528,11.667147,school
13.556426,13.137967,school
9.532079,6.447614,university
10.634833,4.405198,school
9.047523,7.487112,college
9.194804,12.499165,university
8.151855,4.252749,university
13.01708,5.201388,university
6.429106,3.350164,school
11.845532,13.00095,university
10.539168,4.463025,school
10.590193,4.47729,school
12.923342,7.592033,university
11.978861,8.494814,university
9.05339,7.416012,school
8.997116,7.425763,school
6.889883,3.723133,university
13.376749,11.01158,school
13.292876,12.596359,school
13.293262,12.592387,school
6.670387,3.159842,university
12.643439,8.964959,school
7.942914,4.764497,school
7.943201,4.766267,school
7.35204,4.177992,school
11.86551,13.239795,school
10.441173,7.425617,school
10.473927,7.422216,school
6.433243,3.449116,school
10.219643,11.37609,school
10.579213,7.466938,school
10.506858,7.432558,university
10.505225,7.43442,school
6.243632,6.961965,school
6.243607,6.961659,school
10.524215,7.41391,university
6.089159,6.932208,school
6.415037,5.688169,school
6.86054,7.405089,school
10.541997,7.463588,school
10.541034,7.464882,school
10.534913,7.469718,school
10.548243,7.467034,school
10.53595,7.455035,school
6.529585,3.333847,university
7.989928,3.372994,school
7.992375,3.374496,school
7.998197,3.374916,school
11.158096,3.730393,school
4.893821,6.916075,university
6.453135,3.43674,school
4.825132,7.049294,school
6.439184,3.406707,school
11.728829,11.095666,school
4.79723,7.03449,school
7.02248,3.489346,school
8.986927,7.354966,school
6.532784,3.387511,school
4.910779,6.909984,school
11.110391,7.7344,school
6.438507,3.427154,university
6.436859,3.434454,school
6.426432,3.436164,school
6.427624,3.435214,school
6.587926,3.352287,school
6.436151,3.426349,college
6.433348,3.413487,college
6.434231,3.413292,school
6.516406,3.39434,university
6.466147,3.588027,school
6.473058,3.603138,college
4.883202,6.941468,school
6.447449,3.450051,school
6.460732,3.446503,school
6.589487,3.34993,school
6.597778,3.339977,school
8.944195,7.549713,school
6.440048,3.47187,school
6.444987,3.46554,school
6.438928,3.474987,childcare
6.895593,2.98233,university
6.434779,3.467504,school
9.088469,5.985368,school
6.444119,3.47153,school
6.445336,3.471247,school
6.44704,3.470407,school
6.428743,3.465753,school
4.876978,6.913365,school
4.884412,6.904242,school
6.572355,3.941002,school
6.444208,3.437034,school
6.444115,3.436168,school
9.877557,8.877564,school
9.868461,8.88714,school
9.049009,7.510568,school
6.463805,3.453805,school
6.456556,3.42714,school
6.45129,3.445252,school
8.847398,6.310485,school
7.293905,5.149152,school
11.822209,13.16067,kindergarten
11.83329,13.141238,university
11.832768,13.112327,college
11.835646,13.119383,school
11.836658,13.12679,university
11.837174,13.131924,university
11.83523,13.138531,school
11.831735,13.120654,school
11.829632,13.152763,school
11.832063,13.156341,school
11.827958,13.16682,school
11.826613,13.17144,school
5.838959,6.858571,school
5.770248,6.835658,school
13.273894,4.516357,school
7.447044,4.030627,school
7.453754,4.057593,school
7.453245,4.03663,school
8.481168,4.505261,university
6.473398,3.19913,university
6.434215,3.409295,university
13.004318,7.630466,school
12.977654,7.600023,school
12.889474,7.580456,university
12.977899,7.586059,school
7.522813,4.533869,school
7.523646,4.535687,childcare
6.427338,3.445815,school
9.634434,6.530688,school
6.551803,3.364208,school
7.887213,5.171602,university
5.903497,7.126044,school
6.604791,3.375606,school
6.574303,3.350982,school
7.516367,4.529891,college
4.924736,6.922102,school
7.511597,4.545704,school
7.485764,3.91312,school
6.436327,3.438537,school
5.091025,7.347821,school
6.165457,8.297941,school
4.740388,6.857084,college
8.581657,6.292582,school
8.583839,6.430949,school
5.055452,6.72503,school
8.633504,6.215051,school
5.057011,6.727733,school
8.536389,6.238406,school
8.544025,6.238194,school
12.878609,10.466456,college
5.530645,5.723443,college
5.560957,5.770059,school
5.556804,5.773216,school
5.557345,5.776777,school
5.558367,5.768248,school
5.542647,5.731293,school
5.530906,5.733146,school
5.540427,5.747993,school
5.532864,5.779029,school
5.51062,5.76435,school
5.537866,5.743043,school
5.02418,8.339186,school
5.041949,7.924966,university
5.041849,7.919581,university
5.037938,7.978753,university
4.80323,8.254406,university
9.021719,7.408702,university
4.893136,6.916828,university
9.48616,8.162505,school
4.910741,6.912667,school
4.909277,6.914567,university
4.902255,6.909655,kindergarten
9.34467,12.502224,university
9.246462,12.46527,school
5.823955,7.394813,university
5.849612,7.428423,university
6.518594,3.374121,college
12.143205,8.382142,school
6.551604,3.538917,school
6.588703,3.522246,school
11.824388,13.108053,school
8.502863,4.509093,school
6.849681,4.213256,college
6.84716,4.211644,school
5.559974,7.467691,school
5.542764,7.500247,school
5.543728,7.4992,school
6.787224,4.280839,school
6.784909,4.275274,school
6.785166,4.276901,school
6.786119,4.282191,school
7.899822,4.317163,school
7.907908,4.316373,school
7.90871,4.317509,school
7.909335,4.319779,school
7.885033,4.317653,school
7.888057,4.316811,school
7.887972,4.315801,school
7.886069,4.315951,school
7.887376,4.31695,school
7.908302,4.31862,school
7.894395,4.320561,school
6.591,3.34587,school
7.223164,3.441452,university
6.67379,3.269153,school
6.549249,3.35182,university
6.602165,3.242424,university
6.565596,3.288696,school
6.553655,3.388427,school
6.535136,3.389911,school
6.531366,3.38726,school
6.247023,7.121148,university
7.302542,5.133984,university
4.736989,7.226426,college
4.71859,7.206728,school
11.445923,3.476165,school
4.744038,7.20281,school
4.750612,7.201365,school
4.741915,7.215121,school
4.741637,7.21935,school
4.740309,7.224973,school
4.729851,7.229986,school
4.746595,7.232003,school
4.707403,7.229251,school
4.701797,7.226767,school
4.759659,7.070659,school
12.009566,8.552235,school
11.672843,3.573996,school
4.753195,7.182211,school
4.458189,7.337828,school
10.64161,3.874897,school
4.72734,7.240231,school
4.719544,7.250211,school
8.144154,4.244976,college
8.156282,4.231984,college
4.627918,7.273742,school
10.277139,3.672861,school
4.47156,7.578238,school
4.484119,7.567369,school
4.768791,7.152239,university
4.483191,7.414914,school
4.485398,7.405777,school
4.483166,7.397748,school
4.546633,7.46994,school
4.509775,7.539082,school
4.492901,7.533514,school
4.496896,7.542243,school
6.629813,3.376658,school
6.637502,3.372613,school
6.600359,3.394678,school
6.593469,3.396728,school
6.515264,3.277639,school
6.522527,3.291028,school
6.606353,3.2813,school
6.52184,3.383937,university
6.527767,3.376324,school
6.450987,3.275388,school
6.61784,3.37974,school
4.480994,7.434951,school
4.564727,7.487959,school
6.553721,3.266795,school
9.200761,7.624851,school
6.545132,3.265549,school
6.553214,3.24932,school
6.550656,3.247455,school
9.192573,7.627277,school
9.173141,7.687892,school
9.172148,7.679985,school
6.528185,3.371346,school
6.527347,3.372915,school
6.527574,3.373553,school
6.528795,3.373086,school
6.491612,3.135604,school
6.618392,3.3289,school
6.579903,3.383014,school
6.553116,3.339656,school
6.553728,3.474665,school
6.557062,3.475228,school
6.563808,3.478023,school
6.606129,3.497546,school
6.619873,3.501616,school
6.618526,3.501338,school
6.584092,3.588911,school
6.602472,3.588037,school
6.608912,3.581931,school
6.570025,3.592446,school
6.538728,3.550329,school
6.575411,3.372649,school
6.553297,3.343252,school
6.55976,3.346312,school
6.557193,3.345955,school
6.553451,3.344476,school
6.553868,3.345156,school
6.554898,3.359569,school
6.476634,3.12256,school
6.544161,3.26301,school
6.499859,3.113138,school
6.661634,3.670404,school
6.616284,3.566001,school
6.614902,3.568782,school
6.613004,3.565465,school
6.613433,3.565636,school
6.579905,3.591639,school
6.641264,3.377391,school
6.597216,3.518941,school
6.596768,3.516937,school
6.606368,3.517195,school
6.639651,3.52522,university
6.486826,3.855492,university
6.504646,3.101452,school
6.606703,3.393635,school
6.471926,3.328187,school
6.600042,3.379666,school
6.598856,3.380521,school
6.612084,3.348713,school
6.626107,3.361788,school
6.668079,3.637452,university
6.638661,3.599344,school
6.612721,3.312164,school
6.615983,3.31235,school
4.755218,7.073592,school
9.061898,2.788397,school
8.863883,2.77477,school
7.50162,3.909632,school
4.776999,7.061005,school
4.829056,7.038669,school
4.718107,5.944651,school
4.763215,7.023069,school
4.762577,7.017172,school
4.763872,7.017011,school
7.469181,3.907489,school
7.476929,3.905609,school
7.379053,3.832148,school
7.386522,3.838765,school
7.215461,3.85718,school
7.487924,3.921963,school
6.516583,3.374862,school
4.784871,7.049275,university
4.792476,6.995812,school
4.803329,7.018386,school
4.799455,7.031118,school
4.836527,7.00789,school
4.8479,7.006775,school
4.791535,7.025041,school
4.792231,7.025766,school
11.198677,8.810911,school
12.507215,8.653734,school
6.247919,7.117042,university
4.733983,6.867834,school
7.423658,3.920002,school
7.423991,3.920706,school
7.424187,3.920705,school
4.785446,6.773024,school
4.904709,6.991902,school
4.760896,7.08143,school
4.743448,7.078775,school
4.866565,6.99616,school
4.7404,7.083548,school
6.460265,3.390937,school
6.488242,3.385224,school
6.490525,3.375575,school
9.43712,8.166291,school
9.436962,8.166177,school
9.436817,8.166073,school
9.436659,8.165979,school
6.485148,3.383497,school
4.73821,7.084364,school
4.73973,7.086676,school
6.655229,3.669851,school
6.622083,3.657685,school
6.576939,3.629018,school
6.601578,3.620117,school
6.603668,3.619642,school
4.74592,7.08177,school
6.611022,3.581262,school
6.618407,3.477508,school
6.618289,3.480307,school
6.630051,3.522546,school
6.637385,3.51419,school
6.658388,3.520357,school
6.617859,3.500123,school
6.621231,3.494854,school
6.633016,3.51131,school
6.610689,3.484551,school
6.61508,3.476304,school
6.654906,3.476064,school
6.645664,3.478709,school
6.640935,3.483196,school
6.599274,3.384146,school
6.588176,3.221805,school
6.573191,3.394321,school
6.578519,3.385093,school
6.606889,3.326961,school
6.609805,3.328704,school
6.613861,3.326147,school
6.613678,3.320663,school
6.612069,3.317599,school
6.610158,3.318979,school
6.611323,3.318583,school
6.613489,3.319768,school
6.615396,3.319585,school
6.597847,3.3029,school
6.626012,3.328848,school
6.625907,3.327172,school
6.630692,3.341622,school
12.876005,7.659278,school
6.41565,2.941091,school
6.462863,3.276107,school
6.473811,3.271753,school
6.454444,3.326469,school
6.453871,3.332904,school
6.450185,3.340686,school
6.450465,3.341931,school
6.450642,3.342634,school
6.449327,3.338422,school
6.455626,3.284042,school
6.457286,3.284927,school
6.456917,3.283515,school
6.457225,3.281367,school
6.456418,3.280397,school
6.444152,3.312262,school
6.560987,3.391957,school
6.56134,3.391642,school
6.462295,3.338597,school
6.456919,3.343476,school
6.465149,3.340948,school
6.511046,3.609225,school
6.510761,3.613249,school
6.472896,3.63611,school
6.469204,3.564159,school
6.453264,3.217849,school
6.458219,3.200171,school
6.458618,3.206352,school
6.445826,3.228396,school
6.463635,3.172302,school
6.473246,3.179467,school
6.466636,3.141351,school
6.454104,3.158512,school
6.448257,3.259767,school
6.52597,3.301286,school
6.527138,3.303845,school
6.462099,3.425687,school
6.462768,3.424015,school
6.462117,3.424787,school
6.458528,3.310598,school
6.457492,3.311224,school
6.457544,3.31268,school
6.457548,3.313855,school
6.449337,3.330493,school
6.449178,3.329623,school
10.45152,7.432455,school
6.598193,3.298217,school
8.469894,8.517347,school
6.484165,3.327788,school
6.471052,3.327426,school
6.497834,3.32302,school
6.519853,3.322086,school
6.519365,3.323019,school
6.518302,3.323714,school
6.517081,3.32282,school
6.517822,3.320953,school
6.517338,3.321545,school
6.515443,3.323043,school
6.513855,3.322363,school
6.514424,3.321716,school
6.515078,3.321604,school
6.635893,3.381582,school
6.634826,3.381009,school
6.635321,3.382174,school
6.564991,3.337129,school
6.556992,3.34083,school
6.55855,3.334698,school
6.563274,3.343029,school
6.564916,3.34492,school
6.563564,3.345242,school
6.564534,3.343042,school
6.562129,3.343114,school
6.56487,3.344249,school
6.573429,3.341922,school
6.578266,3.34085,school
6.569572,3.336231,school
6.532785,3.32668,school
6.5909,3.375214,school
6.583541,3.377111,school
6.582954,3.378256,school
6.554173,3.384167,school
6.569061,3.370405,school
6.568971,3.369367,school
6.568917,3.36871,school
6.569784,3.370879,school
6.564345,3.377237,school
6.564447,3.3778,school
6.808479,3.19216,school
6.809387,3.190005,school
6.547525,3.404454,school
6.546922,3.405254,school
6.597627,3.39999,school
6.586302,3.400401,school
6.599861,3.354654,school
6.589577,3.363014,school
6.599105,3.367726,school
6.921001,3.871618,university
6.609686,3.398312,school
6.608021,3.387563,school
6.606711,3.388156,school
6.494098,3.349071,school
6.622622,3.353964,school
6.577725,3.357614,school
6.68867,3.250795,school
6.702576,3.288193,school
6.687406,3.266443,school
6.660063,3.330758,school
6.660325,3.329878,school
6.670987,3.285489,school
6.660329,3.293313,school
6.491927,3.193416,school
6.491889,3.194303,school
6.561277,3.383679,school
6.545828,3.376044,school
6.519743,3.380945,school
6.522211,3.368948,school
6.523017,3.369175,school
6.535587,3.369841,school
6.641673,3.386106,school
6.520466,3.321457,school
6.519606,3.325595,school
6.546275,3.370524,school
6.473996,3.699353,school
6.421443,3.411928,school
6.461711,3.14398,school
6.526383,3.348679,school
6.556308,3.36104,school
6.476588,3.385024,school
6.490874,3.3883,school
6.485713,3.889078,school
6.48513,3.890157,school
6.62512,3.354081,school
6.619555,3.353497,school
6.426622,3.63387,school
6.427444,3.618878,school
6.604552,3.491716,school
6.658024,3.458357,school
6.667917,3.462462,school
6.631562,3.515429,school
6.451049,3.612948,school
6.433595,3.522359,school
6.433303,3.509997,school
6.593161,3.520638,school
6.593545,3.533338,school
6.620359,3.506749,school
6.623126,3.511234,school
6.622031,3.509479,school
6.602266,3.504846,school
6.50101,3.356802,school
6.501573,3.365697,school
6.502251,3.364931,school
6.51667,3.34907,school
6.492051,3.35948,school
6.487493,3.361816,school
6.505303,3.360399,school
6.504171,3.360117,school
6.50659,3.361483,school
6.506254,3.359709,school
6.510745,3.357682,school
6.514709,3.357809,school
6.526751,3.338236,school
6.528527,3.337808,school
9.057277,2.930302,school
6.49855,3.244707,school
6.333602,5.600499,university
6.315686,5.618178,university
6.462996,7.494057,university
6.461369,7.493983,university
6.461816,7.494479,university
6.462377,7.494099,university
6.463086,7.494268,university
6.461739,7.494306,university
7.400108,3.866512,university
6.691914,3.492273,school
6.680032,3.484958,school
6.618041,3.518473,school
6.619271,3.518402,school
6.618868,3.518842,school
8.838639,2.899879,school
6.600941,3.623966,school
6.621679,3.522061,school
6.638374,3.509184,school
12.941143,5.198456,university
5.506524,7.043988,university
9.005588,7.404763,university
8.168554,4.266503,university
6.670737,3.673579,school
6.659424,3.624075,school
6.483871,3.374502,school
6.948932,3.506569,school
10.553404,7.468572,university
10.521815,7.440749,university
6.246865,7.120843,university
6.247772,7.121216,university
6.249709,7.112615,university
6.246083,7.116583,university
6.244646,7.1185,university
6.245705,7.117727,university
6.243801,7.117364,university
6.244606,7.116548,university
6.641158,3.328589,school
6.507463,3.326659,school
6.792441,3.569795,school
6.487779,3.579799,school
9.31061,7.240405,school
6.668247,2.77213,school
6.690904,2.790562,school
6.697931,2.79313,school
6.713998,2.793479,school
4.86425,7.137722,school
4.874305,7.142518,school
4.879625,7.140667,school
7.270815,5.167952,school
7.247716,5.175556,school
7.291057,5.228989,school
7.295269,5.231103,school
7.122897,3.335922,school
7.123746,3.333888,school
7.121707,3.333122,school
7.093427,3.327423,school
12.09132,8.424339,school
11.684531,11.944319,university
5.079273,6.462423,school
5.3296,6.642931,school
4.581924,7.595352,school
6.663998,3.520589,school
5.638872,7.434437,college
7.382664,3.83481,school
6.868139,7.411872,school
6.864515,7.40802,university
6.898102,5.937745,school
6.906478,5.936285,school
6.903024,5.930942,school
6.936495,5.97673,school
7.061191,6.257141,school
7.097652,6.301661,school
7.097324,6.30455,school
7.087327,6.296345,school
7.097958,6.292466,school
7.132869,6.3027,college
7.064074,6.273271,college
7.063806,6.267768,school
7.096345,6.342871,school
7.067598,6.269,school
7.112964,6.294612,school
7.141484,6.31641,school
7.141267,6.314353,school
7.026213,6.33483,school
7.085576,6.303914,school
7.094471,6.347219,school
7.125357,6.353906,school
7.132894,6.258452,school
7.120025,6.286347,school
7.120334,6.284484,school
7.011729,6.296202,school
7.009483,6.278357,school
7.089711,6.292226,school
7.052414,6.303521,school
7.051324,6.302649,school
7.058899,6.279942,school
7.073497,6.249735,school
7.073223,6.250408,school
7.070924,6.253561,school
9.107468,7.48143,school
12.221949,6.067445,school
12.230332,6.068977,school
10.310636,11.170564,school
10.300467,11.170845,school
10.311759,11.176668,school
10.311544,11.176443,school
10.312748,11.173426,school
10.21261,11.38442,school
10.173607,11.475003,school
10.173178,11.471828,school
6.833814,3.903749,school
6.167066,6.575105,college
8.990037,7.426394,school
7.848277,3.948223,university
13.300817,12.648792,school
13.229822,12.556753,school
13.409525,12.79132,school
13.390517,12.757359,school
13.382712,12.754529,school
6.612653,3.44116,school
6.608902,3.433179,school
12.992177,7.598326,school
13.511687,12.943171,school
13.551026,13.062046,school
5.331416,6.650866,college
8.45723,4.587931,college
8.480235,4.530744,school
8.479985,4.530547,school
6.456558,3.651813,school
6.83212,3.626385,school
6.177466,6.515326,school
7.842684,3.950275,school
8.986194,7.425289,school
8.994856,7.42555,school
6.580355,3.413009,school
6.580302,3.409399,school
6.580146,3.413102,school
6.58149,3.413265,school
6.578106,3.409871,school
6.580151,3.415234,school
6.580881,3.414347,school
6.580425,3.414253,school
8.993075,7.427841,school
8.993354,7.427716,school
8.987001,7.426198,school
8.988695,7.426588,school
8.12166,5.079787,university
8.997605,7.42568,university
7.519315,4.523606,university
5.540101,5.779871,school
5.554838,6.75331,school
5.50204,6.724694,school
5.503989,6.72983,school
4.743963,7.202473,school
5.511987,5.763505,school
5.50744,5.761741,school
5.808416,5.086315,school
5.516973,5.745953,college
5.517728,5.747342,school
5.51886,5.746874,college
7.125311,3.324953,school
6.428822,7.502142,school
8.828745,7.576245,school
8.828322,7.579763,school
8.828685,7.576533,school
8.821672,7.568941,school
6.9084,8.903078,university
6.934302,8.935764,school
6.923222,8.93108,college
11.824199,13.107904,school
4.867844,7.036445,school
5.49961,7.535099,school
10.610607,12.152202,university
7.598852,6.229908,school
9.316459,7.795288,school
8.775022,7.893925,school
8.775214,7.893931,school
8.772952,7.90777,school
6.634579,3.562655,school
8.981031,7.176058,university
13.049696,5.305882,school
5.50747,5.762344,college
5.521335,5.739423,college
5.528056,5.736493,school
5.528892,5.717232,college
5.511179,5.75364,school
9.014221,7.419503,school
9.020026,7.417731,school
9.018229,7.419593,school
5.522975,5.731074,school
8.815628,7.556844,school
5.513926,5.747667,school
8.957164,7.440438,school
8.95022,7.444219,school
8.949967,7.442837,school
8.949974,7.439308,school
8.941876,7.4384,school
5.523763,5.749193,college
5.504043,6.755037,school
5.541052,6.802944,school
5.538345,6.798546,school
5.522857,6.801302,school
5.385105,6.777313,school
6.306546,7.668427,school
9.862938,8.859529,school
9.862993,8.863314,school
9.865269,8.863687,school
9.860843,8.86648,school
9.868863,8.856659,school
9.868653,8.862106,school
9.893885,8.882279,school
9.851324,8.854155,school
9.853068,8.864057,school
9.654343,6.526358,university
9.942448,8.866034,school
9.942208,8.866447,school
9.945745,8.86693,school
9.925503,8.878971,school
9.857485,8.855802,school
9.857424,8.855172,school
9.863474,8.857044,school
9.859605,8.858899,school
5.518473,6.122531,school
5.517374,7.268616,school
5.673566,7.017503,school
9.623087,6.551052,school
9.62764,6.545499,school
5.510037,6.115991,school
5.532489,6.122772,school
7.725838,8.541152,school
9.827805,11.288157,college
9.811863,11.309168,school
10.312956,11.169324,school
10.319438,11.160873,school
10.316794,11.154515,school
10.287612,11.156024,school
9.623421,6.550096,school
6.685744,3.171127,university
9.94994,8.891003,university
6.449458,3.483979,school
4.864459,7.050812,school
9.009967,7.473897,school
8.977939,7.263469,school
10.61215,7.441879,university
10.611935,7.439985,university
10.609827,7.440188,university
10.60891,7.441418,university
10.609904,7.443372,university
10.611756,7.441032,university
10.609159,7.442416,university
10.611563,7.440063,university
10.610868,7.440526,university
10.609493,7.44116,university
9.010986,7.600947,school
9.009374,7.601849,school
10.609575,7.44508,university
10.609237,7.444655,university
10.611185,7.443485,university
10.610734,7.442622,university
10.610763,7.442878,university
10.609344,7.442675,university
6.69151,3.249131,school
10.556769,7.442912,school
7.776224,4.527279,school
9.059229,7.469632,school
8.13606,4.211238,school
8.142187,4.240976,college
6.477432,3.145005,school
7.726049,4.48067,school
7.629628,4.167096,school
7.629434,4.166741,school
7.629435,4.167447,school
7.62969,4.167752,school
7.628888,4.167343,school
7.629568,4.168223,school
5.572031,5.839343,university
7.776992,4.510375,school
7.460801,5.796718,school
9.073272,7.404215,school
8.957415,11.369125,school
8.944743,11.35855,school
5.582966,7.38867,school
6.539028,3.518344,college
6.537391,3.517149,school
6.5374,3.516036,school
9.192027,9.889799,school
9.197423,9.882795,school
10.271974,11.16292,school
7.447474,4.029782,school
9.117091,7.385671,school
6.084138,7.162591,school
10.40788,10.420925,school
8.97329,7.504602,school
9.186803,9.878222,school
9.186926,9.878657,school
9.187115,9.878887,school
9.187201,9.878192,school
12.320159,4.260541,school
12.320689,4.258585,school
12.32012,4.258645,school
12.320505,4.258937,school
6.444174,3.438226,school
4.853249,6.271403,school
6.460261,3.432237,school
9.535802,7.922679,school
9.552864,7.931713,school
9.54998,7.92307,school
9.528345,7.924857,school
4.431656,7.193397,college
9.083236,7.413266,school
4.902859,6.912491,school
10.611249,7.444918,university
10.612592,7.442517,university
6.429965,7.512504,university
6.426241,7.506095,university
6.305671,7.535721,university
6.505525,7.568516,university
6.441444,7.565881,school
10.613224,7.443252,university
6.743981,5.403814,school
7.180764,4.700517,school
12.832706,9.391891,school
12.832481,9.342979,school
12.828196,9.314411,school
12.828093,9.44948,school
12.46527,4.238849,university
6.278215,7.562019,university
6.287442,7.558269,school
6.416731,3.42043,school
6.325762,5.586946,college
6.441607,3.594619,school
8.479943,4.655362,university
6.258969,7.109756,university
6.260307,7.111688,school
11.853279,12.98367,university
11.868277,13.126373,university
7.88636,4.671307,school
7.897095,4.647804,school
